{"__type__":"sp.SkeletonData","_name":"up","_native":"raw-skeleton.json","_skeletonJson":{"skeleton":{"hash":"nimPzSBx8aJWeBo/QEemJZkQi7k","spine":"3.6.53","width":180,"height":180},"bones":[{"name":"root"},{"name":"up/up00","parent":"root"},{"name":"up/up01","parent":"root"}],"slots":[{"name":"up/up00","bone":"up/up00","attachment":"up00"},{"name":"up/up01","bone":"up/up01","attachment":"up01"}],"skins":{"default":{"up/up00":{"up00":{"y":28.42,"width":95,"height":110}},"up/up01":{"up01":{"width":180,"height":180}}}},"animations":{"up":{"slots":{"up/up00":{"color":[{"time":0,"color":"ffffff00"},{"time":0.1333,"color":"ffffffff","curve":"stepped"},{"time":0.4,"color":"ffffffff","curve":[0.466,0.08,0.845,0.8]},{"time":0.5,"color":"ffffff00"}]},"up/up01":{"color":[{"time":0,"color":"ffffff00","curve":"stepped"},{"time":0.1,"color":"ffffff00","curve":[0.466,0.08,0.845,0.8]},{"time":0.1667,"color":"ffffffff","curve":[0,0.11,0.587,0.97]},{"time":0.3333,"color":"ffffff00"}]}},"bones":{"up/up00":{"translate":[{"time":0,"x":0,"y":-38.43},{"time":0.1333,"x":0,"y":-35.84},{"time":0.5,"x":0,"y":-25.26}],"scale":[{"time":0,"x":0.8,"y":0.3},{"time":0.1333,"x":1,"y":0.8},{"time":0.5,"x":1.2,"y":1.5}]},"up/up01":{"scale":[{"time":0,"x":0.8,"y":0.8,"curve":"stepped"},{"time":0.1,"x":0.8,"y":0.8},{"time":0.1667,"x":1,"y":1},{"time":0.3333,"x":1.2,"y":1.2}]}}}}},"_atlasText":"\r\nup.png\r\nsize: 512,256\r\nformat: RGBA8888\r\nfilter: Linear,Linear\r\nrepeat: none\r\nup00\r\n  rotate: false\r\n  xy: 166, 62\r\n  size: 95, 110\r\n  orig: 95, 110\r\n  offset: 0, 0\r\n  index: -1\r\nup01\r\n  rotate: false\r\n  xy: 2, 2\r\n  size: 162, 170\r\n  orig: 180, 180\r\n  offset: 9, 4\r\n  index: -1\r\n","textures":[{"__uuid__":"1bromsmRZHFY2RxgIr4kRT"}],"textureNames":["up.png"]}