{"__type__":"cc.JsonAsset","_name":"libname","json":{"1":{"id":"1","name":"boby"},"2":{"id":"2","name":"brrrrr"},"3":{"id":"3","name":"萌萌蛇仙"},"4":{"id":"4","name":"大酒桶"},"5":{"id":"5","name":"皮皮"},"6":{"id":"6","name":"绕个圈圈"},"7":{"id":"7","name":"ccccccc"},"8":{"id":"8","name":"嗅嗅"},"9":{"id":"9","name":"稚于最初"},"10":{"id":"10","name":"北国故人"},"11":{"id":"11","name":"头文字D"},"12":{"id":"12","name":"飙车战队"},"13":{"id":"13","name":"兔八哥"},"14":{"id":"14","name":"摇滚青年"},"15":{"id":"15","name":"洗羊羊挥太郎"},"16":{"id":"16","name":"别撞我"},"17":{"id":"17","name":"我没刹车"},"18":{"id":"18","name":"遇见自觉避让"},"19":{"id":"19","name":"qpqpqpqpqp"},"20":{"id":"20","name":"oOoOo"},"21":{"id":"21","name":"余生无恙"},"22":{"id":"22","name":"蔷薇花开"},"23":{"id":"23","name":"遇一人白首"},"24":{"id":"24","name":"純屬虛構"},"25":{"id":"25","name":"QQ"},"26":{"id":"26","name":"U~~~~~~"},"27":{"id":"27","name":"^_^"},"28":{"id":"28","name":"無聊哒節奏"},"29":{"id":"29","name":"心已碎谁来慰"},"30":{"id":"30","name":"逗比快吃药"},"31":{"id":"31","name":"O(∩_∩)O~~"},"32":{"id":"32","name":"大P小p"},"33":{"id":"33","name":"word哥"},"34":{"id":"34","name":"血染江山"},"35":{"id":"35","name":"时过夏末"},"36":{"id":"36","name":"社会硬茬子"},"37":{"id":"37","name":"软妹终结者"},"38":{"id":"38","name":"純爺們"},"39":{"id":"39","name":"时光匆匆"},"40":{"id":"40","name":"凉薄"},"41":{"id":"41","name":"孤灯长巷"},"42":{"id":"42","name":"拿稳感情刀"},"43":{"id":"43","name":"默"},"44":{"id":"44","name":"爱新觉罗"},"45":{"id":"45","name":"人野性子浪"},"46":{"id":"46","name":"夏浅浅"},"47":{"id":"47","name":"冷暖自知"},"48":{"id":"48","name":"情若能自控"},"49":{"id":"49","name":"转裑離開"},"50":{"id":"50","name":"卌除恛憶"},"51":{"id":"51","name":"永远有多远"},"52":{"id":"52","name":"涙在投降"},"53":{"id":"53","name":"蜜糖"},"54":{"id":"54","name":"心野套路深"},"55":{"id":"55","name":"温暖逆光而来"},"56":{"id":"56","name":"勿忘心安"},"57":{"id":"57","name":"墨轩"},"58":{"id":"58","name":"说等却走"},"59":{"id":"59","name":"浅若夏沫"},"60":{"id":"60","name":"冷瞳"},"61":{"id":"61","name":"物亽啡"},"62":{"id":"62","name":"旧人旧城旧梦"},"63":{"id":"63","name":"草莓味的吻"},"64":{"id":"64","name":"浅执de半离兮"},"65":{"id":"65","name":"偶尔合群"},"66":{"id":"66","name":"獨霸兲丅"},"67":{"id":"67","name":"空城守旧梦"},"68":{"id":"68","name":"南栀倾寒"},"69":{"id":"69","name":"烈酒灼喉"},"70":{"id":"70","name":"莂說対罘"},"71":{"id":"71","name":"干净也爱笑"},"72":{"id":"72","name":"北街浊酒"},"73":{"id":"73","name":"一身祖宗味儿"},"74":{"id":"74","name":"人丑一身轻"},"75":{"id":"75","name":"吃尽情字苦"},"76":{"id":"76","name":"三岁就会浪了"},"77":{"id":"77","name":"默守納紛愛"},"78":{"id":"78","name":"此生奉陪到底"},"79":{"id":"79","name":"Smile淡莣"},"80":{"id":"80","name":"初识你名"},"81":{"id":"81","name":"念稚"},"82":{"id":"82","name":"自由且孤独"},"83":{"id":"83","name":"槑槑"},"84":{"id":"84","name":"人赱茶凉"},"85":{"id":"85","name":"不提也罢"},"86":{"id":"86","name":"墨凉"},"87":{"id":"87","name":"帅瞎你眼"},"88":{"id":"88","name":"缘来是你"},"89":{"id":"89","name":"涼音"},"90":{"id":"90","name":"心软成患"},"91":{"id":"91","name":"薇糖"},"92":{"id":"92","name":"此菇凉要人宠"},"93":{"id":"93","name":"森屿"},"94":{"id":"94","name":"疯疯癫癫"},"95":{"id":"95","name":"薄荷微凉"},"96":{"id":"96","name":"磨人的小妖精"},"97":{"id":"97","name":"桀骜不驯"},"98":{"id":"98","name":"傲娇小公举"},"99":{"id":"99","name":"杯酒释兵权"},"100":{"id":"100","name":"与风长存"},"101":{"id":"101","name":"步惊云"},"102":{"id":"102","name":"浪子情深"},"103":{"id":"103","name":"欲望养厉鬼"},"104":{"id":"104","name":"醉笙情"},"105":{"id":"105","name":"时光不染"},"106":{"id":"106","name":"听风起"},"107":{"id":"107","name":"雪人"},"108":{"id":"108","name":"angle"},"109":{"id":"109","name":"花花"},"110":{"id":"110","name":"水晶鞋"},"111":{"id":"111","name":"Amy"},"112":{"id":"112","name":"污味小魔女"},"113":{"id":"113","name":"痴人痴梦"},"114":{"id":"114","name":"芯為你跳動"},"115":{"id":"115","name":"红颜独憔悴"},"116":{"id":"116","name":"酷似你爹"},"117":{"id":"117","name":"如果二请深二"},"118":{"id":"118","name":"执念"},"119":{"id":"119","name":"薄荷微凉"},"120":{"id":"120","name":"无恙"},"121":{"id":"121","name":"一身孤傲味"},"122":{"id":"122","name":"独醉"},"123":{"id":"123","name":"好来污"},"124":{"id":"124","name":"森眸暖光"},"125":{"id":"125","name":"Dempsey"},"126":{"id":"126","name":"花落爲誰"},"127":{"id":"127","name":"如梦初醒"},"128":{"id":"128","name":"半世迷离"},"129":{"id":"129","name":"Dick"},"130":{"id":"130","name":"温柔且固执"},"131":{"id":"131","name":"萌面人"},"132":{"id":"132","name":"缺爱患者"},"133":{"id":"133","name":"死一样痛过"},"134":{"id":"134","name":"余生久伴"},"135":{"id":"135","name":"离开不挽留"},"136":{"id":"136","name":"被温柔宠坏"},"137":{"id":"137","name":"深爱不腻"},"138":{"id":"138","name":"哎呦喂"},"139":{"id":"139","name":"旧城人凉"},"140":{"id":"140","name":"稚始稚终"},"141":{"id":"141","name":"心岛初晴"},"142":{"id":"142","name":"身野稳浪场"},"143":{"id":"143","name":"北遇"},"144":{"id":"144","name":"浅安"},"145":{"id":"145","name":"跟感情死磕"},"146":{"id":"146","name":"倾城乱世"},"147":{"id":"147","name":"簡簡單單"},"148":{"id":"148","name":"北辰"},"149":{"id":"149","name":"笑淡浮华"},"150":{"id":"150","name":"回忆不淡"},"151":{"id":"151","name":"孤岛亡魚"},"152":{"id":"152","name":"恋戦"},"153":{"id":"153","name":"夏沐瑾"},"154":{"id":"154","name":"冇寎"},"155":{"id":"155","name":"π_π"},"156":{"id":"156","name":"⊙﹏⊙‖∣°"},"157":{"id":"157","name":"沵莪の信仰"},"158":{"id":"158","name":"￠玩笑过半￠"}}}