[[{"__type__":"cc.Prefab","_name":"normal_19","data":{"__id__":1}},{"__type__":"cc.Node","_name":"normal_19","_components":[{"__type__":"cc.Sprite","node":{"__id__":1},"_spriteFrame":{"__uuid__":"c1HcdcBx5Bn4hLx+PCY6Oe"},"_sizeMode":0},{"__type__":"cc.RigidBody","node":{"__id__":1},"enabledContactListener":true},{"__type__":"cc.PhysicsBoxCollider","node":{"__id__":1},"_size":{"__type__":"cc.Size","width":135,"height":122}},{"__type__":"a058dD7mZpHmIw83dheUpZy","node":{"__id__":1},"shapeType":2}],"_prefab":{"__type__":"cc.PrefabInfo","root":{"__id__":1},"asset":{"__uuid__":"6ezytZvllNf5VsNLsCTFXN"},"fileId":"93CyKFy8BGWYxlEqk1xGXk"},"_contentSize":{"__type__":"cc.Size","width":135,"height":122},"_scaleX":1,"_scaleY":1,"_scale":{"__type__":"cc.Vec3","x":1,"y":1,"z":1}}],{"__type__":"cc.SpriteFrame","content":{"name":"normal_19","texture":"8eQEil7q9NxJNFiJQljLlD","rect":[0,0,135,122],"offset":[0,0],"originalSize":[135,122],"capInsets":[0,0,0,0]}}]