[[{"__type__":"cc.Prefab","_name":"chunyou_1","data":{"__id__":1}},{"__type__":"cc.Node","_name":"chunyou_1","_children":[{"__id__":2}],"_level":1,"_components":[{"__type__":"cc.Sprite","node":{"__id__":1},"_sizeMode":0},{"__type__":"cc.RigidBody","node":{"__id__":1},"enabledContactListener":true},{"__type__":"a058dD7mZpHmIw83dheUpZy","node":{"__id__":1},"shapeType":2},{"__type__":"cc.PhysicsPolygonCollider","node":{"__id__":1},"points":[{"__type__":"cc.Vec2","x":-21,"y":29.5},{"__type__":"cc.Vec2","x":-31,"y":23.5},{"__type__":"cc.Vec2","x":-43.9,"y":14.1},{"__type__":"cc.Vec2","x":-54,"y":-2.5},{"__type__":"cc.Vec2","x":-60,"y":-14.5},{"__type__":"cc.Vec2","x":-64,"y":-25.5},{"__type__":"cc.Vec2","x":-64,"y":-29.5},{"__type__":"cc.Vec2","x":64,"y":-29.5},{"__type__":"cc.Vec2","x":60,"y":-13.5},{"__type__":"cc.Vec2","x":54,"y":-0.5},{"__type__":"cc.Vec2","x":45,"y":13.5},{"__type__":"cc.Vec2","x":33,"y":25.5},{"__type__":"cc.Vec2","x":27,"y":29.5}]}],"_prefab":{"__type__":"cc.PrefabInfo","root":{"__id__":1},"asset":{"__uuid__":"24Ugv0Q59CA5uRiJa6DOW8"},"fileId":"93CyKFy8BGWYxlEqk1xGXk"},"_contentSize":{"__type__":"cc.Size","width":128,"height":59},"_position":{"__type__":"cc.Vec3","x":-320,"y":-568},"_scale":{"__type__":"cc.Vec3","x":1,"y":1,"z":1}},{"__type__":"cc.Node","_name":"tent","_parent":{"__id__":1},"_level":2,"_components":[{"__type__":"sp.Skeleton","node":{"__id__":2},"defaultAnimation":"idle","premultipliedAlpha":false,"_N$skeletonData":{"__uuid__":"bfQLygz2FBOLQoCukCEWUV"}}],"_prefab":{"__type__":"cc.PrefabInfo","root":{"__id__":1},"asset":{"__uuid__":"24Ugv0Q59CA5uRiJa6DOW8"},"fileId":"b7nwRWNg1OIbMZLEE5EH/T"},"_contentSize":{"__type__":"cc.Size","width":129,"height":59},"_scale":{"__type__":"cc.Vec3","x":1,"y":1,"z":1}}],{"__type__":"sp.SkeletonData","_name":"tent","_native":"raw-skeleton.json","_skeletonJson":{"skeleton":{"hash":"W472zm5UhOY7eE4nCTn1J9D+ZSA","spine":"3.6.53","width":129,"height":59},"bones":[{"name":"root"},{"name":"luobo","parent":"root","length":14.9,"rotation":-77.11,"x":-39.53,"y":-1.65},{"name":"tuzi","parent":"root","length":20.37,"rotation":166.08,"x":-8.55,"y":-24.4}],"slots":[{"name":"di","bone":"root","attachment":"di"},{"name":"zhangpeng1","bone":"root","attachment":"zhangpeng1"},{"name":"tuzi","bone":"tuzi","attachment":"tuzi"},{"name":"zhangpeng","bone":"root","attachment":"zhangpeng"},{"name":"luobo","bone":"luobo","attachment":"luobo"}],"skins":{"default":{"di":{"di":{"x":-27.76,"y":-4.24,"width":25,"height":50}},"luobo":{"luobo":{"x":4.2,"y":-2.23,"rotation":77.11,"width":13,"height":22}},"tuzi":{"tuzi":{"x":12.84,"y":-6.77,"rotation":-166.08,"width":23,"height":29}},"zhangpeng":{"zhangpeng":{"x":21.24,"y":0.26,"width":87,"height":59}},"zhangpeng1":{"zhangpeng1":{"x":-39.26,"y":-0.24,"width":50,"height":58}}}},"animations":{"idle":{"bones":{"tuzi":{"rotate":[{"time":0,"angle":0},{"time":0.1,"angle":-15.52},{"time":0.2667,"angle":11.67},{"time":0.3333,"angle":1.07}],"translate":[{"time":0,"x":5.26,"y":0,"curve":[0.186,0.37,0.531,0.99]},{"time":0.1,"x":-2.26,"y":17.93,"curve":[0.357,0.09,0.956,0.8]},{"time":0.1667,"x":-8.23,"y":15.22},{"time":0.2667,"x":-4.69,"y":6.09},{"time":0.3333,"x":-5.26,"y":0,"curve":"stepped"},{"time":0.5667,"x":-5.26,"y":0},{"time":0.6333,"x":-2.63,"y":3.88},{"time":0.7,"x":0,"y":0},{"time":0.7667,"x":2.63,"y":1.76},{"time":0.8333,"x":5.26,"y":0}]},"luobo":{"rotate":[{"time":0.2667,"angle":0},{"time":0.3667,"angle":-25.77},{"time":0.5333,"angle":15.22},{"time":0.7,"angle":-19.23},{"time":0.8333,"angle":8.75},{"time":0.9333,"angle":-12.07},{"time":1,"angle":0}]}}}}},"_atlasText":"\ntent.png\nsize: 128,128\nformat: RGBA8888\nfilter: Linear,Linear\nrepeat: none\ndi\n  rotate: false\n  xy: 91, 71\n  size: 25, 50\n  orig: 25, 50\n  offset: 0, 0\n  index: -1\nluobo\n  rotate: false\n  xy: 54, 7\n  size: 13, 22\n  orig: 13, 22\n  offset: 0, 0\n  index: -1\ntuzi\n  rotate: false\n  xy: 54, 31\n  size: 23, 29\n  orig: 23, 29\n  offset: 0, 0\n  index: -1\nzhangpeng\n  rotate: false\n  xy: 2, 62\n  size: 87, 59\n  orig: 87, 59\n  offset: 0, 0\n  index: -1\nzhangpeng1\n  rotate: false\n  xy: 2, 2\n  size: 50, 58\n  orig: 50, 58\n  offset: 0, 0\n  index: -1\n","textures":[{"__uuid__":"a35ioojXhBPoAQla0uzct1"}],"textureNames":["tent.png"]}]