[{"__type__":"cc.SpriteFrame","content":{"name":"2-3","texture":"1c4XO51T1PI4jCgNsO9dge","rect":[0,0,192,64],"offset":[0,0],"originalSize":[192,64],"capInsets":[0,0,0,0]}},[{"__type__":"cc.Prefab","_name":"2-3","data":{"__id__":1}},{"__type__":"cc.Node","_name":"2-3","_components":[{"__type__":"cc.Sprite","node":{"__id__":1},"_spriteFrame":{"__uuid__":"61AZkAN39OHLFzCMBD/rPA"}},{"__type__":"cc.RigidBody","node":{"__id__":1},"enabledContactListener":true},{"__type__":"cc.PhysicsPolygonCollider","node":{"__id__":1},"points":[{"__type__":"cc.Vec2","x":-96,"y":32},{"__type__":"cc.Vec2","x":-96,"y":-32},{"__type__":"cc.Vec2","x":96,"y":-32},{"__type__":"cc.Vec2","x":96},{"__type__":"cc.Vec2","x":-64},{"__type__":"cc.Vec2","x":-64,"y":32}]},{"__type__":"a058dD7mZpHmIw83dheUpZy","node":{"__id__":1}}],"_prefab":{"__type__":"cc.PrefabInfo","root":{"__id__":1},"asset":{"__uuid__":"931PhK4ktMn68USsDVUrVI"},"fileId":"00vssjB/hDML9iXBwFfAxS"},"_contentSize":{"__type__":"cc.Size","width":192,"height":64},"_scaleX":1,"_scaleY":1,"_scale":{"__type__":"cc.Vec3","x":1,"y":1,"z":1}}]]