[{"__type__":"cc.SpriteFrame","content":{"name":"chunjie_1","texture":"38IhO3Sx1GnrKvn/CnQcbQ","rect":[0,0,128,128],"offset":[0,0],"originalSize":[128,128],"capInsets":[0,0,0,0]}},[{"__type__":"cc.Prefab","_name":"chunjie_1","data":{"__id__":1}},{"__type__":"cc.Node","_name":"chunjie_1","_components":[{"__type__":"cc.Sprite","node":{"__id__":1},"_spriteFrame":{"__uuid__":"2eU8R3m+FEdYESiNiG0So8"},"_sizeMode":0},{"__type__":"cc.RigidBody","node":{"__id__":1},"enabledContactListener":true},{"__id__":2},{"__id__":2},{"__type__":"a058dD7mZpHmIw83dheUpZy","node":{"__id__":1},"shapeType":2},{"__type__":"cc.PhysicsPolygonCollider","node":{"__id__":1},"points":[{"__type__":"cc.Vec2","x":-50,"y":-50},{"__type__":"cc.Vec2","x":50,"y":-50},{"__type__":"cc.Vec2","x":50,"y":50},{"__type__":"cc.Vec2","x":-50,"y":50}]}],"_prefab":{"__type__":"cc.PrefabInfo","root":{"__id__":1},"asset":{"__uuid__":"6fUMf4uuROEaV3oA3RshAv"},"fileId":"93CyKFy8BGWYxlEqk1xGXk"},"_contentSize":{"__type__":"cc.Size","width":96,"height":96},"_position":{"__type__":"cc.Vec3","x":-320,"y":-568},"_scaleX":1,"_scaleY":1,"_scale":{"__type__":"cc.Vec3","x":1,"y":1,"z":1}},{"__type__":"cc.PhysicsBoxCollider","node":{"__id__":1},"_size":{"__type__":"cc.Size","width":96,"height":96}}]]