[[{"__type__":"cc.Prefab","_name":"chunjie_5","data":{"__id__":1}},{"__type__":"cc.Node","_name":"chunjie_5","_components":[{"__type__":"cc.Sprite","node":{"__id__":1},"_spriteFrame":{"__uuid__":"f7pU/Ha+JIzJcw2d82sXIZ"},"_sizeMode":0},{"__type__":"cc.RigidBody","node":{"__id__":1},"enabledContactListener":true},{"__type__":"cc.PhysicsPolygonCollider","node":{"__id__":1},"points":[{"__type__":"cc.Vec2","x":9.4,"y":48.4},{"__type__":"cc.Vec2","x":6.75,"y":43.47169811320755},{"__type__":"cc.Vec2","x":-8.25,"y":44.37735849056604},{"__type__":"cc.Vec2","x":-18.75,"y":41.660377358490564},{"__type__":"cc.Vec2","x":-30,"y":35.32075471698113},{"__type__":"cc.Vec2","x":-39,"y":25.358490566037744},{"__type__":"cc.Vec2","x":-45,"y":25.358490566037744},{"__type__":"cc.Vec2","x":-48,"y":20.830188679245282},{"__type__":"cc.Vec2","x":-48,"y":-10.867924528301884},{"__type__":"cc.Vec2","x":-45.75,"y":-19.0188679245283},{"__type__":"cc.Vec2","x":-45.75,"y":-29.88679245283019},{"__type__":"cc.Vec2","x":-41.25,"y":-35.32075471698113},{"__type__":"cc.Vec2","x":-33,"y":-36.22641509433962},{"__type__":"cc.Vec2","x":-25.5,"y":-42.56603773584906},{"__type__":"cc.Vec2","x":-11.25,"y":-48},{"__type__":"cc.Vec2","x":9,"y":-48},{"__type__":"cc.Vec2","x":18,"y":-45.283018867924525},{"__type__":"cc.Vec2","x":24.75,"y":-40.75471698113208},{"__type__":"cc.Vec2","x":30.75,"y":-40.75471698113208},{"__type__":"cc.Vec2","x":35.25,"y":-37.132075471698116},{"__type__":"cc.Vec2","x":39.75,"y":-26.264150943396224},{"__type__":"cc.Vec2","x":48,"y":-9.056603773584904},{"__type__":"cc.Vec2","x":48.8,"y":10.6},{"__type__":"cc.Vec2","x":36,"y":26.26415094339623},{"__type__":"cc.Vec2","x":36,"y":35.32075471698113},{"__type__":"cc.Vec2","x":29.6,"y":46},{"__type__":"cc.Vec2","x":23.6,"y":37.7}]},{"__type__":"a058dD7mZpHmIw83dheUpZy","node":{"__id__":1},"shapeType":2}],"_prefab":{"__type__":"cc.PrefabInfo","root":{"__id__":1},"asset":{"__uuid__":"84uM2pnTRJX5RT+caQUIgk"},"fileId":"93CyKFy8BGWYxlEqk1xGXk"},"_contentSize":{"__type__":"cc.Size","width":96,"height":96},"_position":{"__type__":"cc.Vec3","x":-320,"y":-568},"_scaleX":1,"_scaleY":1,"_scale":{"__type__":"cc.Vec3","x":1,"y":1,"z":1}}],{"__type__":"cc.SpriteFrame","content":{"name":"chunjie_5","texture":"ad1J3jRl9Bsa52X64TBHEg","rect":[0,0,128,106],"offset":[0,0],"originalSize":[128,106],"capInsets":[0,0,0,0]}}]