[[{"__type__":"cc.Prefab","_name":"valentine_7","data":{"__id__":1}},{"__type__":"cc.Node","_name":"valentine_7","_components":[{"__type__":"cc.Sprite","node":{"__id__":1},"_spriteFrame":{"__uuid__":"f55+sGxoRMrYnVLNw2LN1U"},"_sizeMode":0},{"__type__":"cc.RigidBody","node":{"__id__":1},"enabledContactListener":true},{"__type__":"cc.PhysicsPolygonCollider","node":{"__id__":1},"points":[{"__type__":"cc.Vec2","x":-57,"y":25},{"__type__":"cc.Vec2","x":-64,"y":20},{"__type__":"cc.Vec2","x":-54.7,"y":-19.4},{"__type__":"cc.Vec2","x":-49.9,"y":-24.1},{"__type__":"cc.Vec2","x":61.6,"y":-23.1},{"__type__":"cc.Vec2","x":63.4,"y":-20},{"__type__":"cc.Vec2","x":62.1,"y":-6.3},{"__type__":"cc.Vec2","x":51.4,"y":18.4},{"__type__":"cc.Vec2","x":46,"y":24}]},{"__type__":"a058dD7mZpHmIw83dheUpZy","node":{"__id__":1},"shapeType":2}],"_prefab":{"__type__":"cc.PrefabInfo","root":{"__id__":1},"asset":{"__uuid__":"6bNuyZpEdNLrZxW4c77y1A"},"fileId":"93CyKFy8BGWYxlEqk1xGXk"},"_contentSize":{"__type__":"cc.Size","width":128,"height":50},"_scaleX":1,"_scaleY":1,"_scale":{"__type__":"cc.Vec3","x":1,"y":1,"z":1}}],{"__type__":"cc.SpriteFrame","content":{"name":"valentine_7","texture":"c7Rv2uUnBETq34ELAYXDeS","rect":[0,0,128,50],"offset":[0,0],"originalSize":[128,50],"capInsets":[0,0,0,0]}}]