[{"__type__":"cc.SpriteFrame","content":{"name":"chunjie_7","texture":"1aUU1tkc9PH4jW+7z67+Ml","rect":[0,0,128,124],"offset":[0,0],"originalSize":[128,124],"capInsets":[0,0,0,0]}},[{"__type__":"cc.Prefab","_name":"chunjie_7","data":{"__id__":1}},{"__type__":"cc.Node","_name":"chunjie_7","_components":[{"__type__":"cc.Sprite","node":{"__id__":1},"_spriteFrame":{"__uuid__":"03Nmtd1GZFi4CpVlZsqk5T"},"_sizeMode":0},{"__type__":"cc.RigidBody","node":{"__id__":1},"enabledContactListener":true},{"__type__":"a058dD7mZpHmIw83dheUpZy","node":{"__id__":1},"shapeType":2},{"__type__":"cc.PhysicsPolygonCollider","node":{"__id__":1},"points":[{"__type__":"cc.Vec2","x":-13.5,"y":48},{"__type__":"cc.Vec2","x":-27,"y":44.12903225806451},{"__type__":"cc.Vec2","x":-18,"y":32.516129032258064},{"__type__":"cc.Vec2","x":-20.25,"y":27.870967741935488},{"__type__":"cc.Vec2","x":-32.25,"y":25.548387096774192},{"__type__":"cc.Vec2","x":-43.5,"y":13.16129032258064},{"__type__":"cc.Vec2","x":-48,"y":-0.7741935483870961},{"__type__":"cc.Vec2","x":-48,"y":-18.580645161290324},{"__type__":"cc.Vec2","x":-41.25,"y":-32.516129032258064},{"__type__":"cc.Vec2","x":-33.75,"y":-40.25806451612903},{"__type__":"cc.Vec2","x":-20.1,"y":-47.9},{"__type__":"cc.Vec2","x":17.25,"y":-48},{"__type__":"cc.Vec2","x":33.6,"y":-40.7},{"__type__":"cc.Vec2","x":44.25,"y":-27.870967741935484},{"__type__":"cc.Vec2","x":48,"y":-17.806451612903228},{"__type__":"cc.Vec2","x":48,"y":-0.7741935483870961},{"__type__":"cc.Vec2","x":41.25,"y":13.16129032258064},{"__type__":"cc.Vec2","x":30.75,"y":23.225806451612897},{"__type__":"cc.Vec2","x":17.25,"y":27.870967741935488},{"__type__":"cc.Vec2","x":14.8,"y":32},{"__type__":"cc.Vec2","x":23,"y":45.4},{"__type__":"cc.Vec2","x":13.5,"y":48}]}],"_prefab":{"__type__":"cc.PrefabInfo","root":{"__id__":1},"asset":{"__uuid__":"8aASZ0pbNIcY3kl9LlQ9SH"},"fileId":"93CyKFy8BGWYxlEqk1xGXk"},"_contentSize":{"__type__":"cc.Size","width":96,"height":96},"_position":{"__type__":"cc.Vec3","x":-320,"y":-568},"_scaleX":1,"_scaleY":1,"_scale":{"__type__":"cc.Vec3","x":1,"y":1,"z":1}}]]