[[{"__type__":"cc.Prefab","_name":"normal_10","data":{"__id__":1}},{"__type__":"cc.Node","_name":"normal_10","_components":[{"__type__":"cc.Sprite","node":{"__id__":1},"_spriteFrame":{"__uuid__":"a0mHl3nFNMmqlvk6Uw+zdL"},"_sizeMode":0},{"__type__":"cc.RigidBody","node":{"__id__":1},"enabledContactListener":true},{"__type__":"cc.PhysicsBoxCollider","node":{"__id__":1},"_size":{"__type__":"cc.Size","width":96,"height":96}},{"__type__":"a058dD7mZpHmIw83dheUpZy","node":{"__id__":1},"shapeType":2}],"_prefab":{"__type__":"cc.PrefabInfo","root":{"__id__":1},"asset":{"__uuid__":"31wuNX889DuLq+ySJdnS43"},"fileId":"93CyKFy8BGWYxlEqk1xGXk"},"_contentSize":{"__type__":"cc.Size","width":96,"height":96},"_scaleX":1,"_scaleY":1,"_scale":{"__type__":"cc.Vec3","x":1,"y":1,"z":1}}],{"__type__":"cc.SpriteFrame","content":{"name":"normal_10","texture":"429AgWT4dLcrby5mQOFBYs","rect":[0,0,168,168],"offset":[0,0],"originalSize":[168,168],"capInsets":[0,0,0,0]}}]