[[{"__type__":"cc.Prefab","_name":"chunyou_5","data":{"__id__":1}},{"__type__":"cc.Node","_name":"chunyou_5","_level":1,"_components":[{"__type__":"cc.Sprite","node":{"__id__":1},"_spriteFrame":{"__uuid__":"cf8nJuigBDzIf6RKLVMaof"},"_sizeMode":0},{"__type__":"cc.RigidBody","node":{"__id__":1},"enabledContactListener":true},{"__type__":"cc.PhysicsPolygonCollider","node":{"__id__":1},"points":[{"__type__":"cc.Vec2","x":2,"y":41.5},{"__type__":"cc.Vec2","x":3,"y":36.5},{"__type__":"cc.Vec2","x":10,"y":31.5},{"__type__":"cc.Vec2","x":20,"y":31.5},{"__type__":"cc.Vec2","x":27,"y":14.5},{"__type__":"cc.Vec2","x":-11.7,"y":13.9},{"__type__":"cc.Vec2","x":-12,"y":22.5},{"__type__":"cc.Vec2","x":-35,"y":24.5},{"__type__":"cc.Vec2","x":-38,"y":20.5},{"__type__":"cc.Vec2","x":-37,"y":15.5},{"__type__":"cc.Vec2","x":-39,"y":3.5},{"__type__":"cc.Vec2","x":-45,"y":3.5},{"__type__":"cc.Vec2","x":-52,"y":1.5},{"__type__":"cc.Vec2","x":-61,"y":-6.5},{"__type__":"cc.Vec2","x":-64,"y":-12.5},{"__type__":"cc.Vec2","x":-64,"y":-26.5},{"__type__":"cc.Vec2","x":-61,"y":-32.5},{"__type__":"cc.Vec2","x":-55,"y":-38.5},{"__type__":"cc.Vec2","x":-49,"y":-41.5},{"__type__":"cc.Vec2","x":-35,"y":-41.5},{"__type__":"cc.Vec2","x":-29,"y":-38.5},{"__type__":"cc.Vec2","x":-23,"y":-32.5},{"__type__":"cc.Vec2","x":-13,"y":-31.5},{"__type__":"cc.Vec2","x":5,"y":-25.5},{"__type__":"cc.Vec2","x":13,"y":-20.5},{"__type__":"cc.Vec2","x":15,"y":-27.5},{"__type__":"cc.Vec2","x":22,"y":-36.5},{"__type__":"cc.Vec2","x":32,"y":-41.5},{"__type__":"cc.Vec2","x":46,"y":-41.5},{"__type__":"cc.Vec2","x":53,"y":-38.5},{"__type__":"cc.Vec2","x":60,"y":-31.5},{"__type__":"cc.Vec2","x":64,"y":-23.5},{"__type__":"cc.Vec2","x":64,"y":-8.5},{"__type__":"cc.Vec2","x":60,"y":-0.5},{"__type__":"cc.Vec2","x":48,"y":8.5},{"__type__":"cc.Vec2","x":33,"y":9.5},{"__type__":"cc.Vec2","x":24,"y":41.5}]},{"__type__":"a058dD7mZpHmIw83dheUpZy","node":{"__id__":1},"shapeType":2}],"_prefab":{"__type__":"cc.PrefabInfo","root":{"__id__":1},"asset":{"__uuid__":"37opc+4EBNHYXSPOMfnZwM"},"fileId":"93CyKFy8BGWYxlEqk1xGXk"},"_contentSize":{"__type__":"cc.Size","width":128,"height":83},"_position":{"__type__":"cc.Vec3","x":-320,"y":-568},"_scale":{"__type__":"cc.Vec3","x":1,"y":1,"z":1}}],{"__type__":"cc.SpriteFrame","content":{"name":"chunyou_5","texture":"c5x8BTwspAyJWyULiGwBNy","rect":[0,0,128,83],"offset":[0,0],"originalSize":[128,83],"capInsets":[0,0,0,0]}}]