[[{"__type__":"cc.Prefab","_name":"chunyou_11","data":{"__id__":1}},{"__type__":"cc.Node","_name":"chunyou_11","_level":1,"_components":[{"__type__":"cc.Sprite","node":{"__id__":1},"_spriteFrame":{"__uuid__":"f4IwuxdmZFRIkRyfgy5Wu+"},"_sizeMode":0},{"__type__":"cc.RigidBody","node":{"__id__":1},"enabledContactListener":true},{"__type__":"cc.PhysicsPolygonCollider","node":{"__id__":1},"points":[{"__type__":"cc.Vec2","x":-30,"y":35.5},{"__type__":"cc.Vec2","x":-44,"y":32.5},{"__type__":"cc.Vec2","x":-56,"y":26.5},{"__type__":"cc.Vec2","x":-62.9,"y":18.8},{"__type__":"cc.Vec2","x":-64,"y":9.5},{"__type__":"cc.Vec2","x":-60,"y":-0.5},{"__type__":"cc.Vec2","x":-54,"y":-6.5},{"__type__":"cc.Vec2","x":-44,"y":-15.5},{"__type__":"cc.Vec2","x":-51,"y":-28.5},{"__type__":"cc.Vec2","x":-63,"y":-26.5},{"__type__":"cc.Vec2","x":-64,"y":-35.5},{"__type__":"cc.Vec2","x":56.4,"y":-35.5},{"__type__":"cc.Vec2","x":59,"y":-20.5},{"__type__":"cc.Vec2","x":64,"y":-10.5},{"__type__":"cc.Vec2","x":64,"y":-2.5},{"__type__":"cc.Vec2","x":59,"y":7.5},{"__type__":"cc.Vec2","x":51,"y":15.5},{"__type__":"cc.Vec2","x":42,"y":21.5},{"__type__":"cc.Vec2","x":32,"y":26.5},{"__type__":"cc.Vec2","x":4,"y":34.5}]},{"__type__":"a058dD7mZpHmIw83dheUpZy","node":{"__id__":1},"shapeType":2}],"_prefab":{"__type__":"cc.PrefabInfo","root":{"__id__":1},"asset":{"__uuid__":"1a7ahmIeBM66MAmT+vWeYD"},"fileId":"93CyKFy8BGWYxlEqk1xGXk"},"_contentSize":{"__type__":"cc.Size","width":128,"height":71},"_position":{"__type__":"cc.Vec3","x":-320,"y":-568},"_scale":{"__type__":"cc.Vec3","x":1,"y":1,"z":1}}],{"__type__":"cc.SpriteFrame","content":{"name":"chunyou_11","texture":"e0ukox9nxFs4PHg9uFbsqY","rect":[0,0,128,71],"offset":[0,0],"originalSize":[128,71],"capInsets":[0,0,0,0]}}]