[{"__type__":"cc.SpriteFrame","content":{"name":"top","texture":"a1kFce2/xNx60AtnsccfV2","rect":[488,1250,137,51],"offset":[0,0],"originalSize":[137,51],"capInsets":[0,0,0,0]}},{"__type__":"cc.SpriteFrame","content":{"name":"offbot","texture":"a1kFce2/xNx60AtnsccfV2","rect":[62,476,45,584],"offset":[0,0],"originalSize":[45,584],"capInsets":[9,76,14,75]}},[{"__type__":"cc.Prefab","_name":"card","data":{"__id__":1}},{"__type__":"cc.Node","_name":"card","_children":[{"__id__":2},{"__type__":"cc.Node","_name":"tempNode","_parent":{"__id__":1},"_level":2,"_prefab":{"__type__":"cc.PrefabInfo","root":{"__id__":1},"asset":{"__uuid__":"7bOXpVXINHFZoPJlEjDOrl"},"fileId":"deDUcXoUdA56GrCp+EMWtJ"},"_scale":{"__type__":"cc.Vec3","x":1,"y":1,"z":1}}],"_level":1,"_components":[{"__type__":"d5ab2GuW8BCaahPvBTJSCYN","node":{"__id__":1},"toporbot":{"__id__":5},"close":{"__id__":6},"content":{"__id__":2},"scllveiwnode":{"__id__":12}},{"__type__":"a573aEKykZALZfG2EVDAyH2","node":{"__id__":1},"itemlayout":{"__id__":14},"item":{"__uuid__":"db4OBYZGJKgaJEEIGsBNEk"}},{"__type__":"cc.BlockInputEvents","node":{"__id__":1}}],"_prefab":{"__type__":"cc.PrefabInfo","root":{"__id__":1},"asset":{"__uuid__":"7bOXpVXINHFZoPJlEjDOrl"},"fileId":"f6bxX5y3FIjJZbkYXMempu"},"_color":{"__type__":"cc.Color","r":122,"g":255},"_contentSize":{"__type__":"cc.Size","width":750,"height":1334},"_scale":{"__type__":"cc.Vec3","x":1,"y":1,"z":1}},{"__type__":"cc.Node","_name":"content","_parent":{"__id__":1},"_children":[{"__id__":3},{"__id__":7}],"_active":false,"_level":2,"_components":[{"__type__":"cc.Layout","node":{"__id__":2},"_layoutSize":{"__type__":"cc.Size","width":750,"height":1336},"_resize":1,"_N$layoutType":2}],"_prefab":{"__type__":"cc.PrefabInfo","root":{"__id__":1},"asset":{"__uuid__":"7bOXpVXINHFZoPJlEjDOrl"},"fileId":"a2Prl+Qe9AnLqb1oeACmgl"},"_contentSize":{"__type__":"cc.Size","width":750,"height":1336},"_scale":{"__type__":"cc.Vec3","x":1,"y":1,"z":1}},{"__type__":"cc.Node","_name":"top","_parent":{"__id__":2},"_children":[{"__id__":4},{"__id__":6}],"_level":3,"_components":[{"__type__":"cc.Layout","node":{"__id__":3},"_layoutSize":{"__type__":"cc.Size","width":274,"height":51},"_resize":1,"_N$layoutType":1},{"__type__":"cc.Widget","node":{"__id__":3},"_alignFlags":32}],"_prefab":{"__type__":"cc.PrefabInfo","root":{"__id__":1},"asset":{"__uuid__":"7bOXpVXINHFZoPJlEjDOrl"},"fileId":"3fkxSsYDpHsZV0Sy1WlS0T"},"_contentSize":{"__type__":"cc.Size","width":274,"height":51},"_position":{"__type__":"cc.Vec3","x":238,"y":642.5},"_scale":{"__type__":"cc.Vec3","x":1,"y":1,"z":1}},{"__type__":"cc.Node","_name":"toporbot","_parent":{"__id__":3},"_level":4,"_components":[{"__id__":5}],"_prefab":{"__type__":"cc.PrefabInfo","root":{"__id__":1},"asset":{"__uuid__":"7bOXpVXINHFZoPJlEjDOrl"},"fileId":"abtfPZQPRDhIP4WY3IYedi"},"_contentSize":{"__type__":"cc.Size","width":137,"height":51},"_position":{"__type__":"cc.Vec3","x":-68.5},"_scale":{"__type__":"cc.Vec3","x":1,"y":1,"z":1}},{"__type__":"cc.Sprite","node":{"__id__":4},"_spriteFrame":{"__uuid__":"12qpKJQ3RCbqrybjtU0rwu"}},{"__type__":"cc.Node","_name":"close","_parent":{"__id__":3},"_level":4,"_components":[{"__type__":"cc.Sprite","node":{"__id__":6},"_spriteFrame":{"__uuid__":"f6QNi/9LlAcoWPPZi1FSJA"}}],"_prefab":{"__type__":"cc.PrefabInfo","root":{"__id__":1},"asset":{"__uuid__":"7bOXpVXINHFZoPJlEjDOrl"},"fileId":"0b0HTpoEZJQLod6GPnwiRw"},"_contentSize":{"__type__":"cc.Size","width":137,"height":51},"_position":{"__type__":"cc.Vec3","x":68.5},"_scale":{"__type__":"cc.Vec3","x":1,"y":1,"z":1}},{"__type__":"cc.Node","_name":"down","_parent":{"__id__":2},"_children":[{"__id__":8},{"__id__":11}],"_level":3,"_components":[{"__type__":"cc.Sprite","node":{"__id__":7},"_spriteFrame":{"__uuid__":"18gvDXhbVPo5ajnO6RQPt2"},"_type":1,"_sizeMode":0},{"__type__":"cc.Layout","node":{"__id__":7},"_N$layoutType":2}],"_prefab":{"__type__":"cc.PrefabInfo","root":{"__id__":1},"asset":{"__uuid__":"7bOXpVXINHFZoPJlEjDOrl"},"fileId":"e4XO2RlLZKOoKG/YDlDxyF"},"_contentSize":{"__type__":"cc.Size","width":750,"height":1285},"_position":{"__type__":"cc.Vec3","y":-25.5},"_scale":{"__type__":"cc.Vec3","x":1,"y":1,"z":1}},{"__type__":"cc.Node","_name":"title","_parent":{"__id__":7},"_children":[{"__id__":9}],"_level":4,"_components":[{"__type__":"cc.Sprite","node":{"__id__":8},"_sizeMode":0}],"_prefab":{"__type__":"cc.PrefabInfo","root":{"__id__":1},"asset":{"__uuid__":"7bOXpVXINHFZoPJlEjDOrl"},"fileId":"cdDJK5LIVEJJg8YIVfrCJv"},"_contentSize":{"__type__":"cc.Size","width":750,"height":50},"_position":{"__type__":"cc.Vec3","y":617.5},"_scale":{"__type__":"cc.Vec3","x":1,"y":1,"z":1}},{"__type__":"cc.Node","_name":"New Sprite(Splash)","_parent":{"__id__":8},"_children":[{"__id__":10}],"_level":4,"_components":[{"__type__":"cc.Sprite","node":{"__id__":9},"_sizeMode":0},{"__type__":"cc.Widget","node":{"__id__":9},"_alignFlags":37,"_right":10,"_top":12.5,"_bottom":12.5,"_originalHeight":20}],"_prefab":{"__type__":"cc.PrefabInfo","root":{"__id__":1},"asset":{"__uuid__":"7bOXpVXINHFZoPJlEjDOrl"},"fileId":"3c2zrfL/pFpILlOSS3WATz"},"_color":{"__type__":"cc.Color","r":44,"g":44,"b":36},"_contentSize":{"__type__":"cc.Size","width":100,"height":25},"_anchorPoint":{"__type__":"cc.Vec2","x":1,"y":0.5},"_position":{"__type__":"cc.Vec3","x":365},"_scale":{"__type__":"cc.Vec3","x":1,"y":1,"z":1}},{"__type__":"cc.Node","_name":"coin","_parent":{"__id__":9},"_level":5,"_components":[{"__type__":"cc.Label","node":{"__id__":10},"_srcBlendFactor":1,"_useOriginalSize":false,"_string":"转生后卡牌数量和使用效果会保留","_N$string":"转生后卡牌数量和使用效果会保留","_fontSize":22,"_lineHeight":24,"_N$horizontalAlign":1,"_N$verticalAlign":1,"_N$fontFamily":"苹方"}],"_prefab":{"__type__":"cc.PrefabInfo","root":{"__id__":1},"asset":{"__uuid__":"7bOXpVXINHFZoPJlEjDOrl"},"fileId":"82F6bimGlHWYPvk2djAVMQ"},"_contentSize":{"__type__":"cc.Size","width":330,"height":24},"_anchorPoint":{"__type__":"cc.Vec2","x":1,"y":0.5},"_position":{"__type__":"cc.Vec3","x":-5},"_scale":{"__type__":"cc.Vec3","x":1,"y":1,"z":1}},{"__type__":"cc.Node","_name":"New Sprite(Splash)","_parent":{"__id__":7},"_children":[{"__id__":12}],"_level":4,"_components":[{"__type__":"cc.Sprite","node":{"__id__":11},"_sizeMode":0}],"_prefab":{"__type__":"cc.PrefabInfo","root":{"__id__":1},"asset":{"__uuid__":"7bOXpVXINHFZoPJlEjDOrl"},"fileId":"1cB0qAmH9GUKsOxUny7Bqy"},"_color":{"__type__":"cc.Color","r":44,"g":44,"b":44},"_contentSize":{"__type__":"cc.Size","width":750,"height":1235},"_position":{"__type__":"cc.Vec3","y":-25},"_scale":{"__type__":"cc.Vec3","x":1,"y":1,"z":1}},{"__type__":"cc.Node","_name":"scrollview","_parent":{"__id__":11},"_children":[{"__id__":13}],"_level":4,"_components":[{"__type__":"cc.ScrollView","node":{"__id__":12},"horizontal":false,"brake":0.75,"bounceDuration":0.23,"_N$content":{"__id__":14},"content":{"__id__":14},"_N$horizontalScrollBar":null,"_N$verticalScrollBar":null},{"__type__":"cc.Widget","node":{"__id__":12},"_alignFlags":1}],"_prefab":{"__type__":"cc.PrefabInfo","root":{"__id__":1},"asset":{"__uuid__":"7bOXpVXINHFZoPJlEjDOrl"},"fileId":"a3abuml3BNKr/UEjG25VZo"},"_contentSize":{"__type__":"cc.Size","width":750,"height":667},"_anchorPoint":{"__type__":"cc.Vec2","x":0.5,"y":1},"_position":{"__type__":"cc.Vec3","y":617.5},"_scale":{"__type__":"cc.Vec3","x":1,"y":1,"z":1}},{"__type__":"cc.Node","_name":"view","_parent":{"__id__":12},"_children":[{"__id__":14}],"_components":[{"__type__":"cc.Mask","node":{"__id__":13}},{"__type__":"cc.Widget","node":{"__id__":13},"alignMode":2,"_alignFlags":45,"_originalWidth":750,"_originalHeight":667}],"_prefab":{"__type__":"cc.PrefabInfo","root":{"__id__":1},"asset":{"__uuid__":"7bOXpVXINHFZoPJlEjDOrl"},"fileId":"9fQlwSETVHuo+r235iGYHE"},"_contentSize":{"__type__":"cc.Size","width":750,"height":667},"_anchorPoint":{"__type__":"cc.Vec2","x":0.5,"y":1},"_scale":{"__type__":"cc.Vec3","x":1,"y":1,"z":1}},{"__type__":"cc.Node","_name":"itemcontent","_parent":{"__id__":13},"_level":1,"_components":[{"__type__":"cc.Layout","node":{"__id__":14},"_enabled":false,"_resize":1,"_N$layoutType":3,"_N$paddingLeft":5,"_N$paddingRight":0.700000000000001,"_N$paddingBottom":300,"_N$spacingX":5,"_N$spacingY":5},{"__type__":"9d0e7m7cpNFR7fqfXi8JcMs","node":{"__id__":14},"rendererPrefab":{"__uuid__":"db4OBYZGJKgaJEEIGsBNEk"},"columnCount":2,"topPadding":10,"bottomPadding":300}],"_prefab":{"__type__":"cc.PrefabInfo","root":{"__id__":1},"asset":{"__uuid__":"7bOXpVXINHFZoPJlEjDOrl"},"fileId":"a5qb0GaiBJXZK/qXuwO6v/"},"_color":{"__type__":"cc.Color","r":44,"g":44,"b":44},"_contentSize":{"__type__":"cc.Size","width":750,"height":300},"_anchorPoint":{"__type__":"cc.Vec2","x":0.5,"y":1},"_scale":{"__type__":"cc.Vec3","x":1,"y":1,"z":1}}],{"__type__":"cc.SpriteFrame","content":{"name":"close2","texture":"a1kFce2/xNx60AtnsccfV2","rect":[488,1194,137,51],"offset":[0,0],"originalSize":[137,51],"capInsets":[0,0,0,0]}}]