[{"__type__":"cc.SpriteFrame","content":{"name":"bg12","texture":"2bs70se65MkLiZalIK1NZ4","rect":[775,476,169,163],"offset":[0,0],"originalSize":[169,163],"capInsets":[0,0,0,0]}},{"__type__":"cc.SpriteFrame","content":{"name":"bg31","texture":"2bs70se65MkLiZalIK1NZ4","rect":[939,801,136,69],"offset":[0,0],"originalSize":[136,69],"rotated":1,"capInsets":[0,0,0,0]}},{"__type__":"cc.SpriteFrame","content":{"name":"bg32","texture":"2bs70se65MkLiZalIK1NZ4","rect":[939,654,132,72],"offset":[0,0],"originalSize":[132,72],"rotated":1,"capInsets":[0,0,0,0]}},{"__type__":"cc.SpriteFrame","content":{"name":"bg21","texture":"2bs70se65MkLiZalIK1NZ4","rect":[775,654,149,130],"offset":[0,0],"originalSize":[149,130],"capInsets":[0,0,0,0]}},{"__type__":"cc.SpriteFrame","content":{"name":"bg01","texture":"2bs70se65MkLiZalIK1NZ4","rect":[10,10,750,750],"offset":[0,0],"originalSize":[750,750],"capInsets":[0,0,0,0]}},{"__type__":"cc.SpriteFrame","content":{"name":"bg22","texture":"2bs70se65MkLiZalIK1NZ4","rect":[775,799,149,130],"offset":[0,0],"originalSize":[149,130],"capInsets":[0,0,0,0]}},{"__type__":"cc.SpriteFrame","content":{"name":"bg00","texture":"2bs70se65MkLiZalIK1NZ4","rect":[775,10,273,237],"offset":[0,0],"originalSize":[273,237],"rotated":1,"capInsets":[0,0,0,0]}},{"__type__":"cc.SpriteFrame","content":{"name":"bg02","texture":"2bs70se65MkLiZalIK1NZ4","rect":[10,775,750,584],"offset":[0,0],"originalSize":[750,584],"capInsets":[0,0,0,0]}},{"__type__":"cc.SpriteAtlas","_name":"3.plist","_spriteFrames":{"bg00":{"__uuid__":"b4kpvH+ltAsbn7+6me7UWx"},"bg01":{"__uuid__":"9fopNDY49E0IdKSMmo3/Mg"},"bg02":{"__uuid__":"dc4nHhAstN/JTET1pjZvat"},"bg11":{"__uuid__":"f1R21aN6dM2pXWF04gG4rW"},"bg12":{"__uuid__":"43KDH7uj9PJbN+08WT0aFX"},"bg21":{"__uuid__":"68a4i66tlPIoJ7DdAax4Jv"},"bg22":{"__uuid__":"a6JvnBFrBAjoLqHAJ46Lrh"},"bg31":{"__uuid__":"4cuKN5u35ONqizVFULvxtV"},"bg32":{"__uuid__":"4cxSW50R1KzLzqb6Z8it3t"}}},{"__type__":"cc.SpriteFrame","content":{"name":"bg11","texture":"2bs70se65MkLiZalIK1NZ4","rect":[775,298,169,163],"offset":[0,0],"originalSize":[169,163],"capInsets":[0,0,0,0]}}]