[[{"__type__":"cc.Prefab","_name":"FieldIcon","data":{"__id__":1}},{"__type__":"cc.Node","_name":"fieldicon","_children":[{"__id__":2},{"__id__":3}],"_level":1,"_components":[{"__type__":"3450cyiL6xMVKrr/waOMVIl","node":{"__id__":1},"bg":{"__id__":4},"bgquan":{"__id__":2}},{"__type__":"cc.Button","node":{"__id__":1},"zoomScale":1.1,"_N$transition":3,"transition":3,"_N$target":{"__id__":1}}],"_prefab":{"__type__":"cc.PrefabInfo","root":{"__id__":1},"asset":{"__uuid__":"77aBeMlBJMlLfrCKgzksDJ"},"fileId":"18FfkwLy5OYLip5EdA74FP"},"_contentSize":{"__type__":"cc.Size","width":55,"height":55},"_scale":{"__type__":"cc.Vec3","x":1,"y":1,"z":1}},{"__type__":"cc.Node","_name":"bgquan","_parent":{"__id__":1},"_active":false,"_level":2,"_components":[{"__type__":"cc.Sprite","node":{"__id__":2},"_spriteFrame":{"__uuid__":"a2MjXRFdtLlYQ5ouAFv/+R"},"_sizeMode":0}],"_prefab":{"__type__":"cc.PrefabInfo","root":{"__id__":1},"asset":{"__uuid__":"77aBeMlBJMlLfrCKgzksDJ"},"fileId":"3bBDqMLA1Gd5z9Wt/D4NVR"},"_contentSize":{"__type__":"cc.Size","width":60,"height":60},"_scale":{"__type__":"cc.Vec3","x":1,"y":1,"z":1}},{"__type__":"cc.Node","_name":"bg","_parent":{"__id__":1},"_level":2,"_components":[{"__id__":4}],"_prefab":{"__type__":"cc.PrefabInfo","root":{"__id__":1},"asset":{"__uuid__":"77aBeMlBJMlLfrCKgzksDJ"},"fileId":"58LKxT9DBOqKnPFxX7Jezs"},"_contentSize":{"__type__":"cc.Size","width":55,"height":55},"_scale":{"__type__":"cc.Vec3","x":1,"y":1,"z":1}},{"__type__":"cc.Sprite","node":{"__id__":3},"_sizeMode":0}],{"__type__":"cc.SpriteFrame","content":{"name":"default_sprite_splash","texture":"02delMVqdBD70a/HSD99FK","rect":[0,0,2,2],"offset":[0,0],"originalSize":[2,2],"capInsets":[0,0,0,0]}}]