[{"__type__":"cc.SpriteAtlas","_name":"8.plist","_spriteFrames":{"bg00":{"__uuid__":"80xTFUCFlNzKe8DaudV/T8"},"bg01":{"__uuid__":"a3pAaxY3dGiIxCFWxNNxwC"},"bg02":{"__uuid__":"e8/hpPLeRHjJtj3o+wwoq9"},"bg11":{"__uuid__":"39LRYceuVICo0xbt1VcTAT"},"bg12":{"__uuid__":"87giq9pbdCyIZKadvDxTvg"},"bg21":{"__uuid__":"81KWNqvKhBabJnZjQ6vrS9"},"bg22":{"__uuid__":"e2VNwgIB5AGI1taqaY0e1H"},"bg31":{"__uuid__":"64SMJ62rBK9p7zjeAHRgUJ"},"bg32":{"__uuid__":"1eNEj3S7RE1p0/Cu0Rvijz"}}},{"__type__":"cc.SpriteFrame","content":{"name":"bg32","texture":"14kKCBZOJLs5Bbmrte1Z3C","rect":[939,805,136,69],"offset":[0,0],"originalSize":[136,69],"rotated":1,"capInsets":[0,0,0,0]}},{"__type__":"cc.SpriteFrame","content":{"name":"bg11","texture":"14kKCBZOJLs5Bbmrte1Z3C","rect":[775,298,169,163],"offset":[0,0],"originalSize":[169,163],"capInsets":[0,0,0,0]}},{"__type__":"cc.SpriteFrame","content":{"name":"bg31","texture":"14kKCBZOJLs5Bbmrte1Z3C","rect":[939,654,136,69],"offset":[0,0],"originalSize":[136,69],"rotated":1,"capInsets":[0,0,0,0]}},{"__type__":"cc.SpriteFrame","content":{"name":"bg00","texture":"14kKCBZOJLs5Bbmrte1Z3C","rect":[775,10,273,237],"offset":[0,0],"originalSize":[273,237],"rotated":1,"capInsets":[0,0,0,0]}},{"__type__":"cc.SpriteFrame","content":{"name":"bg21","texture":"14kKCBZOJLs5Bbmrte1Z3C","rect":[775,654,149,130],"offset":[0,0],"originalSize":[149,130],"capInsets":[0,0,0,0]}},{"__type__":"cc.SpriteFrame","content":{"name":"bg12","texture":"14kKCBZOJLs5Bbmrte1Z3C","rect":[775,476,169,163],"offset":[0,0],"originalSize":[169,163],"capInsets":[0,0,0,0]}},{"__type__":"cc.SpriteFrame","content":{"name":"bg01","texture":"14kKCBZOJLs5Bbmrte1Z3C","rect":[10,10,750,750],"offset":[0,0],"originalSize":[750,750],"capInsets":[0,0,0,0]}},{"__type__":"cc.SpriteFrame","content":{"name":"bg22","texture":"14kKCBZOJLs5Bbmrte1Z3C","rect":[775,799,149,130],"offset":[0,0],"originalSize":[149,130],"capInsets":[0,0,0,0]}},{"__type__":"cc.SpriteFrame","content":{"name":"bg02","texture":"14kKCBZOJLs5Bbmrte1Z3C","rect":[10,775,750,584],"offset":[0,0],"originalSize":[750,584],"capInsets":[0,0,0,0]}}]