[{"__type__":"cc.SpriteFrame","content":{"name":"6011","texture":"72KNy9oLRN9YCv5OGd3xNk","rect":[500,325,90,90],"offset":[0,0],"originalSize":[90,90],"capInsets":[0,0,0,0]}},{"__type__":"cc.SpriteFrame","content":{"name":"6028","texture":"72KNy9oLRN9YCv5OGd3xNk","rect":[920,325,90,90],"offset":[0,0],"originalSize":[90,90],"capInsets":[0,0,0,0]}},{"__type__":"cc.SpriteFrame","content":{"name":"6038","texture":"72KNy9oLRN9YCv5OGd3xNk","rect":[1235,115,90,90],"offset":[0,0],"originalSize":[90,90],"capInsets":[0,0,0,0]}},{"__type__":"cc.SpriteFrame","content":{"name":"6021","texture":"72KNy9oLRN9YCv5OGd3xNk","rect":[815,10,90,90],"offset":[0,0],"originalSize":[90,90],"capInsets":[0,0,0,0]}},{"__type__":"cc.SpriteFrame","content":{"name":"6029","texture":"72KNy9oLRN9YCv5OGd3xNk","rect":[1025,10,90,90],"offset":[0,0],"originalSize":[90,90],"capInsets":[0,0,0,0]}},{"__type__":"cc.SpriteFrame","content":{"name":"6039","texture":"72KNy9oLRN9YCv5OGd3xNk","rect":[395,115,90,90],"offset":[0,0],"originalSize":[90,90],"capInsets":[0,0,0,0]}},{"__type__":"cc.SpriteFrame","content":{"name":"6040","texture":"72KNy9oLRN9YCv5OGd3xNk","rect":[10,10,125,125],"offset":[0,0],"originalSize":[125,125],"capInsets":[0,0,0,0]}},{"__type__":"cc.SpriteFrame","content":{"name":"6012","texture":"72KNy9oLRN9YCv5OGd3xNk","rect":[290,10,90,90],"offset":[0,0],"originalSize":[90,90],"capInsets":[0,0,0,0]}},{"__type__":"cc.SpriteFrame","content":{"name":"6044","texture":"72KNy9oLRN9YCv5OGd3xNk","rect":[150,150,125,125],"offset":[0,0],"originalSize":[125,125],"capInsets":[0,0,0,0]}},{"__type__":"cc.SpriteFrame","content":{"name":"6014","texture":"72KNy9oLRN9YCv5OGd3xNk","rect":[605,115,90,90],"offset":[0,0],"originalSize":[90,90],"capInsets":[0,0,0,0]}},{"__type__":"cc.SpriteFrame","content":{"name":"6033","texture":"72KNy9oLRN9YCv5OGd3xNk","rect":[1130,10,90,90],"offset":[0,0],"originalSize":[90,90],"capInsets":[0,0,0,0]}},{"__type__":"cc.SpriteFrame","content":{"name":"6030","texture":"72KNy9oLRN9YCv5OGd3xNk","rect":[1025,115,90,90],"offset":[0,0],"originalSize":[90,90],"capInsets":[0,0,0,0]}},{"__type__":"cc.SpriteAtlas","_name":"eqiup.plist","_spriteFrames":{"1":{"__uuid__":"e8dvEYRatL9JRGSMCuLzIn"},"2":{"__uuid__":"8aXcJAic9BIYsvbIpDkKwA"},"3":{"__uuid__":"d5Y0H37wVCF5G5Yl2BCDbe"},"4":{"__uuid__":"a8vL+/0SVIbqN0uO+snbpX"},"5":{"__uuid__":"5ekNsTZBhGcr4qj+ljum0n"},"6":{"__uuid__":"cabIrPQ0tK0K3BSO1k8LKo"},"6006":{"__uuid__":"6elubtRNNB14lmODkyzuhn"},"6007":{"__uuid__":"9fCwLMsahKva4sBMBxpldT"},"6008":{"__uuid__":"f2j3ie9LJEo6GpC+rmuVPa"},"6009":{"__uuid__":"57PeCBYJtEbLvo56YcI/v1"},"6010":{"__uuid__":"84MpasRhVLhpWPNfKodh5X"},"6011":{"__uuid__":"07LbjeEV9LloGwDL7mbneR"},"6012":{"__uuid__":"24tU4rzypBqpkNFXCaPDaX"},"6013":{"__uuid__":"fdXIkyHl1JHZspTOq2tg5b"},"6014":{"__uuid__":"2cQ3Dm1lpCQbOdX46W7UTu"},"6015":{"__uuid__":"f2J5cVPEVMxofvf2UKkCy/"},"6016":{"__uuid__":"6cMMPOdotDLILhNO8MF4FB"},"6017":{"__uuid__":"c4eZ7zjBJOtody4vFGY+/C"},"6018":{"__uuid__":"7aQL5MPTpLdYLlwmfEM39J"},"6019":{"__uuid__":"f9Ad5RUoFL0okEEwwSy3jv"},"6020":{"__uuid__":"4ckzIREXNDxa4/xIiD4eFl"},"6021":{"__uuid__":"14V2spABRKwaHvivwO/i53"},"6022":{"__uuid__":"f8d2GeEPNEf4bRauXQKJUu"},"6023":{"__uuid__":"e4BbXzF89JXIxIAw1T7228"},"6024":{"__uuid__":"51OhQ5oYJFIJ+GeahDpouX"},"6025":{"__uuid__":"50YwhXtTBGlIpHJcDiK0x8"},"6026":{"__uuid__":"c64x5v4O9OnKtQKw4zVKz5"},"6027":{"__uuid__":"d0erAxNi1DNrNW2nDOiZcv"},"6028":{"__uuid__":"07bUGiJv9N5ru9Hw54WhhU"},"6029":{"__uuid__":"1afUkLzx9FqaDSromAzdKV"},"6030":{"__uuid__":"3cjz/GKX1Ey6v5w8PkXNhz"},"6031":{"__uuid__":"f12v25QBFCB507eVmTdQtT"},"6032":{"__uuid__":"57hs5AWx1EYKzAUX8VrebF"},"6033":{"__uuid__":"2de1hEzmNHnKq4G2y5Qs2C"},"6034":{"__uuid__":"5awvAFFaVAWpCDpT4G2XfY"},"6035":{"__uuid__":"4fRwYLUwpGE6vfX53GUG1L"},"6036":{"__uuid__":"ecCWtQgz5GBI4AoO+/Nh1f"},"6037":{"__uuid__":"f2J8yNyGxPWbmVrt3pI3Gq"},"6038":{"__uuid__":"0a62jvdolOHpDFM7Cy0hn1"},"6039":{"__uuid__":"1bci5Q+wZCbqP46jWdOXCp"},"6040":{"__uuid__":"24hlrp69RE05e2VqmBycDv"},"6041":{"__uuid__":"88i3TqrMJNxaEH7dMansRS"},"6042":{"__uuid__":"75S+EI501Kjr6t1MqT7y4W"},"6043":{"__uuid__":"729OurXMxG3LhJOlANpi3B"},"6044":{"__uuid__":"28pjL9Q5BDurBJE6kKC7/P"},"6045":{"__uuid__":"d5vUh9FHVKS4PEF7eSPjzg"}}},{"__type__":"cc.SpriteFrame","content":{"name":"6020","texture":"72KNy9oLRN9YCv5OGd3xNk","rect":[710,325,90,90],"offset":[0,0],"originalSize":[90,90],"capInsets":[0,0,0,0]}},{"__type__":"cc.SpriteFrame","content":{"name":"6035","texture":"72KNy9oLRN9YCv5OGd3xNk","rect":[1130,220,90,90],"offset":[0,0],"originalSize":[90,90],"capInsets":[0,0,0,0]}},{"__type__":"cc.SpriteFrame","content":{"name":"6025","texture":"72KNy9oLRN9YCv5OGd3xNk","rect":[920,10,90,90],"offset":[0,0],"originalSize":[90,90],"capInsets":[0,0,0,0]}},{"__type__":"cc.SpriteFrame","content":{"name":"6024","texture":"72KNy9oLRN9YCv5OGd3xNk","rect":[815,325,90,90],"offset":[0,0],"originalSize":[90,90],"capInsets":[0,0,0,0]}},{"__type__":"cc.SpriteFrame","content":{"name":"6009","texture":"72KNy9oLRN9YCv5OGd3xNk","rect":[500,115,90,90],"offset":[0,0],"originalSize":[90,90],"capInsets":[0,0,0,0]}},{"__type__":"cc.SpriteFrame","content":{"name":"6032","texture":"72KNy9oLRN9YCv5OGd3xNk","rect":[1025,325,90,90],"offset":[0,0],"originalSize":[90,90],"capInsets":[0,0,0,0]}},{"__type__":"cc.SpriteFrame","content":{"name":"6034","texture":"72KNy9oLRN9YCv5OGd3xNk","rect":[1130,115,90,90],"offset":[0,0],"originalSize":[90,90],"capInsets":[0,0,0,0]}},{"__type__":"cc.SpriteFrame","content":{"name":"5","texture":"72KNy9oLRN9YCv5OGd3xNk","rect":[395,10,90,90],"offset":[0,0],"originalSize":[90,90],"capInsets":[0,0,0,0]}},{"__type__":"cc.SpriteFrame","content":{"name":"6016","texture":"72KNy9oLRN9YCv5OGd3xNk","rect":[605,325,90,90],"offset":[0,0],"originalSize":[90,90],"capInsets":[0,0,0,0]}},{"__type__":"cc.SpriteFrame","content":{"name":"6006","texture":"72KNy9oLRN9YCv5OGd3xNk","rect":[395,220,90,90],"offset":[0,0],"originalSize":[90,90],"capInsets":[0,0,0,0]}},{"__type__":"cc.SpriteFrame","content":{"name":"6043","texture":"72KNy9oLRN9YCv5OGd3xNk","rect":[150,10,125,125],"offset":[0,0],"originalSize":[125,125],"capInsets":[0,0,0,0]}},{"__type__":"cc.SpriteFrame","content":{"name":"6042","texture":"72KNy9oLRN9YCv5OGd3xNk","rect":[10,290,125,125],"offset":[0,0],"originalSize":[125,125],"capInsets":[0,0,0,0]}},{"__type__":"cc.SpriteFrame","content":{"name":"6018","texture":"72KNy9oLRN9YCv5OGd3xNk","rect":[710,115,90,90],"offset":[0,0],"originalSize":[90,90],"capInsets":[0,0,0,0]}},{"__type__":"cc.SpriteFrame","content":{"name":"6010","texture":"72KNy9oLRN9YCv5OGd3xNk","rect":[500,220,90,90],"offset":[0,0],"originalSize":[90,90],"capInsets":[0,0,0,0]}},{"__type__":"cc.SpriteFrame","content":{"name":"6041","texture":"72KNy9oLRN9YCv5OGd3xNk","rect":[10,150,125,125],"offset":[0,0],"originalSize":[125,125],"capInsets":[0,0,0,0]}},{"__type__":"cc.SpriteFrame","content":{"name":"2","texture":"72KNy9oLRN9YCv5OGd3xNk","rect":[290,115,90,90],"offset":[0,0],"originalSize":[90,90],"capInsets":[0,0,0,0]}},{"__type__":"cc.SpriteFrame","content":{"name":"6007","texture":"72KNy9oLRN9YCv5OGd3xNk","rect":[395,325,90,90],"offset":[0,0],"originalSize":[90,90],"capInsets":[0,0,0,0]}},{"__type__":"cc.SpriteFrame","content":{"name":"4","texture":"72KNy9oLRN9YCv5OGd3xNk","rect":[290,325,90,90],"offset":[0,0],"originalSize":[90,90],"capInsets":[0,0,0,0]}},{"__type__":"cc.SpriteFrame","content":{"name":"6017","texture":"72KNy9oLRN9YCv5OGd3xNk","rect":[710,10,90,90],"offset":[0,0],"originalSize":[90,90],"capInsets":[0,0,0,0]}},{"__type__":"cc.SpriteFrame","content":{"name":"6026","texture":"72KNy9oLRN9YCv5OGd3xNk","rect":[920,115,90,90],"offset":[0,0],"originalSize":[90,90],"capInsets":[0,0,0,0]}},{"__type__":"cc.SpriteFrame","content":{"name":"6","texture":"72KNy9oLRN9YCv5OGd3xNk","rect":[395,115,90,90],"offset":[0,0],"originalSize":[90,90],"capInsets":[0,0,0,0]}},{"__type__":"cc.SpriteFrame","content":{"name":"6027","texture":"72KNy9oLRN9YCv5OGd3xNk","rect":[920,220,90,90],"offset":[0,0],"originalSize":[90,90],"capInsets":[0,0,0,0]}},{"__type__":"cc.SpriteFrame","content":{"name":"3","texture":"72KNy9oLRN9YCv5OGd3xNk","rect":[290,220,90,90],"offset":[0,0],"originalSize":[90,90],"capInsets":[0,0,0,0]}},{"__type__":"cc.SpriteFrame","content":{"name":"6045","texture":"72KNy9oLRN9YCv5OGd3xNk","rect":[150,290,125,125],"offset":[0,0],"originalSize":[125,125],"capInsets":[0,0,0,0]}},{"__type__":"cc.SpriteFrame","content":{"name":"6023","texture":"72KNy9oLRN9YCv5OGd3xNk","rect":[815,220,90,90],"offset":[0,0],"originalSize":[90,90],"capInsets":[0,0,0,0]}},{"__type__":"cc.SpriteFrame","content":{"name":"1","texture":"72KNy9oLRN9YCv5OGd3xNk","rect":[290,10,90,90],"offset":[0,0],"originalSize":[90,90],"capInsets":[0,0,0,0]}},{"__type__":"cc.SpriteFrame","content":{"name":"6036","texture":"72KNy9oLRN9YCv5OGd3xNk","rect":[1130,325,90,90],"offset":[0,0],"originalSize":[90,90],"capInsets":[0,0,0,0]}},{"__type__":"cc.SpriteFrame","content":{"name":"6031","texture":"72KNy9oLRN9YCv5OGd3xNk","rect":[1025,220,90,90],"offset":[0,0],"originalSize":[90,90],"capInsets":[0,0,0,0]}},{"__type__":"cc.SpriteFrame","content":{"name":"6015","texture":"72KNy9oLRN9YCv5OGd3xNk","rect":[605,220,90,90],"offset":[0,0],"originalSize":[90,90],"capInsets":[0,0,0,0]}},{"__type__":"cc.SpriteFrame","content":{"name":"6037","texture":"72KNy9oLRN9YCv5OGd3xNk","rect":[1235,10,90,90],"offset":[0,0],"originalSize":[90,90],"capInsets":[0,0,0,0]}},{"__type__":"cc.SpriteFrame","content":{"name":"6008","texture":"72KNy9oLRN9YCv5OGd3xNk","rect":[500,10,90,90],"offset":[0,0],"originalSize":[90,90],"capInsets":[0,0,0,0]}},{"__type__":"cc.SpriteFrame","content":{"name":"6022","texture":"72KNy9oLRN9YCv5OGd3xNk","rect":[815,115,90,90],"offset":[0,0],"originalSize":[90,90],"capInsets":[0,0,0,0]}},{"__type__":"cc.SpriteFrame","content":{"name":"6019","texture":"72KNy9oLRN9YCv5OGd3xNk","rect":[710,220,90,90],"offset":[0,0],"originalSize":[90,90],"capInsets":[0,0,0,0]}},{"__type__":"cc.SpriteFrame","content":{"name":"6013","texture":"72KNy9oLRN9YCv5OGd3xNk","rect":[605,10,90,90],"offset":[0,0],"originalSize":[90,90],"capInsets":[0,0,0,0]}}]