[{"__type__":"cc.SpriteFrame","content":{"name":"bg02","texture":"d8DkuJoSVIqqIeZuYAWppj","rect":[10,775,750,584],"offset":[0,0],"originalSize":[750,584],"capInsets":[0,0,0,0]}},{"__type__":"cc.SpriteFrame","content":{"name":"bg22","texture":"d8DkuJoSVIqqIeZuYAWppj","rect":[775,799,149,130],"offset":[0,0],"originalSize":[149,130],"capInsets":[0,0,0,0]}},{"__type__":"cc.SpriteAtlas","_name":"6.plist","_spriteFrames":{"bg00":{"__uuid__":"b1KRVcZKdGnqiI04V+Gq4C"},"bg01":{"__uuid__":"7aX4GDJC5NfYTP2qKag4fc"},"bg02":{"__uuid__":"19tW+cGIxE+Yod7WIppPZG"},"bg11":{"__uuid__":"99agaRjgtJ0YGCI6QCgICS"},"bg12":{"__uuid__":"95knNawNdHZr+NNWBgmXIY"},"bg21":{"__uuid__":"ffyN8Jsv5HDJJXMBZXu9Cm"},"bg22":{"__uuid__":"44fa9P7CVJ8J2HCHTjn43t"},"bg31":{"__uuid__":"7f5aag161N3I+2nutjHlWf"},"bg32":{"__uuid__":"adFPF0dTBHwrV3wRUAB/Ic"}}},{"__type__":"cc.SpriteFrame","content":{"name":"bg01","texture":"d8DkuJoSVIqqIeZuYAWppj","rect":[10,10,750,750],"offset":[0,0],"originalSize":[750,750],"capInsets":[0,0,0,0]}},{"__type__":"cc.SpriteFrame","content":{"name":"bg31","texture":"d8DkuJoSVIqqIeZuYAWppj","rect":[939,801,136,69],"offset":[0,0],"originalSize":[136,69],"rotated":1,"capInsets":[0,0,0,0]}},{"__type__":"cc.SpriteFrame","content":{"name":"bg12","texture":"d8DkuJoSVIqqIeZuYAWppj","rect":[775,476,169,163],"offset":[0,0],"originalSize":[169,163],"capInsets":[0,0,0,0]}},{"__type__":"cc.SpriteFrame","content":{"name":"bg11","texture":"d8DkuJoSVIqqIeZuYAWppj","rect":[775,298,169,163],"offset":[0,0],"originalSize":[169,163],"capInsets":[0,0,0,0]}},{"__type__":"cc.SpriteFrame","content":{"name":"bg32","texture":"d8DkuJoSVIqqIeZuYAWppj","rect":[939,654,132,72],"offset":[0,0],"originalSize":[132,72],"rotated":1,"capInsets":[0,0,0,0]}},{"__type__":"cc.SpriteFrame","content":{"name":"bg00","texture":"d8DkuJoSVIqqIeZuYAWppj","rect":[775,10,273,237],"offset":[0,0],"originalSize":[273,237],"rotated":1,"capInsets":[0,0,0,0]}},{"__type__":"cc.SpriteFrame","content":{"name":"bg21","texture":"d8DkuJoSVIqqIeZuYAWppj","rect":[775,654,149,130],"offset":[0,0],"originalSize":[149,130],"capInsets":[0,0,0,0]}}]