[[{"__type__":"cc.Prefab","_name":"skill","data":{"__id__":1}},{"__type__":"cc.Node","_name":"skill","_children":[{"__id__":2},{"__id__":4}],"_level":1,"_components":[{"__type__":"b2a39gFwPlLX6BTJbrdT7bW","node":{"__id__":1},"skillimg":{"__id__":3},"useproger":{"__id__":11},"coolproger":{"__id__":9},"time":{"__id__":7},"timenode":{"__id__":4},"backBg":{"__id__":5}},{"__type__":"cc.Button","node":{"__id__":1},"_N$transition":3,"transition":3,"_N$target":{"__id__":1}}],"_prefab":{"__type__":"cc.PrefabInfo","root":{"__id__":1},"asset":{"__uuid__":"11ZU2XlPhPUI0Vq0at+Cmt"},"fileId":"93ifqjiAJN9YjEsvEq8T5i"},"_contentSize":{"__type__":"cc.Size","width":116,"height":116},"_position":{"__type__":"cc.Vec3","x":58},"_scale":{"__type__":"cc.Vec3","x":1,"y":1,"z":1}},{"__type__":"cc.Node","_name":"bg","_parent":{"__id__":1},"_level":2,"_components":[{"__id__":3}],"_prefab":{"__type__":"cc.PrefabInfo","root":{"__id__":1},"asset":{"__uuid__":"11ZU2XlPhPUI0Vq0at+Cmt"},"fileId":"b8vtFvPQVJBo9xQ/iEUla4"},"_contentSize":{"__type__":"cc.Size","width":120,"height":120},"_scale":{"__type__":"cc.Vec3","x":1,"y":1,"z":1}},{"__type__":"cc.Sprite","node":{"__id__":2}},{"__type__":"cc.Node","_name":"timedown","_parent":{"__id__":1},"_children":[{"__id__":5},{"__id__":6},{"__id__":8},{"__id__":10}],"_level":2,"_prefab":{"__type__":"cc.PrefabInfo","root":{"__id__":1},"asset":{"__uuid__":"11ZU2XlPhPUI0Vq0at+Cmt"},"fileId":"a8tN6SPLBAab6XRInJy/6N"},"_scale":{"__type__":"cc.Vec3","x":1,"y":1,"z":1}},{"__type__":"cc.Node","_name":"backbg","_parent":{"__id__":4},"_level":3,"_components":[{"__type__":"cc.Sprite","node":{"__id__":5},"_spriteFrame":{"__uuid__":"8bWzY55iFFlrj+VseYYDcc"}}],"_prefab":{"__type__":"cc.PrefabInfo","root":{"__id__":1},"asset":{"__uuid__":"11ZU2XlPhPUI0Vq0at+Cmt"},"fileId":"feIEw8yhlHj7RV+8BY5Lft"},"_contentSize":{"__type__":"cc.Size","width":120,"height":120},"_scale":{"__type__":"cc.Vec3","x":1,"y":1,"z":1}},{"__type__":"cc.Node","_name":"time","_parent":{"__id__":4},"_level":3,"_components":[{"__id__":7}],"_prefab":{"__type__":"cc.PrefabInfo","root":{"__id__":1},"asset":{"__uuid__":"11ZU2XlPhPUI0Vq0at+Cmt"},"fileId":"795gdzOW5IBYLeR4V0YMp/"},"_contentSize":{"__type__":"cc.Size","height":40},"_scale":{"__type__":"cc.Vec3","x":1,"y":1,"z":1}},{"__type__":"cc.Label","node":{"__id__":6},"_srcBlendFactor":1,"_useOriginalSize":false,"_N$horizontalAlign":1,"_N$verticalAlign":1},{"__type__":"cc.Node","_name":"progerwhite","_parent":{"__id__":4},"_level":3,"_components":[{"__id__":9}],"_prefab":{"__type__":"cc.PrefabInfo","root":{"__id__":1},"asset":{"__uuid__":"11ZU2XlPhPUI0Vq0at+Cmt"},"fileId":"d7bi/f8VJGSL2gwkThcvUo"},"_contentSize":{"__type__":"cc.Size","width":120,"height":120},"_scale":{"__type__":"cc.Vec3","x":1,"y":1,"z":1}},{"__type__":"cc.Sprite","node":{"__id__":8},"_spriteFrame":{"__uuid__":"c5r6mwz4FNEoMIYJFlfLlu"},"_type":3,"_sizeMode":0,"_fillType":2,"_fillCenter":{"__type__":"cc.Vec2","x":0.5,"y":0.5},"_fillStart":0.25,"_fillRange":1},{"__type__":"cc.Node","_name":"proger","_parent":{"__id__":4},"_level":3,"_components":[{"__id__":11}],"_prefab":{"__type__":"cc.PrefabInfo","root":{"__id__":1},"asset":{"__uuid__":"11ZU2XlPhPUI0Vq0at+Cmt"},"fileId":"dcRKy0RslCV4mEu1NfmgSF"},"_contentSize":{"__type__":"cc.Size","width":120,"height":120},"_scale":{"__type__":"cc.Vec3","x":1,"y":1,"z":1}},{"__type__":"cc.Sprite","node":{"__id__":10},"_spriteFrame":{"__uuid__":"e906C06yFA6JTF8knXyjzK"},"_type":3,"_sizeMode":0,"_fillType":2,"_fillCenter":{"__type__":"cc.Vec2","x":0.5,"y":0.5},"_fillStart":0.25,"_fillRange":1}],{"__type__":"cc.SpriteFrame","content":{"name":"trablack","texture":"a1kFce2/xNx60AtnsccfV2","rect":[346,1100,120,120],"offset":[0,0],"originalSize":[120,120],"capInsets":[0,0,0,0]}},{"__type__":"cc.SpriteFrame","content":{"name":"whitecircle","texture":"a1kFce2/xNx60AtnsccfV2","rect":[575,751,120,120],"offset":[0,0],"originalSize":[120,120],"capInsets":[0,0,0,0]}},{"__type__":"cc.SpriteFrame","content":{"name":"yecircle","texture":"a1kFce2/xNx60AtnsccfV2","rect":[575,876,120,120],"offset":[0,0],"originalSize":[120,120],"capInsets":[0,0,0,0]}}]