[{"__type__":"cc.Prefab","_name":"blockShapeBase","data":{"__id__":1}},{"__type__":"cc.Node","_name":"blockShapeBase","_level":1,"_components":[{"__id__":2},{"__type__":"cc.RigidBody","node":{"__id__":1},"enabledContactListener":true},{"__type__":"a058dD7mZpHmIw83dheUpZy","node":{"__id__":1},"shapeType":2},{"__type__":"cad74uusipGN7O0IOxfe5S1","node":{"__id__":1},"blockSprite":{"__id__":2}}],"_prefab":{"__type__":"cc.PrefabInfo","root":{"__id__":1},"asset":{"__uuid__":"f5GrNtyrxNT4SYy9rrRcRp"},"fileId":"93CyKFy8BGWYxlEqk1xGXk"},"_contentSize":{"__type__":"cc.Size","width":100,"height":100},"_scale":{"__type__":"cc.Vec3","x":1,"y":1,"z":1}},{"__type__":"cc.Sprite","node":{"__id__":1},"_spriteFrame":{"__uuid__":"a2MjXRFdtLlYQ5ouAFv/+R"},"_sizeMode":0}]