[{"__type__":"cc.SpriteFrame","content":{"name":"tipPanel","texture":"feGICZZ/tNqK9kWlFKoY+7","rect":[0,0,227,79],"offset":[0,0],"originalSize":[227,79],"capInsets":[0,0,0,0]}},{"__type__":"cc.SpriteFrame","content":{"name":"arrow","texture":"bexefnAoBFJoLXGTO7hEio","rect":[0,0,40,26],"offset":[0,0],"originalSize":[40,26],"capInsets":[0,0,0,0]}},[{"__type__":"cc.SceneAsset","_name":"pvpScene","scene":{"__id__":1},"asyncLoadAssets":null},{"__type__":"cc.Scene","_name":"New Node","_children":[{"__id__":2},{"__id__":53}],"_active":false,"_anchorPoint":{"__type__":"cc.Vec2"},"_scale":{"__type__":"cc.Vec3","x":0.2107383808095952,"y":0.2107383808095952,"z":1},"autoReleaseAssets":true},{"__type__":"cc.Node","_name":"Canvas","_parent":{"__id__":1},"_children":[{"__id__":3},{"__id__":4},{"__id__":14},{"__id__":28},{"__id__":32},{"__id__":49},{"__id__":52}],"_level":1,"_components":[{"__type__":"cc.Canvas","node":{"__id__":2},"_designResolution":{"__type__":"cc.Size","width":750,"height":1334}},{"__type__":"501c5Z9+39DNrH7LOuz1/nh","node":{"__id__":2},"topPanelNode":{"__id__":14},"leftPanelNode":{"__id__":32},"shapePreviewers":[{"__id__":19},{"__id__":21},{"__id__":23}],"avatarManager":{"__id__":48}}],"_contentSize":{"__type__":"cc.Size","width":750,"height":1334},"_position":{"__type__":"cc.Vec3","x":375,"y":667},"_scale":{"__type__":"cc.Vec3","x":1,"y":1,"z":1},"_id":"11E00HngREbZrB0UhFNbZg"},{"__type__":"cc.Node","_name":"Main Camera","_parent":{"__id__":2},"_level":1,"_components":[{"__type__":"cc.Camera","node":{"__id__":3},"_clearFlags":7,"_depth":-1}],"_scale":{"__type__":"cc.Vec3","x":1,"y":1,"z":1}},{"__type__":"cc.Node","_name":"tower","_parent":{"__id__":2},"_children":[{"__id__":5},{"__id__":7},{"__id__":8},{"__id__":9},{"__id__":13}],"_level":1,"_components":[{"__type__":"e1a7eZc/15O0bS5Wmlv0fmS","node":{"__id__":4},"towerBasePrefab":{"__uuid__":"44R6D4G/hOlJ2t4+lfNyi8"},"towerBaseBigPrefab":{"__uuid__":"9f9mNIqFJMhJmbrqJSvtp2"},"rainbowBarPrefab":{"__uuid__":"9eIjcgDFlNPJqU602iHk2z"},"t_shape1":{"__uuid__":"efXID7D3JBwZ2ZfkWQ/olb"},"t_shape2":{"__uuid__":"d5m6LrW1xD2oNn8Mr69mGt"},"t_shape3":{"__uuid__":"f2DsMu39NGSancXnumv8jC"},"t_shape4":{"__uuid__":"47NKUdpThID7/hjI3ZFger"},"t_shape5":{"__uuid__":"12z5pjHeBFkp0nGyA8ShyZ"},"t_shape2_1":{"__uuid__":"1b4WwxmYhOrrAuuKsgKTFP"},"t_shape2_2":{"__uuid__":"94A0QCzjNOrL8eaAuLTSHb"},"t_shape2_3":{"__uuid__":"931PhK4ktMn68USsDVUrVI"},"t_shape3_1":{"__uuid__":"c6Yj4xMURBEJc6jF2yQxqV"},"t_shape3_2":{"__uuid__":"d7ujwlFqNCgbEdN82Cmzx6"},"t_shape3_3":{"__uuid__":"1aMc5ZOjtKVLT7p89rhIL/"},"t_shape3_4":{"__uuid__":"a0iwEEfuRFG7xx5r3xt2h2"},"tail":{"__id__":13},"theContent":{"__id__":7},"theWall":{"__id__":9}}],"_prefab":{"__type__":"cc.PrefabInfo","root":{"__id__":4},"asset":{"__uuid__":"7fstgYLJxDlp835p1UC87G"},"fileId":"4dYUZaqLNAcpiEYIUuW8tU"},"_contentSize":{"__type__":"cc.Size","width":750,"height":1334},"_scale":{"__type__":"cc.Vec3","x":1,"y":1,"z":1}},{"__type__":"cc.Node","_name":"water back","_parent":{"__id__":4},"_children":[{"__id__":6}],"_level":1,"_components":[{"__type__":"d66ffY1Wr1Ebb8v74yvafRA","node":{"__id__":5},"waterSF":{"__uuid__":"a25fHh3lZPtJ6P5g72QGh/"},"speed":1.1,"floatValue":8}],"_prefab":{"__type__":"cc.PrefabInfo","root":{"__id__":4},"asset":{"__uuid__":"7fstgYLJxDlp835p1UC87G"},"fileId":"b2qehVg1tDzoRe2UEDlRpU"},"_position":{"__type__":"cc.Vec3","y":-590},"_scale":{"__type__":"cc.Vec3","x":1,"y":1,"z":1}},{"__type__":"cc.Node","_name":"物理结构","_parent":{"__id__":5},"_level":2,"_components":[{"__type__":"cc.RigidBody","node":{"__id__":6},"_type":0,"_allowSleep":false,"enabledContactListener":true},{"__type__":"cc.PhysicsBoxCollider","node":{"__id__":6},"tag":1000,"_size":{"__type__":"cc.Size","width":900,"height":10}}],"_prefab":{"__type__":"cc.PrefabInfo","root":{"__id__":4},"asset":{"__uuid__":"7fstgYLJxDlp835p1UC87G"},"fileId":"42FfRxArxB1JhFh6fuBL4W"},"_contentSize":{"__type__":"cc.Size","width":900,"height":10},"_position":{"__type__":"cc.Vec3","y":-10},"_scale":{"__type__":"cc.Vec3","x":1,"y":1,"z":1}},{"__type__":"cc.Node","_name":"content","_parent":{"__id__":4},"_components":[{"__type__":"cc.Widget","node":{"__id__":7},"alignMode":0,"_alignFlags":4}],"_prefab":{"__type__":"cc.PrefabInfo","root":{"__id__":4},"asset":{"__uuid__":"7fstgYLJxDlp835p1UC87G"},"fileId":"1brt2QGkVGKLEpi3ibHLL9"},"_anchorPoint":{"__type__":"cc.Vec2","x":0.5},"_position":{"__type__":"cc.Vec3","y":-667},"_scale":{"__type__":"cc.Vec3","x":1,"y":1,"z":1}},{"__type__":"cc.Node","_name":"water front","_parent":{"__id__":4},"_level":1,"_components":[{"__type__":"d66ffY1Wr1Ebb8v74yvafRA","node":{"__id__":8},"waterSF":{"__uuid__":"49FAv9bbBP65dNaVru1dln"},"speed":1.6}],"_prefab":{"__type__":"cc.PrefabInfo","root":{"__id__":4},"asset":{"__uuid__":"7fstgYLJxDlp835p1UC87G"},"fileId":"7994qIv6JKDJjFZqy4qIoi"},"_position":{"__type__":"cc.Vec3","y":-630},"_scale":{"__type__":"cc.Vec3","x":1,"y":1,"z":1}},{"__type__":"cc.Node","_name":"wall","_parent":{"__id__":4},"_children":[{"__id__":10},{"__id__":11},{"__id__":12}],"_components":[{"__type__":"cc.Widget","node":{"__id__":9},"alignMode":0,"_alignFlags":45,"_originalWidth":1136,"_originalHeight":5}],"_prefab":{"__type__":"cc.PrefabInfo","root":{"__id__":4},"asset":{"__uuid__":"7fstgYLJxDlp835p1UC87G"},"fileId":"63RDVSo/lJWYiTWl/N53gI"},"_contentSize":{"__type__":"cc.Size","width":750,"height":1334},"_scale":{"__type__":"cc.Vec3","x":1,"y":1,"z":1}},{"__type__":"cc.Node","_name":"b","_parent":{"__id__":9},"_components":[{"__type__":"cc.Widget","node":{"__id__":10},"alignMode":0,"_alignFlags":44,"_left":-75,"_right":-75,"_bottom":-60},{"__type__":"cc.RigidBody","node":{"__id__":10},"_type":0,"enabledContactListener":true},{"__type__":"cc.PhysicsBoxCollider","node":{"__id__":10},"_size":{"__type__":"cc.Size","width":900,"height":40}}],"_prefab":{"__type__":"cc.PrefabInfo","root":{"__id__":4},"asset":{"__uuid__":"7fstgYLJxDlp835p1UC87G"},"fileId":"a1TL9HNL5PSq5Zz3Nb4FXb"},"_contentSize":{"__type__":"cc.Size","width":900,"height":40},"_position":{"__type__":"cc.Vec3","y":-707},"_scale":{"__type__":"cc.Vec3","x":1,"y":1,"z":1}},{"__type__":"cc.Node","_name":"l","_parent":{"__id__":9},"_components":[{"__type__":"cc.Widget","node":{"__id__":11},"alignMode":0,"_alignFlags":13,"_left":-80,"_top":200,"_bottom":40},{"__type__":"cc.RigidBody","node":{"__id__":11},"_type":0,"enabledContactListener":true},{"__type__":"cc.PhysicsBoxCollider","node":{"__id__":11},"_size":{"__type__":"cc.Size","width":40,"height":896}}],"_prefab":{"__type__":"cc.PrefabInfo","root":{"__id__":4},"asset":{"__uuid__":"7fstgYLJxDlp835p1UC87G"},"fileId":"22EHBmUpJGX4ghjtk+QbDP"},"_contentSize":{"__type__":"cc.Size","width":40,"height":1094},"_position":{"__type__":"cc.Vec3","x":-435,"y":-80},"_scale":{"__type__":"cc.Vec3","x":1,"y":1,"z":1}},{"__type__":"cc.Node","_name":"r","_parent":{"__id__":9},"_components":[{"__type__":"cc.Widget","node":{"__id__":12},"alignMode":0,"_alignFlags":37,"_right":-80,"_top":200,"_bottom":40},{"__type__":"cc.RigidBody","node":{"__id__":12},"_type":0,"enabledContactListener":true},{"__type__":"cc.PhysicsBoxCollider","node":{"__id__":12},"_size":{"__type__":"cc.Size","width":40,"height":896}}],"_prefab":{"__type__":"cc.PrefabInfo","root":{"__id__":4},"asset":{"__uuid__":"7fstgYLJxDlp835p1UC87G"},"fileId":"77QCxpzPhEaLfTqOo9TMHS"},"_contentSize":{"__type__":"cc.Size","width":40,"height":1094},"_position":{"__type__":"cc.Vec3","x":435,"y":-80},"_scale":{"__type__":"cc.Vec3","x":1,"y":1,"z":1}},{"__type__":"cc.Node","_name":"tail","_parent":{"__id__":4},"_components":[{"__type__":"cc.Sprite","node":{"__id__":13},"_spriteFrame":{"__uuid__":"0dMk/36LdKxKVElW9agA2h"}}],"_prefab":{"__type__":"cc.PrefabInfo","root":{"__id__":4},"asset":{"__uuid__":"7fstgYLJxDlp835p1UC87G"},"fileId":"b1jH/MUIFBRbFLI24iQgw4"},"_contentSize":{"__type__":"cc.Size","width":50,"height":87},"_scale":{"__type__":"cc.Vec3","x":1,"y":1,"z":1}},{"__type__":"cc.Node","_name":"topContent","_parent":{"__id__":2},"_children":[{"__id__":15},{"__id__":24}],"_level":1,"_components":[{"__type__":"cc.Widget","node":{"__id__":14},"alignMode":0,"_alignFlags":40,"_originalWidth":750}],"_contentSize":{"__type__":"cc.Size","width":750,"height":100},"_position":{"__type__":"cc.Vec3","y":607},"_scale":{"__type__":"cc.Vec3","x":1,"y":1,"z":1}},{"__type__":"cc.Node","_name":"shapes","_parent":{"__id__":14},"_children":[{"__id__":16},{"__id__":17},{"__id__":18},{"__id__":20},{"__id__":22}],"_level":2,"_components":[{"__type__":"cc.Widget","node":{"__id__":15},"_alignFlags":8,"_left":10,"_top":687},{"__type__":"cc.Layout","node":{"__id__":15},"_N$layoutType":2,"_N$spacingY":12}],"_contentSize":{"__type__":"cc.Size","width":144,"height":104},"_position":{"__type__":"cc.Vec3","x":-293},"_scale":{"__type__":"cc.Vec3","x":1,"y":1,"z":1}},{"__type__":"cc.Node","_name":"title","_parent":{"__id__":15},"_level":2,"_components":[{"__type__":"cc.Label","node":{"__id__":16},"_srcBlendFactor":1,"_useOriginalSize":false,"_string":"请选择需要的方块","_N$string":"请选择需要的方块","_fontSize":18,"_N$horizontalAlign":1,"_N$verticalAlign":1}],"_contentSize":{"__type__":"cc.Size","width":144,"height":40},"_position":{"__type__":"cc.Vec3","y":32},"_scale":{"__type__":"cc.Vec3","x":1,"y":1,"z":1}},{"__type__":"cc.Node","_name":"arrow","_parent":{"__id__":15},"_level":2,"_components":[{"__type__":"cc.Sprite","node":{"__id__":17},"_spriteFrame":{"__uuid__":"4fvQk4hUJBvo5V0GU7CmUt"}}],"_contentSize":{"__type__":"cc.Size","width":40,"height":26},"_position":{"__type__":"cc.Vec3","y":-13},"_scale":{"__type__":"cc.Vec3","x":1,"y":1,"z":1}},{"__type__":"cc.Node","_name":"shape1","_parent":{"__id__":15},"_level":2,"_components":[{"__type__":"cc.Sprite","node":{"__id__":18},"_spriteFrame":{"__uuid__":"32xqXr+JJOJ6aoYzSmqxm3"}},{"__id__":19},{"__type__":"cc.Button","node":{"__id__":18}}],"_contentSize":{"__type__":"cc.Size","width":144,"height":104},"_position":{"__type__":"cc.Vec3","y":-90},"_scale":{"__type__":"cc.Vec3","x":1,"y":1,"z":1}},{"__type__":"3f331BA4gZLibQC1YrlIMIz","node":{"__id__":18}},{"__type__":"cc.Node","_name":"shape2","_parent":{"__id__":15},"_level":2,"_components":[{"__type__":"cc.Sprite","node":{"__id__":20},"_spriteFrame":{"__uuid__":"32xqXr+JJOJ6aoYzSmqxm3"}},{"__id__":21},{"__type__":"cc.Button","node":{"__id__":20}}],"_contentSize":{"__type__":"cc.Size","width":144,"height":104},"_position":{"__type__":"cc.Vec3","y":-206},"_scale":{"__type__":"cc.Vec3","x":1,"y":1,"z":1}},{"__type__":"3f331BA4gZLibQC1YrlIMIz","node":{"__id__":20}},{"__type__":"cc.Node","_name":"shape3","_parent":{"__id__":15},"_level":2,"_components":[{"__type__":"cc.Sprite","node":{"__id__":22},"_spriteFrame":{"__uuid__":"32xqXr+JJOJ6aoYzSmqxm3"}},{"__id__":23},{"__type__":"cc.Button","node":{"__id__":22}}],"_contentSize":{"__type__":"cc.Size","width":144,"height":104},"_position":{"__type__":"cc.Vec3","y":-322},"_scale":{"__type__":"cc.Vec3","x":1,"y":1,"z":1}},{"__type__":"3f331BA4gZLibQC1YrlIMIz","node":{"__id__":22}},{"__type__":"cc.Node","_name":"rotate","_parent":{"__id__":14},"_children":[{"__id__":25}],"_level":2,"_components":[{"__type__":"cc.Sprite","node":{"__id__":24},"_spriteFrame":{"__uuid__":"2cBEY7VKxGmbB/XR4ehuaT"},"_sizeMode":0},{"__type__":"cc.Button","node":{"__id__":24},"zoomScale":0.9,"_N$transition":3,"transition":3,"_N$target":{"__id__":24}},{"__type__":"fd228VA6YJO8JRQ6dFsPFVc","node":{"__id__":24},"countLabel":{"__id__":27},"itemType":2,"popClaimPanel":false},{"__type__":"cc.Widget","node":{"__id__":24},"_alignFlags":8,"_left":180}],"_contentSize":{"__type__":"cc.Size","width":91,"height":91},"_position":{"__type__":"cc.Vec3","x":-149.5},"_scale":{"__type__":"cc.Vec3","x":1,"y":1,"z":1}},{"__type__":"cc.Node","_name":"redpoint","_parent":{"__id__":24},"_children":[{"__id__":26}],"_components":[{"__type__":"cc.Sprite","node":{"__id__":25},"_spriteFrame":{"__uuid__":"83CzIGnlhPdY8lDsut6n+B"},"_sizeMode":0}],"_contentSize":{"__type__":"cc.Size","width":32,"height":32},"_position":{"__type__":"cc.Vec3","x":34.5,"y":34.5},"_scale":{"__type__":"cc.Vec3","x":1,"y":1,"z":1}},{"__type__":"cc.Node","_name":"value","_parent":{"__id__":25},"_components":[{"__id__":27}],"_contentSize":{"__type__":"cc.Size","width":30,"height":30},"_scale":{"__type__":"cc.Vec3","x":1,"y":1,"z":1}},{"__type__":"cc.Label","node":{"__id__":26},"_srcBlendFactor":1,"_useOriginalSize":false,"_string":"0","_N$string":"0","_fontSize":24,"_lineHeight":28,"_N$horizontalAlign":1,"_N$verticalAlign":1,"_N$fontFamily":"苹方","_N$overflow":2},{"__type__":"cc.Node","_name":"starsDetailPanel","_parent":{"__id__":2},"_children":[{"__id__":29},{"__id__":30}],"_level":1,"_components":[{"__type__":"501a9k036xDlo9u49XuXiOa","node":{"__id__":28},"valueLabel":{"__id__":31},"starNode":{"__id__":29}},{"__type__":"cc.Widget","node":{"__id__":28},"_alignFlags":33,"_right":30,"_top":15.5}],"_prefab":{"__type__":"cc.PrefabInfo","root":{"__id__":28},"asset":{"__uuid__":"2dYynng+pLU6g799ONAm7F"},"fileId":"14KXJkoatPuK2RFTsoG4bL"},"_contentSize":{"__type__":"cc.Size","width":150,"height":53},"_position":{"__type__":"cc.Vec3","x":270,"y":625},"_scale":{"__type__":"cc.Vec3","x":1,"y":1,"z":1}},{"__type__":"cc.Node","_name":"star","_parent":{"__id__":28},"_components":[{"__type__":"cc.Sprite","node":{"__id__":29},"_spriteFrame":{"__uuid__":"d458EH+gVHlrQs6CfKFAVk"}},{"__type__":"cc.Widget","node":{"__id__":29},"alignMode":0,"_alignFlags":32}],"_prefab":{"__type__":"cc.PrefabInfo","root":{"__id__":28},"asset":{"__uuid__":"2dYynng+pLU6g799ONAm7F"},"fileId":"d7eUPFfWlKKKJv2gg69Mq1"},"_contentSize":{"__type__":"cc.Size","width":56,"height":53},"_position":{"__type__":"cc.Vec3","x":47},"_scale":{"__type__":"cc.Vec3","x":1,"y":1,"z":1}},{"__type__":"cc.Node","_name":"value","_parent":{"__id__":28},"_components":[{"__id__":31},{"__type__":"cc.Widget","node":{"__id__":30},"alignMode":0,"_alignFlags":32,"_right":70}],"_prefab":{"__type__":"cc.PrefabInfo","root":{"__id__":28},"asset":{"__uuid__":"2dYynng+pLU6g799ONAm7F"},"fileId":"84TSqfa3VH8LB51qVWu4t5"},"_contentSize":{"__type__":"cc.Size","width":22.25,"height":40},"_anchorPoint":{"__type__":"cc.Vec2","x":1,"y":0.5},"_position":{"__type__":"cc.Vec3","x":5,"y":-2},"_scale":{"__type__":"cc.Vec3","x":1,"y":1,"z":1}},{"__type__":"cc.Label","node":{"__id__":30},"_srcBlendFactor":1,"_useOriginalSize":false,"_string":"0","_N$string":"0","_N$horizontalAlign":1,"_N$verticalAlign":1},{"__type__":"cc.Node","_name":"leftContent","_parent":{"__id__":2},"_children":[{"__id__":33},{"__id__":35}],"_level":1,"_components":[{"__type__":"cc.Widget","node":{"__id__":32},"_alignFlags":33,"_right":10,"_top":170},{"__type__":"cc.Layout","node":{"__id__":32},"_N$layoutType":2,"_N$spacingY":12}],"_contentSize":{"__type__":"cc.Size","width":227,"height":200},"_position":{"__type__":"cc.Vec3","x":251.5,"y":397},"_scale":{"__type__":"cc.Vec3","x":1,"y":1,"z":1}},{"__type__":"cc.Node","_name":"tipPanel","_parent":{"__id__":32},"_children":[{"__id__":34}],"_level":2,"_components":[{"__type__":"cc.Sprite","node":{"__id__":33},"_spriteFrame":{"__uuid__":"40qGvNGatFVKuty4a+zLkW"}}],"_contentSize":{"__type__":"cc.Size","width":227,"height":79},"_position":{"__type__":"cc.Vec3","y":60.5},"_scale":{"__type__":"cc.Vec3","x":1,"y":1,"z":1}},{"__type__":"cc.Node","_name":"info","_parent":{"__id__":33},"_level":3,"_components":[{"__type__":"cc.Label","node":{"__id__":34},"_srcBlendFactor":1,"_useOriginalSize":false,"_string":"轮流堆方块，坚持\n到最后为赢家！","_N$string":"轮流堆方块，坚持\n到最后为赢家！","_fontSize":20,"_lineHeight":22,"_N$horizontalAlign":1,"_N$verticalAlign":1}],"_contentSize":{"__type__":"cc.Size","width":160,"height":44},"_position":{"__type__":"cc.Vec3","x":22},"_scale":{"__type__":"cc.Vec3","x":1,"y":1,"z":1}},{"__type__":"cc.Node","_name":"currentDetail","_parent":{"__id__":32},"_children":[{"__id__":36},{"__id__":42}],"_level":2,"_components":[{"__id__":48}],"_contentSize":{"__type__":"cc.Size","width":227,"height":100},"_position":{"__type__":"cc.Vec3","y":-41},"_scale":{"__type__":"cc.Vec3","x":1,"y":1,"z":1}},{"__type__":"cc.Node","_name":"myAvatar","_parent":{"__id__":35},"_children":[{"__id__":37},{"__id__":39},{"__id__":41}],"_level":3,"_contentSize":{"__type__":"cc.Size","width":80,"height":80},"_position":{"__type__":"cc.Vec3","x":-53.5},"_scale":{"__type__":"cc.Vec3","x":1,"y":1,"z":1}},{"__type__":"cc.Node","_name":"avatar","_parent":{"__id__":36},"_level":4,"_components":[{"__id__":38}],"_contentSize":{"__type__":"cc.Size","width":76,"height":76},"_scale":{"__type__":"cc.Vec3","x":1,"y":1,"z":1}},{"__type__":"cc.Sprite","node":{"__id__":37},"_sizeMode":0},{"__type__":"cc.Node","_name":"timer","_parent":{"__id__":36},"_level":4,"_components":[{"__id__":40}],"_opacity":100,"_color":{"__type__":"cc.Color"},"_contentSize":{"__type__":"cc.Size","width":76,"height":76},"_scale":{"__type__":"cc.Vec3","x":1,"y":1,"z":1}},{"__type__":"cc.Sprite","node":{"__id__":39},"_spriteFrame":{"__uuid__":"a2MjXRFdtLlYQ5ouAFv/+R"},"_type":3,"_sizeMode":0,"_fillType":2,"_fillCenter":{"__type__":"cc.Vec2","x":0.5,"y":0.5}},{"__type__":"cc.Node","_name":"border","_parent":{"__id__":36},"_level":4,"_components":[{"__type__":"cc.Sprite","node":{"__id__":41},"_spriteFrame":{"__uuid__":"cf47ynjnlJOr964f6BKCAA"},"_sizeMode":0}],"_contentSize":{"__type__":"cc.Size","width":80,"height":80},"_scale":{"__type__":"cc.Vec3","x":1,"y":1,"z":1}},{"__type__":"cc.Node","_name":"rivalAvatar","_parent":{"__id__":35},"_children":[{"__id__":43},{"__id__":45},{"__id__":47}],"_level":3,"_contentSize":{"__type__":"cc.Size","width":80,"height":80},"_position":{"__type__":"cc.Vec3","x":53.5},"_scale":{"__type__":"cc.Vec3","x":1,"y":1,"z":1}},{"__type__":"cc.Node","_name":"avatar","_parent":{"__id__":42},"_level":4,"_components":[{"__id__":44}],"_contentSize":{"__type__":"cc.Size","width":76,"height":76},"_scale":{"__type__":"cc.Vec3","x":1,"y":1,"z":1}},{"__type__":"cc.Sprite","node":{"__id__":43},"_sizeMode":0},{"__type__":"cc.Node","_name":"timer","_parent":{"__id__":42},"_level":4,"_components":[{"__id__":46}],"_opacity":100,"_color":{"__type__":"cc.Color"},"_contentSize":{"__type__":"cc.Size","width":76,"height":76},"_scale":{"__type__":"cc.Vec3","x":1,"y":1,"z":1}},{"__type__":"cc.Sprite","node":{"__id__":45},"_spriteFrame":{"__uuid__":"a2MjXRFdtLlYQ5ouAFv/+R"},"_type":3,"_sizeMode":0,"_fillType":2,"_fillCenter":{"__type__":"cc.Vec2","x":0.5,"y":0.5}},{"__type__":"cc.Node","_name":"border","_parent":{"__id__":42},"_level":4,"_components":[{"__type__":"cc.Sprite","node":{"__id__":47},"_spriteFrame":{"__uuid__":"cf47ynjnlJOr964f6BKCAA"},"_sizeMode":0}],"_contentSize":{"__type__":"cc.Size","width":80,"height":80},"_scale":{"__type__":"cc.Vec3","x":1,"y":1,"z":1}},{"__type__":"582fcNlK51AqJLLXH9xPo6o","node":{"__id__":35},"myAvatarNode":{"__id__":36},"myAvatarSprite":{"__id__":38},"myTimer":{"__id__":40},"rivalAvatarNode":{"__id__":42},"rivalAvatarSprite":{"__id__":44},"rivalTimer":{"__id__":46}},{"__type__":"cc.Node","_name":"currentScore","_parent":{"__id__":2},"_children":[{"__id__":50},{"__id__":51}],"_level":1,"_components":[{"__type__":"cc.Widget","node":{"__id__":49},"alignMode":0,"_alignFlags":8,"_left":-5}],"_contentSize":{"__type__":"cc.Size","width":100,"height":50},"_anchorPoint":{"__type__":"cc.Vec2","x":0.5},"_position":{"__type__":"cc.Vec3","x":-330,"y":-568},"_scale":{"__type__":"cc.Vec3","x":1,"y":1,"z":1}},{"__type__":"cc.Node","_name":"scoreValue","_parent":{"__id__":49},"_components":[{"__type__":"cc.Label","node":{"__id__":50},"_srcBlendFactor":1,"_useOriginalSize":false,"_string":"0","_N$string":"0","_N$horizontalAlign":1,"_N$verticalAlign":1,"_N$overflow":3}],"_contentSize":{"__type__":"cc.Size","width":90,"height":40},"_position":{"__type__":"cc.Vec3","y":25},"_scale":{"__type__":"cc.Vec3","x":1,"y":1,"z":1}},{"__type__":"cc.Node","_name":"scoreLine","_parent":{"__id__":49},"_components":[{"__type__":"cc.Sprite","node":{"__id__":51},"_spriteFrame":{"__uuid__":"3b/qjRdQZPEpx0FbOe7jRn"}}],"_contentSize":{"__type__":"cc.Size","width":100,"height":10},"_scale":{"__type__":"cc.Vec3","x":1,"y":1,"z":1}},{"__type__":"cc.Node","_name":"scoreline","_parent":{"__id__":2},"_level":2,"_components":[{"__type__":"cc.Sprite","node":{"__id__":52},"_spriteFrame":{"__uuid__":"b7uFkpSy5Kd4cN58jhN8e9"}}],"_contentSize":{"__type__":"cc.Size","width":786,"height":4},"_position":{"__type__":"cc.Vec3","x":-12,"y":-197},"_scale":{"__type__":"cc.Vec3","x":1,"y":1,"z":1}},{"__type__":"cc.Node","_name":"bannerAd","_parent":{"__id__":1},"_level":1,"_components":[{"__type__":"cc.Sprite","node":{"__id__":53},"_spriteFrame":{"__uuid__":"a2MjXRFdtLlYQ5ouAFv/+R"},"_sizeMode":0},{"__type__":"ed6cccXls1LR5n5h+MNHO9B","node":{"__id__":53},"bannerAdIDs":["adunit-38189d24ea785de2","adunit-95b959ce143dd3f8","adunit-2f2da5afc89b69c1"],"maxHeight":200,"refreshAdMaxDelay":30}],"_color":{"__type__":"cc.Color","r":116,"g":184,"b":255},"_contentSize":{"__type__":"cc.Size","width":100,"height":100},"_anchorPoint":{"__type__":"cc.Vec2"},"_position":{"__type__":"cc.Vec3","x":-370,"y":-45},"_scale":{"__type__":"cc.Vec3","x":1,"y":1,"z":1},"_id":"34v1NvS0FBbq6XW6MzdYVb"}]]