[[{"__type__":"cc.Prefab","_name":"normal_13","data":{"__id__":1}},{"__type__":"cc.Node","_name":"normal_13","_components":[{"__type__":"cc.Sprite","node":{"__id__":1},"_spriteFrame":{"__uuid__":"6fo5DCAxZJraAW+lv+w9Eq"},"_sizeMode":0},{"__type__":"cc.RigidBody","node":{"__id__":1},"enabledContactListener":true},{"__type__":"cc.PhysicsPolygonCollider","node":{"__id__":1},"points":[{"__type__":"cc.Vec2","x":-6.5,"y":87},{"__type__":"cc.Vec2","x":-20.5,"y":81},{"__type__":"cc.Vec2","x":-28.5,"y":73},{"__type__":"cc.Vec2","x":-34.5,"y":60},{"__type__":"cc.Vec2","x":-34.5,"y":20},{"__type__":"cc.Vec2","x":-39.5,"y":19},{"__type__":"cc.Vec2","x":-39.5,"y":9},{"__type__":"cc.Vec2","x":-55.7,"y":8.9},{"__type__":"cc.Vec2","x":-52.7,"y":-25.4},{"__type__":"cc.Vec2","x":-39.3,"y":-45.4},{"__type__":"cc.Vec2","x":-27.6,"y":-53.6},{"__type__":"cc.Vec2","x":-28.2,"y":-71.2},{"__type__":"cc.Vec2","x":-37.9,"y":-74.3},{"__type__":"cc.Vec2","x":-44.6,"y":-81},{"__type__":"cc.Vec2","x":-44,"y":-87.2},{"__type__":"cc.Vec2","x":44,"y":-87.4},{"__type__":"cc.Vec2","x":45.7,"y":-82.5},{"__type__":"cc.Vec2","x":39.9,"y":-74.6},{"__type__":"cc.Vec2","x":31.2,"y":-72.6},{"__type__":"cc.Vec2","x":30.5,"y":-52.5},{"__type__":"cc.Vec2","x":48.8,"y":-32},{"__type__":"cc.Vec2","x":55.4,"y":-10.3},{"__type__":"cc.Vec2","x":55.4,"y":9},{"__type__":"cc.Vec2","x":40.5,"y":8.8},{"__type__":"cc.Vec2","x":39.5,"y":19},{"__type__":"cc.Vec2","x":35.5,"y":20},{"__type__":"cc.Vec2","x":35.5,"y":60},{"__type__":"cc.Vec2","x":30.5,"y":72},{"__type__":"cc.Vec2","x":21.5,"y":81},{"__type__":"cc.Vec2","x":7.5,"y":87}]},{"__type__":"a058dD7mZpHmIw83dheUpZy","node":{"__id__":1},"shapeType":2}],"_prefab":{"__type__":"cc.PrefabInfo","root":{"__id__":1},"asset":{"__uuid__":"4cCRWC+75Cd4ljYL3opBoe"},"fileId":"93CyKFy8BGWYxlEqk1xGXk"},"_contentSize":{"__type__":"cc.Size","width":111,"height":174},"_scaleX":1,"_scaleY":1,"_scale":{"__type__":"cc.Vec3","x":1,"y":1,"z":1}}],{"__type__":"cc.SpriteFrame","content":{"name":"normal_13","texture":"62eTD5weJGQrykztgkqrLR","rect":[0,0,111,174],"offset":[0,0],"originalSize":[111,174],"capInsets":[0,0,0,0]}}]