[{"__type__":"cc.SpriteFrame","content":{"name":"playnow","texture":"52y5+lqT1MtYh0tJYatOhp","rect":[0,0,300,106],"offset":[0,0],"originalSize":[300,106],"capInsets":[0,0,0,0]}},[{"__type__":"cc.Prefab","_name":"adShapePanel","data":{"__id__":1}},{"__type__":"cc.Node","_name":"adShapePanel","_children":[{"__id__":2},{"__id__":4},{"__id__":5},{"__id__":7},{"__id__":9},{"__id__":10},{"__id__":12},{"__id__":14},{"__id__":16}],"_level":1,"_components":[{"__type__":"f341a35ifhK4b8Qx9E20W5z","node":{"__id__":1},"titleLabel":{"__id__":6},"descLabel":{"__id__":8},"closeBtn":{"__id__":16},"lightNode":{"__id__":9},"shapeSprite":{"__id__":11},"timerLabel":{"__id__":13},"playNowBtn":{"__id__":14}}],"_prefab":{"__type__":"cc.PrefabInfo","root":{"__id__":1},"asset":{"__uuid__":"c2qdYnAZtIfJ3AZUolMNVV"},"fileId":"50FWEvdxdPkItk0E5bK5H2"},"_contentSize":{"__type__":"cc.Size","width":580,"height":610},"_scale":{"__type__":"cc.Vec3","x":1,"y":1,"z":1}},{"__type__":"cc.Node","_name":"ui_revive-card_bg","_parent":{"__id__":1},"_children":[{"__id__":3}],"_components":[{"__type__":"cc.Sprite","node":{"__id__":2},"_spriteFrame":{"__uuid__":"edBHIQa7RKxopQxFkXhNq0"},"_sizeMode":0}],"_prefab":{"__type__":"cc.PrefabInfo","root":{"__id__":1},"asset":{"__uuid__":"c2qdYnAZtIfJ3AZUolMNVV"},"fileId":"b1aEGnc5xNuoiCm1AS7ajz"},"_contentSize":{"__type__":"cc.Size","width":580,"height":610},"_scale":{"__type__":"cc.Vec3","x":1,"y":1,"z":1}},{"__type__":"cc.Node","_name":"bg","_parent":{"__id__":2},"_components":[{"__type__":"cc.Sprite","node":{"__id__":3},"_spriteFrame":{"__uuid__":"a2MjXRFdtLlYQ5ouAFv/+R"},"_sizeMode":0},{"__type__":"cc.Widget","node":{"__id__":3},"alignMode":0,"_alignFlags":45,"_left":10,"_right":10,"_top":10,"_bottom":10,"_originalWidth":100,"_originalHeight":100}],"_prefab":{"__type__":"cc.PrefabInfo","root":{"__id__":1},"asset":{"__uuid__":"c2qdYnAZtIfJ3AZUolMNVV"},"fileId":"baZoANXDdFZ504Cmd3VoQw"},"_color":{"__type__":"cc.Color"},"_contentSize":{"__type__":"cc.Size","width":560,"height":590},"_scale":{"__type__":"cc.Vec3","x":1,"y":1,"z":1}},{"__type__":"cc.Node","_name":"close","_parent":{"__id__":1},"_active":false,"_components":[{"__type__":"cc.Sprite","node":{"__id__":4},"_spriteFrame":{"__uuid__":"7f0Q4s/4FIi5/vjSE+q9Uz"}},{"__type__":"cc.Widget","node":{"__id__":4},"alignMode":0,"_alignFlags":33,"_right":-22,"_top":-22},{"__type__":"cc.Button","node":{"__id__":4},"zoomScale":0.9,"_N$transition":3,"transition":3,"_N$target":{"__id__":4}}],"_prefab":{"__type__":"cc.PrefabInfo","root":{"__id__":1},"asset":{"__uuid__":"c2qdYnAZtIfJ3AZUolMNVV"},"fileId":"0298NhFydK/qG2VcOnSSHo"},"_contentSize":{"__type__":"cc.Size","width":45,"height":45},"_position":{"__type__":"cc.Vec3","x":289.5,"y":304.5},"_scale":{"__type__":"cc.Vec3","x":1,"y":1,"z":1}},{"__type__":"cc.Node","_name":"title","_parent":{"__id__":1},"_components":[{"__id__":6},{"__type__":"cc.Widget","node":{"__id__":5},"alignMode":0,"_alignFlags":1,"_top":40}],"_prefab":{"__type__":"cc.PrefabInfo","root":{"__id__":1},"asset":{"__uuid__":"c2qdYnAZtIfJ3AZUolMNVV"},"fileId":"37iMPfCfBJDZ4dax6cIuOd"},"_color":{"__type__":"cc.Color","r":244,"g":226,"b":32},"_contentSize":{"__type__":"cc.Size","width":288,"height":60},"_position":{"__type__":"cc.Vec3","y":235},"_scale":{"__type__":"cc.Vec3","x":1,"y":1,"z":1}},{"__type__":"cc.Label","node":{"__id__":5},"_srcBlendFactor":1,"_useOriginalSize":false,"_string":"节日限定皮肤","_N$string":"节日限定皮肤","_fontSize":48,"_lineHeight":60,"_N$horizontalAlign":1,"_N$verticalAlign":1},{"__type__":"cc.Node","_name":"info","_parent":{"__id__":1},"_components":[{"__id__":8},{"__type__":"cc.Widget","node":{"__id__":7},"alignMode":0,"_alignFlags":1,"_top":111}],"_prefab":{"__type__":"cc.PrefabInfo","root":{"__id__":1},"asset":{"__uuid__":"c2qdYnAZtIfJ3AZUolMNVV"},"fileId":"94SKikD9xJTLXCpG5WwMvo"},"_contentSize":{"__type__":"cc.Size","height":30},"_position":{"__type__":"cc.Vec3","y":179},"_scale":{"__type__":"cc.Vec3","x":1,"y":1,"z":1}},{"__type__":"cc.Label","node":{"__id__":7},"_srcBlendFactor":1,"_useOriginalSize":false,"_fontSize":24,"_lineHeight":30,"_N$horizontalAlign":1,"_N$verticalAlign":1},{"__type__":"cc.Node","_name":"light","_parent":{"__id__":1},"_level":2,"_components":[{"__type__":"cc.Sprite","node":{"__id__":9},"_spriteFrame":{"__uuid__":"67aXj+aD5K2pJFkd1vVjJh"}}],"_prefab":{"__type__":"cc.PrefabInfo","root":{"__id__":1},"asset":{"__uuid__":"c2qdYnAZtIfJ3AZUolMNVV"},"fileId":"83szHOlo1LBa1gBFTvGBNU"},"_contentSize":{"__type__":"cc.Size","width":351,"height":352},"_position":{"__type__":"cc.Vec3","y":18},"_scale":{"__type__":"cc.Vec3","x":1,"y":1,"z":1}},{"__type__":"cc.Node","_name":"shape","_parent":{"__id__":1},"_components":[{"__id__":11}],"_prefab":{"__type__":"cc.PrefabInfo","root":{"__id__":1},"asset":{"__uuid__":"c2qdYnAZtIfJ3AZUolMNVV"},"fileId":"b0j5VG2L5Hp6elae9stgej"},"_contentSize":{"__type__":"cc.Size","width":200,"height":200},"_position":{"__type__":"cc.Vec3","y":18},"_scale":{"__type__":"cc.Vec3","x":1,"y":1,"z":1}},{"__type__":"cc.Sprite","node":{"__id__":10},"_sizeMode":0},{"__type__":"cc.Node","_name":"timer","_parent":{"__id__":1},"_components":[{"__id__":13},{"__type__":"cc.Widget","node":{"__id__":12},"alignMode":0,"_alignFlags":1,"_top":409}],"_prefab":{"__type__":"cc.PrefabInfo","root":{"__id__":1},"asset":{"__uuid__":"c2qdYnAZtIfJ3AZUolMNVV"},"fileId":"e64fkFfSJCwbJIx2DmOOmn"},"_contentSize":{"__type__":"cc.Size","width":33.37,"height":80},"_position":{"__type__":"cc.Vec3","y":-144},"_scale":{"__type__":"cc.Vec3","x":1,"y":1,"z":1}},{"__type__":"cc.Label","node":{"__id__":12},"_srcBlendFactor":1,"_useOriginalSize":false,"_string":"5","_N$string":"5","_fontSize":60,"_lineHeight":80,"_N$horizontalAlign":1,"_N$verticalAlign":1},{"__type__":"cc.Node","_name":"马上试玩","_parent":{"__id__":1},"_children":[{"__id__":15}],"_components":[{"__type__":"cc.Sprite","node":{"__id__":14},"_spriteFrame":{"__uuid__":"02ORzKPdNG648O/Y9TtcZV"},"_sizeMode":0},{"__type__":"cc.Widget","node":{"__id__":14},"alignMode":0,"_alignFlags":4,"_bottom":18},{"__type__":"cc.Button","node":{"__id__":14},"zoomScale":0.9,"_N$transition":3,"transition":3,"_N$target":{"__id__":14}}],"_prefab":{"__type__":"cc.PrefabInfo","root":{"__id__":1},"asset":{"__uuid__":"c2qdYnAZtIfJ3AZUolMNVV"},"fileId":"94ZPyA4NpGQ7q9bJgSrRlc"},"_contentSize":{"__type__":"cc.Size","width":302,"height":110},"_position":{"__type__":"cc.Vec3","y":-232},"_scale":{"__type__":"cc.Vec3","x":1,"y":1,"z":1}},{"__type__":"cc.Node","_name":"effect","_parent":{"__id__":14},"_level":1,"_components":[{"__type__":"cc.Sprite","node":{"__id__":15}},{"__type__":"cc.Animation","node":{"__id__":15},"_defaultClip":{"__uuid__":"f14mlcmJhImITvOq5VyA9i"},"_clips":[{"__uuid__":"f14mlcmJhImITvOq5VyA9i"}],"playOnLoad":true}],"_prefab":{"__type__":"cc.PrefabInfo","root":{"__id__":1},"asset":{"__uuid__":"c2qdYnAZtIfJ3AZUolMNVV"},"fileId":"09gz3/9UdL0qM28wt2/jwT"},"_contentSize":{"__type__":"cc.Size","width":310,"height":110},"_scale":{"__type__":"cc.Vec3","x":1,"y":1,"z":1}},{"__type__":"cc.Node","_name":"暂不考虑","_parent":{"__id__":1},"_level":2,"_components":[{"__type__":"cc.Label","node":{"__id__":16},"_srcBlendFactor":1,"_useOriginalSize":false,"_string":"暂不考虑","_N$string":"暂不考虑","_fontSize":30,"_lineHeight":36,"_N$horizontalAlign":1,"_N$verticalAlign":1},{"__type__":"a63afjOB4RIM47OPW3iazWj","node":{"__id__":16},"distanceToAd":5}],"_prefab":{"__type__":"cc.PrefabInfo","root":{"__id__":1},"asset":{"__uuid__":"c2qdYnAZtIfJ3AZUolMNVV"},"fileId":"eeGD9WhQtPrKnkM2soN7kf"},"_color":{"__type__":"cc.Color","r":170,"g":170,"b":170},"_contentSize":{"__type__":"cc.Size","width":120,"height":36},"_position":{"__type__":"cc.Vec3","y":-404},"_scale":{"__type__":"cc.Vec3","x":1,"y":1,"z":1}}]]