[{"__type__":"cc.SpriteFrame","content":{"name":"valentine_3","texture":"1baKYpTrxFdKsK4QlSPo/4","rect":[0,0,128,89],"offset":[0,0],"originalSize":[128,89],"capInsets":[0,0,0,0]}},[{"__type__":"cc.Prefab","_name":"valentine_3","data":{"__id__":1}},{"__type__":"cc.Node","_name":"valentine_3","_components":[{"__type__":"cc.Sprite","node":{"__id__":1},"_spriteFrame":{"__uuid__":"59fYBY/zRMpp19XnNTzUIk"},"_sizeMode":0},{"__type__":"cc.RigidBody","node":{"__id__":1},"enabledContactListener":true},{"__type__":"cc.PhysicsPolygonCollider","node":{"__id__":1},"points":[{"__type__":"cc.Vec2","x":2,"y":44.5},{"__type__":"cc.Vec2","x":-15,"y":36.5},{"__type__":"cc.Vec2","x":-26,"y":24.5},{"__type__":"cc.Vec2","x":-30,"y":16.5},{"__type__":"cc.Vec2","x":-34,"y":-10.5},{"__type__":"cc.Vec2","x":-65.7,"y":-26.2},{"__type__":"cc.Vec2","x":-46.8,"y":-38},{"__type__":"cc.Vec2","x":-16,"y":-44.5},{"__type__":"cc.Vec2","x":17,"y":-44.5},{"__type__":"cc.Vec2","x":33,"y":-36.5},{"__type__":"cc.Vec2","x":46,"y":-25.5},{"__type__":"cc.Vec2","x":55,"y":-23.5},{"__type__":"cc.Vec2","x":63,"y":-17.5},{"__type__":"cc.Vec2","x":64,"y":12.5},{"__type__":"cc.Vec2","x":56,"y":29.5},{"__type__":"cc.Vec2","x":48,"y":37.5},{"__type__":"cc.Vec2","x":34,"y":44.5}]},{"__type__":"a058dD7mZpHmIw83dheUpZy","node":{"__id__":1},"shapeType":2}],"_prefab":{"__type__":"cc.PrefabInfo","root":{"__id__":1},"asset":{"__uuid__":"62WSGsUQdDxZRjXEuLhSrK"},"fileId":"93CyKFy8BGWYxlEqk1xGXk"},"_contentSize":{"__type__":"cc.Size","width":128,"height":89},"_scaleX":1,"_scaleY":1,"_scale":{"__type__":"cc.Vec3","x":1,"y":1,"z":1}}]]