[{"__type__":"cc.SpriteFrame","content":{"name":"avatarborder","texture":"5e1keJoFVMnagywpLWs8pV","rect":[0,0,86,86],"offset":[0,0],"originalSize":[86,86],"capInsets":[0,0,0,0]}},[{"__type__":"cc.Prefab","_name":"sharepage","data":{"__id__":1}},{"__type__":"cc.Node","_name":"sharepage","_children":[{"__id__":2},{"__id__":3},{"__type__":"cc.Node","_name":"tower","_parent":{"__id__":1},"_prefab":{"__type__":"cc.PrefabInfo","root":{"__id__":1},"asset":{"__uuid__":"9dQ8oZR85LmL2Tf3LHrwji"},"fileId":"3bqtMXr2xCw7J6k55Y7NvQ"},"_scaleX":1,"_scaleY":1,"_scale":{"__type__":"cc.Vec3","x":1,"y":1,"z":1}},{"__id__":9}],"_components":[{"__type__":"54d9b1XOAdJZaHjwVqzySJF","node":{"__id__":1},"scoreNode":{"__id__":7},"avatarNode":{"__id__":4}}],"_prefab":{"__type__":"cc.PrefabInfo","root":{"__id__":1},"asset":{"__uuid__":"9dQ8oZR85LmL2Tf3LHrwji"},"fileId":"ecBWhEBlhJ/Z79AZ0Rtbqu"},"_contentSize":{"__type__":"cc.Size","width":750,"height":762},"_anchorPoint":{"__type__":"cc.Vec2","x":0.5,"y":1},"_position":{"__type__":"cc.Vec3","x":223,"y":563},"_scaleX":1,"_scaleY":1,"_scale":{"__type__":"cc.Vec3","x":1,"y":1,"z":1}},{"__type__":"cc.Node","_name":"bg","_parent":{"__id__":1},"_components":[{"__type__":"cc.Sprite","node":{"__id__":2},"_spriteFrame":{"__uuid__":"a2MjXRFdtLlYQ5ouAFv/+R"},"_sizeMode":0},{"__type__":"cc.Widget","node":{"__id__":2},"_wasAlignOnce":{},"isAlignOnce":{},"_alignFlags":45,"_originalWidth":100,"_originalHeight":100}],"_prefab":{"__type__":"cc.PrefabInfo","root":{"__id__":1},"asset":{"__uuid__":"9dQ8oZR85LmL2Tf3LHrwji"},"fileId":"54AWjVyqxJDZvrAErti3hO"},"_color":{"__type__":"cc.Color","r":21,"g":21,"b":21},"_contentSize":{"__type__":"cc.Size","width":750,"height":762},"_position":{"__type__":"cc.Vec3","y":-381},"_scaleX":1,"_scaleY":1,"_scale":{"__type__":"cc.Vec3","x":1,"y":1,"z":1}},{"__type__":"cc.Node","_name":"top","_parent":{"__id__":1},"_children":[{"__id__":4},{"__id__":5},{"__id__":6},{"__id__":7},{"__id__":8}],"_components":[{"__type__":"cc.Widget","node":{"__id__":3},"_wasAlignOnce":{},"isAlignOnce":{},"_alignFlags":1}],"_prefab":{"__type__":"cc.PrefabInfo","root":{"__id__":1},"asset":{"__uuid__":"9dQ8oZR85LmL2Tf3LHrwji"},"fileId":"176VrGGjpNs5nVDls8DN/j"},"_contentSize":{"__type__":"cc.Size","width":750,"height":202},"_position":{"__type__":"cc.Vec3","y":-101},"_scaleX":1,"_scaleY":1,"_scale":{"__type__":"cc.Vec3","x":1,"y":1,"z":1}},{"__type__":"cc.Node","_name":"avatar","_parent":{"__id__":3},"_components":[{"__type__":"cc.Sprite","node":{"__id__":4},"_sizeMode":0}],"_prefab":{"__type__":"cc.PrefabInfo","root":{"__id__":1},"asset":{"__uuid__":"9dQ8oZR85LmL2Tf3LHrwji"},"fileId":"d5WGbsvglMAZLeUcWrzsI/"},"_contentSize":{"__type__":"cc.Size","width":86,"height":86},"_position":{"__type__":"cc.Vec3","x":-194,"y":2},"_scaleX":1,"_scaleY":1,"_scale":{"__type__":"cc.Vec3","x":1,"y":1,"z":1}},{"__type__":"cc.Node","_name":"ui_头像框","_parent":{"__id__":3},"_components":[{"__type__":"cc.Sprite","node":{"__id__":5},"_spriteFrame":{"__uuid__":"4bgm3WkUFGOabanRwt4T1S"}},{"__type__":"cc.Widget","node":{"__id__":5},"_wasAlignOnce":{},"isAlignOnce":{},"_alignFlags":9,"_left":138,"_top":56}],"_prefab":{"__type__":"cc.PrefabInfo","root":{"__id__":1},"asset":{"__uuid__":"9dQ8oZR85LmL2Tf3LHrwji"},"fileId":"d01jdt50xEJJ3wcHrqLUTs"},"_contentSize":{"__type__":"cc.Size","width":86,"height":86},"_position":{"__type__":"cc.Vec3","x":-194,"y":2},"_scaleX":1,"_scaleY":1,"_scale":{"__type__":"cc.Vec3","x":1,"y":1,"z":1}},{"__type__":"cc.Node","_name":"userName","_parent":{"__id__":3},"_components":[{"__type__":"cc.Label","node":{"__id__":6},"_useOriginalSize":false,"_string":"...","_N$string":"...","_N$horizontalAlign":1,"_N$verticalAlign":1}],"_prefab":{"__type__":"cc.PrefabInfo","root":{"__id__":1},"asset":{"__uuid__":"9dQ8oZR85LmL2Tf3LHrwji"},"fileId":"edcndq8OdFTZehOMUFaT7v"},"_color":{"__type__":"cc.Color","r":250,"g":227,"b":27},"_contentSize":{"__type__":"cc.Size","width":33,"height":40},"_anchorPoint":{"__type__":"cc.Vec2","y":0.5},"_position":{"__type__":"cc.Vec3","x":-130.1},"_scaleX":1,"_scaleY":1,"_scale":{"__type__":"cc.Vec3","x":1,"y":1,"z":1}},{"__type__":"cc.Node","_name":"score","_parent":{"__id__":3},"_components":[{"__type__":"cc.Label","node":{"__id__":7},"_useOriginalSize":false,"_string":"0","_N$string":"0","_fontSize":70,"_lineHeight":70,"_N$horizontalAlign":1,"_N$verticalAlign":1}],"_prefab":{"__type__":"cc.PrefabInfo","root":{"__id__":1},"asset":{"__uuid__":"9dQ8oZR85LmL2Tf3LHrwji"},"fileId":"79pps6bbRDBat5WnxZ4BbJ"},"_color":{"__type__":"cc.Color","r":250,"g":227,"b":27},"_contentSize":{"__type__":"cc.Size","width":39,"height":70},"_position":{"__type__":"cc.Vec3","x":53},"_scaleX":1,"_scaleY":1,"_scale":{"__type__":"cc.Vec3","x":1,"y":1,"z":1}},{"__type__":"cc.Node","_name":"mi","_parent":{"__id__":3},"_components":[{"__type__":"cc.Label","node":{"__id__":8},"_useOriginalSize":false,"_string":"米","_N$string":"米","_N$horizontalAlign":1,"_N$verticalAlign":1},{"__type__":"cc.Widget","node":{"__id__":8},"_wasAlignOnce":{},"isAlignOnce":{},"_alignFlags":32,"_right":138}],"_prefab":{"__type__":"cc.PrefabInfo","root":{"__id__":1},"asset":{"__uuid__":"9dQ8oZR85LmL2Tf3LHrwji"},"fileId":"c3ppcKFf9JL4CWQge7DqZc"},"_color":{"__type__":"cc.Color","r":250,"g":227,"b":27},"_contentSize":{"__type__":"cc.Size","width":40,"height":40},"_position":{"__type__":"cc.Vec3","x":217},"_scaleX":1,"_scaleY":1,"_scale":{"__type__":"cc.Vec3","x":1,"y":1,"z":1}},{"__type__":"cc.Node","_name":"bottom","_parent":{"__id__":1},"_children":[{"__id__":10},{"__id__":11},{"__id__":12}],"_components":[{"__type__":"cc.Widget","node":{"__id__":9},"_wasAlignOnce":{},"isAlignOnce":{},"_alignFlags":4}],"_prefab":{"__type__":"cc.PrefabInfo","root":{"__id__":1},"asset":{"__uuid__":"9dQ8oZR85LmL2Tf3LHrwji"},"fileId":"580VgPZLlD+KYQQnT3G7zJ"},"_contentSize":{"__type__":"cc.Size","width":750,"height":202},"_position":{"__type__":"cc.Vec3","y":-661},"_scaleX":1,"_scaleY":1,"_scale":{"__type__":"cc.Vec3","x":1,"y":1,"z":1}},{"__type__":"cc.Node","_name":"ui_底部","_parent":{"__id__":9},"_components":[{"__type__":"cc.Sprite","node":{"__id__":10},"_spriteFrame":{"__uuid__":"e29OLRGqRDRqyaq0sb5UsC"}}],"_prefab":{"__type__":"cc.PrefabInfo","root":{"__id__":1},"asset":{"__uuid__":"9dQ8oZR85LmL2Tf3LHrwji"},"fileId":"61f5oURpVHq5wrD1EycBMR"},"_contentSize":{"__type__":"cc.Size","width":750,"height":202},"_scaleX":1,"_scaleY":1,"_scale":{"__type__":"cc.Vec3","x":1,"y":1,"z":1}},{"__type__":"cc.Node","_name":"gh_6e4baa297894_1280","_parent":{"__id__":9},"_components":[{"__type__":"cc.Sprite","node":{"__id__":11},"_spriteFrame":{"__uuid__":"98CXYd/wRCc7w9lZVDUKRY"}}],"_prefab":{"__type__":"cc.PrefabInfo","root":{"__id__":1},"asset":{"__uuid__":"9dQ8oZR85LmL2Tf3LHrwji"},"fileId":"70YITxdTxBPaxz83yX/9pw"},"_contentSize":{"__type__":"cc.Size","width":128,"height":128},"_anchorPoint":{"__type__":"cc.Vec2","x":0.4,"y":0.4},"_position":{"__type__":"cc.Vec3","x":242,"y":-12},"_scaleX":1,"_scaleY":1,"_scale":{"__type__":"cc.Vec3","x":1,"y":1,"z":1}},{"__type__":"cc.Node","_name":"ui_二维码框","_parent":{"__id__":9},"_components":[{"__type__":"cc.Sprite","node":{"__id__":12},"_spriteFrame":{"__uuid__":"d8Jmd+GDhJ5r3XUyfbo3x3"}},{"__type__":"cc.Widget","node":{"__id__":12},"_wasAlignOnce":{},"isAlignOnce":{},"_alignFlags":33,"_right":48.5,"_top":28.5}],"_prefab":{"__type__":"cc.PrefabInfo","root":{"__id__":1},"asset":{"__uuid__":"9dQ8oZR85LmL2Tf3LHrwji"},"fileId":"eds7gIcLdGW6OASCHHuJqF"},"_contentSize":{"__type__":"cc.Size","width":143,"height":143},"_position":{"__type__":"cc.Vec3","x":255,"y":1},"_scaleX":1,"_scaleY":1,"_scale":{"__type__":"cc.Vec3","x":1,"y":1,"z":1}}],{"__type__":"cc.SpriteFrame","content":{"name":"sharebar","texture":"9fHFZoCPdO5JfSN/MR4H84","rect":[0,0,750,202],"offset":[0,0],"originalSize":[750,202],"capInsets":[0,0,0,0]}}]