[{"__type__":"cc.SpriteFrame","content":{"name":"g9","texture":"75YrRb94lB5bcO3tlSbEXh","rect":[0,966,517,3],"offset":[0,0],"originalSize":[517,3],"capInsets":[0,0,0,0]}},{"__type__":"cc.SpriteFrame","content":{"name":"common_0","texture":"8fs7OoLnpP/K7lTM8kKHni","rect":[95,429,88,72],"offset":[0,0],"originalSize":[88,72],"capInsets":[29,29,28,30]}},{"__type__":"cc.BitmapFont","_name":"rank_num","spriteFrame":{"__uuid__":"3eioiEqh1OOInQG7Ucj0LR"},"fontSize":40,"_fntConfig":{"commonHeight":40,"fontSize":40,"atlasName":"rank_num.png","fontDefDictionary":{"49":{"rect":{"x":0,"y":0,"width":41,"height":38},"xOffset":0,"yOffset":0,"xAdvance":41},"50":{"rect":{"x":41,"y":0,"width":41,"height":38},"xOffset":0,"yOffset":0,"xAdvance":41},"51":{"rect":{"x":0,"y":38,"width":41,"height":38},"xOffset":0,"yOffset":0,"xAdvance":41},"52":{"rect":{"x":41,"y":38,"width":15,"height":24},"xOffset":0,"yOffset":0,"xAdvance":15},"53":{"rect":{"x":56,"y":38,"width":15,"height":24},"xOffset":0,"yOffset":0,"xAdvance":15},"54":{"rect":{"x":82,"y":48,"width":14,"height":24},"xOffset":0,"yOffset":0,"xAdvance":14},"55":{"rect":{"x":82,"y":0,"width":15,"height":24},"xOffset":0,"yOffset":0,"xAdvance":15},"56":{"rect":{"x":82,"y":24,"width":15,"height":24},"xOffset":0,"yOffset":0,"xAdvance":15}},"kerningDict":{}}},{"__type__":"cc.SpriteFrame","content":{"name":"common_1","texture":"8fs7OoLnpP/K7lTM8kKHni","rect":[283,423,123,98],"offset":[0,0],"originalSize":[123,98],"capInsets":[36,36,38,45]}},{"__type__":"cc.SpriteFrame","content":{"name":"rank_num","texture":"8edYHKPrhDaICSE9wZjiHZ","rect":[0,0,97,76],"offset":[0,0],"originalSize":[97,76],"capInsets":[0,0,0,0]}},{"__type__":"cc.SpriteFrame","content":{"name":"g12","texture":"75YrRb94lB5bcO3tlSbEXh","rect":[646,485,206,91],"offset":[0,0],"originalSize":[206,91],"capInsets":[0,0,0,0]}},{"__type__":"cc.SpriteFrame","content":{"name":"g5","texture":"75YrRb94lB5bcO3tlSbEXh","rect":[0,0,465,467],"offset":[0,0],"originalSize":[465,467],"capInsets":[0,0,0,0]}},{"__type__":"cc.SpriteFrame","content":{"name":"hall_1","texture":"3cyNE3RVFIp6f21rOo5lm3","rect":[527,653,41,44],"offset":[0,0],"originalSize":[41,44],"capInsets":[0,0,0,0]}},{"__type__":"cc.SpriteFrame","content":{"name":"1_1","texture":"beM5qOisRGyLdVxpfO7Crs","rect":[653,262,15,38],"offset":[0,0],"originalSize":[15,38],"capInsets":[0,0,0,0]}},{"__type__":"cc.SpriteFrame","content":{"name":"g2","texture":"75YrRb94lB5bcO3tlSbEXh","rect":[0,692,641,215],"offset":[0,0],"originalSize":[641,215],"capInsets":[0,0,0,0]}},{"__type__":"cc.SpriteFrame","content":{"name":"default_sprite_splash","texture":"02delMVqdBD70a/HSD99FK","rect":[0,0,2,2],"offset":[0,0],"originalSize":[2,2],"capInsets":[0,0,0,0]}},[{"__type__":"cc.Prefab","_name":"GameRankItem","data":{"__id__":1}},{"__type__":"cc.Node","_name":"GameRankItem","_children":[{"__id__":2},{"__id__":3},{"__id__":5},{"__id__":9},{"__id__":11},{"__id__":13},{"__id__":14}],"_level":1,"_components":[{"__type__":"cdb114uPT1PgaKo0TrfDhH0","node":{"__id__":1},"gradeAtlas":{"__uuid__":"018B1jjOtGU7imTkaT3hJi"},"rankLabel":{"__id__":4},"nameLabel":{"__id__":10},"coinLabel":{"__id__":12},"playerBackNode":{"__id__":2},"gradeNode":{"__id__":5}}],"_prefab":{"__type__":"cc.PrefabInfo","root":{"__id__":1},"asset":{"__uuid__":"abEdAbYkNCXaSrYz5D7hqp"},"fileId":"1122cGBtpKw6iGUziv4Qzh"},"_contentSize":{"__type__":"cc.Size","width":526,"height":52},"_position":{"__type__":"cc.Vec3","x":1,"y":208},"_scale":{"__type__":"cc.Vec3","x":1,"y":1,"z":1},"groupIndex":4},{"__type__":"cc.Node","_name":"back","_parent":{"__id__":1},"_level":4,"_components":[{"__type__":"cc.Sprite","node":{"__id__":2},"_spriteFrame":{"__uuid__":"e0RyGq1EpGV7a/C/vwT7u6"}}],"_prefab":{"__type__":"cc.PrefabInfo","root":{"__id__":1},"asset":{"__uuid__":"abEdAbYkNCXaSrYz5D7hqp"},"fileId":"3b+P1JpWtPj6PSyF+/p14r"},"_contentSize":{"__type__":"cc.Size","width":526,"height":49},"_position":{"__type__":"cc.Vec3","y":1},"_scale":{"__type__":"cc.Vec3","x":1,"y":1,"z":1}},{"__type__":"cc.Node","_name":"rankLabel","_parent":{"__id__":1},"_level":2,"_components":[{"__id__":4},{"__type__":"cc.Widget","node":{"__id__":3},"_alignFlags":10,"_left":13.5,"_verticalCenter":8}],"_prefab":{"__type__":"cc.PrefabInfo","root":{"__id__":1},"asset":{"__uuid__":"abEdAbYkNCXaSrYz5D7hqp"},"fileId":"356wIh7BJNDrQPfmc7vq7e"},"_contentSize":{"__type__":"cc.Size","width":41,"height":20},"_position":{"__type__":"cc.Vec3","x":-229,"y":8},"_scale":{"__type__":"cc.Vec3","x":1,"y":1,"z":1},"groupIndex":4},{"__type__":"cc.Label","node":{"__id__":3},"_useOriginalSize":false,"_string":"1","_N$string":"1","_lineHeight":20,"_N$file":{"__uuid__":"1anKgDvOpPi47a7wYMXgLy"},"_isSystemFontUsed":false,"_N$horizontalAlign":1,"_N$verticalAlign":1},{"__type__":"cc.Node","_name":"grade","_parent":{"__id__":1},"_children":[{"__id__":6},{"__id__":7},{"__id__":8}],"_level":2,"_prefab":{"__type__":"cc.PrefabInfo","root":{"__id__":1},"asset":{"__uuid__":"abEdAbYkNCXaSrYz5D7hqp"},"fileId":"daM82vaX1H6p26YujrvaTa"},"_position":{"__type__":"cc.Vec3","x":-155},"_scale":{"__type__":"cc.Vec3","x":1,"y":1,"z":1}},{"__type__":"cc.Node","_name":"icon_bg","_parent":{"__id__":5},"_level":3,"_components":[{"__type__":"cc.Sprite","node":{"__id__":6},"_spriteFrame":{"__uuid__":"ce+1GymutP9a6oXgnV5A9g"},"_sizeMode":2}],"_prefab":{"__type__":"cc.PrefabInfo","root":{"__id__":1},"asset":{"__uuid__":"abEdAbYkNCXaSrYz5D7hqp"},"fileId":"0dRamMIAZAWL5QlpnZ2h1x"},"_contentSize":{"__type__":"cc.Size","width":256,"height":166},"_position":{"__type__":"cc.Vec3","y":5.5},"_scale":{"__type__":"cc.Vec3","x":0.3,"y":0.3,"z":1}},{"__type__":"cc.Node","_name":"icon_name","_parent":{"__id__":5},"_level":4,"_components":[{"__type__":"cc.Sprite","node":{"__id__":7},"_spriteFrame":{"__uuid__":"fajXo7IgtF6LxcapY4DNFt"},"_sizeMode":2}],"_prefab":{"__type__":"cc.PrefabInfo","root":{"__id__":1},"asset":{"__uuid__":"abEdAbYkNCXaSrYz5D7hqp"},"fileId":"49NZEEd2hAtY9EQOQ+foVP"},"_contentSize":{"__type__":"cc.Size","width":77,"height":44},"_position":{"__type__":"cc.Vec3","y":-15.5},"_scale":{"__type__":"cc.Vec3","x":0.4,"y":0.4,"z":1}},{"__type__":"cc.Node","_name":"icon_num","_parent":{"__id__":5},"_level":4,"_components":[{"__type__":"cc.Sprite","node":{"__id__":8},"_spriteFrame":{"__uuid__":"85x6kQ3ZdCa6vxwQUhQOrm"},"_sizeMode":2}],"_prefab":{"__type__":"cc.PrefabInfo","root":{"__id__":1},"asset":{"__uuid__":"abEdAbYkNCXaSrYz5D7hqp"},"fileId":"bcIy+pO49PY64s6HwZoGCJ"},"_contentSize":{"__type__":"cc.Size","width":15,"height":38},"_position":{"__type__":"cc.Vec3","y":3.1},"_scale":{"__type__":"cc.Vec3","x":0.3,"y":0.3,"z":1}},{"__type__":"cc.Node","_name":"nameLabel","_parent":{"__id__":1},"_level":2,"_components":[{"__id__":10},{"__type__":"cc.Widget","node":{"__id__":9},"_alignFlags":10,"_left":170,"_verticalCenter":-2}],"_prefab":{"__type__":"cc.PrefabInfo","root":{"__id__":1},"asset":{"__uuid__":"abEdAbYkNCXaSrYz5D7hqp"},"fileId":"aexGPQQH5JlYq6nyL9Pkcq"},"_color":{"__type__":"cc.Color","r":121,"g":65,"b":20},"_contentSize":{"__type__":"cc.Size","width":180,"height":40},"_anchorPoint":{"__type__":"cc.Vec2","y":0.5},"_position":{"__type__":"cc.Vec3","x":-93,"y":-2},"_scale":{"__type__":"cc.Vec3","x":1,"y":1,"z":1},"groupIndex":4},{"__type__":"cc.Label","node":{"__id__":9},"_useOriginalSize":false,"_string":"射手跑跑跑跑","_N$string":"射手跑跑跑跑","_fontSize":30,"_enableWrapText":false,"_N$horizontalAlign":1,"_N$verticalAlign":1},{"__type__":"cc.Node","_name":"coinLabel","_parent":{"__id__":1},"_level":2,"_components":[{"__id__":12},{"__type__":"cc.Widget","node":{"__id__":11},"_alignFlags":34,"_right":24.950000000000003,"_verticalCenter":1}],"_prefab":{"__type__":"cc.PrefabInfo","root":{"__id__":1},"asset":{"__uuid__":"abEdAbYkNCXaSrYz5D7hqp"},"fileId":"6anWxFGitJKodqCt01ygg7"},"_color":{"__type__":"cc.Color","r":121,"g":65,"b":20},"_contentSize":{"__type__":"cc.Size","width":65.05,"height":40},"_anchorPoint":{"__type__":"cc.Vec2","y":0.5},"_position":{"__type__":"cc.Vec3","x":173,"y":1},"_scale":{"__type__":"cc.Vec3","x":1,"y":1,"z":1},"groupIndex":4},{"__type__":"cc.Label","node":{"__id__":11},"_useOriginalSize":false,"_string":"x500","_N$string":"x500","_fontSize":30,"_enableWrapText":false,"_N$horizontalAlign":1,"_N$verticalAlign":1},{"__type__":"cc.Node","_name":"coin","_parent":{"__id__":1},"_level":4,"_components":[{"__type__":"cc.Sprite","node":{"__id__":13},"_spriteFrame":{"__uuid__":"6fVDNitvBHWpeub/SHcmtI"}}],"_prefab":{"__type__":"cc.PrefabInfo","root":{"__id__":1},"asset":{"__uuid__":"abEdAbYkNCXaSrYz5D7hqp"},"fileId":"43+Mckij1F4YVTLlwtn6Qv"},"_contentSize":{"__type__":"cc.Size","width":41,"height":44},"_position":{"__type__":"cc.Vec3","x":138,"y":1},"_scale":{"__type__":"cc.Vec3","x":1,"y":1,"z":1}},{"__type__":"cc.Node","_name":"line","_parent":{"__id__":1},"_level":4,"_components":[{"__type__":"cc.Sprite","node":{"__id__":14},"_spriteFrame":{"__uuid__":"102iMLHutDqZaJPfXzVLSB"}}],"_prefab":{"__type__":"cc.PrefabInfo","root":{"__id__":1},"asset":{"__uuid__":"abEdAbYkNCXaSrYz5D7hqp"},"fileId":"b5ghw04GtKvZlZP/YdAaxh"},"_contentSize":{"__type__":"cc.Size","width":517,"height":3},"_position":{"__type__":"cc.Vec3","y":-28},"_scale":{"__type__":"cc.Vec3","x":1,"y":1,"z":1}}],{"__type__":"cc.SpriteFrame","content":{"name":"DW_1","texture":"beM5qOisRGyLdVxpfO7Crs","rect":[261,0,256,166],"offset":[0,0],"originalSize":[256,166],"capInsets":[0,0,0,0]}},[{"__type__":"cc.Prefab","_name":"GameRankPop","data":{"__id__":1}},{"__type__":"cc.Node","_name":"GameRankPop","_children":[{"__id__":2},{"__id__":3},{"__id__":4},{"__id__":8},{"__id__":11},{"__id__":12}],"_level":1,"_components":[{"__type__":"09d52NrdMdLqJAhnVBdAlfw","node":{"__id__":1},"okNode":{"__id__":11},"showNode":{"__id__":12},"container":{"__id__":10}}],"_prefab":{"__type__":"cc.PrefabInfo","root":{"__id__":1},"asset":{"__uuid__":"d6AvA3rBJAOavUapICwAKP"},"fileId":"0eRitllg5Iw6k+WJfNUuj0"},"_contentSize":{"__type__":"cc.Size","width":750,"height":1334},"_scale":{"__type__":"cc.Vec3","x":1,"y":1,"z":1},"groupIndex":4},{"__type__":"cc.Node","_name":"bg","_parent":{"__id__":1},"_level":2,"_components":[{"__type__":"cc.Sprite","node":{"__id__":2},"_spriteFrame":{"__uuid__":"a2MjXRFdtLlYQ5ouAFv/+R"},"_sizeMode":0}],"_prefab":{"__type__":"cc.PrefabInfo","root":{"__id__":1},"asset":{"__uuid__":"d6AvA3rBJAOavUapICwAKP"},"fileId":"15ICbeAs9MhJG5NDNBMpjE"},"_opacity":200,"_color":{"__type__":"cc.Color"},"_contentSize":{"__type__":"cc.Size","width":1000,"height":1800},"_scale":{"__type__":"cc.Vec3","x":1,"y":1,"z":1},"groupIndex":4},{"__type__":"cc.Node","_name":"light","_parent":{"__id__":1},"_level":2,"_components":[{"__type__":"cc.Sprite","node":{"__id__":3},"_spriteFrame":{"__uuid__":"4dSi4fTZBC4oWn9DC6gs+J"}},{"__type__":"97f93jbOt5PqphN4CPLQBnz","node":{"__id__":3}}],"_prefab":{"__type__":"cc.PrefabInfo","root":{"__id__":1},"asset":{"__uuid__":"d6AvA3rBJAOavUapICwAKP"},"fileId":"a5lxIRIaJDE5KUswQ6EK9D"},"_contentSize":{"__type__":"cc.Size","width":465,"height":467},"_position":{"__type__":"cc.Vec3","y":386},"_scale":{"__type__":"cc.Vec3","x":1,"y":1,"z":1}},{"__type__":"cc.Node","_name":"common_1","_parent":{"__id__":1},"_children":[{"__id__":5}],"_level":2,"_components":[{"__type__":"cc.Sprite","node":{"__id__":4},"_spriteFrame":{"__uuid__":"2ajsPICAFO74pEuMR2LZT4"},"_type":1,"_sizeMode":0}],"_prefab":{"__type__":"cc.PrefabInfo","root":{"__id__":1},"asset":{"__uuid__":"d6AvA3rBJAOavUapICwAKP"},"fileId":"3a1db+FalEqK7kYMcwlCql"},"_contentSize":{"__type__":"cc.Size","width":661,"height":736},"_position":{"__type__":"cc.Vec3","y":-48},"_scale":{"__type__":"cc.Vec3","x":1,"y":1,"z":1}},{"__type__":"cc.Node","_name":"rank","_parent":{"__id__":4},"_children":[{"__id__":6},{"__id__":7}],"_level":3,"_prefab":{"__type__":"cc.PrefabInfo","root":{"__id__":1},"asset":{"__uuid__":"d6AvA3rBJAOavUapICwAKP"},"fileId":"e1b301gIlPRYFuU+ic5GAf"},"_contentSize":{"__type__":"cc.Size","width":641,"height":215},"_position":{"__type__":"cc.Vec3","y":415},"_scale":{"__type__":"cc.Vec3","x":1,"y":1,"z":1}},{"__type__":"cc.Node","_name":"back","_parent":{"__id__":5},"_level":4,"_components":[{"__type__":"cc.Sprite","node":{"__id__":6},"_spriteFrame":{"__uuid__":"96rqi7xc9Mj5EPeOcCITaN"}}],"_prefab":{"__type__":"cc.PrefabInfo","root":{"__id__":1},"asset":{"__uuid__":"d6AvA3rBJAOavUapICwAKP"},"fileId":"b4KEvnhUxHFrWP+VQ8BGbj"},"_contentSize":{"__type__":"cc.Size","width":641,"height":215},"_scale":{"__type__":"cc.Vec3","x":1,"y":1,"z":1}},{"__type__":"cc.Node","_name":"label","_parent":{"__id__":5},"_level":4,"_components":[{"__type__":"cc.Label","node":{"__id__":7},"_useOriginalSize":false,"_string":"第一名","_N$string":"第一名","_fontSize":60,"_lineHeight":80,"_N$horizontalAlign":1,"_N$verticalAlign":1,"_N$fontFamily":"苹方"},{"__type__":"cc.LabelOutline","node":{"__id__":7},"_color":{"__type__":"cc.Color"},"_width":5}],"_prefab":{"__type__":"cc.PrefabInfo","root":{"__id__":1},"asset":{"__uuid__":"d6AvA3rBJAOavUapICwAKP"},"fileId":"dc59Cac7lFZ5Pj+/lTULwO"},"_contentSize":{"__type__":"cc.Size","width":190,"height":80},"_position":{"__type__":"cc.Vec3","y":29},"_scale":{"__type__":"cc.Vec3","x":1,"y":1,"z":1}},{"__type__":"cc.Node","_name":"common_0","_parent":{"__id__":1},"_children":[{"__id__":9}],"_level":2,"_components":[{"__type__":"cc.Sprite","node":{"__id__":8},"_spriteFrame":{"__uuid__":"121icDFphJbaHdSYNmxSER"},"_type":1,"_sizeMode":0}],"_prefab":{"__type__":"cc.PrefabInfo","root":{"__id__":1},"asset":{"__uuid__":"d6AvA3rBJAOavUapICwAKP"},"fileId":"7etqZ2CeRPNZ2YJFR1Kr8n"},"_contentSize":{"__type__":"cc.Size","width":582,"height":497},"_scale":{"__type__":"cc.Vec3","x":1,"y":1,"z":1}},{"__type__":"cc.Node","_name":"container","_parent":{"__id__":8},"_level":3,"_components":[{"__id__":10}],"_prefab":{"__type__":"cc.PrefabInfo","root":{"__id__":1},"asset":{"__uuid__":"d6AvA3rBJAOavUapICwAKP"},"fileId":"f8fflQ0I1FmL/tgxGnZjhq"},"_contentSize":{"__type__":"cc.Size","width":526},"_anchorPoint":{"__type__":"cc.Vec2","x":0.5,"y":1},"_position":{"__type__":"cc.Vec3","y":217},"_scale":{"__type__":"cc.Vec3","x":1,"y":1,"z":1}},{"__type__":"fd3311j/rtLG4Qv/Fw1uVxE","node":{"__id__":9},"rendererPrefab":{"__uuid__":"abEdAbYkNCXaSrYz5D7hqp"},"gapV":0},{"__type__":"cc.Node","_name":"okBtn","_parent":{"__id__":1},"_level":2,"_components":[{"__type__":"cc.Sprite","node":{"__id__":11},"_spriteFrame":{"__uuid__":"45xp3fSL5FvZFxyBLcGwWv"}},{"__type__":"cc.Button","node":{"__id__":11},"zoomScale":0.9,"_N$transition":3,"transition":3}],"_prefab":{"__type__":"cc.PrefabInfo","root":{"__id__":1},"asset":{"__uuid__":"d6AvA3rBJAOavUapICwAKP"},"fileId":"50O1vON61BdLewrdrY9f5b"},"_contentSize":{"__type__":"cc.Size","width":206,"height":91},"_position":{"__type__":"cc.Vec3","x":-171,"y":-331},"_scale":{"__type__":"cc.Vec3","x":1,"y":1,"z":1}},{"__type__":"cc.Node","_name":"showBtn","_parent":{"__id__":1},"_level":2,"_components":[{"__type__":"cc.Sprite","node":{"__id__":12},"_spriteFrame":{"__uuid__":"f51z+7MWFL/K5rwr3b46pp"}},{"__type__":"cc.Button","node":{"__id__":12},"zoomScale":0.9,"_N$transition":3,"transition":3}],"_prefab":{"__type__":"cc.PrefabInfo","root":{"__id__":1},"asset":{"__uuid__":"d6AvA3rBJAOavUapICwAKP"},"fileId":"83NPMMqBtOGKU443ctN1U6"},"_contentSize":{"__type__":"cc.Size","width":278,"height":122},"_position":{"__type__":"cc.Vec3","x":132,"y":-318},"_scale":{"__type__":"cc.Vec3","x":1,"y":1,"z":1}}],{"__type__":"cc.SpriteFrame","content":{"name":"g8","texture":"75YrRb94lB5bcO3tlSbEXh","rect":[0,912,526,49],"offset":[0,0],"originalSize":[526,49],"capInsets":[0,0,0,0]}},{"__type__":"cc.SpriteFrame","content":{"name":"g14","texture":"75YrRb94lB5bcO3tlSbEXh","rect":[470,104,278,122],"offset":[0,0],"originalSize":[278,122],"capInsets":[0,0,0,0]}},{"__type__":"cc.SpriteFrame","content":{"name":"dw1","texture":"beM5qOisRGyLdVxpfO7Crs","rect":[0,732,77,44],"offset":[0,0],"originalSize":[77,44],"capInsets":[0,0,0,0]}}]