[{"__type__":"cc.SpriteFrame","content":{"name":"dw9","texture":"beM5qOisRGyLdVxpfO7Crs","rect":[0,684,150,43],"offset":[0,0],"originalSize":[150,43],"capInsets":[0,0,0,0]}},{"__type__":"cc.SpriteAtlas","_name":"grade.plist","_spriteFrames":{"1_1":{"__uuid__":"85x6kQ3ZdCa6vxwQUhQOrm"},"1_2":{"__uuid__":"37X++8osREpacu3s3tiOuz"},"1_3":{"__uuid__":"258JbT7i1Cz69FMSOkV1NH"},"2_1":{"__uuid__":"17WDoKWytD9pvJqtwBRA3l"},"2_2":{"__uuid__":"b9tTUgOgZEsoBSUwj4VBUI"},"2_3":{"__uuid__":"20r73aaJBELL+diu9+SwIH"},"2_4":{"__uuid__":"e6bqCuTiNIQJvGXJOS4ZUb"},"3_1":{"__uuid__":"306ceJpl1PHJylPic3CUQf"},"3_2":{"__uuid__":"d2hPWLCXFMUZ26f7rF96w4"},"3_3":{"__uuid__":"7dCEB95lxJT7Pu7vAgKKNT"},"3_4":{"__uuid__":"7e3NeQRL1CU6+Lw2qx/JeP"},"3_5":{"__uuid__":"dfOldCTlZIkZXQF2Xy//rW"},"4_1":{"__uuid__":"45QsHWGRFAy4prP0xS0vun"},"4_2":{"__uuid__":"6eiXRo9RlKxIzKfHhOE8sR"},"4_3":{"__uuid__":"31W/zUcMxD1q3aJFyXG6ui"},"4_4":{"__uuid__":"cbS3B6IIxHzLRtS9EaEDKV"},"4_5":{"__uuid__":"830/ndwEpP0p3FFkCxUWoj"},"5_1":{"__uuid__":"8fMy0+iK1Ks4RijdbNTJ/l"},"5_2":{"__uuid__":"38iTswjWBI2pROiw/5IHK4"},"5_3":{"__uuid__":"48VBLl3D1O5Za8GC6PsPRK"},"5_4":{"__uuid__":"86G9MIbPNIsoTmSPIR+35i"},"5_5":{"__uuid__":"83FBDlzxxGe6AOBe8x52KA"},"6_1":{"__uuid__":"8ae7DY0bNJqYOcPcPu1APK"},"6_2":{"__uuid__":"8dBIXIjPJB9bWK4SrPQt3h"},"6_3":{"__uuid__":"a3ANgEeTlIJqOCuBRjBDjX"},"6_4":{"__uuid__":"e73KEiOSxF5osuq7O+KnbJ"},"6_5":{"__uuid__":"c8HBLzql9KGbGk1FR0LLRc"},"7_1":{"__uuid__":"fem2PruXlM46PFlbdua6Xx"},"7_2":{"__uuid__":"29+3WxNH1KnJMqJbutVPcf"},"7_3":{"__uuid__":"84r/EuxCxEvK2BdZHZttd8"},"7_4":{"__uuid__":"28HfUi/95CvoUwJT9spwQs"},"7_5":{"__uuid__":"e5KZY1KmtMbrupjk/vpIsh"},"8_1":{"__uuid__":"2a1k5vxXRM9I8gFs1RV2dM"},"8_2":{"__uuid__":"356kDCbxVHx4FJ+wtvaXR3"},"8_3":{"__uuid__":"67fNIajKhPta77dCW0yCKA"},"8_4":{"__uuid__":"2cVdsJYD5EYpxze6yfqEFA"},"8_5":{"__uuid__":"49yVWs2GZHd4CMMn7yT02H"},"DW_1":{"__uuid__":"ce+1GymutP9a6oXgnV5A9g"},"DW_2":{"__uuid__":"b26wFa7wlLprynnyhhBuDx"},"DW_3":{"__uuid__":"deNDYSRdRMmLHV72Csaxbr"},"DW_4":{"__uuid__":"eacjSHCqhGOYHTW97AUCvg"},"DW_5":{"__uuid__":"3b+ldoQfVLJobssXX+Nr7m"},"DW_6":{"__uuid__":"84JCEQ3/dBSbjJUZ5CUeOj"},"DW_7":{"__uuid__":"2dfRNXK7lFI5V02td+67Cs"},"DW_8":{"__uuid__":"84eyzjYN5BdrvmGl9N8L02"},"DW_9":{"__uuid__":"34XD8NxRZITZiauDWCNiJZ"},"dw1":{"__uuid__":"fajXo7IgtF6LxcapY4DNFt"},"dw2":{"__uuid__":"e5sfrH641GFKgHJyxemMRk"},"dw3":{"__uuid__":"a0DARIw4dLhYSxUnfuD7Vu"},"dw4":{"__uuid__":"0ciUstsp9JjZUxMDHcJVLo"},"dw5":{"__uuid__":"a37U5fneVJILyN9raDWDBr"},"dw6":{"__uuid__":"31OqJnh7xGE5sUFZDu0le+"},"dw7":{"__uuid__":"c2x6QnPoNBYrGPE6pNhWuY"},"dw8":{"__uuid__":"daVA5D6sRBA62XNbopAZR/"},"dw9":{"__uuid__":"00SOegJItDnY/QrT3l3Uze"}}},{"__type__":"cc.SpriteFrame","content":{"name":"dw4","texture":"beM5qOisRGyLdVxpfO7Crs","rect":[155,684,78,43],"offset":[0,0],"originalSize":[78,43],"capInsets":[0,0,0,0]}},{"__type__":"cc.SpriteFrame","content":{"name":"2_1","texture":"beM5qOisRGyLdVxpfO7Crs","rect":[683,219,15,38],"offset":[0,0],"originalSize":[15,38],"capInsets":[0,0,0,0]}},{"__type__":"cc.SpriteFrame","content":{"name":"2_3","texture":"beM5qOisRGyLdVxpfO7Crs","rect":[268,684,23,38],"offset":[0,0],"originalSize":[23,38],"capInsets":[0,0,0,0]}},{"__type__":"cc.SpriteFrame","content":{"name":"1_3","texture":"beM5qOisRGyLdVxpfO7Crs","rect":[634,219,23,38],"offset":[0,0],"originalSize":[23,38],"capInsets":[0,0,0,0]}},{"__type__":"cc.SpriteFrame","content":{"name":"7_4","texture":"beM5qOisRGyLdVxpfO7Crs","rect":[164,732,25,38],"offset":[0,0],"originalSize":[25,38],"capInsets":[0,0,0,0]}},{"__type__":"cc.SpriteFrame","content":{"name":"7_2","texture":"beM5qOisRGyLdVxpfO7Crs","rect":[549,489,22,38],"offset":[0,0],"originalSize":[22,38],"capInsets":[0,0,0,0]}},{"__type__":"cc.SpriteFrame","content":{"name":"8_1","texture":"beM5qOisRGyLdVxpfO7Crs","rect":[662,219,16,38],"offset":[0,0],"originalSize":[16,38],"capInsets":[0,0,0,0]}},{"__type__":"cc.SpriteFrame","content":{"name":"8_4","texture":"beM5qOisRGyLdVxpfO7Crs","rect":[522,360,24,38],"offset":[0,0],"originalSize":[24,38],"capInsets":[0,0,0,0]}},{"__type__":"cc.SpriteFrame","content":{"name":"DW_7","texture":"beM5qOisRGyLdVxpfO7Crs","rect":[0,171,256,166],"offset":[0,0],"originalSize":[256,166],"capInsets":[0,0,0,0]}},{"__type__":"cc.SpriteFrame","content":{"name":"3_1","texture":"beM5qOisRGyLdVxpfO7Crs","rect":[703,218,15,38],"offset":[0,0],"originalSize":[15,38],"capInsets":[0,0,0,0]}},{"__type__":"cc.SpriteFrame","content":{"name":"dw6","texture":"beM5qOisRGyLdVxpfO7Crs","rect":[82,732,77,43],"offset":[0,0],"originalSize":[77,43],"capInsets":[0,0,0,0]}},{"__type__":"cc.SpriteFrame","content":{"name":"4_3","texture":"beM5qOisRGyLdVxpfO7Crs","rect":[522,535,22,38],"offset":[0,0],"originalSize":[22,38],"capInsets":[0,0,0,0]}},{"__type__":"cc.SpriteFrame","content":{"name":"DW_9","texture":"beM5qOisRGyLdVxpfO7Crs","rect":[522,0,256,166],"offset":[0,0],"originalSize":[256,166],"capInsets":[0,0,0,0]}},{"__type__":"cc.SpriteFrame","content":{"name":"8_2","texture":"beM5qOisRGyLdVxpfO7Crs","rect":[549,403,22,38],"offset":[0,0],"originalSize":[22,38],"capInsets":[0,0,0,0]}},{"__type__":"cc.SpriteFrame","content":{"name":"1_2","texture":"beM5qOisRGyLdVxpfO7Crs","rect":[464,684,23,38],"offset":[0,0],"originalSize":[23,38],"capInsets":[0,0,0,0]}},{"__type__":"cc.SpriteFrame","content":{"name":"5_2","texture":"beM5qOisRGyLdVxpfO7Crs","rect":[522,403,22,39],"offset":[0,0],"originalSize":[22,39],"capInsets":[0,0,0,0]}},{"__type__":"cc.SpriteFrame","content":{"name":"DW_5","texture":"beM5qOisRGyLdVxpfO7Crs","rect":[261,171,256,166],"offset":[0,0],"originalSize":[256,166],"capInsets":[0,0,0,0]}},{"__type__":"cc.SpriteFrame","content":{"name":"4_1","texture":"beM5qOisRGyLdVxpfO7Crs","rect":[723,218,15,38],"offset":[0,0],"originalSize":[15,38],"capInsets":[0,0,0,0]}},{"__type__":"cc.SpriteFrame","content":{"name":"5_3","texture":"beM5qOisRGyLdVxpfO7Crs","rect":[522,491,22,39],"offset":[0,0],"originalSize":[22,39],"capInsets":[0,0,0,0]}},{"__type__":"cc.SpriteFrame","content":{"name":"8_5","texture":"beM5qOisRGyLdVxpfO7Crs","rect":[604,262,23,38],"offset":[0,0],"originalSize":[23,38],"capInsets":[0,0,0,0]}},{"__type__":"cc.SpriteFrame","content":{"name":"8_3","texture":"beM5qOisRGyLdVxpfO7Crs","rect":[551,360,22,38],"offset":[0,0],"originalSize":[22,38],"capInsets":[0,0,0,0]}},{"__type__":"cc.SpriteFrame","content":{"name":"4_2","texture":"beM5qOisRGyLdVxpfO7Crs","rect":[549,532,22,38],"offset":[0,0],"originalSize":[22,38],"capInsets":[0,0,0,0]}},{"__type__":"cc.SpriteFrame","content":{"name":"3_3","texture":"beM5qOisRGyLdVxpfO7Crs","rect":[324,684,23,38],"offset":[0,0],"originalSize":[23,38],"capInsets":[0,0,0,0]}},{"__type__":"cc.SpriteFrame","content":{"name":"3_4","texture":"beM5qOisRGyLdVxpfO7Crs","rect":[552,316,25,38],"offset":[0,0],"originalSize":[25,38],"capInsets":[0,0,0,0]}},{"__type__":"cc.SpriteFrame","content":{"name":"5_5","texture":"beM5qOisRGyLdVxpfO7Crs","rect":[522,447,22,39],"offset":[0,0],"originalSize":[22,39],"capInsets":[0,0,0,0]}},{"__type__":"cc.SpriteFrame","content":{"name":"4_5","texture":"beM5qOisRGyLdVxpfO7Crs","rect":[549,575,22,38],"offset":[0,0],"originalSize":[22,38],"capInsets":[0,0,0,0]}},{"__type__":"cc.SpriteFrame","content":{"name":"DW_6","texture":"beM5qOisRGyLdVxpfO7Crs","rect":[0,342,256,166],"offset":[0,0],"originalSize":[256,166],"capInsets":[0,0,0,0]}},{"__type__":"cc.SpriteFrame","content":{"name":"DW_8","texture":"beM5qOisRGyLdVxpfO7Crs","rect":[0,0,256,166],"offset":[0,0],"originalSize":[256,166],"capInsets":[0,0,0,0]}},{"__type__":"cc.SpriteFrame","content":{"name":"7_3","texture":"beM5qOisRGyLdVxpfO7Crs","rect":[522,621,22,38],"offset":[0,0],"originalSize":[22,38],"capInsets":[0,0,0,0]}},{"__type__":"cc.SpriteFrame","content":{"name":"1_1","texture":"beM5qOisRGyLdVxpfO7Crs","rect":[653,262,15,38],"offset":[0,0],"originalSize":[15,38],"capInsets":[0,0,0,0]}},{"__type__":"cc.SpriteFrame","content":{"name":"5_4","texture":"beM5qOisRGyLdVxpfO7Crs","rect":[522,316,25,39],"offset":[0,0],"originalSize":[25,39],"capInsets":[0,0,0,0]}},{"__type__":"cc.SpriteFrame","content":{"name":"6_1","texture":"beM5qOisRGyLdVxpfO7Crs","rect":[632,262,16,38],"offset":[0,0],"originalSize":[16,38],"capInsets":[0,0,0,0]}},{"__type__":"cc.SpriteFrame","content":{"name":"6_2","texture":"beM5qOisRGyLdVxpfO7Crs","rect":[522,578,22,38],"offset":[0,0],"originalSize":[22,38],"capInsets":[0,0,0,0]}},{"__type__":"cc.SpriteFrame","content":{"name":"5_1","texture":"beM5qOisRGyLdVxpfO7Crs","rect":[492,684,15,39],"offset":[0,0],"originalSize":[15,39],"capInsets":[0,0,0,0]}},{"__type__":"cc.SpriteFrame","content":{"name":"dw3","texture":"beM5qOisRGyLdVxpfO7Crs","rect":[688,171,77,42],"offset":[0,0],"originalSize":[77,42],"capInsets":[0,0,0,0]}},{"__type__":"cc.SpriteFrame","content":{"name":"6_3","texture":"beM5qOisRGyLdVxpfO7Crs","rect":[549,446,22,38],"offset":[0,0],"originalSize":[22,38],"capInsets":[0,0,0,0]}},{"__type__":"cc.SpriteFrame","content":{"name":"dw5","texture":"beM5qOisRGyLdVxpfO7Crs","rect":[605,171,78,43],"offset":[0,0],"originalSize":[78,43],"capInsets":[0,0,0,0]}},{"__type__":"cc.SpriteFrame","content":{"name":"DW_2","texture":"beM5qOisRGyLdVxpfO7Crs","rect":[0,513,256,166],"offset":[0,0],"originalSize":[256,166],"capInsets":[0,0,0,0]}},{"__type__":"cc.SpriteFrame","content":{"name":"2_2","texture":"beM5qOisRGyLdVxpfO7Crs","rect":[380,684,23,38],"offset":[0,0],"originalSize":[23,38],"capInsets":[0,0,0,0]}},{"__type__":"cc.SpriteFrame","content":{"name":"dw7","texture":"beM5qOisRGyLdVxpfO7Crs","rect":[522,219,77,44],"offset":[0,0],"originalSize":[77,44],"capInsets":[0,0,0,0]}},{"__type__":"cc.SpriteFrame","content":{"name":"6_5","texture":"beM5qOisRGyLdVxpfO7Crs","rect":[436,684,23,38],"offset":[0,0],"originalSize":[23,38],"capInsets":[0,0,0,0]}},{"__type__":"cc.SpriteFrame","content":{"name":"4_4","texture":"beM5qOisRGyLdVxpfO7Crs","rect":[194,732,24,38],"offset":[0,0],"originalSize":[24,38],"capInsets":[0,0,0,0]}},{"__type__":"cc.SpriteFrame","content":{"name":"DW_1","texture":"beM5qOisRGyLdVxpfO7Crs","rect":[261,0,256,166],"offset":[0,0],"originalSize":[256,166],"capInsets":[0,0,0,0]}},{"__type__":"cc.SpriteFrame","content":{"name":"3_2","texture":"beM5qOisRGyLdVxpfO7Crs","rect":[352,684,23,38],"offset":[0,0],"originalSize":[23,38],"capInsets":[0,0,0,0]}},{"__type__":"cc.SpriteFrame","content":{"name":"dw8","texture":"beM5qOisRGyLdVxpfO7Crs","rect":[522,171,78,43],"offset":[0,0],"originalSize":[78,43],"capInsets":[0,0,0,0]}},{"__type__":"cc.SpriteFrame","content":{"name":"DW_3","texture":"beM5qOisRGyLdVxpfO7Crs","rect":[261,342,256,166],"offset":[0,0],"originalSize":[256,166],"capInsets":[0,0,0,0]}},{"__type__":"cc.SpriteFrame","content":{"name":"3_5","texture":"beM5qOisRGyLdVxpfO7Crs","rect":[296,684,23,38],"offset":[0,0],"originalSize":[23,38],"capInsets":[0,0,0,0]}},{"__type__":"cc.SpriteFrame","content":{"name":"7_5","texture":"beM5qOisRGyLdVxpfO7Crs","rect":[408,684,23,38],"offset":[0,0],"originalSize":[23,38],"capInsets":[0,0,0,0]}},{"__type__":"cc.SpriteFrame","content":{"name":"dw2","texture":"beM5qOisRGyLdVxpfO7Crs","rect":[522,268,76,43],"offset":[0,0],"originalSize":[76,43],"capInsets":[0,0,0,0]}},{"__type__":"cc.SpriteFrame","content":{"name":"2_4","texture":"beM5qOisRGyLdVxpfO7Crs","rect":[238,684,25,38],"offset":[0,0],"originalSize":[25,38],"capInsets":[0,0,0,0]}},{"__type__":"cc.SpriteFrame","content":{"name":"6_4","texture":"beM5qOisRGyLdVxpfO7Crs","rect":[604,219,25,38],"offset":[0,0],"originalSize":[25,38],"capInsets":[0,0,0,0]}},{"__type__":"cc.SpriteFrame","content":{"name":"DW_4","texture":"beM5qOisRGyLdVxpfO7Crs","rect":[261,513,256,166],"offset":[0,0],"originalSize":[256,166],"capInsets":[0,0,0,0]}},{"__type__":"cc.SpriteFrame","content":{"name":"dw1","texture":"beM5qOisRGyLdVxpfO7Crs","rect":[0,732,77,44],"offset":[0,0],"originalSize":[77,44],"capInsets":[0,0,0,0]}},{"__type__":"cc.SpriteFrame","content":{"name":"7_1","texture":"beM5qOisRGyLdVxpfO7Crs","rect":[549,618,16,38],"offset":[0,0],"originalSize":[16,38],"capInsets":[0,0,0,0]}}]