[{"__type__":"cc.SpriteFrame","content":{"name":"common_0","texture":"8fs7OoLnpP/K7lTM8kKHni","rect":[95,429,88,72],"offset":[0,0],"originalSize":[88,72],"capInsets":[29,29,28,30]}},{"__type__":"cc.SpriteFrame","content":{"name":"common_4","texture":"8fs7OoLnpP/K7lTM8kKHni","rect":[208,429,70,74],"offset":[0,0],"originalSize":[70,74],"capInsets":[0,0,0,0]}},{"__type__":"cc.SpriteFrame","content":{"name":"common_1","texture":"8fs7OoLnpP/K7lTM8kKHni","rect":[283,423,123,98],"offset":[0,0],"originalSize":[123,98],"capInsets":[36,36,38,45]}},{"__type__":"cc.SpriteFrame","content":{"name":"common_3","texture":"8fs7OoLnpP/K7lTM8kKHni","rect":[0,151,494,146],"offset":[0,0],"originalSize":[494,146],"capInsets":[0,0,0,0]}},{"__type__":"cc.SpriteFrame","content":{"name":"common_2","texture":"8fs7OoLnpP/K7lTM8kKHni","rect":[0,0,494,146],"offset":[0,0],"originalSize":[494,146],"capInsets":[0,0,0,0]}},{"__type__":"cc.SpriteAtlas","_name":"common.plist","_spriteFrames":{"common_0":{"__uuid__":"121icDFphJbaHdSYNmxSER"},"common_1":{"__uuid__":"2ajsPICAFO74pEuMR2LZT4"},"common_2":{"__uuid__":"69hwTuynVH7JHL3P6gafVV"},"common_3":{"__uuid__":"36OKNB1lJKMb4oumwunR7J"},"common_4":{"__uuid__":"23jpWtOztGSJWXqzqWUcS8"},"common_5":{"__uuid__":"bedg8oIUxPP5w15KvAj+NA"},"common_6":{"__uuid__":"a8vagHDpFDn7CUsZMD9Oi2"},"common_7":{"__uuid__":"c0UvcYa1dJoqwvtmyzBpKC"}}},{"__type__":"cc.SpriteFrame","content":{"name":"common_6","texture":"8fs7OoLnpP/K7lTM8kKHni","rect":[283,302,116,116],"offset":[0,0],"originalSize":[116,116],"capInsets":[0,0,0,0]}},{"__type__":"cc.SpriteFrame","content":{"name":"common_5","texture":"8fs7OoLnpP/K7lTM8kKHni","rect":[0,302,278,122],"offset":[0,0],"originalSize":[278,122],"capInsets":[0,0,0,0]}},{"__type__":"cc.SpriteFrame","content":{"name":"common_7","texture":"8fs7OoLnpP/K7lTM8kKHni","rect":[0,429,90,88],"offset":[0,0],"originalSize":[90,88],"capInsets":[31,34,32,31]}}]