[{"__type__":"cc.SpriteFrame","content":{"name":"common_4","texture":"8fs7OoLnpP/K7lTM8kKHni","rect":[208,429,70,74],"offset":[0,0],"originalSize":[70,74],"capInsets":[0,0,0,0]}},{"__type__":"cc.SpriteFrame","content":{"name":"common_1","texture":"8fs7OoLnpP/K7lTM8kKHni","rect":[283,423,123,98],"offset":[0,0],"originalSize":[123,98],"capInsets":[36,36,38,45]}},{"__type__":"cc.SpriteFrame","content":{"name":"friend_titile","texture":"3cyNE3RVFIp6f21rOo5lm3","rect":[0,559,197,55],"offset":[0,0],"originalSize":[197,55],"capInsets":[0,0,0,0]}},[{"__type__":"cc.Prefab","_name":"FriendRankPop","data":{"__id__":1}},{"__type__":"cc.Node","_name":"FriendRankPop","_children":[{"__id__":2},{"__id__":3},{"__id__":4},{"__id__":5},{"__id__":7},{"__id__":8}],"_level":1,"_components":[{"__type__":"c5359aTJGtNNKt+8mQzEaen","node":{"__id__":1},"closeBtn":{"__id__":4},"inviteNode":{"__id__":8},"friendNode":{"__id__":6}}],"_prefab":{"__type__":"cc.PrefabInfo","root":{"__id__":1},"asset":{"__uuid__":"63s7889BJHx62MSnltGhdl"},"fileId":"9bc4gTtg5JvJEQPHir+Av5"},"_contentSize":{"__type__":"cc.Size","width":750,"height":1334},"_scale":{"__type__":"cc.Vec3","x":1,"y":1,"z":1}},{"__type__":"cc.Node","_name":"common_1","_parent":{"__id__":1},"_level":2,"_components":[{"__type__":"cc.Sprite","node":{"__id__":2},"_spriteFrame":{"__uuid__":"2ajsPICAFO74pEuMR2LZT4"},"_type":1,"_sizeMode":0}],"_prefab":{"__type__":"cc.PrefabInfo","root":{"__id__":1},"asset":{"__uuid__":"63s7889BJHx62MSnltGhdl"},"fileId":"f8imayMAZGwJodltXoqakk"},"_contentSize":{"__type__":"cc.Size","width":649,"height":807},"_position":{"__type__":"cc.Vec3","y":48},"_scale":{"__type__":"cc.Vec3","x":1,"y":1,"z":1}},{"__type__":"cc.Node","_name":"common_7","_parent":{"__id__":1},"_level":2,"_components":[{"__type__":"cc.Sprite","node":{"__id__":3},"_spriteFrame":{"__uuid__":"c0UvcYa1dJoqwvtmyzBpKC"},"_type":1,"_sizeMode":0}],"_prefab":{"__type__":"cc.PrefabInfo","root":{"__id__":1},"asset":{"__uuid__":"63s7889BJHx62MSnltGhdl"},"fileId":"34CAZcgUBEUK/sOuAyod0q"},"_contentSize":{"__type__":"cc.Size","width":586,"height":581},"_position":{"__type__":"cc.Vec3","y":117},"_scale":{"__type__":"cc.Vec3","x":1,"y":1,"z":1}},{"__type__":"cc.Node","_name":"close_btn","_parent":{"__id__":1},"_level":2,"_components":[{"__type__":"cc.Sprite","node":{"__id__":4},"_spriteFrame":{"__uuid__":"23jpWtOztGSJWXqzqWUcS8"}},{"__type__":"cc.Button","node":{"__id__":4},"zoomScale":1.1,"_N$transition":3,"transition":3}],"_prefab":{"__type__":"cc.PrefabInfo","root":{"__id__":1},"asset":{"__uuid__":"63s7889BJHx62MSnltGhdl"},"fileId":"4b+KyFyZJLP6N561oy3URy"},"_contentSize":{"__type__":"cc.Size","width":70,"height":74},"_position":{"__type__":"cc.Vec3","x":316,"y":448},"_scale":{"__type__":"cc.Vec3","x":1,"y":1,"z":1}},{"__type__":"cc.Node","_name":"mask","_parent":{"__id__":1},"_children":[{"__id__":6}],"_level":2,"_components":[{"__type__":"cc.Mask","node":{"__id__":5}}],"_prefab":{"__type__":"cc.PrefabInfo","root":{"__id__":1},"asset":{"__uuid__":"63s7889BJHx62MSnltGhdl"},"fileId":"2dZL+NeQpIE6bJ497JSq91"},"_contentSize":{"__type__":"cc.Size","width":586,"height":581},"_position":{"__type__":"cc.Vec3","x":-3,"y":120},"_scale":{"__type__":"cc.Vec3","x":1,"y":1,"z":1}},{"__type__":"cc.Node","_name":"friendNode","_parent":{"__id__":5},"_active":false,"_level":3,"_components":[{"__type__":"57daf+akoJEep2h3m+Hx9C4","node":{"__id__":6}}],"_prefab":{"__type__":"cc.PrefabInfo","root":{"__id__":1},"asset":{"__uuid__":"63s7889BJHx62MSnltGhdl"},"fileId":"897DSy6T9OQ75K6VGkL9oT"},"_contentSize":{"__type__":"cc.Size","width":750,"height":1334},"_position":{"__type__":"cc.Vec3","x":3,"y":-120},"_scale":{"__type__":"cc.Vec3","x":1,"y":1,"z":1}},{"__type__":"cc.Node","_name":"friend_titile","_parent":{"__id__":1},"_level":2,"_components":[{"__type__":"cc.Sprite","node":{"__id__":7},"_spriteFrame":{"__uuid__":"60Qn93CxJCZJ0MMMLeG6/4"}}],"_prefab":{"__type__":"cc.PrefabInfo","root":{"__id__":1},"asset":{"__uuid__":"63s7889BJHx62MSnltGhdl"},"fileId":"9bseAz2IVLQqWAXgcqfcoq"},"_contentSize":{"__type__":"cc.Size","width":197,"height":55},"_position":{"__type__":"cc.Vec3","y":455},"_scale":{"__type__":"cc.Vec3","x":1,"y":1,"z":1}},{"__type__":"cc.Node","_name":"friend_btn","_parent":{"__id__":1},"_level":2,"_components":[{"__type__":"cc.Sprite","node":{"__id__":8},"_spriteFrame":{"__uuid__":"993by8QO5EMIo/54wVUQSk"}},{"__type__":"cc.Button","node":{"__id__":8},"_N$transition":3,"transition":3}],"_prefab":{"__type__":"cc.PrefabInfo","root":{"__id__":1},"asset":{"__uuid__":"63s7889BJHx62MSnltGhdl"},"fileId":"e09l9dHyJOvJJv0CAqRwsI"},"_contentSize":{"__type__":"cc.Size","width":278,"height":122},"_position":{"__type__":"cc.Vec3","y":-255},"_scale":{"__type__":"cc.Vec3","x":1,"y":1,"z":1}}],{"__type__":"cc.SpriteFrame","content":{"name":"friend_btn","texture":"3cyNE3RVFIp6f21rOo5lm3","rect":[0,384,278,122],"offset":[0,0],"originalSize":[278,122],"capInsets":[0,0,0,0]}},{"__type__":"cc.SpriteFrame","content":{"name":"common_7","texture":"8fs7OoLnpP/K7lTM8kKHni","rect":[0,429,90,88],"offset":[0,0],"originalSize":[90,88],"capInsets":[31,34,32,31]}}]