[{"__type__":"cc.SpriteFrame","content":{"name":"close (2)","texture":"a1kFce2/xNx60AtnsccfV2","rect":[383,897,28,27],"offset":[0,0],"originalSize":[28,27],"capInsets":[0,0,0,0]}},{"__type__":"cc.SpriteFrame","content":{"name":"tanchuanbg","texture":"a1kFce2/xNx60AtnsccfV2","rect":[821,756,80,78],"offset":[0,0],"originalSize":[80,78],"capInsets":[11,11,11,10]}},[{"__type__":"cc.Prefab","_name":"FieldGuide","data":{"__id__":1}},{"__type__":"cc.Node","_name":"field","_children":[{"__id__":2}],"_level":1,"_components":[{"__type__":"6e582hQOAlASZPCymwpkw9q","node":{"__id__":1},"grid":{"__id__":13},"griditem":{"__uuid__":"77aBeMlBJMlLfrCKgzksDJ"},"close":{"__id__":5},"layout":{"__id__":10},"item":{"__uuid__":"b851sn1wtDYr2MhHFxdE7M"},"scrollView":{"__id__":11}}],"_prefab":{"__type__":"cc.PrefabInfo","root":{"__id__":1},"asset":{"__uuid__":"89lahxATFAe4tDsdzbLLHU"},"fileId":"edM+2M4WFOLqhKoTRNfng8"},"_color":{"__type__":"cc.Color","r":107,"g":102,"b":102},"_contentSize":{"__type__":"cc.Size","width":750,"height":1334},"_position":{"__type__":"cc.Vec3","y":-225},"_scale":{"__type__":"cc.Vec3","x":1,"y":1,"z":1}},{"__type__":"cc.Node","_name":"bg","_parent":{"__id__":1},"_children":[{"__id__":3},{"__id__":7},{"__id__":12}],"_level":2,"_components":[{"__type__":"cc.Sprite","node":{"__id__":2},"_spriteFrame":{"__uuid__":"510X4D6aFPGa9wjpS7Ot5t"},"_type":1,"_sizeMode":0},{"__type__":"cc.Layout","node":{"__id__":2},"_layoutSize":{"__type__":"cc.Size","width":700,"height":1079},"_resize":1,"_N$layoutType":2,"_N$paddingTop":10,"_N$paddingBottom":10}],"_prefab":{"__type__":"cc.PrefabInfo","root":{"__id__":1},"asset":{"__uuid__":"89lahxATFAe4tDsdzbLLHU"},"fileId":"e8Axtz06JAI4xvYpU9efxO"},"_contentSize":{"__type__":"cc.Size","width":700,"height":1079},"_position":{"__type__":"cc.Vec3","y":85},"_scale":{"__type__":"cc.Vec3","x":1,"y":1,"z":1}},{"__type__":"cc.Node","_name":"shangcehng","_parent":{"__id__":2},"_children":[{"__id__":4},{"__id__":5}],"_level":3,"_components":[{"__type__":"cc.Sprite","node":{"__id__":3},"_spriteFrame":{"__uuid__":"b3CLDo9FhEhpyt697OG5HT"},"_sizeMode":0},{"__type__":"cc.Widget","node":{"__id__":3},"_alignFlags":1,"_top":10}],"_prefab":{"__type__":"cc.PrefabInfo","root":{"__id__":1},"asset":{"__uuid__":"89lahxATFAe4tDsdzbLLHU"},"fileId":"1448nn96NPupEP55Tjcxkv"},"_contentSize":{"__type__":"cc.Size","width":680,"height":59},"_position":{"__type__":"cc.Vec3","y":500},"_scale":{"__type__":"cc.Vec3","x":1,"y":1,"z":1}},{"__type__":"cc.Node","_name":"title","_parent":{"__id__":3},"_level":4,"_components":[{"__type__":"cc.Label","node":{"__id__":4},"_srcBlendFactor":1,"_useOriginalSize":false,"_string":"英雄图鉴","_N$string":"英雄图鉴","_N$horizontalAlign":1,"_N$verticalAlign":1,"_N$fontFamily":"苹方"}],"_prefab":{"__type__":"cc.PrefabInfo","root":{"__id__":1},"asset":{"__uuid__":"89lahxATFAe4tDsdzbLLHU"},"fileId":"637zCb1XlCu67RK7yCgi9H"},"_contentSize":{"__type__":"cc.Size","width":160,"height":40},"_scale":{"__type__":"cc.Vec3","x":1,"y":1,"z":1}},{"__type__":"cc.Node","_name":"close","_parent":{"__id__":3},"_children":[{"__id__":6}],"_level":4,"_components":[{"__type__":"cc.Button","node":{"__id__":5},"_N$transition":3,"transition":3,"_N$target":{"__id__":5}}],"_prefab":{"__type__":"cc.PrefabInfo","root":{"__id__":1},"asset":{"__uuid__":"89lahxATFAe4tDsdzbLLHU"},"fileId":"3biaWrDW5FHpdeWR7Uw4x7"},"_contentSize":{"__type__":"cc.Size","width":70,"height":70},"_position":{"__type__":"cc.Vec3","x":304},"_scale":{"__type__":"cc.Vec3","x":1,"y":1,"z":1}},{"__type__":"cc.Node","_name":"close (2)","_parent":{"__id__":5},"_level":5,"_components":[{"__type__":"cc.Sprite","node":{"__id__":6},"_spriteFrame":{"__uuid__":"33DcKl9v5Ef6qoSRMZ5ejJ"}}],"_prefab":{"__type__":"cc.PrefabInfo","root":{"__id__":1},"asset":{"__uuid__":"89lahxATFAe4tDsdzbLLHU"},"fileId":"8as8U+fS1LgYrhJYdqxZ+Y"},"_contentSize":{"__type__":"cc.Size","width":28,"height":27},"_scale":{"__type__":"cc.Vec3","x":1,"y":1,"z":1}},{"__type__":"cc.Node","_name":"conten","_parent":{"__id__":2},"_children":[{"__id__":8}],"_level":3,"_components":[{"__type__":"cc.Sprite","node":{"__id__":7},"_type":1,"_sizeMode":0}],"_prefab":{"__type__":"cc.PrefabInfo","root":{"__id__":1},"asset":{"__uuid__":"89lahxATFAe4tDsdzbLLHU"},"fileId":"6doWQIn71AKqn3UMYp0TR/"},"_color":{"__type__":"cc.Color","r":86,"g":127,"b":163},"_contentSize":{"__type__":"cc.Size","width":680,"height":700},"_position":{"__type__":"cc.Vec3","y":120.5},"_scale":{"__type__":"cc.Vec3","x":1,"y":1,"z":1}},{"__type__":"cc.Node","_name":"scrollview","_parent":{"__id__":7},"_children":[{"__id__":9}],"_level":4,"_components":[{"__type__":"cc.Sprite","node":{"__id__":8},"_type":1,"_sizeMode":0},{"__id__":11},{"__type__":"cc.Widget","node":{"__id__":8},"_alignFlags":45,"_originalWidth":240,"_originalHeight":250}],"_prefab":{"__type__":"cc.PrefabInfo","root":{"__id__":1},"asset":{"__uuid__":"89lahxATFAe4tDsdzbLLHU"},"fileId":"324GrfrgtOuoJaJ0cw4+RB"},"_contentSize":{"__type__":"cc.Size","width":680,"height":700},"_scale":{"__type__":"cc.Vec3","x":1,"y":1,"z":1}},{"__type__":"cc.Node","_name":"view","_parent":{"__id__":8},"_children":[{"__id__":10}],"_components":[{"__type__":"cc.Mask","node":{"__id__":9}},{"__type__":"cc.Widget","node":{"__id__":9},"_alignFlags":45,"_originalWidth":240,"_originalHeight":250}],"_prefab":{"__type__":"cc.PrefabInfo","root":{"__id__":1},"asset":{"__uuid__":"89lahxATFAe4tDsdzbLLHU"},"fileId":"7bVwhP5pFNjp2+8Wflskm7"},"_contentSize":{"__type__":"cc.Size","width":680,"height":700},"_scale":{"__type__":"cc.Vec3","x":1,"y":1,"z":1}},{"__type__":"cc.Node","_name":"content","_parent":{"__id__":9},"_components":[{"__type__":"cc.Widget","node":{"__id__":10},"_alignFlags":41,"_top":10,"_originalWidth":220},{"__type__":"cc.Layout","node":{"__id__":10},"_resize":1,"_N$layoutType":2}],"_prefab":{"__type__":"cc.PrefabInfo","root":{"__id__":1},"asset":{"__uuid__":"89lahxATFAe4tDsdzbLLHU"},"fileId":"b7fq3NwcZPZKzWPYnsaFyD"},"_contentSize":{"__type__":"cc.Size","width":680,"height":400},"_anchorPoint":{"__type__":"cc.Vec2","x":0.5,"y":1},"_position":{"__type__":"cc.Vec3","y":340},"_scale":{"__type__":"cc.Vec3","x":1,"y":1,"z":1}},{"__type__":"cc.ScrollView","node":{"__id__":8},"horizontal":false,"brake":0.75,"bounceDuration":0.23,"_N$content":{"__id__":10},"content":{"__id__":10},"_N$horizontalScrollBar":null,"_N$verticalScrollBar":null},{"__type__":"cc.Node","_name":"icon","_parent":{"__id__":2},"_children":[{"__id__":13}],"_level":3,"_components":[{"__type__":"cc.Sprite","node":{"__id__":12},"_spriteFrame":{"__uuid__":"9bvaMerUlDyary99mJa6xp"},"_type":1,"_sizeMode":0},{"__type__":"cc.Layout","node":{"__id__":12},"_layoutSize":{"__type__":"cc.Size","width":680,"height":300}}],"_prefab":{"__type__":"cc.PrefabInfo","root":{"__id__":1},"asset":{"__uuid__":"89lahxATFAe4tDsdzbLLHU"},"fileId":"6b5il1itFAX6VUzvaWXb/C"},"_color":{"__type__":"cc.Color","r":64,"g":71,"b":87},"_contentSize":{"__type__":"cc.Size","width":680,"height":300},"_position":{"__type__":"cc.Vec3","y":-379.5},"_scale":{"__type__":"cc.Vec3","x":1,"y":1,"z":1}},{"__type__":"cc.Node","_name":"grid","_parent":{"__id__":12},"_level":4,"_components":[{"__type__":"cc.Sprite","node":{"__id__":13},"_type":1,"_sizeMode":0},{"__type__":"cc.Layout","node":{"__id__":13},"_layoutSize":{"__type__":"cc.Size","width":680,"height":300},"_N$layoutType":3,"_N$paddingLeft":11,"_N$paddingRight":11,"_N$paddingTop":11,"_N$paddingBottom":11,"_N$spacingX":12,"_N$spacingY":11},{"__type__":"cc.Widget","node":{"__id__":13},"_alignFlags":45,"_top":2,"_bottom":-2,"_originalWidth":20,"_originalHeight":70}],"_prefab":{"__type__":"cc.PrefabInfo","root":{"__id__":1},"asset":{"__uuid__":"89lahxATFAe4tDsdzbLLHU"},"fileId":"66UtY31mVMxo1FGrdTLVd5"},"_contentSize":{"__type__":"cc.Size","width":680,"height":300},"_anchorPoint":{"__type__":"cc.Vec2","y":1},"_position":{"__type__":"cc.Vec3","x":-340,"y":148},"_scale":{"__type__":"cc.Vec3","x":1,"y":1,"z":1}}],{"__type__":"cc.SpriteFrame","content":{"name":"default_panel","texture":"d8HsitJHxOYqo801xBk8ev","rect":[0,0,20,20],"offset":[0,0],"originalSize":[20,20],"capInsets":[6,6,6,6]}},{"__type__":"cc.SpriteFrame","content":{"name":"shangcehng","texture":"a1kFce2/xNx60AtnsccfV2","rect":[62,412,679,59],"offset":[0,0],"originalSize":[679,59],"capInsets":[0,0,0,0]}}]