[[{"__type__":"cc.Prefab","_name":"ResetTime","data":{"__id__":1}},{"__type__":"cc.Node","_name":"resettime","_children":[{"__id__":2},{"__id__":3},{"__id__":7},{"__id__":9},{"__id__":11},{"__id__":15}],"_level":1,"_components":[{"__type__":"fe3d2WTWttKSKOODU/V2FD3","node":{"__id__":1},"resetBt":{"__id__":7},"close":{"__id__":5},"allresetBt":{"__id__":9},"one":{"__id__":14},"alltext":{"__id__":18}}],"_prefab":{"__type__":"cc.PrefabInfo","root":{"__id__":1},"asset":{"__uuid__":"0ePUWF8bxJlrG4qKuOPlRe"},"fileId":"035H9R0J1PDYDHIXrgjd8/"},"_contentSize":{"__type__":"cc.Size","width":700,"height":700},"_scale":{"__type__":"cc.Vec3","x":1,"y":1,"z":1}},{"__type__":"cc.Node","_name":"tanchuanbg","_parent":{"__id__":1},"_level":2,"_components":[{"__type__":"cc.Sprite","node":{"__id__":2},"_spriteFrame":{"__uuid__":"510X4D6aFPGa9wjpS7Ot5t"},"_type":1,"_sizeMode":0}],"_prefab":{"__type__":"cc.PrefabInfo","root":{"__id__":1},"asset":{"__uuid__":"0ePUWF8bxJlrG4qKuOPlRe"},"fileId":"04FXDywGNBzKXR6JhCt0In"},"_contentSize":{"__type__":"cc.Size","width":500,"height":500},"_scale":{"__type__":"cc.Vec3","x":1,"y":1,"z":1}},{"__type__":"cc.Node","_name":"shangcehng","_parent":{"__id__":1},"_children":[{"__id__":4},{"__id__":5}],"_level":2,"_components":[{"__type__":"cc.Sprite","node":{"__id__":3},"_spriteFrame":{"__uuid__":"b3CLDo9FhEhpyt697OG5HT"},"_type":1,"_sizeMode":0}],"_prefab":{"__type__":"cc.PrefabInfo","root":{"__id__":1},"asset":{"__uuid__":"0ePUWF8bxJlrG4qKuOPlRe"},"fileId":"99RcJgSaNJzICo75d3SmIn"},"_contentSize":{"__type__":"cc.Size","width":480,"height":59},"_position":{"__type__":"cc.Vec3","y":211},"_scale":{"__type__":"cc.Vec3","x":1,"y":1,"z":1}},{"__type__":"cc.Node","_name":"title","_parent":{"__id__":3},"_level":3,"_components":[{"__type__":"cc.Label","node":{"__id__":4},"_srcBlendFactor":1,"_useOriginalSize":false,"_string":"重置技能","_N$string":"重置技能","_fontSize":30,"_lineHeight":32,"_N$horizontalAlign":1,"_N$verticalAlign":1}],"_prefab":{"__type__":"cc.PrefabInfo","root":{"__id__":1},"asset":{"__uuid__":"0ePUWF8bxJlrG4qKuOPlRe"},"fileId":"cc/QcaXx5GYoxdUTR7N1Sb"},"_contentSize":{"__type__":"cc.Size","width":120,"height":32},"_scale":{"__type__":"cc.Vec3","x":1,"y":1,"z":1}},{"__type__":"cc.Node","_name":"node","_parent":{"__id__":3},"_children":[{"__id__":6}],"_level":3,"_components":[{"__type__":"cc.Button","node":{"__id__":5},"_N$transition":3,"transition":3,"_N$target":{"__id__":5}}],"_prefab":{"__type__":"cc.PrefabInfo","root":{"__id__":1},"asset":{"__uuid__":"0ePUWF8bxJlrG4qKuOPlRe"},"fileId":"ccIRrpw8VDAZ41sfXC/vJv"},"_contentSize":{"__type__":"cc.Size","width":70,"height":70},"_position":{"__type__":"cc.Vec3","x":206},"_scale":{"__type__":"cc.Vec3","x":1,"y":1,"z":1}},{"__type__":"cc.Node","_name":"close","_parent":{"__id__":5},"_level":4,"_components":[{"__type__":"cc.Sprite","node":{"__id__":6},"_spriteFrame":{"__uuid__":"33DcKl9v5Ef6qoSRMZ5ejJ"}}],"_prefab":{"__type__":"cc.PrefabInfo","root":{"__id__":1},"asset":{"__uuid__":"0ePUWF8bxJlrG4qKuOPlRe"},"fileId":"a451k4padDProFE6I92kls"},"_contentSize":{"__type__":"cc.Size","width":28,"height":27},"_scale":{"__type__":"cc.Vec3","x":1,"y":1,"z":1}},{"__type__":"cc.Node","_name":"tanchuangtongyon","_parent":{"__id__":1},"_children":[{"__id__":8}],"_level":2,"_components":[{"__type__":"cc.Sprite","node":{"__id__":7},"_spriteFrame":{"__uuid__":"39PxN1FxBCxLjMGmRJhgVO"},"_sizeMode":0},{"__type__":"cc.Button","node":{"__id__":7},"_N$transition":3,"transition":3,"_N$target":{"__id__":7}}],"_prefab":{"__type__":"cc.PrefabInfo","root":{"__id__":1},"asset":{"__uuid__":"0ePUWF8bxJlrG4qKuOPlRe"},"fileId":"846h3gg5pFb7i9uRGF9EfT"},"_contentSize":{"__type__":"cc.Size","width":200,"height":70},"_position":{"__type__":"cc.Vec3","x":-7.6,"y":-82.5},"_scale":{"__type__":"cc.Vec3","x":1,"y":1,"z":1}},{"__type__":"cc.Node","_name":"New Label","_parent":{"__id__":7},"_level":3,"_components":[{"__type__":"cc.Label","node":{"__id__":8},"_srcBlendFactor":1,"_useOriginalSize":false,"_string":"重置","_N$string":"重置","_fontSize":30,"_lineHeight":32,"_N$horizontalAlign":1,"_N$verticalAlign":1}],"_prefab":{"__type__":"cc.PrefabInfo","root":{"__id__":1},"asset":{"__uuid__":"0ePUWF8bxJlrG4qKuOPlRe"},"fileId":"5cyJzLTSlAKrBa2AxnkPzV"},"_contentSize":{"__type__":"cc.Size","width":60,"height":32},"_position":{"__type__":"cc.Vec3","y":4},"_scale":{"__type__":"cc.Vec3","x":1,"y":1,"z":1}},{"__type__":"cc.Node","_name":"all","_parent":{"__id__":1},"_children":[{"__id__":10}],"_level":2,"_components":[{"__type__":"cc.Sprite","node":{"__id__":9},"_spriteFrame":{"__uuid__":"44g0UVRJ9GbKsO3olnybmd"},"_sizeMode":0},{"__type__":"cc.Button","node":{"__id__":9},"_N$transition":3,"transition":3,"_N$target":{"__id__":9}}],"_prefab":{"__type__":"cc.PrefabInfo","root":{"__id__":1},"asset":{"__uuid__":"0ePUWF8bxJlrG4qKuOPlRe"},"fileId":"fa9OI8MmtKLKwMR0Xmta+D"},"_contentSize":{"__type__":"cc.Size","width":200,"height":70},"_position":{"__type__":"cc.Vec3","x":-8.7,"y":-178},"_scale":{"__type__":"cc.Vec3","x":1,"y":1,"z":1}},{"__type__":"cc.Node","_name":"New Label","_parent":{"__id__":9},"_level":3,"_components":[{"__type__":"cc.Label","node":{"__id__":10},"_srcBlendFactor":1,"_useOriginalSize":false,"_string":"全部重置","_N$string":"全部重置","_fontSize":30,"_lineHeight":32,"_N$horizontalAlign":1,"_N$verticalAlign":1}],"_prefab":{"__type__":"cc.PrefabInfo","root":{"__id__":1},"asset":{"__uuid__":"0ePUWF8bxJlrG4qKuOPlRe"},"fileId":"89OK8OC3BPm5JyQC0b5C7G"},"_contentSize":{"__type__":"cc.Size","width":120,"height":32},"_position":{"__type__":"cc.Vec3","y":4},"_scale":{"__type__":"cc.Vec3","x":1,"y":1,"z":1}},{"__type__":"cc.Node","_name":"one","_parent":{"__id__":1},"_children":[{"__id__":12},{"__id__":13}],"_level":2,"_components":[{"__id__":14}],"_prefab":{"__type__":"cc.PrefabInfo","root":{"__id__":1},"asset":{"__uuid__":"0ePUWF8bxJlrG4qKuOPlRe"},"fileId":"5ft3Ra2/hKE67Gom2KzZHk"},"_color":{"__type__":"cc.Color","r":97,"g":194,"b":255},"_contentSize":{"__type__":"cc.Size","width":115.03,"height":32},"_position":{"__type__":"cc.Vec3","y":70},"_scale":{"__type__":"cc.Vec3","x":1,"y":1,"z":1}},{"__type__":"cc.PrivateNode","_name":"RICHTEXT_CHILD","_parent":{"__id__":11},"_level":3,"_components":[{"__type__":"cc.Label","node":{"__id__":12},"_srcBlendFactor":1,"_string":"Rich","_N$string":"Rich","_fontSize":30,"_lineHeight":32,"_N$verticalAlign":1}],"_prefab":{"__type__":"cc.PrefabInfo","root":{"__id__":1},"asset":{"__uuid__":"0ePUWF8bxJlrG4qKuOPlRe"},"fileId":"4eKgTsPkJKM4u5Ad+NAt1j"},"_color":{"__type__":"cc.Color","g":255},"_contentSize":{"__type__":"cc.Size","width":60.01,"height":32},"_anchorPoint":{"__type__":"cc.Vec2"},"_position":{"__type__":"cc.Vec3","x":-57.515,"y":-16},"_scale":{"__type__":"cc.Vec3","x":1,"y":1,"z":1},"_zIndex":-32768},{"__type__":"cc.PrivateNode","_name":"RICHTEXT_CHILD","_parent":{"__id__":11},"_level":3,"_components":[{"__type__":"cc.Label","node":{"__id__":13},"_srcBlendFactor":1,"_string":"Text","_N$string":"Text","_fontSize":30,"_lineHeight":32,"_N$verticalAlign":1}],"_prefab":{"__type__":"cc.PrefabInfo","root":{"__id__":1},"asset":{"__uuid__":"0ePUWF8bxJlrG4qKuOPlRe"},"fileId":"fd8cY5kvNAFZG+c+zIaeCa"},"_color":{"__type__":"cc.Color","r":15,"g":255,"b":255},"_contentSize":{"__type__":"cc.Size","width":55.02,"height":32},"_anchorPoint":{"__type__":"cc.Vec2"},"_position":{"__type__":"cc.Vec3","x":2.4949999999999974,"y":-16},"_scale":{"__type__":"cc.Vec3","x":1,"y":1,"z":1},"_zIndex":-32768},{"__type__":"cc.RichText","node":{"__id__":11},"_N$fontSize":30,"_N$lineHeight":32},{"__type__":"cc.Node","_name":"alltext","_parent":{"__id__":1},"_children":[{"__id__":16},{"__id__":17}],"_level":2,"_components":[{"__id__":18}],"_prefab":{"__type__":"cc.PrefabInfo","root":{"__id__":1},"asset":{"__uuid__":"0ePUWF8bxJlrG4qKuOPlRe"},"fileId":"e9Be/+nkpCYqKvTk0983V6"},"_contentSize":{"__type__":"cc.Size","width":115.03,"height":32},"_position":{"__type__":"cc.Vec3","y":17},"_scale":{"__type__":"cc.Vec3","x":1,"y":1,"z":1}},{"__type__":"cc.PrivateNode","_name":"RICHTEXT_CHILD","_parent":{"__id__":15},"_level":3,"_components":[{"__type__":"cc.Label","node":{"__id__":16},"_srcBlendFactor":1,"_string":"Rich","_N$string":"Rich","_fontSize":30,"_lineHeight":32,"_N$verticalAlign":1}],"_prefab":{"__type__":"cc.PrefabInfo","root":{"__id__":1},"asset":{"__uuid__":"0ePUWF8bxJlrG4qKuOPlRe"},"fileId":"68RXLWoaRBO6U/SeAnUmIw"},"_color":{"__type__":"cc.Color","g":255},"_contentSize":{"__type__":"cc.Size","width":60.01,"height":32},"_anchorPoint":{"__type__":"cc.Vec2"},"_position":{"__type__":"cc.Vec3","x":-57.515,"y":-16},"_scale":{"__type__":"cc.Vec3","x":1,"y":1,"z":1},"_zIndex":-32768},{"__type__":"cc.PrivateNode","_name":"RICHTEXT_CHILD","_parent":{"__id__":15},"_level":3,"_components":[{"__type__":"cc.Label","node":{"__id__":17},"_srcBlendFactor":1,"_string":"Text","_N$string":"Text","_fontSize":30,"_lineHeight":32,"_N$verticalAlign":1}],"_prefab":{"__type__":"cc.PrefabInfo","root":{"__id__":1},"asset":{"__uuid__":"0ePUWF8bxJlrG4qKuOPlRe"},"fileId":"bdI82M+yRLuIA6yIPueL0s"},"_color":{"__type__":"cc.Color","r":15,"g":255,"b":255},"_contentSize":{"__type__":"cc.Size","width":55.02,"height":32},"_anchorPoint":{"__type__":"cc.Vec2"},"_position":{"__type__":"cc.Vec3","x":2.4949999999999974,"y":-16},"_scale":{"__type__":"cc.Vec3","x":1,"y":1,"z":1},"_zIndex":-32768},{"__type__":"cc.RichText","node":{"__id__":15},"_N$fontSize":30,"_N$lineHeight":32}],{"__type__":"cc.SpriteFrame","content":{"name":"close (2)","texture":"a1kFce2/xNx60AtnsccfV2","rect":[383,897,28,27],"offset":[0,0],"originalSize":[28,27],"capInsets":[0,0,0,0]}},{"__type__":"cc.SpriteFrame","content":{"name":"tanchuangtongyon","texture":"a1kFce2/xNx60AtnsccfV2","rect":[112,794,261,84],"offset":[0,0],"originalSize":[261,84],"capInsets":[0,0,0,0]}},{"__type__":"cc.SpriteFrame","content":{"name":"juse","texture":"d2mZm4YZ1NYqPd05Z8hLBU","rect":[0,249,261,84],"offset":[0,0],"originalSize":[261,84],"capInsets":[0,0,0,0]}},{"__type__":"cc.SpriteFrame","content":{"name":"tanchuanbg","texture":"a1kFce2/xNx60AtnsccfV2","rect":[821,756,80,78],"offset":[0,0],"originalSize":[80,78],"capInsets":[11,11,11,10]}},{"__type__":"cc.SpriteFrame","content":{"name":"shangcehng","texture":"a1kFce2/xNx60AtnsccfV2","rect":[62,412,679,59],"offset":[0,0],"originalSize":[679,59],"capInsets":[0,0,0,0]}}]