[{"__type__":"cc.SpriteFrame","content":{"name":"lvse","texture":"a1kFce2/xNx60AtnsccfV2","rect":[149,1092,192,96],"offset":[0,0],"originalSize":[192,96],"capInsets":[0,0,0,0]}},{"__type__":"cc.SpriteFrame","content":{"name":"close (2)","texture":"a1kFce2/xNx60AtnsccfV2","rect":[383,897,28,27],"offset":[0,0],"originalSize":[28,27],"capInsets":[0,0,0,0]}},{"__type__":"cc.SpriteFrame","content":{"name":"tanchuanbg","texture":"a1kFce2/xNx60AtnsccfV2","rect":[821,756,80,78],"offset":[0,0],"originalSize":[80,78],"capInsets":[11,11,11,10]}},[{"__type__":"cc.Prefab","_name":"PowerWin","data":{"__id__":1}},{"__type__":"cc.Node","_name":"PowerWin","_children":[{"__id__":2}],"_level":1,"_components":[{"__type__":"34eceuDfpdL/7AUKbxh138e","node":{"__id__":1},"closeBtn":{"__id__":6},"item0Btn":{"__id__":13},"item1Btn":{"__id__":23}}],"_prefab":{"__type__":"cc.PrefabInfo","root":{"__id__":1},"asset":{"__uuid__":"abzmoq/thFYJ0xGJedmiDy"},"fileId":"37YH+6moFAfpdWFGSyppSa"},"_contentSize":{"__type__":"cc.Size","width":350,"height":260},"_scale":{"__type__":"cc.Vec3","x":1,"y":1,"z":1}},{"__type__":"cc.Node","_name":"bg","_parent":{"__id__":1},"_children":[{"__id__":3},{"__id__":8},{"__id__":18}],"_level":2,"_components":[{"__type__":"cc.Sprite","node":{"__id__":2},"_spriteFrame":{"__uuid__":"510X4D6aFPGa9wjpS7Ot5t"},"_type":1,"_sizeMode":0}],"_prefab":{"__type__":"cc.PrefabInfo","root":{"__id__":1},"asset":{"__uuid__":"abzmoq/thFYJ0xGJedmiDy"},"fileId":"c9ohB/pqpONb0U+bdAHXJv"},"_contentSize":{"__type__":"cc.Size","width":350,"height":260},"_scale":{"__type__":"cc.Vec3","x":1,"y":1,"z":1}},{"__type__":"cc.Node","_name":"New Node","_parent":{"__id__":2},"_children":[{"__id__":4}],"_level":3,"_components":[{"__type__":"cc.Layout","node":{"__id__":3},"_layoutSize":{"__type__":"cc.Size","width":335,"height":245},"_N$layoutType":2}],"_prefab":{"__type__":"cc.PrefabInfo","root":{"__id__":1},"asset":{"__uuid__":"abzmoq/thFYJ0xGJedmiDy"},"fileId":"18QCbXQw9Bk7YZ0tvrtTYP"},"_contentSize":{"__type__":"cc.Size","width":335,"height":245},"_scale":{"__type__":"cc.Vec3","x":1,"y":1,"z":1}},{"__type__":"cc.Node","_name":"title","_parent":{"__id__":3},"_children":[{"__id__":5},{"__id__":6}],"_level":4,"_components":[{"__type__":"cc.Sprite","node":{"__id__":4},"_spriteFrame":{"__uuid__":"b3CLDo9FhEhpyt697OG5HT"},"_sizeMode":0},{"__type__":"cc.Widget","node":{"__id__":4},"_alignFlags":41,"_left":1,"_right":1,"_originalWidth":680}],"_prefab":{"__type__":"cc.PrefabInfo","root":{"__id__":1},"asset":{"__uuid__":"abzmoq/thFYJ0xGJedmiDy"},"fileId":"0dp/jrIGBGqY2GJwskgAGW"},"_contentSize":{"__type__":"cc.Size","width":333,"height":50},"_position":{"__type__":"cc.Vec3","y":97.5},"_scale":{"__type__":"cc.Vec3","x":1,"y":1,"z":1}},{"__type__":"cc.Node","_name":"New Label","_parent":{"__id__":4},"_level":4,"_components":[{"__type__":"cc.Label","node":{"__id__":5},"_srcBlendFactor":1,"_useOriginalSize":false,"_string":"体力购买","_N$string":"体力购买","_fontSize":20,"_N$horizontalAlign":1,"_N$verticalAlign":1,"_N$fontFamily":"苹方","_N$overflow":1},{"__type__":"cc.Widget","node":{"__id__":5},"_alignFlags":18}],"_prefab":{"__type__":"cc.PrefabInfo","root":{"__id__":1},"asset":{"__uuid__":"abzmoq/thFYJ0xGJedmiDy"},"fileId":"cf4o8EXcZJsK07nohs071p"},"_contentSize":{"__type__":"cc.Size","width":350,"height":40},"_scale":{"__type__":"cc.Vec3","x":1,"y":1,"z":1}},{"__type__":"cc.Node","_name":"close","_parent":{"__id__":4},"_children":[{"__id__":7}],"_level":5,"_components":[{"__type__":"cc.Widget","node":{"__id__":6},"_alignFlags":32},{"__type__":"cc.Button","node":{"__id__":6},"_N$transition":3,"transition":3,"_N$target":{"__id__":6}}],"_prefab":{"__type__":"cc.PrefabInfo","root":{"__id__":1},"asset":{"__uuid__":"abzmoq/thFYJ0xGJedmiDy"},"fileId":"e7kbk/Ik1A4qDos0hdfuqb"},"_contentSize":{"__type__":"cc.Size","width":70,"height":70},"_position":{"__type__":"cc.Vec3","x":131.5},"_scale":{"__type__":"cc.Vec3","x":1,"y":1,"z":1}},{"__type__":"cc.Node","_name":"New Sprite(Splash)","_parent":{"__id__":6},"_level":6,"_components":[{"__type__":"cc.Sprite","node":{"__id__":7},"_spriteFrame":{"__uuid__":"33DcKl9v5Ef6qoSRMZ5ejJ"}}],"_prefab":{"__type__":"cc.PrefabInfo","root":{"__id__":1},"asset":{"__uuid__":"abzmoq/thFYJ0xGJedmiDy"},"fileId":"19zQNVCM9P5put7emUjzbb"},"_contentSize":{"__type__":"cc.Size","width":28,"height":27},"_scale":{"__type__":"cc.Vec3","x":1,"y":1,"z":1}},{"__type__":"cc.Node","_name":"powerBg","_parent":{"__id__":2},"_children":[{"__id__":9},{"__id__":11}],"_level":3,"_components":[{"__id__":17},{"__type__":"32540GFq4FAT5ZSyUpi/XyW","node":{"__id__":8},"img":{"__id__":17},"url":"texture/copy/powerBg.png"}],"_prefab":{"__type__":"cc.PrefabInfo","root":{"__id__":1},"asset":{"__uuid__":"abzmoq/thFYJ0xGJedmiDy"},"fileId":"28zNCP9RJMC7YLPAsuYNrM"},"_contentSize":{"__type__":"cc.Size","width":333,"height":82},"_position":{"__type__":"cc.Vec3","y":22},"_scale":{"__type__":"cc.Vec3","x":1,"y":1,"z":1}},{"__type__":"cc.Node","_name":"item10","_parent":{"__id__":8},"_level":2,"_components":[{"__id__":10},{"__type__":"32540GFq4FAT5ZSyUpi/XyW","node":{"__id__":9},"img":{"__id__":10},"url":"texture/copy/item10.png"}],"_prefab":{"__type__":"cc.PrefabInfo","root":{"__id__":1},"asset":{"__uuid__":"abzmoq/thFYJ0xGJedmiDy"},"fileId":"1csMergjZEWKxW+vRoSvBY"},"_contentSize":{"__type__":"cc.Size","width":60,"height":60},"_position":{"__type__":"cc.Vec3","x":-127.9,"y":0.6},"_scale":{"__type__":"cc.Vec3","x":1,"y":1,"z":1}},{"__type__":"cc.Sprite","node":{"__id__":9},"_sizeMode":0},{"__type__":"cc.Node","_name":"New Label","_parent":{"__id__":8},"_children":[{"__id__":12},{"__id__":13}],"_level":2,"_components":[{"__type__":"cc.Label","node":{"__id__":11},"_srcBlendFactor":1,"_useOriginalSize":false,"_string":"初级体力药剂","_N$string":"初级体力药剂","_fontSize":15,"_N$horizontalAlign":1,"_N$verticalAlign":1,"_N$fontFamily":"苹方"}],"_prefab":{"__type__":"cc.PrefabInfo","root":{"__id__":1},"asset":{"__uuid__":"abzmoq/thFYJ0xGJedmiDy"},"fileId":"a0FYZ51OFNcbXW/OcT8x7e"},"_contentSize":{"__type__":"cc.Size","width":90,"height":40},"_position":{"__type__":"cc.Vec3","x":-39.1,"y":14.2},"_scale":{"__type__":"cc.Vec3","x":1,"y":1,"z":1}},{"__type__":"cc.Node","_name":"New Label","_parent":{"__id__":11},"_level":3,"_components":[{"__type__":"cc.Label","node":{"__id__":12},"_srcBlendFactor":1,"_useOriginalSize":false,"_string":"体力+5","_N$string":"体力+5","_fontSize":15,"_N$horizontalAlign":1,"_N$verticalAlign":1,"_N$fontFamily":"苹方"}],"_prefab":{"__type__":"cc.PrefabInfo","root":{"__id__":1},"asset":{"__uuid__":"abzmoq/thFYJ0xGJedmiDy"},"fileId":"bcKf0Go6tMYKL/nnCfPCiz"},"_color":{"__type__":"cc.Color","r":248,"g":193,"b":4},"_contentSize":{"__type__":"cc.Size","width":46,"height":40},"_position":{"__type__":"cc.Vec3","x":-22,"y":-29.6},"_scale":{"__type__":"cc.Vec3","x":1,"y":1,"z":1}},{"__type__":"cc.Node","_name":"lvse","_parent":{"__id__":11},"_children":[{"__id__":14},{"__id__":15},{"__id__":16}],"_level":3,"_components":[{"__type__":"cc.Sprite","node":{"__id__":13},"_spriteFrame":{"__uuid__":"14h6o0GpVBepbMCU7ofqzI"},"_sizeMode":0}],"_prefab":{"__type__":"cc.PrefabInfo","root":{"__id__":1},"asset":{"__uuid__":"abzmoq/thFYJ0xGJedmiDy"},"fileId":"84jLY5q8NJlYwVUETO3Vmc"},"_contentSize":{"__type__":"cc.Size","width":110,"height":54},"_position":{"__type__":"cc.Vec3","x":136,"y":-13},"_scale":{"__type__":"cc.Vec3","x":1,"y":1,"z":1}},{"__type__":"cc.Node","_name":"zhuanshi","_parent":{"__id__":13},"_level":4,"_components":[{"__type__":"cc.Sprite","node":{"__id__":14},"_spriteFrame":{"__uuid__":"de0JHSRvpF/p6Fu3WSBcG6"}}],"_prefab":{"__type__":"cc.PrefabInfo","root":{"__id__":1},"asset":{"__uuid__":"abzmoq/thFYJ0xGJedmiDy"},"fileId":"7fsXGHWz5OTZyOZw7fcwvp"},"_contentSize":{"__type__":"cc.Size","width":41,"height":32},"_position":{"__type__":"cc.Vec3","x":-7.8,"y":15.9},"_scale":{"__type__":"cc.Vec3","x":0.5,"y":0.5,"z":1}},{"__type__":"cc.Node","_name":"dier","_parent":{"__id__":13},"_level":4,"_components":[{"__type__":"cc.Label","node":{"__id__":15},"_srcBlendFactor":1,"_useOriginalSize":false,"_string":"50","_N$string":"50","_fontSize":15,"_lineHeight":20,"_N$horizontalAlign":1,"_N$verticalAlign":1,"_N$fontFamily":"苹方"}],"_prefab":{"__type__":"cc.PrefabInfo","root":{"__id__":1},"asset":{"__uuid__":"abzmoq/thFYJ0xGJedmiDy"},"fileId":"6ctRNqpnxKKZ9eVq6SrVVn"},"_contentSize":{"__type__":"cc.Size","width":16,"height":20},"_position":{"__type__":"cc.Vec3","x":16.6,"y":15.9},"_scale":{"__type__":"cc.Vec3","x":1,"y":1,"z":1}},{"__type__":"cc.Node","_name":"user","_parent":{"__id__":13},"_level":4,"_components":[{"__type__":"cc.Label","node":{"__id__":16},"_srcBlendFactor":1,"_useOriginalSize":false,"_string":"使用","_N$string":"使用","_fontSize":15,"_lineHeight":20,"_N$horizontalAlign":1,"_N$verticalAlign":1,"_N$fontFamily":"苹方"}],"_prefab":{"__type__":"cc.PrefabInfo","root":{"__id__":1},"asset":{"__uuid__":"abzmoq/thFYJ0xGJedmiDy"},"fileId":"e0QBwstk9CzqKXB0lAkTEF"},"_contentSize":{"__type__":"cc.Size","width":30,"height":20},"_position":{"__type__":"cc.Vec3","x":0.1,"y":-7.2},"_scale":{"__type__":"cc.Vec3","x":1,"y":1,"z":1}},{"__type__":"cc.Sprite","node":{"__id__":8},"_sizeMode":0},{"__type__":"cc.Node","_name":"powerBg","_parent":{"__id__":2},"_children":[{"__id__":19},{"__id__":21}],"_level":3,"_components":[{"__id__":27},{"__type__":"32540GFq4FAT5ZSyUpi/XyW","node":{"__id__":18},"img":{"__id__":27},"url":"texture/copy/powerBg.png"}],"_prefab":{"__type__":"cc.PrefabInfo","root":{"__id__":1},"asset":{"__uuid__":"abzmoq/thFYJ0xGJedmiDy"},"fileId":"4ap01Y96dNbqRVb2lHKydf"},"_contentSize":{"__type__":"cc.Size","width":333,"height":82},"_position":{"__type__":"cc.Vec3","y":-70.9},"_scale":{"__type__":"cc.Vec3","x":1,"y":1,"z":1}},{"__type__":"cc.Node","_name":"item10","_parent":{"__id__":18},"_level":2,"_components":[{"__id__":20},{"__type__":"32540GFq4FAT5ZSyUpi/XyW","node":{"__id__":19},"img":{"__id__":20},"url":"texture/copy/item11.png"}],"_prefab":{"__type__":"cc.PrefabInfo","root":{"__id__":1},"asset":{"__uuid__":"abzmoq/thFYJ0xGJedmiDy"},"fileId":"b3JRAuHWpLyLuKCMUWjsVS"},"_contentSize":{"__type__":"cc.Size","width":60,"height":60},"_position":{"__type__":"cc.Vec3","x":-127.9,"y":0.6},"_scale":{"__type__":"cc.Vec3","x":1,"y":1,"z":1}},{"__type__":"cc.Sprite","node":{"__id__":19},"_sizeMode":0},{"__type__":"cc.Node","_name":"New Label","_parent":{"__id__":18},"_children":[{"__id__":22},{"__id__":23}],"_level":2,"_components":[{"__type__":"cc.Label","node":{"__id__":21},"_srcBlendFactor":1,"_useOriginalSize":false,"_string":"高级体力药剂","_N$string":"高级体力药剂","_fontSize":15,"_N$horizontalAlign":1,"_N$verticalAlign":1,"_N$fontFamily":"苹方"}],"_prefab":{"__type__":"cc.PrefabInfo","root":{"__id__":1},"asset":{"__uuid__":"abzmoq/thFYJ0xGJedmiDy"},"fileId":"fbGBEEXVdJMqIOUljrqviK"},"_contentSize":{"__type__":"cc.Size","width":90,"height":40},"_position":{"__type__":"cc.Vec3","x":-39.1,"y":14.2},"_scale":{"__type__":"cc.Vec3","x":1,"y":1,"z":1}},{"__type__":"cc.Node","_name":"New Label","_parent":{"__id__":21},"_level":3,"_components":[{"__type__":"cc.Label","node":{"__id__":22},"_srcBlendFactor":1,"_useOriginalSize":false,"_string":"体力+20","_N$string":"体力+20","_fontSize":15,"_N$horizontalAlign":1,"_N$verticalAlign":1,"_N$fontFamily":"苹方"}],"_prefab":{"__type__":"cc.PrefabInfo","root":{"__id__":1},"asset":{"__uuid__":"abzmoq/thFYJ0xGJedmiDy"},"fileId":"e4RCXqYXRGDq9gUu+jRFlp"},"_color":{"__type__":"cc.Color","r":248,"g":193,"b":4},"_contentSize":{"__type__":"cc.Size","width":54,"height":40},"_position":{"__type__":"cc.Vec3","x":-22,"y":-29.6},"_scale":{"__type__":"cc.Vec3","x":1,"y":1,"z":1}},{"__type__":"cc.Node","_name":"lvse","_parent":{"__id__":21},"_children":[{"__id__":24},{"__id__":25},{"__id__":26}],"_level":3,"_components":[{"__type__":"cc.Sprite","node":{"__id__":23},"_spriteFrame":{"__uuid__":"14h6o0GpVBepbMCU7ofqzI"},"_sizeMode":0}],"_prefab":{"__type__":"cc.PrefabInfo","root":{"__id__":1},"asset":{"__uuid__":"abzmoq/thFYJ0xGJedmiDy"},"fileId":"64ULmOgOZFPprydCXQIgSx"},"_contentSize":{"__type__":"cc.Size","width":110,"height":54},"_position":{"__type__":"cc.Vec3","x":136,"y":-13},"_scale":{"__type__":"cc.Vec3","x":1,"y":1,"z":1}},{"__type__":"cc.Node","_name":"zhuanshi","_parent":{"__id__":23},"_level":4,"_components":[{"__type__":"cc.Sprite","node":{"__id__":24},"_spriteFrame":{"__uuid__":"de0JHSRvpF/p6Fu3WSBcG6"}}],"_prefab":{"__type__":"cc.PrefabInfo","root":{"__id__":1},"asset":{"__uuid__":"abzmoq/thFYJ0xGJedmiDy"},"fileId":"9ajULS2+tDN7haq4Z6lJxC"},"_contentSize":{"__type__":"cc.Size","width":41,"height":32},"_position":{"__type__":"cc.Vec3","x":-7.8,"y":15.9},"_scale":{"__type__":"cc.Vec3","x":0.5,"y":0.5,"z":1}},{"__type__":"cc.Node","_name":"dier","_parent":{"__id__":23},"_level":4,"_components":[{"__type__":"cc.Label","node":{"__id__":25},"_srcBlendFactor":1,"_useOriginalSize":false,"_string":"188","_N$string":"188","_fontSize":15,"_lineHeight":20,"_N$horizontalAlign":1,"_N$verticalAlign":1,"_N$fontFamily":"苹方"}],"_prefab":{"__type__":"cc.PrefabInfo","root":{"__id__":1},"asset":{"__uuid__":"abzmoq/thFYJ0xGJedmiDy"},"fileId":"b923sHOqZBkpfIehPkfROk"},"_contentSize":{"__type__":"cc.Size","width":24,"height":20},"_position":{"__type__":"cc.Vec3","x":16.6,"y":15.9},"_scale":{"__type__":"cc.Vec3","x":1,"y":1,"z":1}},{"__type__":"cc.Node","_name":"user","_parent":{"__id__":23},"_level":4,"_components":[{"__type__":"cc.Label","node":{"__id__":26},"_srcBlendFactor":1,"_useOriginalSize":false,"_string":"使用","_N$string":"使用","_fontSize":15,"_lineHeight":20,"_N$horizontalAlign":1,"_N$verticalAlign":1,"_N$fontFamily":"苹方"}],"_prefab":{"__type__":"cc.PrefabInfo","root":{"__id__":1},"asset":{"__uuid__":"abzmoq/thFYJ0xGJedmiDy"},"fileId":"9f/ufJpXhMZo10h4Cb+GCZ"},"_contentSize":{"__type__":"cc.Size","width":30,"height":20},"_position":{"__type__":"cc.Vec3","x":0.1,"y":-7.2},"_scale":{"__type__":"cc.Vec3","x":1,"y":1,"z":1}},{"__type__":"cc.Sprite","node":{"__id__":18},"_sizeMode":0}],{"__type__":"cc.SpriteFrame","content":{"name":"shangcehng","texture":"a1kFce2/xNx60AtnsccfV2","rect":[62,412,679,59],"offset":[0,0],"originalSize":[679,59],"capInsets":[0,0,0,0]}},{"__type__":"cc.SpriteFrame","content":{"name":"zhuanshi","texture":"a1kFce2/xNx60AtnsccfV2","rect":[363,1035,41,32],"offset":[0,0],"originalSize":[41,32],"capInsets":[0,0,0,0]}}]