[{"__type__":"cc.SpriteFrame","content":{"name":"close (2)","texture":"a1kFce2/xNx60AtnsccfV2","rect":[383,897,28,27],"offset":[0,0],"originalSize":[28,27],"capInsets":[0,0,0,0]}},{"__type__":"cc.SpriteFrame","content":{"name":"tanchuangtongyon","texture":"a1kFce2/xNx60AtnsccfV2","rect":[112,794,261,84],"offset":[0,0],"originalSize":[261,84],"capInsets":[0,0,0,0]}},{"__type__":"cc.SpriteFrame","content":{"name":"tanchuanbg","texture":"a1kFce2/xNx60AtnsccfV2","rect":[821,756,80,78],"offset":[0,0],"originalSize":[80,78],"capInsets":[11,11,11,10]}},{"__type__":"cc.SpriteFrame","content":{"name":"fankui","texture":"a1kFce2/xNx60AtnsccfV2","rect":[911,1140,48,69],"offset":[0,0],"originalSize":[48,69],"capInsets":[11,11,11,13]}},{"__type__":"cc.SpriteFrame","content":{"name":"shangcehng","texture":"a1kFce2/xNx60AtnsccfV2","rect":[62,412,679,59],"offset":[0,0],"originalSize":[679,59],"capInsets":[0,0,0,0]}},[{"__type__":"cc.Prefab","_name":"AddFriend","data":{"__id__":1}},{"__type__":"cc.Node","_name":"AddFriend","_children":[{"__id__":2}],"_level":1,"_components":[{"__type__":"f74baoRpjFPDoEN1fdfjMb2","node":{"__id__":1},"bt":{"__id__":12},"et":{"__id__":11},"colse":{"__id__":5}}],"_prefab":{"__type__":"cc.PrefabInfo","root":{"__id__":1},"asset":{"__uuid__":"e2XLcbmpRB0aI6oSlujsn4"},"fileId":"096XUdZkxPt7oqcnKzXavL"},"_color":{"__type__":"cc.Color","r":145,"g":156,"b":226},"_contentSize":{"__type__":"cc.Size","width":680,"height":300},"_scale":{"__type__":"cc.Vec3","x":1,"y":1,"z":1}},{"__type__":"cc.Node","_name":"New Sprite(Splash)","_parent":{"__id__":1},"_children":[{"__id__":3},{"__id__":7},{"__id__":12}],"_level":2,"_components":[{"__type__":"cc.Sprite","node":{"__id__":2},"_spriteFrame":{"__uuid__":"510X4D6aFPGa9wjpS7Ot5t"},"_type":1,"_sizeMode":0}],"_prefab":{"__type__":"cc.PrefabInfo","root":{"__id__":1},"asset":{"__uuid__":"e2XLcbmpRB0aI6oSlujsn4"},"fileId":"53O3yl06BBPr4x0upLw9s6"},"_contentSize":{"__type__":"cc.Size","width":680,"height":300},"_scale":{"__type__":"cc.Vec3","x":1,"y":1,"z":1}},{"__type__":"cc.Node","_name":"alert-shangcehng","_parent":{"__id__":2},"_children":[{"__id__":4},{"__id__":5}],"_level":3,"_components":[{"__type__":"cc.Sprite","node":{"__id__":3},"_spriteFrame":{"__uuid__":"b3CLDo9FhEhpyt697OG5HT"},"_type":1,"_sizeMode":0},{"__type__":"cc.Widget","node":{"__id__":3},"_alignFlags":1,"_top":10}],"_prefab":{"__type__":"cc.PrefabInfo","root":{"__id__":1},"asset":{"__uuid__":"e2XLcbmpRB0aI6oSlujsn4"},"fileId":"d2FHhFZ25H5pGcJWNEjiCN"},"_contentSize":{"__type__":"cc.Size","width":660,"height":59},"_position":{"__type__":"cc.Vec3","y":110.5},"_scale":{"__type__":"cc.Vec3","x":1,"y":1,"z":1}},{"__type__":"cc.Node","_name":"New Label","_parent":{"__id__":3},"_level":4,"_components":[{"__type__":"cc.Label","node":{"__id__":4},"_srcBlendFactor":1,"_useOriginalSize":false,"_string":"添加好友","_N$string":"添加好友","_N$horizontalAlign":1,"_N$verticalAlign":1}],"_prefab":{"__type__":"cc.PrefabInfo","root":{"__id__":1},"asset":{"__uuid__":"e2XLcbmpRB0aI6oSlujsn4"},"fileId":"28aACZzWNORpMy6IaNgGOt"},"_contentSize":{"__type__":"cc.Size","width":160,"height":40},"_scale":{"__type__":"cc.Vec3","x":1,"y":1,"z":1}},{"__type__":"cc.Node","_name":"New Node","_parent":{"__id__":3},"_children":[{"__id__":6}],"_level":4,"_components":[{"__type__":"cc.Widget","node":{"__id__":5},"_alignFlags":32},{"__type__":"cc.Button","node":{"__id__":5},"_N$transition":3,"transition":3,"_N$target":{"__id__":5}}],"_prefab":{"__type__":"cc.PrefabInfo","root":{"__id__":1},"asset":{"__uuid__":"e2XLcbmpRB0aI6oSlujsn4"},"fileId":"e1NawjvARH/bITnsWmiVeB"},"_contentSize":{"__type__":"cc.Size","width":70,"height":70},"_position":{"__type__":"cc.Vec3","x":295},"_scale":{"__type__":"cc.Vec3","x":1,"y":1,"z":1}},{"__type__":"cc.Node","_name":"alert-close","_parent":{"__id__":5},"_level":5,"_components":[{"__type__":"cc.Sprite","node":{"__id__":6},"_spriteFrame":{"__uuid__":"33DcKl9v5Ef6qoSRMZ5ejJ"}}],"_prefab":{"__type__":"cc.PrefabInfo","root":{"__id__":1},"asset":{"__uuid__":"e2XLcbmpRB0aI6oSlujsn4"},"fileId":"e6DNzGDgJFdbdtXt4QM/px"},"_contentSize":{"__type__":"cc.Size","width":28,"height":27},"_scale":{"__type__":"cc.Vec3","x":1,"y":1,"z":1}},{"__type__":"cc.Node","_name":"kuang","_parent":{"__id__":2},"_children":[{"__id__":8},{"__id__":9},{"__id__":10}],"_level":3,"_components":[{"__type__":"cc.Sprite","node":{"__id__":7},"_spriteFrame":{"__uuid__":"7bE00G23JM/qnGWMMbG6Pm"},"_type":1,"_sizeMode":0},{"__type__":"cc.Widget","node":{"__id__":7},"_alignFlags":1,"_top":91},{"__id__":11}],"_prefab":{"__type__":"cc.PrefabInfo","root":{"__id__":1},"asset":{"__uuid__":"e2XLcbmpRB0aI6oSlujsn4"},"fileId":"595y59dwxEjpEucJflr9rl"},"_contentSize":{"__type__":"cc.Size","width":580,"height":76},"_position":{"__type__":"cc.Vec3","y":21},"_scale":{"__type__":"cc.Vec3","x":1,"y":1,"z":1}},{"__type__":"cc.Node","_name":"BACKGROUND_SPRITE","_parent":{"__id__":7},"_level":4,"_components":[{"__type__":"cc.Sprite","node":{"__id__":8},"_type":1,"_sizeMode":0}],"_prefab":{"__type__":"cc.PrefabInfo","root":{"__id__":1},"asset":{"__uuid__":"e2XLcbmpRB0aI6oSlujsn4"},"fileId":"0awrer3xNA4KGJ55IFB7ZY"},"_contentSize":{"__type__":"cc.Size","width":580,"height":76},"_scale":{"__type__":"cc.Vec3","x":1,"y":1,"z":1}},{"__type__":"cc.Node","_name":"TEXT_LABEL","_parent":{"__id__":7},"_active":false,"_level":4,"_components":[{"__type__":"cc.Label","node":{"__id__":9},"_srcBlendFactor":1,"_fontSize":32,"_lineHeight":32,"_enableWrapText":false,"_N$verticalAlign":1,"_N$overflow":1}],"_prefab":{"__type__":"cc.PrefabInfo","root":{"__id__":1},"asset":{"__uuid__":"e2XLcbmpRB0aI6oSlujsn4"},"fileId":"271TnnYCdH5Lkzfo1lyDCq"},"_contentSize":{"__type__":"cc.Size","width":578,"height":76},"_anchorPoint":{"__type__":"cc.Vec2","y":1},"_position":{"__type__":"cc.Vec3","x":-288,"y":38},"_scale":{"__type__":"cc.Vec3","x":1,"y":1,"z":1}},{"__type__":"cc.Node","_name":"PLACEHOLDER_LABEL","_parent":{"__id__":7},"_level":4,"_components":[{"__type__":"cc.Label","node":{"__id__":10},"_srcBlendFactor":1,"_string":"输入好友id","_N$string":"输入好友id","_lineHeight":76,"_enableWrapText":false,"_N$verticalAlign":1,"_N$overflow":1}],"_prefab":{"__type__":"cc.PrefabInfo","root":{"__id__":1},"asset":{"__uuid__":"e2XLcbmpRB0aI6oSlujsn4"},"fileId":"e1XUxr2L9OiY1C/RLfzetf"},"_color":{"__type__":"cc.Color","r":127,"g":127,"b":127},"_contentSize":{"__type__":"cc.Size","width":578,"height":76},"_anchorPoint":{"__type__":"cc.Vec2","y":1},"_position":{"__type__":"cc.Vec3","x":-288,"y":38},"_scale":{"__type__":"cc.Vec3","x":1,"y":1,"z":1}},{"__type__":"cc.EditBox","node":{"__id__":7},"_N$inputMode":6,"_N$fontSize":32,"_N$lineHeight":32,"_N$placeholder":"输入好友id","_N$placeholderFontSize":40,"_N$placeholderFontColor":{"__type__":"cc.Color","r":127,"g":127,"b":127}},{"__type__":"cc.Node","_name":"New Node","_parent":{"__id__":2},"_children":[{"__id__":13}],"_level":3,"_components":[{"__type__":"cc.Button","node":{"__id__":12},"_N$transition":3,"transition":3,"_N$target":{"__id__":12}},{"__type__":"cc.Sprite","node":{"__id__":12},"_spriteFrame":{"__uuid__":"39PxN1FxBCxLjMGmRJhgVO"}}],"_prefab":{"__type__":"cc.PrefabInfo","root":{"__id__":1},"asset":{"__uuid__":"e2XLcbmpRB0aI6oSlujsn4"},"fileId":"0fzLo7TE5KkqcC+ENimK8k"},"_contentSize":{"__type__":"cc.Size","width":261,"height":84},"_position":{"__type__":"cc.Vec3","y":-81},"_scale":{"__type__":"cc.Vec3","x":1,"y":1,"z":1}},{"__type__":"cc.Node","_name":"New Label","_parent":{"__id__":12},"_level":4,"_components":[{"__type__":"cc.Label","node":{"__id__":13},"_srcBlendFactor":1,"_useOriginalSize":false,"_string":"发送邀请","_N$string":"发送邀请","_fontSize":30,"_lineHeight":32,"_N$horizontalAlign":1,"_N$verticalAlign":1}],"_prefab":{"__type__":"cc.PrefabInfo","root":{"__id__":1},"asset":{"__uuid__":"e2XLcbmpRB0aI6oSlujsn4"},"fileId":"38e5YAzlBP/KqDlS1IAaeN"},"_contentSize":{"__type__":"cc.Size","width":120,"height":32},"_scale":{"__type__":"cc.Vec3","x":1,"y":1,"z":1}}]]