[[{"__type__":"cc.Prefab","_name":"skills","data":{"__id__":1}},{"__type__":"cc.Node","_name":"skillbg","_children":[{"__id__":2},{"__id__":4}],"_level":1,"_components":[{"__type__":"cc.Sprite","node":{"__id__":1},"_sizeMode":0},{"__type__":"fe731qB4NFNnby7wbq2vC4Z","node":{"__id__":1},"skillimg":{"__id__":3},"unlocknode":{"__id__":4},"unlocklevel":{"__id__":11}}],"_prefab":{"__type__":"cc.PrefabInfo","root":{"__id__":1},"asset":{"__uuid__":"0c4yx5qSRHEJP8mS9rcdOr"},"fileId":"5ab3kvKJ5Ay6/LLElxAY8e"},"_contentSize":{"__type__":"cc.Size","width":43,"height":43},"_position":{"__type__":"cc.Vec3","x":-48},"_scale":{"__type__":"cc.Vec3","x":1,"y":1,"z":1}},{"__type__":"cc.Node","_name":"skillsimg","_parent":{"__id__":1},"_level":2,"_components":[{"__id__":3}],"_prefab":{"__type__":"cc.PrefabInfo","root":{"__id__":1},"asset":{"__uuid__":"0c4yx5qSRHEJP8mS9rcdOr"},"fileId":"f1l7p8MgdP37GK+ue7xwGW"},"_contentSize":{"__type__":"cc.Size","width":40,"height":40},"_scale":{"__type__":"cc.Vec3","x":1,"y":1,"z":1}},{"__type__":"cc.Sprite","node":{"__id__":2},"_sizeMode":0},{"__type__":"cc.Node","_name":"New Node","_parent":{"__id__":1},"_children":[{"__id__":5},{"__id__":6}],"_level":2,"_prefab":{"__type__":"cc.PrefabInfo","root":{"__id__":1},"asset":{"__uuid__":"0c4yx5qSRHEJP8mS9rcdOr"},"fileId":"e8DRzEQ8dEiYhSFQHYlAPx"},"_scale":{"__type__":"cc.Vec3","x":1,"y":1,"z":1}},{"__type__":"cc.Node","_name":"lock","_parent":{"__id__":4},"_level":3,"_components":[{"__type__":"cc.Sprite","node":{"__id__":5},"_spriteFrame":{"__uuid__":"a6cM4wfGpFi4rDaNsvem4u"},"_sizeMode":0}],"_prefab":{"__type__":"cc.PrefabInfo","root":{"__id__":1},"asset":{"__uuid__":"0c4yx5qSRHEJP8mS9rcdOr"},"fileId":"7ehqKepTpJ1L/GD/U/qF30"},"_opacity":180,"_contentSize":{"__type__":"cc.Size","width":43,"height":43},"_scale":{"__type__":"cc.Vec3","x":1,"y":1,"z":1}},{"__type__":"cc.Node","_name":"New Layout","_parent":{"__id__":4},"_children":[{"__id__":7},{"__id__":8}],"_level":3,"_components":[{"__type__":"cc.Layout","node":{"__id__":6},"_layoutSize":{"__type__":"cc.Size","width":43,"height":43},"_N$layoutType":2,"_N$paddingTop":4,"_N$paddingBottom":2}],"_prefab":{"__type__":"cc.PrefabInfo","root":{"__id__":1},"asset":{"__uuid__":"0c4yx5qSRHEJP8mS9rcdOr"},"fileId":"b67SitYWlKbq12F45eymn9"},"_contentSize":{"__type__":"cc.Size","width":43,"height":43},"_scale":{"__type__":"cc.Vec3","x":1,"y":1,"z":1}},{"__type__":"cc.Node","_name":"New Label","_parent":{"__id__":6},"_level":4,"_components":[{"__type__":"cc.Label","node":{"__id__":7},"_srcBlendFactor":1,"_useOriginalSize":false,"_string":"解锁","_N$string":"解锁","_fontSize":15,"_lineHeight":17,"_N$horizontalAlign":1,"_N$verticalAlign":1,"_N$fontFamily":"苹方"}],"_prefab":{"__type__":"cc.PrefabInfo","root":{"__id__":1},"asset":{"__uuid__":"0c4yx5qSRHEJP8mS9rcdOr"},"fileId":"abiOGTfY9EdqAbFLt2oH9I"},"_contentSize":{"__type__":"cc.Size","width":30,"height":17},"_position":{"__type__":"cc.Vec3","y":9},"_scale":{"__type__":"cc.Vec3","x":1,"y":1,"z":1}},{"__type__":"cc.Node","_name":"New Layout","_parent":{"__id__":6},"_children":[{"__id__":9},{"__id__":10}],"_level":4,"_components":[{"__type__":"cc.Layout","node":{"__id__":8},"_layoutSize":{"__type__":"cc.Size","width":28.79,"height":26},"_resize":1,"_N$layoutType":1},{"__type__":"cc.Widget","node":{"__id__":8},"_alignFlags":16,"_right":14.21,"_originalWidth":28.79}],"_prefab":{"__type__":"cc.PrefabInfo","root":{"__id__":1},"asset":{"__uuid__":"0c4yx5qSRHEJP8mS9rcdOr"},"fileId":"9ebzNFEY5PNK4eg8WgdzAD"},"_contentSize":{"__type__":"cc.Size","width":28.79,"height":26},"_position":{"__type__":"cc.Vec3","y":-12.5},"_scale":{"__type__":"cc.Vec3","x":1,"y":1,"z":1}},{"__type__":"cc.Node","_name":"New Label","_parent":{"__id__":8},"_level":5,"_components":[{"__type__":"cc.Label","node":{"__id__":9},"_srcBlendFactor":1,"_useOriginalSize":false,"_string":"LV.","_N$string":"LV.","_fontSize":10,"_lineHeight":12,"_N$horizontalAlign":1,"_N$verticalAlign":1,"_N$fontFamily":"苹方"}],"_prefab":{"__type__":"cc.PrefabInfo","root":{"__id__":1},"asset":{"__uuid__":"0c4yx5qSRHEJP8mS9rcdOr"},"fileId":"2boj3v86FCuIk8MVqF109w"},"_contentSize":{"__type__":"cc.Size","width":13.79,"height":12},"_position":{"__type__":"cc.Vec3","x":-7.5},"_scale":{"__type__":"cc.Vec3","x":1,"y":1,"z":1}},{"__type__":"cc.Node","_name":"level","_parent":{"__id__":8},"_level":5,"_components":[{"__id__":11}],"_prefab":{"__type__":"cc.PrefabInfo","root":{"__id__":1},"asset":{"__uuid__":"0c4yx5qSRHEJP8mS9rcdOr"},"fileId":"05/gMavOpFObN86rC69TCz"},"_color":{"__type__":"cc.Color","r":214,"g":255},"_contentSize":{"__type__":"cc.Size","width":15,"height":12},"_anchorPoint":{"__type__":"cc.Vec2","y":0.5},"_position":{"__type__":"cc.Vec3","x":-0.6050000000000004},"_scale":{"__type__":"cc.Vec3","x":1,"y":1,"z":1}},{"__type__":"cc.Label","node":{"__id__":10},"_srcBlendFactor":1,"_useOriginalSize":false,"_string":"200","_N$string":"200","_fontSize":10,"_lineHeight":12,"_N$horizontalAlign":1,"_N$verticalAlign":1,"_N$fontFamily":"苹方"}],{"__type__":"cc.SpriteFrame","content":{"name":"zhezhao","texture":"a1kFce2/xNx60AtnsccfV2","rect":[751,1129,80,80],"offset":[0,0],"originalSize":[80,80],"capInsets":[0,0,0,0]}}]