[{"__type__":"cc.SpriteFrame","content":{"name":"bg21","texture":"9aw9fDhaZHn4wV3r5yLjVc","rect":[775,654,149,130],"offset":[0,0],"originalSize":[149,130],"capInsets":[0,0,0,0]}},{"__type__":"cc.SpriteFrame","content":{"name":"bg12","texture":"9aw9fDhaZHn4wV3r5yLjVc","rect":[775,476,169,163],"offset":[0,0],"originalSize":[169,163],"capInsets":[0,0,0,0]}},{"__type__":"cc.SpriteAtlas","_name":"102.plist","_spriteFrames":{"bg00":{"__uuid__":"cbPO6IDT1DXKo0Fy5ljtIc"},"bg01":{"__uuid__":"feoPlL/TFGi4nvziRN7UlD"},"bg02":{"__uuid__":"6ez7+VAPpL7KDASgamC+no"},"bg11":{"__uuid__":"c3BmbGFqNDyoVShg0JSt4U"},"bg12":{"__uuid__":"4b5y9tGRdMzLMWt37ezQwb"},"bg21":{"__uuid__":"12AwNKmZFPn54B5/owMUNX"},"bg22":{"__uuid__":"a8e49jHHdNFosikiIHAWN4"},"bg31":{"__uuid__":"65Eq0shPRCK54QkcwmVSwY"},"bg32":{"__uuid__":"ccT+/6vchASrs54WANWI/C"}}},{"__type__":"cc.SpriteFrame","content":{"name":"bg31","texture":"9aw9fDhaZHn4wV3r5yLjVc","rect":[939,801,136,69],"offset":[0,0],"originalSize":[136,69],"rotated":1,"capInsets":[0,0,0,0]}},{"__type__":"cc.SpriteFrame","content":{"name":"bg02","texture":"9aw9fDhaZHn4wV3r5yLjVc","rect":[10,775,750,584],"offset":[0,0],"originalSize":[750,584],"capInsets":[0,0,0,0]}},{"__type__":"cc.SpriteFrame","content":{"name":"bg22","texture":"9aw9fDhaZHn4wV3r5yLjVc","rect":[775,799,149,130],"offset":[0,0],"originalSize":[149,130],"capInsets":[0,0,0,0]}},{"__type__":"cc.SpriteFrame","content":{"name":"bg11","texture":"9aw9fDhaZHn4wV3r5yLjVc","rect":[775,298,169,163],"offset":[0,0],"originalSize":[169,163],"capInsets":[0,0,0,0]}},{"__type__":"cc.SpriteFrame","content":{"name":"bg00","texture":"9aw9fDhaZHn4wV3r5yLjVc","rect":[775,10,273,237],"offset":[0,0],"originalSize":[273,237],"rotated":1,"capInsets":[0,0,0,0]}},{"__type__":"cc.SpriteFrame","content":{"name":"bg32","texture":"9aw9fDhaZHn4wV3r5yLjVc","rect":[939,654,132,72],"offset":[0,0],"originalSize":[132,72],"rotated":1,"capInsets":[0,0,0,0]}},{"__type__":"cc.SpriteFrame","content":{"name":"bg01","texture":"9aw9fDhaZHn4wV3r5yLjVc","rect":[10,10,750,750],"offset":[0,0],"originalSize":[750,750],"capInsets":[0,0,0,0]}}]