[{"__type__":"cc.SpriteFrame","content":{"name":"close (2)","texture":"a1kFce2/xNx60AtnsccfV2","rect":[383,897,28,27],"offset":[0,0],"originalSize":[28,27],"capInsets":[0,0,0,0]}},{"__type__":"cc.SpriteFrame","content":{"name":"tanchuanbg","texture":"a1kFce2/xNx60AtnsccfV2","rect":[821,756,80,78],"offset":[0,0],"originalSize":[80,78],"capInsets":[11,11,11,10]}},[{"__type__":"cc.Prefab","_name":"Emily","data":{"__id__":1}},{"__type__":"cc.Node","_name":"Emily","_children":[{"__id__":2}],"_level":1,"_components":[{"__type__":"fa13eTAq7RDFJWud/5u2DTc","node":{"__id__":1},"colse":{"__id__":5},"content":{"__id__":12},"addfried":{"__uuid__":"c42kgj0NVPAJgr0aH+QfHD"},"award":{"__uuid__":"7cF5TJ5P5J+bmUd96YNGQE"},"text":{"__uuid__":"c1a0OcvLRItJ19j7y1r1Kw"},"feedback":{"__id__":7},"info":{"__id__":13}}],"_prefab":{"__type__":"cc.PrefabInfo","root":{"__id__":1},"asset":{"__uuid__":"a40Z3pGeZKdKJvuwvz24IN"},"fileId":"4fkNKy9NJPfpri6nfAySTv"},"_contentSize":{"__type__":"cc.Size","width":699,"height":750},"_position":{"__type__":"cc.Vec3","x":136},"_scale":{"__type__":"cc.Vec3","x":1,"y":1,"z":1}},{"__type__":"cc.Node","_name":"New Sprite(Splash)","_parent":{"__id__":1},"_children":[{"__id__":3},{"__id__":9}],"_level":2,"_components":[{"__type__":"cc.Sprite","node":{"__id__":2},"_spriteFrame":{"__uuid__":"510X4D6aFPGa9wjpS7Ot5t"},"_type":1,"_sizeMode":0}],"_prefab":{"__type__":"cc.PrefabInfo","root":{"__id__":1},"asset":{"__uuid__":"a40Z3pGeZKdKJvuwvz24IN"},"fileId":"627NkkapJLXbmdgx03RcV2"},"_contentSize":{"__type__":"cc.Size","width":699,"height":750},"_scale":{"__type__":"cc.Vec3","x":1,"y":1,"z":1}},{"__type__":"cc.Node","_name":"alert-shangcehng","_parent":{"__id__":2},"_children":[{"__id__":4},{"__id__":5},{"__id__":7}],"_level":3,"_components":[{"__type__":"cc.Sprite","node":{"__id__":3},"_spriteFrame":{"__uuid__":"b3CLDo9FhEhpyt697OG5HT"},"_sizeMode":0},{"__type__":"cc.Widget","node":{"__id__":3},"_alignFlags":1,"_top":9}],"_prefab":{"__type__":"cc.PrefabInfo","root":{"__id__":1},"asset":{"__uuid__":"a40Z3pGeZKdKJvuwvz24IN"},"fileId":"eeTx88qjBJm4Cciqh8jdjI"},"_contentSize":{"__type__":"cc.Size","width":679,"height":74},"_position":{"__type__":"cc.Vec3","y":329},"_scale":{"__type__":"cc.Vec3","x":1,"y":1,"z":1}},{"__type__":"cc.Node","_name":"New Label","_parent":{"__id__":3},"_level":4,"_components":[{"__type__":"cc.Label","node":{"__id__":4},"_srcBlendFactor":1,"_useOriginalSize":false,"_string":"收件箱","_N$string":"收件箱","_N$horizontalAlign":1,"_N$verticalAlign":1,"_N$fontFamily":"苹方"}],"_prefab":{"__type__":"cc.PrefabInfo","root":{"__id__":1},"asset":{"__uuid__":"a40Z3pGeZKdKJvuwvz24IN"},"fileId":"ce90lCYd5JfY49Xp/CNytj"},"_contentSize":{"__type__":"cc.Size","width":120,"height":40},"_scale":{"__type__":"cc.Vec3","x":1,"y":1,"z":1}},{"__type__":"cc.Node","_name":"New Node","_parent":{"__id__":3},"_children":[{"__id__":6}],"_level":4,"_components":[{"__type__":"cc.Widget","node":{"__id__":5},"_alignFlags":33,"_right":-0.5},{"__type__":"cc.Button","node":{"__id__":5},"_N$transition":3,"transition":3,"_N$target":{"__id__":5}}],"_prefab":{"__type__":"cc.PrefabInfo","root":{"__id__":1},"asset":{"__uuid__":"a40Z3pGeZKdKJvuwvz24IN"},"fileId":"baSdaN1qpJ+pKpNrfuJxPN"},"_contentSize":{"__type__":"cc.Size","width":70,"height":70},"_position":{"__type__":"cc.Vec3","x":305,"y":2},"_scale":{"__type__":"cc.Vec3","x":1,"y":1,"z":1}},{"__type__":"cc.Node","_name":"alert-close","_parent":{"__id__":5},"_level":5,"_components":[{"__type__":"cc.Sprite","node":{"__id__":6},"_spriteFrame":{"__uuid__":"33DcKl9v5Ef6qoSRMZ5ejJ"}}],"_prefab":{"__type__":"cc.PrefabInfo","root":{"__id__":1},"asset":{"__uuid__":"a40Z3pGeZKdKJvuwvz24IN"},"fileId":"44OMPK2lFBvYoJrsomAfm+"},"_contentSize":{"__type__":"cc.Size","width":28,"height":27},"_scale":{"__type__":"cc.Vec3","x":1,"y":1,"z":1}},{"__type__":"cc.Node","_name":"New Sprite(Splash)","_parent":{"__id__":3},"_active":false,"_level":4,"_components":[{"__id__":8},{"__type__":"cc.Widget","node":{"__id__":7},"_alignFlags":10,"_left":49},{"__type__":"32540GFq4FAT5ZSyUpi/XyW","node":{"__id__":7},"img":{"__id__":8},"url":"texture/emily/fankui.png"},{"__type__":"cc.Button","node":{"__id__":7},"_N$transition":3,"transition":3,"_N$target":{"__id__":7}}],"_prefab":{"__type__":"cc.PrefabInfo","root":{"__id__":1},"asset":{"__uuid__":"a40Z3pGeZKdKJvuwvz24IN"},"fileId":"11upi8L59EB62ST0oOTakH"},"_contentSize":{"__type__":"cc.Size","width":2,"height":2},"_position":{"__type__":"cc.Vec3","x":-289.5},"_scale":{"__type__":"cc.Vec3","x":1,"y":1,"z":1}},{"__type__":"cc.Sprite","node":{"__id__":7}},{"__type__":"cc.Node","_name":"New Layout","_parent":{"__id__":2},"_children":[{"__id__":10}],"_level":3,"_components":[{"__type__":"cc.Sprite","node":{"__id__":9},"_type":1,"_sizeMode":0},{"__type__":"cc.Layout","node":{"__id__":9},"_layoutSize":{"__type__":"cc.Size","width":680,"height":670},"_N$layoutType":2,"_N$paddingTop":26,"_N$spacingY":26}],"_prefab":{"__type__":"cc.PrefabInfo","root":{"__id__":1},"asset":{"__uuid__":"a40Z3pGeZKdKJvuwvz24IN"},"fileId":"a2c4CO5p1EwYPiYw63e/fH"},"_contentSize":{"__type__":"cc.Size","width":680,"height":670},"_position":{"__type__":"cc.Vec3","y":-28},"_scale":{"__type__":"cc.Vec3","x":1,"y":1,"z":1}},{"__type__":"cc.Node","_name":"New ScrollView","_parent":{"__id__":9},"_children":[{"__id__":11}],"_level":4,"_components":[{"__type__":"cc.Sprite","node":{"__id__":10},"_type":1,"_sizeMode":0},{"__type__":"cc.ScrollView","node":{"__id__":10},"horizontal":false,"brake":0.75,"bounceDuration":0.23,"_N$content":{"__id__":12},"content":{"__id__":12},"_N$horizontalScrollBar":null,"_N$verticalScrollBar":null},{"__type__":"cc.Widget","node":{"__id__":10},"_alignFlags":45,"_top":12,"_bottom":-2,"_originalWidth":240,"_originalHeight":250}],"_prefab":{"__type__":"cc.PrefabInfo","root":{"__id__":1},"asset":{"__uuid__":"a40Z3pGeZKdKJvuwvz24IN"},"fileId":"224GnR9GpD+qoB4FWb1cC2"},"_contentSize":{"__type__":"cc.Size","width":680,"height":660},"_position":{"__type__":"cc.Vec3","y":-7},"_scale":{"__type__":"cc.Vec3","x":1,"y":1,"z":1}},{"__type__":"cc.Node","_name":"view","_parent":{"__id__":10},"_children":[{"__id__":12},{"__id__":13}],"_components":[{"__type__":"cc.Mask","node":{"__id__":11}},{"__type__":"cc.Widget","node":{"__id__":11},"alignMode":2,"_alignFlags":45,"_originalWidth":240,"_originalHeight":250}],"_prefab":{"__type__":"cc.PrefabInfo","root":{"__id__":1},"asset":{"__uuid__":"a40Z3pGeZKdKJvuwvz24IN"},"fileId":"32Ll2/4SdMKbgAqAUOiI+O"},"_contentSize":{"__type__":"cc.Size","width":680,"height":660},"_scale":{"__type__":"cc.Vec3","x":1,"y":1,"z":1}},{"__type__":"cc.Node","_name":"content","_parent":{"__id__":11},"_components":[{"__type__":"cc.Widget","node":{"__id__":12},"_alignFlags":41,"_originalWidth":220},{"__type__":"cc.Layout","node":{"__id__":12},"_layoutSize":{"__type__":"cc.Size","width":680,"height":644},"_resize":1,"_N$layoutType":2,"_N$paddingTop":26,"_N$spacingY":26}],"_prefab":{"__type__":"cc.PrefabInfo","root":{"__id__":1},"asset":{"__uuid__":"a40Z3pGeZKdKJvuwvz24IN"},"fileId":"89+ZCnZaxE/qKt7UX9kxjb"},"_contentSize":{"__type__":"cc.Size","width":680,"height":644},"_anchorPoint":{"__type__":"cc.Vec2","x":0.5,"y":1},"_position":{"__type__":"cc.Vec3","y":330},"_scale":{"__type__":"cc.Vec3","x":1,"y":1,"z":1}},{"__type__":"cc.Node","_name":"info","_parent":{"__id__":11},"_children":[{"__id__":14},{"__id__":16}],"_level":1,"_components":[{"__type__":"cc.Layout","node":{"__id__":13},"_layoutSize":{"__type__":"cc.Size","width":583,"height":200},"_resize":1,"_N$layoutType":1}],"_prefab":{"__type__":"cc.PrefabInfo","root":{"__id__":1},"asset":{"__uuid__":"a40Z3pGeZKdKJvuwvz24IN"},"fileId":"feU8rvscJAratDfYABUvmE"},"_contentSize":{"__type__":"cc.Size","width":583,"height":200},"_position":{"__type__":"cc.Vec3","x":25,"y":10},"_scale":{"__type__":"cc.Vec3","x":1,"y":1,"z":1}},{"__type__":"cc.Node","_name":"New Sprite(Splash)","_parent":{"__id__":13},"_level":2,"_components":[{"__id__":15},{"__type__":"32540GFq4FAT5ZSyUpi/XyW","node":{"__id__":14},"img":{"__id__":15},"url":"texture/guide/guideSp.png"}],"_prefab":{"__type__":"cc.PrefabInfo","root":{"__id__":1},"asset":{"__uuid__":"a40Z3pGeZKdKJvuwvz24IN"},"fileId":"39Z0q8a5pKx6DIYE63yiqA"},"_contentSize":{"__type__":"cc.Size","width":166,"height":256},"_position":{"__type__":"cc.Vec3","x":-208.5},"_scale":{"__type__":"cc.Vec3","x":1,"y":1,"z":1}},{"__type__":"cc.Sprite","node":{"__id__":14},"_sizeMode":0},{"__type__":"cc.Node","_name":"New Sprite(Splash)","_parent":{"__id__":13},"_children":[{"__id__":17}],"_level":2,"_components":[{"__type__":"cc.Sprite","node":{"__id__":16},"_spriteFrame":{"__uuid__":"afsV1EWTJMG5U/2M9/ybXw"},"_type":1,"_sizeMode":0}],"_prefab":{"__type__":"cc.PrefabInfo","root":{"__id__":1},"asset":{"__uuid__":"a40Z3pGeZKdKJvuwvz24IN"},"fileId":"92BD7nYf9JnbIDbhIreHlL"},"_contentSize":{"__type__":"cc.Size","width":417,"height":90},"_position":{"__type__":"cc.Vec3","x":83},"_scale":{"__type__":"cc.Vec3","x":1,"y":1,"z":1}},{"__type__":"cc.Node","_name":"New Label","_parent":{"__id__":16},"_level":3,"_components":[{"__type__":"cc.Label","node":{"__id__":17},"_srcBlendFactor":1,"_useOriginalSize":false,"_string":"您还没有收到任何邮件","_N$string":"您还没有收到任何邮件","_fontSize":26,"_lineHeight":28,"_N$horizontalAlign":1,"_N$verticalAlign":1,"_N$fontFamily":"苹方"},{"__type__":"cc.Widget","node":{"__id__":17},"_alignFlags":32,"_right":63.5}],"_prefab":{"__type__":"cc.PrefabInfo","root":{"__id__":1},"asset":{"__uuid__":"a40Z3pGeZKdKJvuwvz24IN"},"fileId":"35nzrrAb5KSY7PdsdWUCLu"},"_contentSize":{"__type__":"cc.Size","width":260,"height":28},"_position":{"__type__":"cc.Vec3","x":15},"_scale":{"__type__":"cc.Vec3","x":1,"y":1,"z":1}}],{"__type__":"cc.SpriteFrame","content":{"name":"speak","texture":"a1kFce2/xNx60AtnsccfV2","rect":[112,476,417,90],"offset":[0,0],"originalSize":[417,90],"capInsets":[0,0,0,0]}},{"__type__":"cc.SpriteFrame","content":{"name":"shangcehng","texture":"a1kFce2/xNx60AtnsccfV2","rect":[62,412,679,59],"offset":[0,0],"originalSize":[679,59],"capInsets":[0,0,0,0]}}]