[[{"__type__":"cc.Prefab","_name":"Guide0Win","data":{"__id__":1}},{"__type__":"cc.Node","_name":"Guide0Win","_children":[{"__id__":2},{"__id__":3}],"_level":1,"_components":[{"__type__":"daaa7giTIFD9YrYH/0ViikJ","node":{"__id__":1},"content":{"__id__":5}}],"_prefab":{"__type__":"cc.PrefabInfo","root":{"__id__":1},"asset":{"__uuid__":"3aSLL5Ur1Jh4PdUkEGlLAs"},"fileId":"15IrC7HQdB04AggXneguV1"},"_contentSize":{"__type__":"cc.Size","width":750,"height":1334},"_scale":{"__type__":"cc.Vec3","x":1,"y":1,"z":1}},{"__type__":"cc.Node","_name":"guideSp","_parent":{"__id__":1},"_level":2,"_components":[{"__type__":"cc.Sprite","node":{"__id__":2},"_spriteFrame":{"__uuid__":"c1nBhHzfNIMaVOR/oloiL6"}}],"_prefab":{"__type__":"cc.PrefabInfo","root":{"__id__":1},"asset":{"__uuid__":"3aSLL5Ur1Jh4PdUkEGlLAs"},"fileId":"7aRLd+0mZOt7C24UKJMZ/x"},"_contentSize":{"__type__":"cc.Size","width":166,"height":256},"_position":{"__type__":"cc.Vec3","x":-195,"y":-448},"_scale":{"__type__":"cc.Vec3","x":1,"y":1,"z":1}},{"__type__":"cc.Node","_name":"guideFrame","_parent":{"__id__":1},"_children":[{"__id__":4}],"_level":2,"_components":[{"__type__":"cc.Sprite","node":{"__id__":3},"_spriteFrame":{"__uuid__":"f5MHndZEhBoqzimWBjZjM9"},"_type":1,"_sizeMode":0}],"_prefab":{"__type__":"cc.PrefabInfo","root":{"__id__":1},"asset":{"__uuid__":"3aSLL5Ur1Jh4PdUkEGlLAs"},"fileId":"a6jMJQZ9pFNrDb+4Ib63Ze"},"_contentSize":{"__type__":"cc.Size","width":404,"height":157},"_position":{"__type__":"cc.Vec3","x":70,"y":-497},"_scale":{"__type__":"cc.Vec3","x":1,"y":1,"z":1}},{"__type__":"cc.Node","_name":"New Label","_parent":{"__id__":3},"_level":3,"_components":[{"__id__":5}],"_prefab":{"__type__":"cc.PrefabInfo","root":{"__id__":1},"asset":{"__uuid__":"3aSLL5Ur1Jh4PdUkEGlLAs"},"fileId":"146jYqqjhAXIqTneXXgPbL"},"_color":{"__type__":"cc.Color"},"_contentSize":{"__type__":"cc.Size","width":380,"height":130},"_scale":{"__type__":"cc.Vec3","x":1,"y":1,"z":1}},{"__type__":"cc.Label","node":{"__id__":4},"_srcBlendFactor":1,"_useOriginalSize":false,"_string":"欢迎来到我们的游戏！","_N$string":"欢迎来到我们的游戏！","_fontSize":26,"_N$horizontalAlign":1,"_N$verticalAlign":1,"_N$fontFamily":"苹方","_N$overflow":1}],{"__type__":"cc.SpriteFrame","content":{"name":"guideSp","texture":"b1yj/mxF9OBJhHeBC5mcov","rect":[82,113,166,256],"offset":[0,0],"originalSize":[166,256],"capInsets":[0,0,0,0]}},{"__type__":"cc.SpriteFrame","content":{"name":"guideFrame","texture":"b1yj/mxF9OBJhHeBC5mcov","rect":[0,113,82,156],"offset":[0,0],"originalSize":[82,156],"capInsets":[41,62,37,60]}}]