[[{"__type__":"cc.Prefab","_name":"FeedBack","data":{"__id__":1}},{"__type__":"cc.Node","_name":"FeedBack","_children":[{"__id__":2}],"_level":1,"_components":[{"__type__":"b553cqK7VdPMoZWBRZK1qYJ","node":{"__id__":1},"close":{"__id__":5},"wxcard":{"__id__":18},"phonenumber":{"__id__":25},"question":{"__id__":32},"bt":{"__id__":8},"userRootType":{"__id__":13}}],"_prefab":{"__type__":"cc.PrefabInfo","root":{"__id__":1},"asset":{"__uuid__":"07Lkqk779Anb4VVKinXj+v"},"fileId":"8fGkwIu+BHgrfFJRFBzADa"},"_contentSize":{"__type__":"cc.Size","width":699,"height":800},"_scale":{"__type__":"cc.Vec3","x":1,"y":1,"z":1}},{"__type__":"cc.Node","_name":"New Sprite(Splash)","_parent":{"__id__":1},"_children":[{"__id__":3},{"__id__":7},{"__id__":10},{"__id__":11},{"__id__":19},{"__id__":26}],"_level":2,"_components":[{"__type__":"cc.Sprite","node":{"__id__":2},"_spriteFrame":{"__uuid__":"510X4D6aFPGa9wjpS7Ot5t"},"_type":1,"_sizeMode":0}],"_prefab":{"__type__":"cc.PrefabInfo","root":{"__id__":1},"asset":{"__uuid__":"07Lkqk779Anb4VVKinXj+v"},"fileId":"d7MZSIQDhNdbjgJxvJAtou"},"_contentSize":{"__type__":"cc.Size","width":699,"height":800},"_scale":{"__type__":"cc.Vec3","x":1,"y":1,"z":1}},{"__type__":"cc.Node","_name":"alert-shangcehng","_parent":{"__id__":2},"_children":[{"__id__":4},{"__id__":5}],"_level":3,"_components":[{"__type__":"cc.Sprite","node":{"__id__":3},"_spriteFrame":{"__uuid__":"b3CLDo9FhEhpyt697OG5HT"},"_type":1},{"__type__":"cc.Widget","node":{"__id__":3},"_alignFlags":1,"_top":9}],"_prefab":{"__type__":"cc.PrefabInfo","root":{"__id__":1},"asset":{"__uuid__":"07Lkqk779Anb4VVKinXj+v"},"fileId":"487mrdgYNDOKy4GwCjHwlo"},"_contentSize":{"__type__":"cc.Size","width":679,"height":59},"_position":{"__type__":"cc.Vec3","y":361.5},"_scale":{"__type__":"cc.Vec3","x":1,"y":1,"z":1}},{"__type__":"cc.Node","_name":"New Label","_parent":{"__id__":3},"_level":4,"_components":[{"__type__":"cc.Label","node":{"__id__":4},"_srcBlendFactor":1,"_useOriginalSize":false,"_string":"官方反馈","_N$string":"官方反馈","_N$horizontalAlign":1,"_N$verticalAlign":1,"_N$fontFamily":"苹方"}],"_prefab":{"__type__":"cc.PrefabInfo","root":{"__id__":1},"asset":{"__uuid__":"07Lkqk779Anb4VVKinXj+v"},"fileId":"7bURuiMqdA+qD6zKYoRd8t"},"_contentSize":{"__type__":"cc.Size","width":160,"height":40},"_scale":{"__type__":"cc.Vec3","x":1,"y":1,"z":1}},{"__type__":"cc.Node","_name":"New Node","_parent":{"__id__":3},"_children":[{"__id__":6}],"_level":4,"_components":[{"__type__":"cc.Widget","node":{"__id__":5},"_alignFlags":33,"_top":-5.5},{"__type__":"cc.Button","node":{"__id__":5},"_N$transition":3,"transition":3,"_N$target":{"__id__":5}}],"_prefab":{"__type__":"cc.PrefabInfo","root":{"__id__":1},"asset":{"__uuid__":"07Lkqk779Anb4VVKinXj+v"},"fileId":"43vvpCbdxJM4BSzrPCrdHh"},"_contentSize":{"__type__":"cc.Size","width":70,"height":70},"_position":{"__type__":"cc.Vec3","x":304.5},"_scale":{"__type__":"cc.Vec3","x":1,"y":1,"z":1}},{"__type__":"cc.Node","_name":"alert-close","_parent":{"__id__":5},"_level":5,"_components":[{"__type__":"cc.Sprite","node":{"__id__":6},"_spriteFrame":{"__uuid__":"33DcKl9v5Ef6qoSRMZ5ejJ"}}],"_prefab":{"__type__":"cc.PrefabInfo","root":{"__id__":1},"asset":{"__uuid__":"07Lkqk779Anb4VVKinXj+v"},"fileId":"d2h5H1QyZHvr5SvIddSmLK"},"_contentSize":{"__type__":"cc.Size","width":28,"height":27},"_scale":{"__type__":"cc.Vec3","x":1,"y":1,"z":1}},{"__type__":"cc.Node","_name":"alert-shangcehng","_parent":{"__id__":2},"_children":[{"__id__":8}],"_level":3,"_components":[{"__type__":"cc.Sprite","node":{"__id__":7},"_spriteFrame":{"__uuid__":"b3CLDo9FhEhpyt697OG5HT"},"_type":1,"_sizeMode":0},{"__type__":"cc.Widget","node":{"__id__":7},"_alignFlags":4,"_bottom":8.300000000000011}],"_prefab":{"__type__":"cc.PrefabInfo","root":{"__id__":1},"asset":{"__uuid__":"07Lkqk779Anb4VVKinXj+v"},"fileId":"5apagY9zREIL4KqsxJaxDx"},"_contentSize":{"__type__":"cc.Size","width":679,"height":150},"_position":{"__type__":"cc.Vec3","y":-316.7},"_scale":{"__type__":"cc.Vec3","x":1,"y":1,"z":1}},{"__type__":"cc.Node","_name":"submit","_parent":{"__id__":7},"_children":[{"__id__":9}],"_level":4,"_components":[{"__type__":"cc.Sprite","node":{"__id__":8},"_spriteFrame":{"__uuid__":"39PxN1FxBCxLjMGmRJhgVO"}},{"__type__":"cc.Button","node":{"__id__":8},"_N$transition":3,"transition":3,"_N$target":{"__id__":8}}],"_prefab":{"__type__":"cc.PrefabInfo","root":{"__id__":1},"asset":{"__uuid__":"07Lkqk779Anb4VVKinXj+v"},"fileId":"5dN/Vll4tF+ZYVin/X3dZv"},"_contentSize":{"__type__":"cc.Size","width":261,"height":84},"_scale":{"__type__":"cc.Vec3","x":1,"y":1,"z":1}},{"__type__":"cc.Node","_name":"New Label","_parent":{"__id__":8},"_level":5,"_components":[{"__type__":"cc.Label","node":{"__id__":9},"_srcBlendFactor":1,"_useOriginalSize":false,"_string":"提交","_N$string":"提交","_fontSize":30,"_lineHeight":32,"_N$horizontalAlign":1,"_N$verticalAlign":1,"_N$fontFamily":"苹方"}],"_prefab":{"__type__":"cc.PrefabInfo","root":{"__id__":1},"asset":{"__uuid__":"07Lkqk779Anb4VVKinXj+v"},"fileId":"67P3Oy9hZLuLvvyE3+KHGe"},"_contentSize":{"__type__":"cc.Size","width":60,"height":32},"_scale":{"__type__":"cc.Vec3","x":1,"y":1,"z":1}},{"__type__":"cc.Node","_name":"New Label","_parent":{"__id__":2},"_level":3,"_components":[{"__type__":"cc.Label","node":{"__id__":10},"_srcBlendFactor":1,"_useOriginalSize":false,"_string":"客服人员会尽快联系您，帮您解决问题。(带*的为必填项)","_N$string":"客服人员会尽快联系您，帮您解决问题。(带*的为必填项)","_fontSize":25,"_lineHeight":27,"_N$horizontalAlign":1,"_N$verticalAlign":1},{"__type__":"cc.Widget","node":{"__id__":10},"_alignFlags":1,"_top":80.5}],"_prefab":{"__type__":"cc.PrefabInfo","root":{"__id__":1},"asset":{"__uuid__":"07Lkqk779Anb4VVKinXj+v"},"fileId":"96HaBAbM9N8q4WtF6bUv1u"},"_color":{"__type__":"cc.Color","r":162,"g":166,"b":192},"_contentSize":{"__type__":"cc.Size","width":626.38,"height":27},"_position":{"__type__":"cc.Vec3","y":306},"_scale":{"__type__":"cc.Vec3","x":1,"y":1,"z":1}},{"__type__":"cc.Node","_name":"New Layout","_parent":{"__id__":2},"_children":[{"__id__":12},{"__id__":14}],"_level":3,"_components":[{"__type__":"cc.Sprite","node":{"__id__":11},"_type":1,"_sizeMode":0},{"__type__":"cc.Layout","node":{"__id__":11},"_layoutSize":{"__type__":"cc.Size","width":650,"height":97},"_resize":1,"_N$layoutType":2,"_N$spacingY":10}],"_prefab":{"__type__":"cc.PrefabInfo","root":{"__id__":1},"asset":{"__uuid__":"07Lkqk779Anb4VVKinXj+v"},"fileId":"10x4nesrNNJ4v+BMaxAFWc"},"_contentSize":{"__type__":"cc.Size","width":650,"height":97},"_position":{"__type__":"cc.Vec3","y":172},"_scale":{"__type__":"cc.Vec3","x":1,"y":1,"z":1}},{"__type__":"cc.Node","_name":"New Label","_parent":{"__id__":11},"_level":4,"_components":[{"__id__":13},{"__type__":"cc.Widget","node":{"__id__":12},"_alignFlags":8,"_left":20}],"_prefab":{"__type__":"cc.PrefabInfo","root":{"__id__":1},"asset":{"__uuid__":"07Lkqk779Anb4VVKinXj+v"},"fileId":"6cYMlTo4xIlLkC/m2vWNkE"},"_contentSize":{"__type__":"cc.Size","width":84.73,"height":27},"_position":{"__type__":"cc.Vec3","x":-262.635,"y":35},"_scale":{"__type__":"cc.Vec3","x":1,"y":1,"z":1}},{"__type__":"cc.Label","node":{"__id__":12},"_srcBlendFactor":1,"_useOriginalSize":false,"_string":"微信号*","_N$string":"微信号*","_fontSize":25,"_lineHeight":27,"_N$horizontalAlign":1,"_N$verticalAlign":1},{"__type__":"cc.Node","_name":"wx","_parent":{"__id__":11},"_children":[{"__id__":15},{"__id__":16},{"__id__":17}],"_level":4,"_components":[{"__id__":18}],"_prefab":{"__type__":"cc.PrefabInfo","root":{"__id__":1},"asset":{"__uuid__":"07Lkqk779Anb4VVKinXj+v"},"fileId":"2aUBPoRztBzavv/7m7uMZD"},"_contentSize":{"__type__":"cc.Size","width":650,"height":60},"_position":{"__type__":"cc.Vec3","y":-18.5},"_scale":{"__type__":"cc.Vec3","x":1,"y":1,"z":1}},{"__type__":"cc.Node","_name":"BACKGROUND_SPRITE","_parent":{"__id__":14},"_level":5,"_components":[{"__type__":"cc.Sprite","node":{"__id__":15},"_spriteFrame":{"__uuid__":"7bE00G23JM/qnGWMMbG6Pm"},"_type":1,"_sizeMode":0}],"_prefab":{"__type__":"cc.PrefabInfo","root":{"__id__":1},"asset":{"__uuid__":"07Lkqk779Anb4VVKinXj+v"},"fileId":"ebe+n5+M1Kd5oE4tz0SLma"},"_contentSize":{"__type__":"cc.Size","width":650,"height":60},"_scale":{"__type__":"cc.Vec3","x":1,"y":1,"z":1}},{"__type__":"cc.Node","_name":"TEXT_LABEL","_parent":{"__id__":14},"_active":false,"_level":5,"_components":[{"__type__":"cc.Label","node":{"__id__":16},"_srcBlendFactor":1,"_fontSize":30,"_lineHeight":60,"_enableWrapText":false,"_N$verticalAlign":1,"_N$overflow":1}],"_prefab":{"__type__":"cc.PrefabInfo","root":{"__id__":1},"asset":{"__uuid__":"07Lkqk779Anb4VVKinXj+v"},"fileId":"76iZIIavNOibXvAORAQm3G"},"_contentSize":{"__type__":"cc.Size","width":648,"height":60},"_anchorPoint":{"__type__":"cc.Vec2","y":1},"_position":{"__type__":"cc.Vec3","x":-323,"y":30},"_scale":{"__type__":"cc.Vec3","x":1,"y":1,"z":1}},{"__type__":"cc.Node","_name":"PLACEHOLDER_LABEL","_parent":{"__id__":14},"_level":5,"_components":[{"__type__":"cc.Label","node":{"__id__":17},"_srcBlendFactor":1,"_string":"带*的为必填项","_N$string":"带*的为必填项","_fontSize":25,"_lineHeight":60,"_enableWrapText":false,"_N$horizontalAlign":2,"_N$verticalAlign":1,"_N$overflow":1}],"_prefab":{"__type__":"cc.PrefabInfo","root":{"__id__":1},"asset":{"__uuid__":"07Lkqk779Anb4VVKinXj+v"},"fileId":"27sziXLWFMXZKTW3OhH6OC"},"_color":{"__type__":"cc.Color","r":207,"g":67,"b":67},"_contentSize":{"__type__":"cc.Size","width":648,"height":60},"_anchorPoint":{"__type__":"cc.Vec2","y":1},"_position":{"__type__":"cc.Vec3","x":-323,"y":30},"_scale":{"__type__":"cc.Vec3","x":1,"y":1,"z":1}},{"__type__":"cc.EditBox","node":{"__id__":14},"_N$backgroundImage":{"__uuid__":"7bE00G23JM/qnGWMMbG6Pm"},"_N$returnType":1,"_N$inputMode":6,"_N$fontSize":30,"_N$lineHeight":60,"_N$placeholder":"带*的为必填项","_N$placeholderFontSize":25,"_N$placeholderFontColor":{"__type__":"cc.Color","r":207,"g":67,"b":67}},{"__type__":"cc.Node","_name":"New Layout","_parent":{"__id__":2},"_children":[{"__id__":20},{"__id__":21}],"_level":3,"_components":[{"__type__":"cc.Layout","node":{"__id__":19},"_layoutSize":{"__type__":"cc.Size","width":650,"height":97},"_resize":1,"_N$layoutType":2,"_N$spacingY":10}],"_prefab":{"__type__":"cc.PrefabInfo","root":{"__id__":1},"asset":{"__uuid__":"07Lkqk779Anb4VVKinXj+v"},"fileId":"42snE4C9FPIafrmcZnBYJ/"},"_contentSize":{"__type__":"cc.Size","width":650,"height":97},"_position":{"__type__":"cc.Vec3","y":65},"_scale":{"__type__":"cc.Vec3","x":1,"y":1,"z":1}},{"__type__":"cc.Node","_name":"New Label","_parent":{"__id__":19},"_level":4,"_components":[{"__type__":"cc.Label","node":{"__id__":20},"_srcBlendFactor":1,"_useOriginalSize":false,"_string":"联系电话","_N$string":"联系电话","_fontSize":25,"_lineHeight":27,"_N$horizontalAlign":1,"_N$verticalAlign":1},{"__type__":"cc.Widget","node":{"__id__":20},"_alignFlags":8,"_left":12.365000000000002}],"_prefab":{"__type__":"cc.PrefabInfo","root":{"__id__":1},"asset":{"__uuid__":"07Lkqk779Anb4VVKinXj+v"},"fileId":"e4l2+yy11AaIpHEKFImbSn"},"_contentSize":{"__type__":"cc.Size","width":100,"height":27},"_position":{"__type__":"cc.Vec3","x":-262.635,"y":35},"_scale":{"__type__":"cc.Vec3","x":1,"y":1,"z":1}},{"__type__":"cc.Node","_name":"phonenumber","_parent":{"__id__":19},"_children":[{"__id__":22},{"__id__":23},{"__id__":24}],"_level":4,"_components":[{"__id__":25}],"_prefab":{"__type__":"cc.PrefabInfo","root":{"__id__":1},"asset":{"__uuid__":"07Lkqk779Anb4VVKinXj+v"},"fileId":"79Wd9cIrVLAJnJX5PhUNgT"},"_contentSize":{"__type__":"cc.Size","width":650,"height":60},"_position":{"__type__":"cc.Vec3","y":-18.5},"_scale":{"__type__":"cc.Vec3","x":1,"y":1,"z":1}},{"__type__":"cc.Node","_name":"BACKGROUND_SPRITE","_parent":{"__id__":21},"_level":5,"_components":[{"__type__":"cc.Sprite","node":{"__id__":22},"_spriteFrame":{"__uuid__":"7bE00G23JM/qnGWMMbG6Pm"},"_type":1,"_sizeMode":0}],"_prefab":{"__type__":"cc.PrefabInfo","root":{"__id__":1},"asset":{"__uuid__":"07Lkqk779Anb4VVKinXj+v"},"fileId":"020SsYvidLKr7eNBqvx/xd"},"_contentSize":{"__type__":"cc.Size","width":650,"height":60},"_scale":{"__type__":"cc.Vec3","x":1,"y":1,"z":1}},{"__type__":"cc.Node","_name":"TEXT_LABEL","_parent":{"__id__":21},"_active":false,"_level":5,"_components":[{"__type__":"cc.Label","node":{"__id__":23},"_srcBlendFactor":1,"_fontSize":30,"_enableWrapText":false,"_N$verticalAlign":1,"_N$overflow":1}],"_prefab":{"__type__":"cc.PrefabInfo","root":{"__id__":1},"asset":{"__uuid__":"07Lkqk779Anb4VVKinXj+v"},"fileId":"c8+GnFpypO6q88glEH6fb4"},"_contentSize":{"__type__":"cc.Size","width":648,"height":60},"_anchorPoint":{"__type__":"cc.Vec2","y":1},"_position":{"__type__":"cc.Vec3","x":-323,"y":30},"_scale":{"__type__":"cc.Vec3","x":1,"y":1,"z":1}},{"__type__":"cc.Node","_name":"PLACEHOLDER_LABEL","_parent":{"__id__":21},"_level":5,"_components":[{"__type__":"cc.Label","node":{"__id__":24},"_srcBlendFactor":1,"_fontSize":25,"_lineHeight":60,"_enableWrapText":false,"_N$verticalAlign":1,"_N$overflow":1}],"_prefab":{"__type__":"cc.PrefabInfo","root":{"__id__":1},"asset":{"__uuid__":"07Lkqk779Anb4VVKinXj+v"},"fileId":"e7ltiJgfFMwoKLkmAV7wrm"},"_color":{"__type__":"cc.Color","r":207,"g":67,"b":67},"_contentSize":{"__type__":"cc.Size","width":648,"height":60},"_anchorPoint":{"__type__":"cc.Vec2","y":1},"_position":{"__type__":"cc.Vec3","x":-323,"y":30},"_scale":{"__type__":"cc.Vec3","x":1,"y":1,"z":1}},{"__type__":"cc.EditBox","node":{"__id__":21},"_N$backgroundImage":{"__uuid__":"7bE00G23JM/qnGWMMbG6Pm"},"_N$returnType":1,"_N$inputMode":3,"_N$fontSize":30,"_N$placeholder":"","_N$placeholderFontSize":25,"_N$placeholderFontColor":{"__type__":"cc.Color","r":207,"g":67,"b":67},"_N$maxLength":11},{"__type__":"cc.Node","_name":"New Layout","_parent":{"__id__":2},"_children":[{"__id__":27},{"__id__":28}],"_level":3,"_components":[{"__type__":"cc.Sprite","node":{"__id__":26},"_type":1,"_sizeMode":0},{"__type__":"cc.Layout","node":{"__id__":26},"_layoutSize":{"__type__":"cc.Size","width":650,"height":237},"_resize":1,"_N$layoutType":2,"_N$spacingY":10}],"_prefab":{"__type__":"cc.PrefabInfo","root":{"__id__":1},"asset":{"__uuid__":"07Lkqk779Anb4VVKinXj+v"},"fileId":"0fR497YPtJpa79lk5A8QrQ"},"_contentSize":{"__type__":"cc.Size","width":650,"height":237},"_position":{"__type__":"cc.Vec3","y":-108},"_scale":{"__type__":"cc.Vec3","x":1,"y":1,"z":1}},{"__type__":"cc.Node","_name":"New Label","_parent":{"__id__":26},"_level":4,"_components":[{"__type__":"cc.Label","node":{"__id__":27},"_srcBlendFactor":1,"_useOriginalSize":false,"_string":"问题反馈*","_N$string":"问题反馈*","_fontSize":25,"_lineHeight":27,"_N$horizontalAlign":1,"_N$verticalAlign":1},{"__type__":"cc.Widget","node":{"__id__":27},"_alignFlags":8,"_left":7.500000000000007}],"_prefab":{"__type__":"cc.PrefabInfo","root":{"__id__":1},"asset":{"__uuid__":"07Lkqk779Anb4VVKinXj+v"},"fileId":"85gNckd+dORKlzBNVA68qC"},"_contentSize":{"__type__":"cc.Size","width":109.73,"height":27},"_position":{"__type__":"cc.Vec3","x":-262.635,"y":105},"_scale":{"__type__":"cc.Vec3","x":1,"y":1,"z":1}},{"__type__":"cc.Node","_name":"question","_parent":{"__id__":26},"_children":[{"__id__":29},{"__id__":30},{"__id__":31}],"_level":4,"_components":[{"__id__":32}],"_prefab":{"__type__":"cc.PrefabInfo","root":{"__id__":1},"asset":{"__uuid__":"07Lkqk779Anb4VVKinXj+v"},"fileId":"75uQ1jbehCQa0EX55ccQjd"},"_contentSize":{"__type__":"cc.Size","width":650,"height":200},"_position":{"__type__":"cc.Vec3","y":-18.5},"_scale":{"__type__":"cc.Vec3","x":1,"y":1,"z":1}},{"__type__":"cc.Node","_name":"BACKGROUND_SPRITE","_parent":{"__id__":28},"_level":5,"_components":[{"__type__":"cc.Sprite","node":{"__id__":29},"_spriteFrame":{"__uuid__":"7bE00G23JM/qnGWMMbG6Pm"},"_type":1,"_sizeMode":0}],"_prefab":{"__type__":"cc.PrefabInfo","root":{"__id__":1},"asset":{"__uuid__":"07Lkqk779Anb4VVKinXj+v"},"fileId":"edfE0QaE9BZKhKFeFsX2Wb"},"_contentSize":{"__type__":"cc.Size","width":650,"height":200},"_scale":{"__type__":"cc.Vec3","x":1,"y":1,"z":1}},{"__type__":"cc.Node","_name":"TEXT_LABEL","_parent":{"__id__":28},"_active":false,"_level":5,"_components":[{"__type__":"cc.Label","node":{"__id__":30},"_srcBlendFactor":1,"_fontSize":30,"_N$overflow":1}],"_prefab":{"__type__":"cc.PrefabInfo","root":{"__id__":1},"asset":{"__uuid__":"07Lkqk779Anb4VVKinXj+v"},"fileId":"3ej89tlfRMK5JS4Vw1viZM"},"_contentSize":{"__type__":"cc.Size","width":648,"height":200},"_anchorPoint":{"__type__":"cc.Vec2","y":1},"_position":{"__type__":"cc.Vec3","x":-323,"y":100},"_scale":{"__type__":"cc.Vec3","x":1,"y":1,"z":1}},{"__type__":"cc.Node","_name":"PLACEHOLDER_LABEL","_parent":{"__id__":28},"_level":5,"_components":[{"__type__":"cc.Label","node":{"__id__":31},"_srcBlendFactor":1,"_string":"带*的为必填项","_N$string":"带*的为必填项","_fontSize":25,"_lineHeight":200,"_N$horizontalAlign":2,"_N$fontFamily":"苹方","_N$overflow":1}],"_prefab":{"__type__":"cc.PrefabInfo","root":{"__id__":1},"asset":{"__uuid__":"07Lkqk779Anb4VVKinXj+v"},"fileId":"b5ylV/6WtD35UilRwvD7f/"},"_color":{"__type__":"cc.Color","r":207,"g":67,"b":67},"_contentSize":{"__type__":"cc.Size","width":648,"height":200},"_anchorPoint":{"__type__":"cc.Vec2","y":1},"_position":{"__type__":"cc.Vec3","x":-323,"y":100},"_scale":{"__type__":"cc.Vec3","x":1,"y":1,"z":1}},{"__type__":"cc.EditBox","node":{"__id__":28},"_N$backgroundImage":{"__uuid__":"7bE00G23JM/qnGWMMbG6Pm"},"_N$returnType":1,"_N$fontSize":30,"_N$placeholder":"带*的为必填项","_N$placeholderFontSize":25,"_N$placeholderFontColor":{"__type__":"cc.Color","r":207,"g":67,"b":67},"_N$maxLength":150}],{"__type__":"cc.SpriteFrame","content":{"name":"close (2)","texture":"a1kFce2/xNx60AtnsccfV2","rect":[383,897,28,27],"offset":[0,0],"originalSize":[28,27],"capInsets":[0,0,0,0]}},{"__type__":"cc.SpriteFrame","content":{"name":"tanchuangtongyon","texture":"a1kFce2/xNx60AtnsccfV2","rect":[112,794,261,84],"offset":[0,0],"originalSize":[261,84],"capInsets":[0,0,0,0]}},{"__type__":"cc.SpriteFrame","content":{"name":"tanchuanbg","texture":"a1kFce2/xNx60AtnsccfV2","rect":[821,756,80,78],"offset":[0,0],"originalSize":[80,78],"capInsets":[11,11,11,10]}},{"__type__":"cc.SpriteFrame","content":{"name":"fankui","texture":"a1kFce2/xNx60AtnsccfV2","rect":[911,1140,48,69],"offset":[0,0],"originalSize":[48,69],"capInsets":[11,11,11,13]}},{"__type__":"cc.SpriteFrame","content":{"name":"shangcehng","texture":"a1kFce2/xNx60AtnsccfV2","rect":[62,412,679,59],"offset":[0,0],"originalSize":[679,59],"capInsets":[0,0,0,0]}}]