[{"__type__":"cc.SpriteFrame","content":{"name":"diamondsicon@2x","texture":"a1kFce2/xNx60AtnsccfV2","rect":[538,752,32,37],"offset":[0,0],"originalSize":[32,37],"capInsets":[0,0,0,0]}},{"__type__":"cc.SpriteFrame","content":{"name":"tanchuangtongyon","texture":"a1kFce2/xNx60AtnsccfV2","rect":[112,794,261,84],"offset":[0,0],"originalSize":[261,84],"capInsets":[0,0,0,0]}},{"__type__":"cc.SpriteFrame","content":{"name":"bg","texture":"a1kFce2/xNx60AtnsccfV2","rect":[817,0,19,296],"offset":[0,0],"originalSize":[19,296],"capInsets":[7,13,5,31]}},{"__type__":"cc.SpriteFrame","content":{"name":"jinbikaobei","texture":"a1kFce2/xNx60AtnsccfV2","rect":[930,979,35,36],"offset":[0,0],"originalSize":[35,36],"capInsets":[0,0,0,0]}},[{"__type__":"cc.Prefab","_name":"AwardInfo","data":{"__id__":1}},{"__type__":"cc.Node","_name":"bg","_children":[{"__id__":2},{"__id__":7},{"__id__":12},{"__id__":29}],"_level":1,"_components":[{"__type__":"cc.Sprite","node":{"__id__":1},"_spriteFrame":{"__uuid__":"5eRhrMrEJO/bOOzjVRAFoh"},"_type":1,"_sizeMode":0},{"__type__":"156ffak9MxPzK/m1atGYkeW","node":{"__id__":1},"delete":{"__id__":29},"content":{"__id__":15},"title":{"__id__":11},"gem":{"__id__":20},"gemnode":{"__id__":17},"diam":{"__id__":28},"diamnode":{"__id__":25},"coin":{"__id__":24},"coinnode":{"__id__":21},"okBt":{"__id__":6},"textBt":{"__id__":5}}],"_prefab":{"__type__":"cc.PrefabInfo","root":{"__id__":1},"asset":{"__uuid__":"7cF5TJ5P5J+bmUd96YNGQE"},"fileId":"4d7hmLXJ9Lo6FEw0kbflWr"},"_contentSize":{"__type__":"cc.Size","width":650,"height":296},"_position":{"__type__":"cc.Vec3","y":-174},"_scale":{"__type__":"cc.Vec3","x":1,"y":1,"z":1}},{"__type__":"cc.Node","_name":"btbg","_parent":{"__id__":1},"_children":[{"__id__":3}],"_level":2,"_components":[{"__type__":"cc.Sprite","node":{"__id__":2},"_spriteFrame":{"__uuid__":"e652MwRjhO3pYtnC9bP5Vs"},"_type":1,"_sizeMode":0},{"__type__":"cc.Widget","node":{"__id__":2},"_alignFlags":4,"_bottom":10}],"_prefab":{"__type__":"cc.PrefabInfo","root":{"__id__":1},"asset":{"__uuid__":"7cF5TJ5P5J+bmUd96YNGQE"},"fileId":"04Jtyfn0FHtKbY7/GaDlPR"},"_contentSize":{"__type__":"cc.Size","width":600,"height":110},"_position":{"__type__":"cc.Vec3","y":-83},"_scale":{"__type__":"cc.Vec3","x":1,"y":1,"z":1}},{"__type__":"cc.Node","_name":"orange-button","_parent":{"__id__":2},"_children":[{"__id__":4}],"_level":3,"_components":[{"__id__":6}],"_prefab":{"__type__":"cc.PrefabInfo","root":{"__id__":1},"asset":{"__uuid__":"7cF5TJ5P5J+bmUd96YNGQE"},"fileId":"8fy9ZZ5jVAmZ5At1wNsWqk"},"_contentSize":{"__type__":"cc.Size","width":261,"height":84},"_scale":{"__type__":"cc.Vec3","x":1,"y":1,"z":1}},{"__type__":"cc.Node","_name":"textbt","_parent":{"__id__":3},"_level":4,"_components":[{"__id__":5}],"_prefab":{"__type__":"cc.PrefabInfo","root":{"__id__":1},"asset":{"__uuid__":"7cF5TJ5P5J+bmUd96YNGQE"},"fileId":"d73av7pjBD1ajTJV8YWDJF"},"_contentSize":{"__type__":"cc.Size","width":60,"height":32},"_scale":{"__type__":"cc.Vec3","x":1,"y":1,"z":1}},{"__type__":"cc.Label","node":{"__id__":4},"_srcBlendFactor":1,"_useOriginalSize":false,"_string":"领取","_N$string":"领取","_fontSize":30,"_lineHeight":32,"_N$horizontalAlign":1,"_N$verticalAlign":1},{"__type__":"cc.Sprite","node":{"__id__":3},"_spriteFrame":{"__uuid__":"39PxN1FxBCxLjMGmRJhgVO"},"_sizeMode":0},{"__type__":"cc.Node","_name":"New Layout","_parent":{"__id__":1},"_children":[{"__id__":8},{"__id__":10}],"_level":2,"_components":[{"__type__":"cc.Sprite","node":{"__id__":7},"_type":1,"_sizeMode":0},{"__type__":"cc.Layout","node":{"__id__":7},"_layoutSize":{"__type__":"cc.Size","width":104,"height":50},"_resize":1,"_N$layoutType":1,"_N$spacingX":5},{"__type__":"cc.Widget","node":{"__id__":7},"_alignFlags":9,"_left":13,"_top":5}],"_prefab":{"__type__":"cc.PrefabInfo","root":{"__id__":1},"asset":{"__uuid__":"7cF5TJ5P5J+bmUd96YNGQE"},"fileId":"09jek3Nw1NeLOK6mJteRq2"},"_contentSize":{"__type__":"cc.Size","width":104,"height":50},"_anchorPoint":{"__type__":"cc.Vec2","y":0.5},"_position":{"__type__":"cc.Vec3","x":-312,"y":118},"_scale":{"__type__":"cc.Vec3","x":1,"y":1,"z":1}},{"__type__":"cc.Node","_name":"fred","_parent":{"__id__":7},"_level":3,"_components":[{"__id__":9},{"__type__":"32540GFq4FAT5ZSyUpi/XyW","node":{"__id__":8},"img":{"__id__":9},"url":"texture/emily/awar.png"}],"_prefab":{"__type__":"cc.PrefabInfo","root":{"__id__":1},"asset":{"__uuid__":"7cF5TJ5P5J+bmUd96YNGQE"},"fileId":"65CaLhsiROtbY0L9rT1P/0"},"_contentSize":{"__type__":"cc.Size","width":39,"height":47},"_position":{"__type__":"cc.Vec3","x":19.5,"y":7},"_scale":{"__type__":"cc.Vec3","x":1,"y":1,"z":1}},{"__type__":"cc.Sprite","node":{"__id__":8}},{"__type__":"cc.Node","_name":"New Label","_parent":{"__id__":7},"_level":3,"_components":[{"__id__":11}],"_prefab":{"__type__":"cc.PrefabInfo","root":{"__id__":1},"asset":{"__uuid__":"7cF5TJ5P5J+bmUd96YNGQE"},"fileId":"17KvXFDqJNi7g7cHvAlKZK"},"_contentSize":{"__type__":"cc.Size","width":60,"height":32},"_anchorPoint":{"__type__":"cc.Vec2","y":0.5},"_position":{"__type__":"cc.Vec3","x":44},"_scale":{"__type__":"cc.Vec3","x":1,"y":1,"z":1}},{"__type__":"cc.Label","node":{"__id__":10},"_srcBlendFactor":1,"_useOriginalSize":false,"_string":"礼包","_N$string":"礼包","_fontSize":30,"_lineHeight":32,"_N$horizontalAlign":1,"_N$verticalAlign":1},{"__type__":"cc.Node","_name":"content","_parent":{"__id__":1},"_children":[{"__id__":13},{"__id__":16}],"_level":2,"_components":[{"__type__":"cc.Sprite","node":{"__id__":12},"_type":1,"_sizeMode":0},{"__type__":"cc.Layout","node":{"__id__":12},"_layoutSize":{"__type__":"cc.Size","width":650,"height":84},"_resize":1,"_N$layoutType":2,"_N$spacingY":10},{"__type__":"cc.Widget","node":{"__id__":12},"_alignFlags":41,"_top":76,"_originalWidth":200}],"_prefab":{"__type__":"cc.PrefabInfo","root":{"__id__":1},"asset":{"__uuid__":"7cF5TJ5P5J+bmUd96YNGQE"},"fileId":"3dWScAcmdH3qQaIu3BRgTu"},"_contentSize":{"__type__":"cc.Size","width":650,"height":84},"_position":{"__type__":"cc.Vec3","y":30},"_scale":{"__type__":"cc.Vec3","x":1,"y":1,"z":1}},{"__type__":"cc.Node","_name":"title","_parent":{"__id__":12},"_children":[{"__id__":14}],"_level":3,"_components":[{"__type__":"cc.Sprite","node":{"__id__":13},"_type":1,"_sizeMode":0},{"__type__":"cc.Layout","node":{"__id__":13},"_layoutSize":{"__type__":"cc.Size","width":594,"height":24},"_N$layoutType":1},{"__type__":"cc.Widget","node":{"__id__":13},"_alignFlags":40,"_left":28,"_right":28,"_originalWidth":144}],"_prefab":{"__type__":"cc.PrefabInfo","root":{"__id__":1},"asset":{"__uuid__":"7cF5TJ5P5J+bmUd96YNGQE"},"fileId":"b5HAnTJpFE/5IBBoDkTclS"},"_contentSize":{"__type__":"cc.Size","width":594,"height":24},"_position":{"__type__":"cc.Vec3","y":30},"_scale":{"__type__":"cc.Vec3","x":1,"y":1,"z":1}},{"__type__":"cc.Node","_name":"text","_parent":{"__id__":13},"_level":3,"_components":[{"__id__":15},{"__type__":"cc.Widget","node":{"__id__":14},"_alignFlags":40,"_originalWidth":144}],"_prefab":{"__type__":"cc.PrefabInfo","root":{"__id__":1},"asset":{"__uuid__":"7cF5TJ5P5J+bmUd96YNGQE"},"fileId":"68cCcjWCFIOKcNErJWLmaE"},"_contentSize":{"__type__":"cc.Size","width":594,"height":26},"_scale":{"__type__":"cc.Vec3","x":1,"y":1,"z":1}},{"__type__":"cc.Label","node":{"__id__":14},"_srcBlendFactor":1,"_useOriginalSize":false,"_fontSize":24,"_lineHeight":26,"_N$horizontalAlign":1,"_N$verticalAlign":1,"_N$overflow":3},{"__type__":"cc.Node","_name":"award","_parent":{"__id__":12},"_children":[{"__id__":17},{"__id__":21},{"__id__":25}],"_level":3,"_components":[{"__type__":"cc.Sprite","node":{"__id__":16},"_type":1,"_sizeMode":0},{"__type__":"cc.Layout","node":{"__id__":16},"_layoutSize":{"__type__":"cc.Size","width":360.71,"height":50},"_resize":1,"_N$layoutType":1,"_N$spacingX":25}],"_prefab":{"__type__":"cc.PrefabInfo","root":{"__id__":1},"asset":{"__uuid__":"7cF5TJ5P5J+bmUd96YNGQE"},"fileId":"81iO99xl1Mop3Pdu2yrEf+"},"_contentSize":{"__type__":"cc.Size","width":360.71,"height":50},"_position":{"__type__":"cc.Vec3","y":-17},"_scale":{"__type__":"cc.Vec3","x":1,"y":1,"z":1}},{"__type__":"cc.Node","_name":"fushi","_parent":{"__id__":16},"_children":[{"__id__":18},{"__id__":19}],"_level":4,"_components":[{"__type__":"cc.Sprite","node":{"__id__":17},"_type":1,"_sizeMode":0},{"__type__":"cc.Layout","node":{"__id__":17},"_layoutSize":{"__type__":"cc.Size","width":99.57,"height":33},"_resize":1,"_N$layoutType":1}],"_prefab":{"__type__":"cc.PrefabInfo","root":{"__id__":1},"asset":{"__uuid__":"7cF5TJ5P5J+bmUd96YNGQE"},"fileId":"b4WmUx3IxE0rILv9diLS21"},"_contentSize":{"__type__":"cc.Size","width":99.57,"height":33},"_position":{"__type__":"cc.Vec3","x":-130.57},"_scale":{"__type__":"cc.Vec3","x":1,"y":1,"z":1}},{"__type__":"cc.Node","_name":"fushiicon","_parent":{"__id__":17},"_level":5,"_components":[{"__type__":"cc.Sprite","node":{"__id__":18},"_spriteFrame":{"__uuid__":"23qu98Kw5A3YnDzqDwfXkf"}}],"_prefab":{"__type__":"cc.PrefabInfo","root":{"__id__":1},"asset":{"__uuid__":"7cF5TJ5P5J+bmUd96YNGQE"},"fileId":"7fuIKBkahC+o59OYwUHqtB"},"_contentSize":{"__type__":"cc.Size","width":32,"height":37},"_position":{"__type__":"cc.Vec3","x":-33.785},"_scale":{"__type__":"cc.Vec3","x":1,"y":1,"z":1}},{"__type__":"cc.Node","_name":"count","_parent":{"__id__":17},"_level":5,"_components":[{"__id__":20}],"_prefab":{"__type__":"cc.PrefabInfo","root":{"__id__":1},"asset":{"__uuid__":"7cF5TJ5P5J+bmUd96YNGQE"},"fileId":"9423bkSuFOgbXGAbCEBRjG"},"_contentSize":{"__type__":"cc.Size","width":67.57,"height":32},"_position":{"__type__":"cc.Vec3","x":16},"_scale":{"__type__":"cc.Vec3","x":1,"y":1,"z":1}},{"__type__":"cc.Label","node":{"__id__":19},"_srcBlendFactor":1,"_useOriginalSize":false,"_string":"×899","_N$string":"×899","_fontSize":30,"_lineHeight":32,"_N$horizontalAlign":1,"_N$verticalAlign":1},{"__type__":"cc.Node","_name":"jinbi","_parent":{"__id__":16},"_children":[{"__id__":22},{"__id__":23}],"_level":4,"_components":[{"__type__":"cc.Sprite","node":{"__id__":21},"_type":1,"_sizeMode":0},{"__type__":"cc.Layout","node":{"__id__":21},"_layoutSize":{"__type__":"cc.Size","width":102.57,"height":33},"_resize":1,"_N$layoutType":1}],"_prefab":{"__type__":"cc.PrefabInfo","root":{"__id__":1},"asset":{"__uuid__":"7cF5TJ5P5J+bmUd96YNGQE"},"fileId":"32vAsUMMhEDZLxuRD43/Fr"},"_contentSize":{"__type__":"cc.Size","width":102.57,"height":33},"_position":{"__type__":"cc.Vec3","x":-4.5},"_scale":{"__type__":"cc.Vec3","x":1,"y":1,"z":1}},{"__type__":"cc.Node","_name":"jinbiicon","_parent":{"__id__":21},"_level":5,"_components":[{"__type__":"cc.Sprite","node":{"__id__":22},"_spriteFrame":{"__uuid__":"758LlCmBtGkoDRCn15LdzW"}}],"_prefab":{"__type__":"cc.PrefabInfo","root":{"__id__":1},"asset":{"__uuid__":"7cF5TJ5P5J+bmUd96YNGQE"},"fileId":"d30syqPMlNwLvvz5iy0Ugi"},"_contentSize":{"__type__":"cc.Size","width":35,"height":36},"_position":{"__type__":"cc.Vec3","x":-33.785},"_scale":{"__type__":"cc.Vec3","x":1,"y":1,"z":1}},{"__type__":"cc.Node","_name":"count","_parent":{"__id__":21},"_level":5,"_components":[{"__id__":24}],"_prefab":{"__type__":"cc.PrefabInfo","root":{"__id__":1},"asset":{"__uuid__":"7cF5TJ5P5J+bmUd96YNGQE"},"fileId":"f3CfWupchEKoHX5NbfGTZb"},"_contentSize":{"__type__":"cc.Size","width":67.57,"height":32},"_position":{"__type__":"cc.Vec3","x":17.5},"_scale":{"__type__":"cc.Vec3","x":1,"y":1,"z":1}},{"__type__":"cc.Label","node":{"__id__":23},"_srcBlendFactor":1,"_useOriginalSize":false,"_string":"×899","_N$string":"×899","_fontSize":30,"_lineHeight":32,"_N$horizontalAlign":1,"_N$verticalAlign":1},{"__type__":"cc.Node","_name":"zhuanshi","_parent":{"__id__":16},"_children":[{"__id__":26},{"__id__":27}],"_level":4,"_components":[{"__type__":"cc.Sprite","node":{"__id__":25},"_type":1,"_sizeMode":0},{"__type__":"cc.Layout","node":{"__id__":25},"_layoutSize":{"__type__":"cc.Size","width":108.57,"height":33},"_resize":1,"_N$layoutType":1}],"_prefab":{"__type__":"cc.PrefabInfo","root":{"__id__":1},"asset":{"__uuid__":"7cF5TJ5P5J+bmUd96YNGQE"},"fileId":"4eI21cOc5MQrkSNqL2a13q"},"_contentSize":{"__type__":"cc.Size","width":108.57,"height":33},"_position":{"__type__":"cc.Vec3","x":126.07},"_scale":{"__type__":"cc.Vec3","x":1,"y":1,"z":1}},{"__type__":"cc.Node","_name":"zhuanshi","_parent":{"__id__":25},"_level":5,"_components":[{"__type__":"cc.Sprite","node":{"__id__":26},"_spriteFrame":{"__uuid__":"de0JHSRvpF/p6Fu3WSBcG6"}}],"_prefab":{"__type__":"cc.PrefabInfo","root":{"__id__":1},"asset":{"__uuid__":"7cF5TJ5P5J+bmUd96YNGQE"},"fileId":"9f3gzSkNNBe4revX4Ey7GL"},"_contentSize":{"__type__":"cc.Size","width":41,"height":32},"_position":{"__type__":"cc.Vec3","x":-33.785},"_scale":{"__type__":"cc.Vec3","x":1,"y":1,"z":1}},{"__type__":"cc.Node","_name":"count","_parent":{"__id__":25},"_level":5,"_components":[{"__id__":28}],"_prefab":{"__type__":"cc.PrefabInfo","root":{"__id__":1},"asset":{"__uuid__":"7cF5TJ5P5J+bmUd96YNGQE"},"fileId":"dbFhmsP8pBo75O1LodWTqp"},"_contentSize":{"__type__":"cc.Size","width":67.57,"height":32},"_position":{"__type__":"cc.Vec3","x":20.5},"_scale":{"__type__":"cc.Vec3","x":1,"y":1,"z":1}},{"__type__":"cc.Label","node":{"__id__":27},"_srcBlendFactor":1,"_useOriginalSize":false,"_string":"×899","_N$string":"×899","_fontSize":30,"_lineHeight":32,"_N$horizontalAlign":1,"_N$verticalAlign":1},{"__type__":"cc.Node","_name":"delete","_parent":{"__id__":1},"_level":2,"_components":[{"__id__":30},{"__type__":"32540GFq4FAT5ZSyUpi/XyW","node":{"__id__":29},"img":{"__id__":30},"url":"texture/emily/trash.png"},{"__type__":"cc.Widget","node":{"__id__":29},"_alignFlags":9,"_left":583,"_top":-1},{"__type__":"cc.Button","node":{"__id__":29},"_N$transition":3,"transition":3,"_N$target":{"__id__":29}}],"_prefab":{"__type__":"cc.PrefabInfo","root":{"__id__":1},"asset":{"__uuid__":"7cF5TJ5P5J+bmUd96YNGQE"},"fileId":"13qVpnYLlMVb8yB+JbKfEg"},"_contentSize":{"__type__":"cc.Size","width":60,"height":60},"_position":{"__type__":"cc.Vec3","x":288,"y":119},"_scale":{"__type__":"cc.Vec3","x":1,"y":1,"z":1}},{"__type__":"cc.Sprite","node":{"__id__":29}}],{"__type__":"cc.SpriteFrame","content":{"name":"zhuanshi","texture":"a1kFce2/xNx60AtnsccfV2","rect":[363,1035,41,32],"offset":[0,0],"originalSize":[41,32],"capInsets":[0,0,0,0]}},{"__type__":"cc.SpriteFrame","content":{"name":"btbg","texture":"a1kFce2/xNx60AtnsccfV2","rect":[787,120,25,136],"offset":[0,0],"originalSize":[25,136],"capInsets":[6,16,4,10]}}]