[{"__type__":"cc.SpriteFrame","content":{"name":"close (2)","texture":"a1kFce2/xNx60AtnsccfV2","rect":[383,897,28,27],"offset":[0,0],"originalSize":[28,27],"capInsets":[0,0,0,0]}},{"__type__":"cc.SpriteFrame","content":{"name":"tanchuangtongyon","texture":"a1kFce2/xNx60AtnsccfV2","rect":[112,794,261,84],"offset":[0,0],"originalSize":[261,84],"capInsets":[0,0,0,0]}},{"__type__":"cc.SpriteFrame","content":{"name":"tanchuanbg","texture":"a1kFce2/xNx60AtnsccfV2","rect":[821,756,80,78],"offset":[0,0],"originalSize":[80,78],"capInsets":[11,11,11,10]}},{"__type__":"cc.SpriteFrame","content":{"name":"point1","texture":"a1kFce2/xNx60AtnsccfV2","rect":[594,1003,14,14],"offset":[0,0],"originalSize":[14,14],"capInsets":[0,0,0,0]}},{"__type__":"cc.SpriteFrame","content":{"name":"left","texture":"a1kFce2/xNx60AtnsccfV2","rect":[883,206,42,90],"offset":[0,0],"originalSize":[42,90],"capInsets":[0,0,0,0]}},{"__type__":"cc.SpriteFrame","content":{"name":"shangcehng","texture":"a1kFce2/xNx60AtnsccfV2","rect":[62,412,679,59],"offset":[0,0],"originalSize":[679,59],"capInsets":[0,0,0,0]}},[{"__type__":"cc.Prefab","_name":"Message","data":{"__id__":1}},{"__type__":"cc.Node","_name":"message","_children":[{"__id__":2}],"_level":1,"_components":[{"__type__":"cc.Sprite","node":{"__id__":1},"_sizeMode":0},{"__type__":"e068d/RAPRF0q4jsta/44Lo","node":{"__id__":1},"left":{"__id__":15},"right":{"__id__":16},"pageview":{"__id__":14},"close":{"__id__":5},"content":{"__id__":11},"item":{"__uuid__":"ebuza2uztEmqDglhTXOBqw"},"info":{"__id__":17}}],"_prefab":{"__type__":"cc.PrefabInfo","root":{"__id__":1},"asset":{"__uuid__":"c1WWJXE+9KTZdSrBt5avaX"},"fileId":"6dmTTPNs5BabfjRLPWRVrR"},"_contentSize":{"__type__":"cc.Size","width":699,"height":670},"_scale":{"__type__":"cc.Vec3","x":1,"y":1,"z":1}},{"__type__":"cc.Node","_name":"New Sprite(Splash)","_parent":{"__id__":1},"_children":[{"__id__":3},{"__id__":7},{"__id__":8},{"__id__":17}],"_level":2,"_components":[{"__type__":"cc.Sprite","node":{"__id__":2},"_spriteFrame":{"__uuid__":"510X4D6aFPGa9wjpS7Ot5t"},"_type":1,"_sizeMode":0},{"__type__":"cc.Widget","node":{"__id__":2},"_alignFlags":45,"_originalWidth":100,"_originalHeight":100}],"_prefab":{"__type__":"cc.PrefabInfo","root":{"__id__":1},"asset":{"__uuid__":"c1WWJXE+9KTZdSrBt5avaX"},"fileId":"53R0F35Q1Ff4g8no370C9M"},"_contentSize":{"__type__":"cc.Size","width":699,"height":670},"_scale":{"__type__":"cc.Vec3","x":1,"y":1,"z":1}},{"__type__":"cc.Node","_name":"alert-shangcehng","_parent":{"__id__":2},"_children":[{"__id__":4},{"__id__":5}],"_level":3,"_components":[{"__type__":"cc.Sprite","node":{"__id__":3},"_spriteFrame":{"__uuid__":"b3CLDo9FhEhpyt697OG5HT"},"_type":1},{"__type__":"cc.Widget","node":{"__id__":3},"_alignFlags":1,"_top":9.5}],"_prefab":{"__type__":"cc.PrefabInfo","root":{"__id__":1},"asset":{"__uuid__":"c1WWJXE+9KTZdSrBt5avaX"},"fileId":"684cBXyQNDw53U6wMWXrr+"},"_contentSize":{"__type__":"cc.Size","width":679,"height":59},"_position":{"__type__":"cc.Vec3","y":296},"_scale":{"__type__":"cc.Vec3","x":1,"y":1,"z":1}},{"__type__":"cc.Node","_name":"New Label","_parent":{"__id__":3},"_level":4,"_components":[{"__type__":"cc.Label","node":{"__id__":4},"_srcBlendFactor":1,"_useOriginalSize":false,"_string":"通知","_N$string":"通知","_N$horizontalAlign":1,"_N$verticalAlign":1,"_N$fontFamily":"苹方"}],"_prefab":{"__type__":"cc.PrefabInfo","root":{"__id__":1},"asset":{"__uuid__":"c1WWJXE+9KTZdSrBt5avaX"},"fileId":"6b4NnBVqpBHKd5C+EI1wKx"},"_contentSize":{"__type__":"cc.Size","width":80,"height":40},"_scale":{"__type__":"cc.Vec3","x":1,"y":1,"z":1}},{"__type__":"cc.Node","_name":"New Node","_parent":{"__id__":3},"_children":[{"__id__":6}],"_level":4,"_components":[{"__type__":"cc.Widget","node":{"__id__":5},"_alignFlags":32},{"__type__":"cc.Button","node":{"__id__":5},"_N$transition":3,"transition":3,"_N$target":{"__id__":5}}],"_prefab":{"__type__":"cc.PrefabInfo","root":{"__id__":1},"asset":{"__uuid__":"c1WWJXE+9KTZdSrBt5avaX"},"fileId":"17o0K77elAra+l55RJ8/m2"},"_contentSize":{"__type__":"cc.Size","width":70,"height":70},"_position":{"__type__":"cc.Vec3","x":304.5},"_scale":{"__type__":"cc.Vec3","x":1,"y":1,"z":1}},{"__type__":"cc.Node","_name":"alert-close","_parent":{"__id__":5},"_level":5,"_components":[{"__type__":"cc.Sprite","node":{"__id__":6},"_spriteFrame":{"__uuid__":"33DcKl9v5Ef6qoSRMZ5ejJ"}}],"_prefab":{"__type__":"cc.PrefabInfo","root":{"__id__":1},"asset":{"__uuid__":"c1WWJXE+9KTZdSrBt5avaX"},"fileId":"136joqIMpALrVKeaKa6UHj"},"_contentSize":{"__type__":"cc.Size","width":28,"height":27},"_scale":{"__type__":"cc.Vec3","x":1,"y":1,"z":1}},{"__type__":"cc.Node","_name":"alert-shangcehng","_parent":{"__id__":2},"_level":3,"_components":[{"__type__":"cc.Sprite","node":{"__id__":7},"_spriteFrame":{"__uuid__":"b3CLDo9FhEhpyt697OG5HT"},"_type":1,"_sizeMode":0},{"__type__":"cc.Widget","node":{"__id__":7},"_alignFlags":4,"_bottom":5}],"_prefab":{"__type__":"cc.PrefabInfo","root":{"__id__":1},"asset":{"__uuid__":"c1WWJXE+9KTZdSrBt5avaX"},"fileId":"abbCFsafJDCazraNAb/O+a"},"_contentSize":{"__type__":"cc.Size","width":679,"height":150},"_position":{"__type__":"cc.Vec3","y":-255},"_scale":{"__type__":"cc.Vec3","x":1,"y":1,"z":1}},{"__type__":"cc.Node","_name":"New Node","_parent":{"__id__":2},"_children":[{"__id__":9},{"__id__":15},{"__id__":16}],"_level":3,"_prefab":{"__type__":"cc.PrefabInfo","root":{"__id__":1},"asset":{"__uuid__":"c1WWJXE+9KTZdSrBt5avaX"},"fileId":"65FMYDAC1KV7TUrCYILbuf"},"_contentSize":{"__type__":"cc.Size","width":680,"height":450},"_position":{"__type__":"cc.Vec3","y":46},"_scale":{"__type__":"cc.Vec3","x":1,"y":1,"z":1}},{"__type__":"cc.Node","_name":"New PageView","_parent":{"__id__":8},"_children":[{"__id__":10},{"__id__":12}],"_level":4,"_components":[{"__id__":14},{"__type__":"cc.Widget","node":{"__id__":9},"_alignFlags":45,"_originalWidth":400,"_originalHeight":350}],"_prefab":{"__type__":"cc.PrefabInfo","root":{"__id__":1},"asset":{"__uuid__":"c1WWJXE+9KTZdSrBt5avaX"},"fileId":"59AZ7QtUxLuriBq7xvwprK"},"_contentSize":{"__type__":"cc.Size","width":680,"height":450},"_scale":{"__type__":"cc.Vec3","x":1,"y":1,"z":1}},{"__type__":"cc.Node","_name":"view","_parent":{"__id__":9},"_children":[{"__id__":11}],"_components":[{"__type__":"cc.Mask","node":{"__id__":10}},{"__type__":"cc.Widget","node":{"__id__":10},"_alignFlags":45,"_originalWidth":400,"_originalHeight":350}],"_prefab":{"__type__":"cc.PrefabInfo","root":{"__id__":1},"asset":{"__uuid__":"c1WWJXE+9KTZdSrBt5avaX"},"fileId":"c1B73tEwVIwaGuDRVzsun8"},"_contentSize":{"__type__":"cc.Size","width":680,"height":450},"_scale":{"__type__":"cc.Vec3","x":1,"y":1,"z":1}},{"__type__":"cc.Node","_name":"content","_parent":{"__id__":10},"_components":[{"__type__":"cc.Layout","node":{"__id__":11},"_layoutSize":{"__type__":"cc.Size","width":500,"height":450},"_resize":1,"_N$layoutType":1,"_N$spacingY":15},{"__type__":"cc.Widget","node":{"__id__":11},"_alignFlags":13,"_right":-520,"_originalWidth":1200,"_originalHeight":350}],"_prefab":{"__type__":"cc.PrefabInfo","root":{"__id__":1},"asset":{"__uuid__":"c1WWJXE+9KTZdSrBt5avaX"},"fileId":"31exCCTHJNcKutKtNoumbd"},"_contentSize":{"__type__":"cc.Size","width":500,"height":450},"_anchorPoint":{"__type__":"cc.Vec2","y":0.5},"_position":{"__type__":"cc.Vec3","x":-340},"_scale":{"__type__":"cc.Vec3","x":1,"y":1,"z":1}},{"__type__":"cc.Node","_name":"indicator","_parent":{"__id__":9},"_components":[{"__id__":13},{"__type__":"cc.Widget","node":{"__id__":12},"_alignFlags":1,"_top":458.5}],"_prefab":{"__type__":"cc.PrefabInfo","root":{"__id__":1},"asset":{"__uuid__":"c1WWJXE+9KTZdSrBt5avaX"},"fileId":"f7NHfwDI9Dy5zdSYXrx9Lp"},"_contentSize":{"__type__":"cc.Size","width":100,"height":27},"_position":{"__type__":"cc.Vec3","y":-247},"_scale":{"__type__":"cc.Vec3","x":1,"y":1,"z":1}},{"__type__":"cc.PageViewIndicator","node":{"__id__":12},"_pageView":{"__id__":14},"spriteFrame":{"__uuid__":"534Zb8D25Kp7NZ4BnmzBc4"},"spacing":10},{"__type__":"cc.PageView","node":{"__id__":9},"bounceDuration":0.5,"_N$content":{"__id__":11},"content":{"__id__":11},"_N$indicator":{"__id__":13}},{"__type__":"cc.Node","_name":"left","_parent":{"__id__":8},"_level":4,"_components":[{"__type__":"cc.Sprite","node":{"__id__":15},"_spriteFrame":{"__uuid__":"72pUjMKZlBl6dLsYG28edk"}},{"__type__":"cc.Widget","node":{"__id__":15},"_alignFlags":8,"_left":10},{"__type__":"cc.Button","node":{"__id__":15},"_N$transition":3,"transition":3,"_N$target":{"__id__":15}}],"_prefab":{"__type__":"cc.PrefabInfo","root":{"__id__":1},"asset":{"__uuid__":"c1WWJXE+9KTZdSrBt5avaX"},"fileId":"ach98WGntKXbQZHQ+T9k2P"},"_contentSize":{"__type__":"cc.Size","width":42,"height":90},"_position":{"__type__":"cc.Vec3","x":-309},"_scale":{"__type__":"cc.Vec3","x":1,"y":1,"z":1}},{"__type__":"cc.Node","_name":"right","_parent":{"__id__":8},"_level":4,"_components":[{"__type__":"cc.Sprite","node":{"__id__":16},"_spriteFrame":{"__uuid__":"72pUjMKZlBl6dLsYG28edk"}},{"__type__":"cc.Widget","node":{"__id__":16},"_alignFlags":32,"_left":635,"_right":10,"_originalWidth":42},{"__type__":"cc.Button","node":{"__id__":16},"_N$transition":3,"transition":3,"_N$target":{"__id__":16}}],"_prefab":{"__type__":"cc.PrefabInfo","root":{"__id__":1},"asset":{"__uuid__":"c1WWJXE+9KTZdSrBt5avaX"},"fileId":"36zUzpiWJEz7+MFvTdqHy0"},"_contentSize":{"__type__":"cc.Size","width":42,"height":90},"_position":{"__type__":"cc.Vec3","x":309},"_scale":{"__type__":"cc.Vec3","x":1,"y":1,"z":1},"_rotationX":180,"_rotationY":180,"_quat":{"__type__":"cc.Quat","z":-1,"w":6.123233995736766e-17}},{"__type__":"cc.Node","_name":"alert-tanchuangtongyon","_parent":{"__id__":2},"_children":[{"__id__":18}],"_level":3,"_components":[{"__type__":"cc.Sprite","node":{"__id__":17},"_spriteFrame":{"__uuid__":"39PxN1FxBCxLjMGmRJhgVO"}},{"__type__":"cc.Widget","node":{"__id__":17},"_alignFlags":20,"_bottom":27},{"__type__":"cc.Button","node":{"__id__":17},"_N$transition":3,"transition":3,"_N$target":{"__id__":17}}],"_prefab":{"__type__":"cc.PrefabInfo","root":{"__id__":1},"asset":{"__uuid__":"c1WWJXE+9KTZdSrBt5avaX"},"fileId":"33Q4whutZNMIz6V5dOVv69"},"_contentSize":{"__type__":"cc.Size","width":261,"height":84},"_position":{"__type__":"cc.Vec3","y":-266},"_scale":{"__type__":"cc.Vec3","x":1,"y":1,"z":1}},{"__type__":"cc.Node","_name":"New Label","_parent":{"__id__":17},"_level":4,"_components":[{"__type__":"cc.Label","node":{"__id__":18},"_srcBlendFactor":1,"_useOriginalSize":false,"_string":"详情","_N$string":"详情","_fontSize":30,"_lineHeight":32,"_N$horizontalAlign":1,"_N$verticalAlign":1}],"_prefab":{"__type__":"cc.PrefabInfo","root":{"__id__":1},"asset":{"__uuid__":"c1WWJXE+9KTZdSrBt5avaX"},"fileId":"72faKJILNLpoHBdCcFOLZ9"},"_contentSize":{"__type__":"cc.Size","width":60,"height":32},"_scale":{"__type__":"cc.Vec3","x":1,"y":1,"z":1}}],[{"__type__":"cc.Prefab","_name":"MessageItem","data":{"__id__":1}},{"__type__":"cc.Node","_name":"message","_level":1,"_components":[{"__id__":2},{"__type__":"be7dbLHAmJCFajNq0sqFblh","node":{"__id__":1},"img":{"__id__":2}}],"_prefab":{"__type__":"cc.PrefabInfo","root":{"__id__":1},"asset":{"__uuid__":"ebuza2uztEmqDglhTXOBqw"},"fileId":"ebnaacQnlFDqXsFrO6g+BR"},"_color":{"__type__":"cc.Color","r":200,"g":200,"b":255},"_contentSize":{"__type__":"cc.Size","width":680,"height":450},"_position":{"__type__":"cc.Vec3","x":1700},"_scale":{"__type__":"cc.Vec3","x":1,"y":1,"z":1}},{"__type__":"cc.Sprite","node":{"__id__":1},"_type":1,"_sizeMode":0}]]