[{"__type__":"cc.SpriteFrame","content":{"name":"top","texture":"a1kFce2/xNx60AtnsccfV2","rect":[488,1250,137,51],"offset":[0,0],"originalSize":[137,51],"capInsets":[0,0,0,0]}},{"__type__":"cc.SpriteFrame","content":{"name":"offbot","texture":"a1kFce2/xNx60AtnsccfV2","rect":[62,476,45,584],"offset":[0,0],"originalSize":[45,584],"capInsets":[9,76,14,75]}},{"__type__":"cc.SpriteFrame","content":{"name":"shangcehng","texture":"a1kFce2/xNx60AtnsccfV2","rect":[62,412,679,59],"offset":[0,0],"originalSize":[679,59],"capInsets":[0,0,0,0]}},[{"__type__":"cc.Prefab","_name":"stroe","data":{"__id__":1}},{"__type__":"cc.Node","_name":"stroe","_children":[{"__id__":2},{"__type__":"cc.Node","_name":"tempNode","_parent":{"__id__":1},"_level":2,"_prefab":{"__type__":"cc.PrefabInfo","root":{"__id__":1},"asset":{"__uuid__":"cbrGcvFPdMKZHn9ZhZXSUS"},"fileId":"05GsyaKZJJu5EHdoWcaalr"},"_scale":{"__type__":"cc.Vec3","x":1,"y":1,"z":1}}],"_level":1,"_components":[{"__type__":"d5ab2GuW8BCaahPvBTJSCYN","node":{"__id__":1},"toporbot":{"__id__":5},"close":{"__id__":6},"content":{"__id__":2},"scllveiwnode":{"__id__":22}},{"__type__":"ebe45+hHXtCnbtMoxgm3Z2D","node":{"__id__":1},"itemlayout":{"__id__":24},"item":{"__uuid__":"3bW1CEQh5JS7onzJhTtTAF"},"itemCount":{"__id__":12},"title":{"__id__":14}},{"__type__":"cc.BlockInputEvents","node":{"__id__":1}}],"_prefab":{"__type__":"cc.PrefabInfo","root":{"__id__":1},"asset":{"__uuid__":"cbrGcvFPdMKZHn9ZhZXSUS"},"fileId":"33b8AQzFxPsKUfy9W9i/vs"},"_contentSize":{"__type__":"cc.Size","width":750,"height":1334},"_position":{"__type__":"cc.Vec3","y":-1334},"_scale":{"__type__":"cc.Vec3","x":1,"y":1,"z":1}},{"__type__":"cc.Node","_name":"content","_parent":{"__id__":1},"_children":[{"__id__":3},{"__id__":7}],"_active":false,"_level":2,"_components":[{"__type__":"cc.Layout","node":{"__id__":2},"_layoutSize":{"__type__":"cc.Size","width":750,"height":1336},"_resize":1,"_N$layoutType":2}],"_prefab":{"__type__":"cc.PrefabInfo","root":{"__id__":1},"asset":{"__uuid__":"cbrGcvFPdMKZHn9ZhZXSUS"},"fileId":"90yhK8AsVE7bTK0NEJQQTq"},"_contentSize":{"__type__":"cc.Size","width":750,"height":1336},"_scale":{"__type__":"cc.Vec3","x":1,"y":1,"z":1}},{"__type__":"cc.Node","_name":"New Layout","_parent":{"__id__":2},"_children":[{"__id__":4},{"__id__":6}],"_level":3,"_components":[{"__type__":"cc.Layout","node":{"__id__":3},"_layoutSize":{"__type__":"cc.Size","width":274,"height":51},"_resize":1,"_N$layoutType":1},{"__type__":"cc.Widget","node":{"__id__":3},"_alignFlags":32}],"_prefab":{"__type__":"cc.PrefabInfo","root":{"__id__":1},"asset":{"__uuid__":"cbrGcvFPdMKZHn9ZhZXSUS"},"fileId":"105AID3mxCoYiPSSOzzG3x"},"_contentSize":{"__type__":"cc.Size","width":274,"height":51},"_position":{"__type__":"cc.Vec3","x":238,"y":642.5},"_scale":{"__type__":"cc.Vec3","x":1,"y":1,"z":1}},{"__type__":"cc.Node","_name":"toporbot","_parent":{"__id__":3},"_level":4,"_components":[{"__id__":5}],"_prefab":{"__type__":"cc.PrefabInfo","root":{"__id__":1},"asset":{"__uuid__":"cbrGcvFPdMKZHn9ZhZXSUS"},"fileId":"eeW8j00R9H8L64ES3j53z1"},"_contentSize":{"__type__":"cc.Size","width":137,"height":51},"_position":{"__type__":"cc.Vec3","x":-68.5},"_scale":{"__type__":"cc.Vec3","x":1,"y":1,"z":1}},{"__type__":"cc.Sprite","node":{"__id__":4},"_spriteFrame":{"__uuid__":"12qpKJQ3RCbqrybjtU0rwu"}},{"__type__":"cc.Node","_name":"close","_parent":{"__id__":3},"_level":4,"_components":[{"__type__":"cc.Sprite","node":{"__id__":6},"_spriteFrame":{"__uuid__":"f6QNi/9LlAcoWPPZi1FSJA"}}],"_prefab":{"__type__":"cc.PrefabInfo","root":{"__id__":1},"asset":{"__uuid__":"cbrGcvFPdMKZHn9ZhZXSUS"},"fileId":"65weprkbpFHpMcq61WxJLz"},"_contentSize":{"__type__":"cc.Size","width":137,"height":51},"_position":{"__type__":"cc.Vec3","x":68.5},"_scale":{"__type__":"cc.Vec3","x":1,"y":1,"z":1}},{"__type__":"cc.Node","_name":"New Sprite(Splash)","_parent":{"__id__":2},"_children":[{"__id__":8},{"__id__":13}],"_level":3,"_components":[{"__type__":"cc.Sprite","node":{"__id__":7},"_spriteFrame":{"__uuid__":"18gvDXhbVPo5ajnO6RQPt2"},"_type":1,"_sizeMode":0},{"__type__":"cc.Layout","node":{"__id__":7},"_N$layoutType":2}],"_prefab":{"__type__":"cc.PrefabInfo","root":{"__id__":1},"asset":{"__uuid__":"cbrGcvFPdMKZHn9ZhZXSUS"},"fileId":"5fcsGA8pdG0rqM7wR0emuy"},"_contentSize":{"__type__":"cc.Size","width":750,"height":1285},"_position":{"__type__":"cc.Vec3","y":-25.5},"_scale":{"__type__":"cc.Vec3","x":1,"y":1,"z":1}},{"__type__":"cc.Node","_name":"title","_parent":{"__id__":7},"_children":[{"__id__":9}],"_level":4,"_components":[{"__type__":"cc.Sprite","node":{"__id__":8},"_sizeMode":0}],"_prefab":{"__type__":"cc.PrefabInfo","root":{"__id__":1},"asset":{"__uuid__":"cbrGcvFPdMKZHn9ZhZXSUS"},"fileId":"5bdeGINEVPnbykXIqe5mGU"},"_contentSize":{"__type__":"cc.Size","width":750,"height":50},"_position":{"__type__":"cc.Vec3","y":617.5},"_scale":{"__type__":"cc.Vec3","x":1,"y":1,"z":1}},{"__type__":"cc.Node","_name":"New Sprite(Splash)","_parent":{"__id__":8},"_children":[{"__id__":10},{"__id__":11}],"_level":5,"_components":[{"__type__":"cc.Sprite","node":{"__id__":9},"_spriteFrame":{"__uuid__":"efZhw4g9lDKYd8Os8FPRZU"},"_type":1,"_sizeMode":0},{"__type__":"cc.Widget","node":{"__id__":9},"_alignFlags":37,"_right":17.69999999999999,"_top":12.5,"_bottom":12.5,"_originalHeight":20}],"_prefab":{"__type__":"cc.PrefabInfo","root":{"__id__":1},"asset":{"__uuid__":"cbrGcvFPdMKZHn9ZhZXSUS"},"fileId":"688DLDCJxEh6SIf9qNbjnU"},"_color":{"__type__":"cc.Color","r":44,"g":44,"b":36},"_contentSize":{"__type__":"cc.Size","width":110,"height":25},"_anchorPoint":{"__type__":"cc.Vec2","x":1,"y":0.5},"_position":{"__type__":"cc.Vec3","x":357.3},"_scale":{"__type__":"cc.Vec3","x":1,"y":1,"z":1}},{"__type__":"cc.Node","_name":"金币拷贝3@2x","_parent":{"__id__":9},"_level":5,"_components":[{"__type__":"cc.Sprite","node":{"__id__":10},"_spriteFrame":{"__uuid__":"de0JHSRvpF/p6Fu3WSBcG6"},"_sizeMode":0}],"_prefab":{"__type__":"cc.PrefabInfo","root":{"__id__":1},"asset":{"__uuid__":"cbrGcvFPdMKZHn9ZhZXSUS"},"fileId":"5auUDuL4NCNKbe+oFA/TXw"},"_contentSize":{"__type__":"cc.Size","width":32,"height":25},"_position":{"__type__":"cc.Vec3","x":-105},"_scale":{"__type__":"cc.Vec3","x":1,"y":1,"z":1}},{"__type__":"cc.Node","_name":"coin","_parent":{"__id__":9},"_level":5,"_components":[{"__id__":12}],"_prefab":{"__type__":"cc.PrefabInfo","root":{"__id__":1},"asset":{"__uuid__":"cbrGcvFPdMKZHn9ZhZXSUS"},"fileId":"dfKqP0rMhNkbLt+EeIqVjj"},"_contentSize":{"__type__":"cc.Size","width":85,"height":22},"_anchorPoint":{"__type__":"cc.Vec2","x":1,"y":0.5},"_position":{"__type__":"cc.Vec3","x":-1.6},"_scale":{"__type__":"cc.Vec3","x":1,"y":1,"z":1}},{"__type__":"cc.Label","node":{"__id__":11},"_srcBlendFactor":1,"_useOriginalSize":false,"_string":"6800000","_N$string":"6800000","_fontSize":20,"_lineHeight":22,"_enableWrapText":false,"_N$verticalAlign":1,"_N$overflow":1},{"__type__":"cc.Node","_name":"New Sprite(Splash)","_parent":{"__id__":7},"_children":[{"__id__":14},{"__id__":22}],"_level":4,"_components":[{"__type__":"cc.Sprite","node":{"__id__":13},"_sizeMode":0},{"__type__":"cc.Layout","node":{"__id__":13},"_N$layoutType":2,"_N$paddingTop":10,"_N$spacingY":10}],"_prefab":{"__type__":"cc.PrefabInfo","root":{"__id__":1},"asset":{"__uuid__":"cbrGcvFPdMKZHn9ZhZXSUS"},"fileId":"8bXnDgRP5BHqLksDDHbIw9"},"_color":{"__type__":"cc.Color","r":44,"g":44,"b":44},"_contentSize":{"__type__":"cc.Size","width":750,"height":1235},"_position":{"__type__":"cc.Vec3","y":-25},"_scale":{"__type__":"cc.Vec3","x":1,"y":1,"z":1}},{"__type__":"cc.Node","_name":"title","_parent":{"__id__":13},"_children":[{"__id__":15},{"__id__":16},{"__id__":17}],"_level":5,"_components":[{"__type__":"cc.Sprite","node":{"__id__":14},"_spriteFrame":{"__uuid__":"b3CLDo9FhEhpyt697OG5HT"},"_type":1,"_sizeMode":0},{"__type__":"cc.Layout","node":{"__id__":14},"_N$layoutType":2,"_N$paddingTop":5,"_N$spacingY":5}],"_prefab":{"__type__":"cc.PrefabInfo","root":{"__id__":1},"asset":{"__uuid__":"cbrGcvFPdMKZHn9ZhZXSUS"},"fileId":"9eBWYDOvZEn7FdzVXxW0Qu"},"_contentSize":{"__type__":"cc.Size","width":717,"height":100},"_position":{"__type__":"cc.Vec3","y":557.5},"_scale":{"__type__":"cc.Vec3","x":1,"y":1,"z":1}},{"__type__":"cc.Node","_name":"title1","_parent":{"__id__":14},"_level":6,"_components":[{"__type__":"cc.Label","node":{"__id__":15},"_srcBlendFactor":1,"_useOriginalSize":false,"_string":"温馨提示:请理性消费，适度娱乐","_N$string":"温馨提示:请理性消费，适度娱乐","_fontSize":24,"_lineHeight":26,"_N$horizontalAlign":1,"_N$verticalAlign":1}],"_prefab":{"__type__":"cc.PrefabInfo","root":{"__id__":1},"asset":{"__uuid__":"cbrGcvFPdMKZHn9ZhZXSUS"},"fileId":"cc2ZZaOwxM8b1R5WyMLi6B"},"_color":{"__type__":"cc.Color","r":162,"g":166,"b":192},"_contentSize":{"__type__":"cc.Size","width":342.67,"height":26},"_position":{"__type__":"cc.Vec3","y":32},"_scale":{"__type__":"cc.Vec3","x":1,"y":1,"z":1}},{"__type__":"cc.Node","_name":"title2","_parent":{"__id__":14},"_level":6,"_components":[{"__type__":"cc.Label","node":{"__id__":16},"_srcBlendFactor":1,"_useOriginalSize":false,"_string":"如果您在充值过程中遇到问题，请及时联系客服官网","_N$string":"如果您在充值过程中遇到问题，请及时联系客服官网","_fontSize":24,"_lineHeight":26,"_N$horizontalAlign":1,"_N$verticalAlign":1}],"_prefab":{"__type__":"cc.PrefabInfo","root":{"__id__":1},"asset":{"__uuid__":"cbrGcvFPdMKZHn9ZhZXSUS"},"fileId":"76MlUc8iZONaDxO3Oq1vNi"},"_color":{"__type__":"cc.Color","r":162,"g":166,"b":192},"_contentSize":{"__type__":"cc.Size","width":552,"height":26},"_position":{"__type__":"cc.Vec3","y":1},"_scale":{"__type__":"cc.Vec3","x":1,"y":1,"z":1}},{"__type__":"cc.Node","_name":"user","_parent":{"__id__":14},"_children":[{"__id__":18},{"__id__":19},{"__id__":20},{"__id__":21}],"_level":6,"_components":[{"__type__":"cc.Layout","node":{"__id__":17},"_layoutSize":{"__type__":"cc.Size","width":469.76,"height":26},"_resize":1,"_N$layoutType":1,"_N$spacingX":10}],"_prefab":{"__type__":"cc.PrefabInfo","root":{"__id__":1},"asset":{"__uuid__":"cbrGcvFPdMKZHn9ZhZXSUS"},"fileId":"d6r4vK4mFO8bGyk+SnaW4A"},"_contentSize":{"__type__":"cc.Size","width":469.76,"height":26},"_position":{"__type__":"cc.Vec3","y":-30},"_scale":{"__type__":"cc.Vec3","x":1,"y":1,"z":1}},{"__type__":"cc.Node","_name":"text1","_parent":{"__id__":17},"_level":7,"_components":[{"__type__":"cc.Label","node":{"__id__":18},"_srcBlendFactor":1,"_useOriginalSize":false,"_string":"官方微信:","_N$string":"官方微信:","_fontSize":24,"_lineHeight":26,"_N$horizontalAlign":1,"_N$verticalAlign":1}],"_prefab":{"__type__":"cc.PrefabInfo","root":{"__id__":1},"asset":{"__uuid__":"cbrGcvFPdMKZHn9ZhZXSUS"},"fileId":"bddIdEIbNEmL+ahDmTplPI"},"_contentSize":{"__type__":"cc.Size","width":102.67,"height":26},"_position":{"__type__":"cc.Vec3","x":-183.545},"_scale":{"__type__":"cc.Vec3","x":1,"y":1,"z":1}},{"__type__":"cc.Node","_name":"text2","_parent":{"__id__":17},"_level":7,"_components":[{"__type__":"cc.Label","node":{"__id__":19},"_srcBlendFactor":1,"_useOriginalSize":false,"_string":"Gamedeer","_N$string":"Gamedeer","_fontSize":24,"_lineHeight":26,"_N$horizontalAlign":1,"_N$verticalAlign":1}],"_prefab":{"__type__":"cc.PrefabInfo","root":{"__id__":1},"asset":{"__uuid__":"cbrGcvFPdMKZHn9ZhZXSUS"},"fileId":"a4cq1RakFIkJEwBxTVkbhz"},"_color":{"__type__":"cc.Color","r":255,"g":228},"_contentSize":{"__type__":"cc.Size","width":113.39,"height":26},"_position":{"__type__":"cc.Vec3","x":-65.51499999999999},"_scale":{"__type__":"cc.Vec3","x":1,"y":1,"z":1}},{"__type__":"cc.Node","_name":"text3","_parent":{"__id__":17},"_level":7,"_components":[{"__type__":"cc.Label","node":{"__id__":20},"_srcBlendFactor":1,"_useOriginalSize":false,"_string":"官方QQ:","_N$string":"官方QQ:","_fontSize":24,"_lineHeight":26,"_N$horizontalAlign":1,"_N$verticalAlign":1}],"_prefab":{"__type__":"cc.PrefabInfo","root":{"__id__":1},"asset":{"__uuid__":"cbrGcvFPdMKZHn9ZhZXSUS"},"fileId":"f7wlg/tP9LZ6NM3mq6uY8s"},"_contentSize":{"__type__":"cc.Size","width":92,"height":26},"_position":{"__type__":"cc.Vec3","x":47.180000000000014},"_scale":{"__type__":"cc.Vec3","x":1,"y":1,"z":1}},{"__type__":"cc.Node","_name":"text4","_parent":{"__id__":17},"_level":7,"_components":[{"__type__":"cc.Label","node":{"__id__":21},"_srcBlendFactor":1,"_useOriginalSize":false,"_string":"1104992267","_N$string":"1104992267","_fontSize":24,"_lineHeight":26,"_N$horizontalAlign":1,"_N$verticalAlign":1}],"_prefab":{"__type__":"cc.PrefabInfo","root":{"__id__":1},"asset":{"__uuid__":"cbrGcvFPdMKZHn9ZhZXSUS"},"fileId":"1b/lZaOxtDUIykXpq9WDLB"},"_color":{"__type__":"cc.Color","r":255,"g":228},"_contentSize":{"__type__":"cc.Size","width":131.7,"height":26},"_position":{"__type__":"cc.Vec3","x":169.03},"_scale":{"__type__":"cc.Vec3","x":1,"y":1,"z":1}},{"__type__":"cc.Node","_name":"scrollview","_parent":{"__id__":13},"_children":[{"__id__":23}],"_level":4,"_components":[{"__type__":"cc.ScrollView","node":{"__id__":22},"horizontal":false,"brake":0.75,"bounceDuration":0.23,"_N$content":{"__id__":24},"content":{"__id__":24},"_N$horizontalScrollBar":null,"_N$verticalScrollBar":null},{"__type__":"cc.Widget","node":{"__id__":22},"_alignFlags":1,"_top":120}],"_prefab":{"__type__":"cc.PrefabInfo","root":{"__id__":1},"asset":{"__uuid__":"cbrGcvFPdMKZHn9ZhZXSUS"},"fileId":"4aeuebQNdKaJZ5YVU0mhm/"},"_contentSize":{"__type__":"cc.Size","width":750,"height":667},"_anchorPoint":{"__type__":"cc.Vec2","x":0.5,"y":1},"_position":{"__type__":"cc.Vec3","y":497.5},"_scale":{"__type__":"cc.Vec3","x":1,"y":1,"z":1}},{"__type__":"cc.Node","_name":"view","_parent":{"__id__":22},"_children":[{"__id__":24}],"_components":[{"__type__":"cc.Mask","node":{"__id__":23}},{"__type__":"cc.Widget","node":{"__id__":23},"alignMode":2,"_alignFlags":45,"_originalWidth":750,"_originalHeight":667}],"_prefab":{"__type__":"cc.PrefabInfo","root":{"__id__":1},"asset":{"__uuid__":"cbrGcvFPdMKZHn9ZhZXSUS"},"fileId":"51PVk2nlVGfaXMRP2GIgGB"},"_contentSize":{"__type__":"cc.Size","width":750,"height":667},"_anchorPoint":{"__type__":"cc.Vec2","x":0.5,"y":1},"_scale":{"__type__":"cc.Vec3","x":1,"y":1,"z":1}},{"__type__":"cc.Node","_name":"itemcontent","_parent":{"__id__":23},"_level":1,"_components":[{"__type__":"cc.Layout","node":{"__id__":24},"_layoutSize":{"__type__":"cc.Size","width":750,"height":300},"_resize":1,"_N$layoutType":3,"_N$paddingLeft":16,"_N$paddingRight":16,"_N$paddingTop":20,"_N$paddingBottom":400,"_N$spacingX":12,"_N$spacingY":27}],"_prefab":{"__type__":"cc.PrefabInfo","root":{"__id__":1},"asset":{"__uuid__":"cbrGcvFPdMKZHn9ZhZXSUS"},"fileId":"97uoSezSJHc55Qtnzv8UOr"},"_color":{"__type__":"cc.Color","r":44,"g":44,"b":44},"_contentSize":{"__type__":"cc.Size","width":750,"height":300},"_anchorPoint":{"__type__":"cc.Vec2","x":0.5,"y":1},"_scale":{"__type__":"cc.Vec3","x":1,"y":1,"z":1}}],{"__type__":"cc.SpriteFrame","content":{"name":"zhuanshi","texture":"a1kFce2/xNx60AtnsccfV2","rect":[363,1035,41,32],"offset":[0,0],"originalSize":[41,32],"capInsets":[0,0,0,0]}},{"__type__":"cc.SpriteFrame","content":{"name":"kuang","texture":"a1kFce2/xNx60AtnsccfV2","rect":[914,371,34,76],"offset":[0,0],"originalSize":[34,76],"capInsets":[10,13,10,13]}},{"__type__":"cc.SpriteFrame","content":{"name":"close2","texture":"a1kFce2/xNx60AtnsccfV2","rect":[488,1194,137,51],"offset":[0,0],"originalSize":[137,51],"capInsets":[0,0,0,0]}}]