[{"__type__":"cc.SpriteFrame","content":{"name":"close (2)","texture":"a1kFce2/xNx60AtnsccfV2","rect":[383,897,28,27],"offset":[0,0],"originalSize":[28,27],"capInsets":[0,0,0,0]}},[{"__type__":"cc.Prefab","_name":"CopyItem","data":{"__id__":1}},{"__type__":"cc.Node","_name":"item","_children":[{"__id__":2}],"_level":1,"_components":[{"__type__":"81ba9A7lIJITIwhcM3w5elD","node":{"__id__":1},"bg":{"__id__":7},"valueTxt":{"__id__":6},"tiliTxt":{"__id__":4}}],"_prefab":{"__type__":"cc.PrefabInfo","root":{"__id__":1},"asset":{"__uuid__":"46NXF96r5OFbs4fF8RwTeP"},"fileId":"3dEEOHnYJNE4t+BKZkKjQB"},"_contentSize":{"__type__":"cc.Size","width":699,"height":164},"_scale":{"__type__":"cc.Vec3","x":1,"y":1,"z":1}},{"__type__":"cc.Node","_name":"bg","_parent":{"__id__":1},"_children":[{"__id__":3},{"__id__":5}],"_level":4,"_components":[{"__id__":7}],"_prefab":{"__type__":"cc.PrefabInfo","root":{"__id__":1},"asset":{"__uuid__":"46NXF96r5OFbs4fF8RwTeP"},"fileId":"aaDQqz0fNLNIDB8ePPK/Fj"},"_contentSize":{"__type__":"cc.Size","width":680,"height":164},"_scale":{"__type__":"cc.Vec3","x":1,"y":1,"z":1}},{"__type__":"cc.Node","_name":"tiliTxt","_parent":{"__id__":2},"_level":5,"_components":[{"__id__":4},{"__type__":"cc.Widget","node":{"__id__":3},"_alignFlags":8,"_left":591}],"_prefab":{"__type__":"cc.PrefabInfo","root":{"__id__":1},"asset":{"__uuid__":"46NXF96r5OFbs4fF8RwTeP"},"fileId":"56F20PkmtA8K+fibhvuMdq"},"_contentSize":{"__type__":"cc.Size","width":80,"height":40},"_position":{"__type__":"cc.Vec3","x":291,"y":59},"_scale":{"__type__":"cc.Vec3","x":1,"y":1,"z":1}},{"__type__":"cc.Label","node":{"__id__":3},"_srcBlendFactor":1,"_useOriginalSize":false,"_string":"-3","_N$string":"-3","_fontSize":20,"_N$verticalAlign":1,"_N$fontFamily":"苹方","_N$overflow":1},{"__type__":"cc.Node","_name":"valueTxt","_parent":{"__id__":2},"_level":5,"_components":[{"__id__":6},{"__type__":"cc.Widget","node":{"__id__":5},"_alignFlags":8,"_left":12.719999999999999}],"_prefab":{"__type__":"cc.PrefabInfo","root":{"__id__":1},"asset":{"__uuid__":"46NXF96r5OFbs4fF8RwTeP"},"fileId":"b34NLYqlhEa7WtP/QSSwOT"},"_contentSize":{"__type__":"cc.Size","width":155.56,"height":40},"_anchorPoint":{"__type__":"cc.Vec2","y":0.5},"_position":{"__type__":"cc.Vec3","x":-327.28,"y":-41},"_scale":{"__type__":"cc.Vec3","x":1,"y":1,"z":1}},{"__type__":"cc.Label","node":{"__id__":5},"_srcBlendFactor":1,"_useOriginalSize":false,"_string":"当前碎片    50/100","_N$string":"当前碎片    50/100","_fontSize":20,"_N$verticalAlign":1,"_N$fontFamily":"苹方"},{"__type__":"cc.Sprite","node":{"__id__":2},"_sizeMode":0}],{"__type__":"cc.SpriteFrame","content":{"name":"tanchuanbg","texture":"a1kFce2/xNx60AtnsccfV2","rect":[821,756,80,78],"offset":[0,0],"originalSize":[80,78],"capInsets":[11,11,11,10]}},{"__type__":"cc.SpriteFrame","content":{"name":"fankui","texture":"a1kFce2/xNx60AtnsccfV2","rect":[911,1140,48,69],"offset":[0,0],"originalSize":[48,69],"capInsets":[11,11,11,13]}},{"__type__":"cc.SpriteFrame","content":{"name":"default_panel","texture":"d8HsitJHxOYqo801xBk8ev","rect":[0,0,20,20],"offset":[0,0],"originalSize":[20,20],"capInsets":[6,6,6,6]}},{"__type__":"cc.SpriteFrame","content":{"name":"shangcehng","texture":"a1kFce2/xNx60AtnsccfV2","rect":[62,412,679,59],"offset":[0,0],"originalSize":[679,59],"capInsets":[0,0,0,0]}},[{"__type__":"cc.Prefab","_name":"CopyWin","data":{"__id__":1}},{"__type__":"cc.Node","_name":"copyWin","_children":[{"__id__":2}],"_level":1,"_components":[{"__type__":"bb94dKExZpKeYiSEUIS52Js","node":{"__id__":1},"closeBtn":{"__id__":16},"itemlayout":{"__id__":20},"item":{"__uuid__":"46NXF96r5OFbs4fF8RwTeP"},"powerTxt":{"__id__":11},"timeTxt":{"__id__":8},"addBtn":{"__id__":13}}],"_prefab":{"__type__":"cc.PrefabInfo","root":{"__id__":1},"asset":{"__uuid__":"e6md61MGJHArbSMTgWzOZ4"},"fileId":"8aaR2KNUJDXbx3Z5jM1UxF"},"_contentSize":{"__type__":"cc.Size","width":699,"height":620},"_scale":{"__type__":"cc.Vec3","x":1,"y":1,"z":1}},{"__type__":"cc.Node","_name":"bg","_parent":{"__id__":1},"_children":[{"__id__":3}],"_level":2,"_components":[{"__type__":"cc.Sprite","node":{"__id__":2},"_spriteFrame":{"__uuid__":"510X4D6aFPGa9wjpS7Ot5t"},"_type":1,"_sizeMode":0}],"_prefab":{"__type__":"cc.PrefabInfo","root":{"__id__":1},"asset":{"__uuid__":"e6md61MGJHArbSMTgWzOZ4"},"fileId":"8fnABAteNAZpPiMQ4BqRNp"},"_contentSize":{"__type__":"cc.Size","width":699,"height":620},"_scale":{"__type__":"cc.Vec3","x":1,"y":1,"z":1}},{"__type__":"cc.Node","_name":"New Node","_parent":{"__id__":2},"_children":[{"__id__":4},{"__id__":18}],"_level":3,"_components":[{"__type__":"cc.Layout","node":{"__id__":3},"_layoutSize":{"__type__":"cc.Size","width":680,"height":600},"_N$layoutType":2}],"_prefab":{"__type__":"cc.PrefabInfo","root":{"__id__":1},"asset":{"__uuid__":"e6md61MGJHArbSMTgWzOZ4"},"fileId":"ffLykpjMZJKqLSexvuczUf"},"_contentSize":{"__type__":"cc.Size","width":680,"height":600},"_position":{"__type__":"cc.Vec3","y":5.684341886080802e-14},"_scale":{"__type__":"cc.Vec3","x":1,"y":1,"z":1}},{"__type__":"cc.Node","_name":"title","_parent":{"__id__":3},"_children":[{"__id__":5},{"__id__":15},{"__id__":16}],"_level":4,"_components":[{"__type__":"cc.Sprite","node":{"__id__":4},"_spriteFrame":{"__uuid__":"b3CLDo9FhEhpyt697OG5HT"},"_sizeMode":0},{"__type__":"cc.Widget","node":{"__id__":4},"_alignFlags":41,"_originalWidth":680}],"_prefab":{"__type__":"cc.PrefabInfo","root":{"__id__":1},"asset":{"__uuid__":"e6md61MGJHArbSMTgWzOZ4"},"fileId":"75B2tWLnBAG7vhU+BY7HnD"},"_contentSize":{"__type__":"cc.Size","width":680,"height":59},"_position":{"__type__":"cc.Vec3","y":270.5},"_scale":{"__type__":"cc.Vec3","x":1,"y":1,"z":1}},{"__type__":"cc.Node","_name":"timeBg","_parent":{"__id__":4},"_children":[{"__id__":6},{"__id__":9},{"__id__":13}],"_level":5,"_components":[{"__type__":"cc.Sprite","node":{"__id__":5}}],"_prefab":{"__type__":"cc.PrefabInfo","root":{"__id__":1},"asset":{"__uuid__":"e6md61MGJHArbSMTgWzOZ4"},"fileId":"5eR0jUKGRNSL3GujbroQmh"},"_contentSize":{"__type__":"cc.Size","width":90,"height":90},"_position":{"__type__":"cc.Vec3","x":-220,"y":-2},"_scale":{"__type__":"cc.Vec3","x":1,"y":1,"z":1}},{"__type__":"cc.Node","_name":"New Sprite","_parent":{"__id__":5},"_children":[{"__id__":7}],"_level":6,"_components":[{"__type__":"cc.Sprite","node":{"__id__":6},"_spriteFrame":{"__uuid__":"7bE00G23JM/qnGWMMbG6Pm"},"_type":1,"_sizeMode":0}],"_prefab":{"__type__":"cc.PrefabInfo","root":{"__id__":1},"asset":{"__uuid__":"e6md61MGJHArbSMTgWzOZ4"},"fileId":"0eG0tP9LRCiapT/vDnvpON"},"_contentSize":{"__type__":"cc.Size","width":150,"height":28.6},"_position":{"__type__":"cc.Vec3","x":-2,"y":2.3},"_scale":{"__type__":"cc.Vec3","x":1,"y":1,"z":1}},{"__type__":"cc.Node","_name":"timeTxt","_parent":{"__id__":6},"_level":7,"_components":[{"__id__":8}],"_prefab":{"__type__":"cc.PrefabInfo","root":{"__id__":1},"asset":{"__uuid__":"e6md61MGJHArbSMTgWzOZ4"},"fileId":"a9oyzSasxJUYhuGEoV++7M"},"_contentSize":{"__type__":"cc.Size","width":100,"height":40},"_position":{"__type__":"cc.Vec3","x":7.4},"_scale":{"__type__":"cc.Vec3","x":1,"y":1,"z":1}},{"__type__":"cc.Label","node":{"__id__":7},"_srcBlendFactor":1,"_useOriginalSize":false,"_fontSize":20,"_N$horizontalAlign":1,"_N$verticalAlign":1,"_N$fontFamily":"苹方","_N$overflow":1},{"__type__":"cc.Node","_name":"New Sprite","_parent":{"__id__":5},"_children":[{"__id__":10}],"_level":6,"_components":[{"__id__":12},{"__type__":"32540GFq4FAT5ZSyUpi/XyW","node":{"__id__":9},"img":{"__id__":12},"url":"texture/copy/tili.png"}],"_prefab":{"__type__":"cc.PrefabInfo","root":{"__id__":1},"asset":{"__uuid__":"e6md61MGJHArbSMTgWzOZ4"},"fileId":"0cGYiymspGB6uzDAwcmlqO"},"_contentSize":{"__type__":"cc.Size","width":44,"height":38},"_position":{"__type__":"cc.Vec3","x":-70,"y":3},"_scale":{"__type__":"cc.Vec3","x":1,"y":1,"z":1}},{"__type__":"cc.Node","_name":"powerTxt","_parent":{"__id__":9},"_level":7,"_components":[{"__id__":11}],"_prefab":{"__type__":"cc.PrefabInfo","root":{"__id__":1},"asset":{"__uuid__":"e6md61MGJHArbSMTgWzOZ4"},"fileId":"7a0ZriXTlIR4dCmz00ZlJN"},"_contentSize":{"__type__":"cc.Size","width":40.02,"height":40},"_scale":{"__type__":"cc.Vec3","x":1,"y":1,"z":1}},{"__type__":"cc.Label","node":{"__id__":10},"_srcBlendFactor":1,"_useOriginalSize":false,"_string":"gfrgf","_N$string":"gfrgf","_fontSize":20,"_N$horizontalAlign":1,"_N$verticalAlign":1},{"__type__":"cc.Sprite","node":{"__id__":9}},{"__type__":"cc.Node","_name":"addBtn","_parent":{"__id__":5},"_level":6,"_components":[{"__id__":14},{"__type__":"cc.Button","node":{"__id__":13},"_N$transition":3,"transition":3,"_N$target":{"__id__":13}},{"__type__":"32540GFq4FAT5ZSyUpi/XyW","node":{"__id__":13},"img":{"__id__":14},"url":"texture/copy/addBtn.png"}],"_prefab":{"__type__":"cc.PrefabInfo","root":{"__id__":1},"asset":{"__uuid__":"e6md61MGJHArbSMTgWzOZ4"},"fileId":"41yLCAZBRO+J00jagXkEtL"},"_contentSize":{"__type__":"cc.Size","width":39,"height":42},"_position":{"__type__":"cc.Vec3","x":82,"y":1},"_scale":{"__type__":"cc.Vec3","x":1,"y":1,"z":1}},{"__type__":"cc.Sprite","node":{"__id__":13}},{"__type__":"cc.Node","_name":"New Label","_parent":{"__id__":4},"_level":4,"_components":[{"__type__":"cc.Label","node":{"__id__":15},"_srcBlendFactor":1,"_useOriginalSize":false,"_string":"副本","_N$string":"副本","_N$horizontalAlign":1,"_N$verticalAlign":1,"_N$fontFamily":"苹方","_N$overflow":1},{"__type__":"cc.Widget","node":{"__id__":15},"_alignFlags":18}],"_prefab":{"__type__":"cc.PrefabInfo","root":{"__id__":1},"asset":{"__uuid__":"e6md61MGJHArbSMTgWzOZ4"},"fileId":"11BVDhnLJFebyvrHa5rT3A"},"_contentSize":{"__type__":"cc.Size","width":500,"height":40},"_scale":{"__type__":"cc.Vec3","x":1,"y":1,"z":1}},{"__type__":"cc.Node","_name":"close","_parent":{"__id__":4},"_children":[{"__id__":17}],"_level":5,"_components":[{"__type__":"cc.Widget","node":{"__id__":16},"_alignFlags":32},{"__type__":"cc.Button","node":{"__id__":16},"_N$transition":3,"transition":3,"_N$target":{"__id__":16}}],"_prefab":{"__type__":"cc.PrefabInfo","root":{"__id__":1},"asset":{"__uuid__":"e6md61MGJHArbSMTgWzOZ4"},"fileId":"b2imXkSnZGYKoMQkEHctk+"},"_contentSize":{"__type__":"cc.Size","width":70,"height":70},"_position":{"__type__":"cc.Vec3","x":305},"_scale":{"__type__":"cc.Vec3","x":1,"y":1,"z":1}},{"__type__":"cc.Node","_name":"New Sprite(Splash)","_parent":{"__id__":16},"_level":6,"_components":[{"__type__":"cc.Sprite","node":{"__id__":17},"_spriteFrame":{"__uuid__":"33DcKl9v5Ef6qoSRMZ5ejJ"},"_sizeMode":0}],"_prefab":{"__type__":"cc.PrefabInfo","root":{"__id__":1},"asset":{"__uuid__":"e6md61MGJHArbSMTgWzOZ4"},"fileId":"daciCxQuNOsZo/lJLt64Cw"},"_contentSize":{"__type__":"cc.Size","width":28,"height":27},"_scale":{"__type__":"cc.Vec3","x":1,"y":1,"z":1}},{"__type__":"cc.Node","_name":"New ScrollView","_parent":{"__id__":3},"_children":[{"__id__":19}],"_level":4,"_components":[{"__type__":"cc.Sprite","node":{"__id__":18},"_spriteFrame":{"__uuid__":"9bvaMerUlDyary99mJa6xp"},"_type":1,"_sizeMode":0},{"__type__":"cc.ScrollView","node":{"__id__":18},"horizontal":false,"brake":0.75,"bounceDuration":0.23,"_N$content":{"__id__":20},"content":{"__id__":20},"_N$horizontalScrollBar":null,"_N$verticalScrollBar":null}],"_prefab":{"__type__":"cc.PrefabInfo","root":{"__id__":1},"asset":{"__uuid__":"e6md61MGJHArbSMTgWzOZ4"},"fileId":"f0K/ivQANLla4hHADQQPIj"},"_color":{"__type__":"cc.Color","r":44,"g":44,"b":44},"_contentSize":{"__type__":"cc.Size","width":680,"height":550},"_position":{"__type__":"cc.Vec3","y":-34},"_scale":{"__type__":"cc.Vec3","x":1,"y":1,"z":1}},{"__type__":"cc.Node","_name":"view","_parent":{"__id__":18},"_children":[{"__id__":20}],"_components":[{"__type__":"cc.Mask","node":{"__id__":19}}],"_prefab":{"__type__":"cc.PrefabInfo","root":{"__id__":1},"asset":{"__uuid__":"e6md61MGJHArbSMTgWzOZ4"},"fileId":"b9Jq8USFVFraTjhg/o1KN9"},"_contentSize":{"__type__":"cc.Size","width":680,"height":550},"_scale":{"__type__":"cc.Vec3","x":1,"y":1,"z":1}},{"__type__":"cc.Node","_name":"content","_parent":{"__id__":19},"_components":[{"__type__":"cc.Layout","node":{"__id__":20},"_resize":1,"_N$layoutType":2,"_N$paddingTop":15,"_N$paddingBottom":5,"_N$spacingY":15}],"_prefab":{"__type__":"cc.PrefabInfo","root":{"__id__":1},"asset":{"__uuid__":"e6md61MGJHArbSMTgWzOZ4"},"fileId":"36G4nI+8JOa5huem6zJaeY"},"_contentSize":{"__type__":"cc.Size","width":680,"height":400},"_anchorPoint":{"__type__":"cc.Vec2","x":0.5,"y":1},"_position":{"__type__":"cc.Vec3","y":220},"_scale":{"__type__":"cc.Vec3","x":1,"y":1,"z":1}}]]