[{"__type__":"cc.SpriteFrame","content":{"name":"bg21","texture":"19U0WjANhOgbOS4li5ynoA","rect":[775,654,149,130],"offset":[0,0],"originalSize":[149,130],"capInsets":[0,0,0,0]}},{"__type__":"cc.SpriteFrame","content":{"name":"bg00","texture":"19U0WjANhOgbOS4li5ynoA","rect":[775,10,273,237],"offset":[0,0],"originalSize":[273,237],"rotated":1,"capInsets":[0,0,0,0]}},{"__type__":"cc.SpriteFrame","content":{"name":"bg31","texture":"19U0WjANhOgbOS4li5ynoA","rect":[939,801,136,69],"offset":[0,0],"originalSize":[136,69],"rotated":1,"capInsets":[0,0,0,0]}},{"__type__":"cc.SpriteFrame","content":{"name":"bg01","texture":"19U0WjANhOgbOS4li5ynoA","rect":[10,10,750,750],"offset":[0,0],"originalSize":[750,750],"capInsets":[0,0,0,0]}},{"__type__":"cc.SpriteAtlas","_name":"103.plist","_spriteFrames":{"bg00":{"__uuid__":"0dOMkjGBBK3J8hDPSYp+A0"},"bg01":{"__uuid__":"2exIEe+0tDI6ALdUi6PZ6N"},"bg02":{"__uuid__":"b0vVm/NcBH7Y1MB3sU9ztv"},"bg11":{"__uuid__":"6f8Ho5sz1GHquqRfwLaIb2"},"bg12":{"__uuid__":"680WQOoBFJMbfm0NbWpTvM"},"bg21":{"__uuid__":"07jotW5DtH/KARsFDLRym8"},"bg22":{"__uuid__":"f9W7dnuf5H56VE2/IgoRHc"},"bg31":{"__uuid__":"1eVTIbz4pPWrV5R/Yh2CAX"},"bg32":{"__uuid__":"8cnEHjecFH+b207lvBfV+H"}}},{"__type__":"cc.SpriteFrame","content":{"name":"bg12","texture":"19U0WjANhOgbOS4li5ynoA","rect":[775,476,169,163],"offset":[0,0],"originalSize":[169,163],"capInsets":[0,0,0,0]}},{"__type__":"cc.SpriteFrame","content":{"name":"bg11","texture":"19U0WjANhOgbOS4li5ynoA","rect":[775,298,169,163],"offset":[0,0],"originalSize":[169,163],"capInsets":[0,0,0,0]}},{"__type__":"cc.SpriteFrame","content":{"name":"bg32","texture":"19U0WjANhOgbOS4li5ynoA","rect":[939,654,132,72],"offset":[0,0],"originalSize":[132,72],"rotated":1,"capInsets":[0,0,0,0]}},{"__type__":"cc.SpriteFrame","content":{"name":"bg02","texture":"19U0WjANhOgbOS4li5ynoA","rect":[10,775,750,584],"offset":[0,0],"originalSize":[750,584],"capInsets":[0,0,0,0]}},{"__type__":"cc.SpriteFrame","content":{"name":"bg22","texture":"19U0WjANhOgbOS4li5ynoA","rect":[775,799,149,130],"offset":[0,0],"originalSize":[149,130],"capInsets":[0,0,0,0]}}]