[{"__type__":"cc.SpriteFrame","content":{"name":"close (2)","texture":"a1kFce2/xNx60AtnsccfV2","rect":[383,897,28,27],"offset":[0,0],"originalSize":[28,27],"capInsets":[0,0,0,0]}},{"__type__":"cc.SpriteFrame","content":{"name":"tanchuangtongyon","texture":"a1kFce2/xNx60AtnsccfV2","rect":[112,794,261,84],"offset":[0,0],"originalSize":[261,84],"capInsets":[0,0,0,0]}},{"__type__":"cc.SpriteFrame","content":{"name":"tanchuanbg","texture":"a1kFce2/xNx60AtnsccfV2","rect":[821,756,80,78],"offset":[0,0],"originalSize":[80,78],"capInsets":[11,11,11,10]}},[{"__type__":"cc.Prefab","_name":"ElseDamage","data":{"__id__":1}},{"__type__":"cc.Node","_name":"ten","_children":[{"__id__":2}],"_level":1,"_components":[{"__type__":"cc.Sprite","node":{"__id__":1}},{"__type__":"d5f484alyVLI5a/vbywZbQW","node":{"__id__":1},"close":{"__id__":5},"time":{"__id__":13},"bt":{"__id__":15}}],"_prefab":{"__type__":"cc.PrefabInfo","root":{"__id__":1},"asset":{"__uuid__":"7dPurOCDJPjJlaZrhLoyoa"},"fileId":"2dhwzp2udD9ZnE9F+vr5cX"},"_contentSize":{"__type__":"cc.Size","width":700,"height":600},"_position":{"__type__":"cc.Vec3","x":29.5,"y":-36.5},"_scale":{"__type__":"cc.Vec3","x":1,"y":1,"z":1}},{"__type__":"cc.Node","_name":"content","_parent":{"__id__":1},"_children":[{"__id__":3},{"__id__":7},{"__id__":9},{"__id__":14},{"__id__":15}],"_level":2,"_components":[{"__type__":"cc.Sprite","node":{"__id__":2},"_spriteFrame":{"__uuid__":"510X4D6aFPGa9wjpS7Ot5t"},"_type":1,"_sizeMode":0}],"_prefab":{"__type__":"cc.PrefabInfo","root":{"__id__":1},"asset":{"__uuid__":"7dPurOCDJPjJlaZrhLoyoa"},"fileId":"9a2gHeLMFMW4Sj0bbYSPnL"},"_contentSize":{"__type__":"cc.Size","width":588,"height":570},"_scale":{"__type__":"cc.Vec3","x":1,"y":1,"z":1}},{"__type__":"cc.Node","_name":"top","_parent":{"__id__":2},"_children":[{"__id__":4},{"__id__":5}],"_level":3,"_components":[{"__type__":"cc.Sprite","node":{"__id__":3},"_spriteFrame":{"__uuid__":"b3CLDo9FhEhpyt697OG5HT"},"_type":1,"_sizeMode":0},{"__type__":"cc.Widget","node":{"__id__":3},"_alignFlags":1,"_top":9}],"_prefab":{"__type__":"cc.PrefabInfo","root":{"__id__":1},"asset":{"__uuid__":"7dPurOCDJPjJlaZrhLoyoa"},"fileId":"00QOAO1ntKlqZkO1GtVQDP"},"_contentSize":{"__type__":"cc.Size","width":570,"height":60},"_position":{"__type__":"cc.Vec3","y":246},"_scale":{"__type__":"cc.Vec3","x":1,"y":1,"z":1}},{"__type__":"cc.Node","_name":"title","_parent":{"__id__":3},"_level":4,"_components":[{"__type__":"cc.Label","node":{"__id__":4},"_srcBlendFactor":1,"_useOriginalSize":false,"_string":"伙伴战斗力翻倍","_N$string":"伙伴战斗力翻倍","_N$horizontalAlign":1,"_N$verticalAlign":1,"_N$fontFamily":"苹方"}],"_prefab":{"__type__":"cc.PrefabInfo","root":{"__id__":1},"asset":{"__uuid__":"7dPurOCDJPjJlaZrhLoyoa"},"fileId":"14JLgePORDYqCbi9Kj3QC+"},"_contentSize":{"__type__":"cc.Size","width":280,"height":40},"_scale":{"__type__":"cc.Vec3","x":1,"y":1,"z":1}},{"__type__":"cc.Node","_name":"close","_parent":{"__id__":3},"_children":[{"__id__":6}],"_level":4,"_components":[{"__type__":"cc.Widget","node":{"__id__":5},"_alignFlags":32},{"__type__":"cc.Button","node":{"__id__":5},"_N$transition":3,"transition":3,"_N$target":{"__id__":5}}],"_prefab":{"__type__":"cc.PrefabInfo","root":{"__id__":1},"asset":{"__uuid__":"7dPurOCDJPjJlaZrhLoyoa"},"fileId":"d8Jws2gChCOqEfSLmx8WkB"},"_contentSize":{"__type__":"cc.Size","width":70,"height":70},"_position":{"__type__":"cc.Vec3","x":250},"_scale":{"__type__":"cc.Vec3","x":1,"y":1,"z":1}},{"__type__":"cc.Node","_name":"alert-close","_parent":{"__id__":5},"_level":5,"_components":[{"__type__":"cc.Sprite","node":{"__id__":6},"_spriteFrame":{"__uuid__":"33DcKl9v5Ef6qoSRMZ5ejJ"}}],"_prefab":{"__type__":"cc.PrefabInfo","root":{"__id__":1},"asset":{"__uuid__":"7dPurOCDJPjJlaZrhLoyoa"},"fileId":"27MDF5nVZE0pRzVpWLpqb+"},"_contentSize":{"__type__":"cc.Size","width":28,"height":27},"_scale":{"__type__":"cc.Vec3","x":1,"y":1,"z":1}},{"__type__":"cc.Node","_name":"bg","_parent":{"__id__":2},"_level":3,"_components":[{"__id__":8},{"__type__":"cc.Widget","node":{"__id__":7},"_alignFlags":1,"_top":105},{"__type__":"32540GFq4FAT5ZSyUpi/XyW","node":{"__id__":7},"img":{"__id__":8},"url":"texture/newpacke/elsebg.png"}],"_prefab":{"__type__":"cc.PrefabInfo","root":{"__id__":1},"asset":{"__uuid__":"7dPurOCDJPjJlaZrhLoyoa"},"fileId":"e4DUKARipKoJMkyrsjn9n/"},"_contentSize":{"__type__":"cc.Size","width":250,"height":200},"_position":{"__type__":"cc.Vec3","y":80},"_scale":{"__type__":"cc.Vec3","x":1,"y":1,"z":1}},{"__type__":"cc.Sprite","node":{"__id__":7}},{"__type__":"cc.Node","_name":"timetext","_parent":{"__id__":2},"_children":[{"__id__":10},{"__id__":12}],"_level":3,"_components":[{"__type__":"cc.Sprite","node":{"__id__":9},"_type":1,"_sizeMode":0},{"__type__":"cc.Layout","node":{"__id__":9},"_layoutSize":{"__type__":"cc.Size","width":234.09,"height":50},"_resize":1,"_N$layoutType":1,"_N$spacingX":10},{"__type__":"cc.Widget","node":{"__id__":9},"_alignFlags":1,"_top":305}],"_prefab":{"__type__":"cc.PrefabInfo","root":{"__id__":1},"asset":{"__uuid__":"7dPurOCDJPjJlaZrhLoyoa"},"fileId":"482Em8X0dNaLR5Hegw/QaY"},"_contentSize":{"__type__":"cc.Size","width":234.09,"height":50},"_position":{"__type__":"cc.Vec3","y":-45},"_scale":{"__type__":"cc.Vec3","x":1,"y":1,"z":1}},{"__type__":"cc.Node","_name":"timeimg","_parent":{"__id__":9},"_level":4,"_components":[{"__id__":11},{"__type__":"32540GFq4FAT5ZSyUpi/XyW","node":{"__id__":10},"img":{"__id__":11},"url":"texture/newpacke/time.png"}],"_prefab":{"__type__":"cc.PrefabInfo","root":{"__id__":1},"asset":{"__uuid__":"7dPurOCDJPjJlaZrhLoyoa"},"fileId":"45ZTf+W/5I0LVTAKTCbtSy"},"_contentSize":{"__type__":"cc.Size","width":28,"height":28},"_position":{"__type__":"cc.Vec3","x":-103.045},"_scale":{"__type__":"cc.Vec3","x":1,"y":1,"z":1}},{"__type__":"cc.Sprite","node":{"__id__":10},"_sizeMode":0},{"__type__":"cc.Node","_name":"time","_parent":{"__id__":9},"_level":4,"_components":[{"__id__":13}],"_prefab":{"__type__":"cc.PrefabInfo","root":{"__id__":1},"asset":{"__uuid__":"7dPurOCDJPjJlaZrhLoyoa"},"fileId":"f81SS1mA5BCbIGLEA7DDlQ"},"_color":{"__type__":"cc.Color","r":219,"g":192,"b":112},"_contentSize":{"__type__":"cc.Size","width":196.09,"height":26},"_position":{"__type__":"cc.Vec3","x":19},"_scale":{"__type__":"cc.Vec3","x":1,"y":1,"z":1}},{"__type__":"cc.Label","node":{"__id__":12},"_srcBlendFactor":1,"_useOriginalSize":false,"_string":"持续时间:00:00:00","_N$string":"持续时间:00:00:00","_fontSize":24,"_lineHeight":26,"_N$verticalAlign":1},{"__type__":"cc.Node","_name":"text","_parent":{"__id__":2},"_level":3,"_components":[{"__type__":"cc.Label","node":{"__id__":14},"_srcBlendFactor":1,"_useOriginalSize":false,"_string":"观看广告可叠加五分钟持续时间","_N$string":"观看广告可叠加五分钟持续时间","_fontSize":24,"_lineHeight":26,"_N$horizontalAlign":1,"_N$verticalAlign":1},{"__type__":"cc.Widget","node":{"__id__":14},"_alignFlags":1,"_top":368}],"_prefab":{"__type__":"cc.PrefabInfo","root":{"__id__":1},"asset":{"__uuid__":"7dPurOCDJPjJlaZrhLoyoa"},"fileId":"b9vemZVWROxYZbu0FUVUWA"},"_contentSize":{"__type__":"cc.Size","width":336,"height":26},"_position":{"__type__":"cc.Vec3","y":-96},"_scale":{"__type__":"cc.Vec3","x":1,"y":1,"z":1}},{"__type__":"cc.Node","_name":"alert-tanchuangtongyon","_parent":{"__id__":2},"_children":[{"__id__":16},{"__id__":17}],"_level":3,"_components":[{"__type__":"cc.Sprite","node":{"__id__":15},"_spriteFrame":{"__uuid__":"39PxN1FxBCxLjMGmRJhgVO"}},{"__type__":"cc.Widget","node":{"__id__":15},"_alignFlags":1,"_top":432},{"__type__":"cc.Button","node":{"__id__":15},"_N$transition":3,"transition":3,"_N$target":{"__id__":15}}],"_prefab":{"__type__":"cc.PrefabInfo","root":{"__id__":1},"asset":{"__uuid__":"7dPurOCDJPjJlaZrhLoyoa"},"fileId":"33vE4pkK5LWZFyWlI2kCag"},"_contentSize":{"__type__":"cc.Size","width":261,"height":84},"_position":{"__type__":"cc.Vec3","y":-189},"_scale":{"__type__":"cc.Vec3","x":1,"y":1,"z":1}},{"__type__":"cc.Node","_name":"play","_parent":{"__id__":15},"_level":4,"_components":[{"__type__":"cc.Sprite","node":{"__id__":16},"_spriteFrame":{"__uuid__":"acxVINpWJAJ5NFMDZ8ynEq"}}],"_prefab":{"__type__":"cc.PrefabInfo","root":{"__id__":1},"asset":{"__uuid__":"7dPurOCDJPjJlaZrhLoyoa"},"fileId":"01Pl2rFEdHfZSlcvMyHzk+"},"_contentSize":{"__type__":"cc.Size","width":57,"height":57},"_position":{"__type__":"cc.Vec3","x":-80,"y":3.8},"_scale":{"__type__":"cc.Vec3","x":1,"y":1,"z":1}},{"__type__":"cc.Node","_name":"New Label","_parent":{"__id__":15},"_level":4,"_components":[{"__type__":"cc.Label","node":{"__id__":17},"_srcBlendFactor":1,"_useOriginalSize":false,"_string":"激活","_N$string":"激活","_fontSize":30,"_lineHeight":32,"_N$horizontalAlign":1,"_N$verticalAlign":1,"_N$fontFamily":"苹方"}],"_prefab":{"__type__":"cc.PrefabInfo","root":{"__id__":1},"asset":{"__uuid__":"7dPurOCDJPjJlaZrhLoyoa"},"fileId":"e1BeF0U7ZJyannKXRBidCu"},"_contentSize":{"__type__":"cc.Size","width":60,"height":32},"_scale":{"__type__":"cc.Vec3","x":1,"y":1,"z":1}}],{"__type__":"cc.SpriteFrame","content":{"name":"play","texture":"a1kFce2/xNx60AtnsccfV2","rect":[906,796,57,57],"offset":[0,0],"originalSize":[57,57],"capInsets":[0,0,0,0]}},{"__type__":"cc.SpriteFrame","content":{"name":"shangcehng","texture":"a1kFce2/xNx60AtnsccfV2","rect":[62,412,679,59],"offset":[0,0],"originalSize":[679,59],"capInsets":[0,0,0,0]}}]