[{"__type__":"cc.SpriteFrame","content":{"name":"close (2)","texture":"a1kFce2/xNx60AtnsccfV2","rect":[383,897,28,27],"offset":[0,0],"originalSize":[28,27],"capInsets":[0,0,0,0]}},{"__type__":"cc.SpriteFrame","content":{"name":"tanchuangtongyon","texture":"a1kFce2/xNx60AtnsccfV2","rect":[112,794,261,84],"offset":[0,0],"originalSize":[261,84],"capInsets":[0,0,0,0]}},{"__type__":"cc.SpriteFrame","content":{"name":"tanchuanbg","texture":"a1kFce2/xNx60AtnsccfV2","rect":[821,756,80,78],"offset":[0,0],"originalSize":[80,78],"capInsets":[11,11,11,10]}},{"__type__":"cc.SpriteFrame","content":{"name":"default_sprite_splash","texture":"02delMVqdBD70a/HSD99FK","rect":[0,0,2,2],"offset":[0,0],"originalSize":[2,2],"capInsets":[0,0,0,0]}},{"__type__":"cc.SpriteFrame","content":{"name":"shangcehng","texture":"a1kFce2/xNx60AtnsccfV2","rect":[62,412,679,59],"offset":[0,0],"originalSize":[679,59],"capInsets":[0,0,0,0]}},{"__type__":"cc.SpriteFrame","content":{"name":"bg","texture":"04OjbgoiVNAJ6CVOqkon7M","rect":[10,10,234,327],"offset":[0,0],"originalSize":[234,327],"capInsets":[0,0,0,0]}},[{"__type__":"cc.Prefab","_name":"ShareGetCard","data":{"__id__":1}},{"__type__":"cc.Node","_name":"ShareGetCard","_children":[{"__id__":2}],"_level":1,"_components":[{"__type__":"2ebc8Ndua1DGbqSYmj3cMHb","node":{"__id__":1},"close":{"__id__":4},"shareBt":{"__id__":8},"playBt":{"__id__":11},"shareTx":{"__id__":10},"playTx":{"__id__":13},"nameTx":{"__id__":16},"cardImg":{"__id__":22},"heroImg":{"__id__":26},"addDpsTx":{"__id__":29},"tip":{"__id__":31}}],"_prefab":{"__type__":"cc.PrefabInfo","root":{"__id__":1},"asset":{"__uuid__":"d6ynd+v/hK/Z8FzLecOUWU"},"fileId":"0b+qQ++BNASK6xC0X5lugR"},"_contentSize":{"__type__":"cc.Size","width":600,"height":750},"_scale":{"__type__":"cc.Vec3","x":1,"y":1,"z":1}},{"__type__":"cc.Node","_name":"bg","_parent":{"__id__":1},"_children":[{"__id__":3},{"__id__":7},{"__id__":14},{"__id__":15},{"__id__":17},{"__id__":18},{"__id__":27},{"__id__":31}],"_level":2,"_components":[{"__type__":"cc.Sprite","node":{"__id__":2},"_spriteFrame":{"__uuid__":"510X4D6aFPGa9wjpS7Ot5t"},"_type":1,"_sizeMode":0},{"__type__":"cc.Widget","node":{"__id__":2},"_alignFlags":45,"_originalWidth":100,"_originalHeight":100}],"_prefab":{"__type__":"cc.PrefabInfo","root":{"__id__":1},"asset":{"__uuid__":"d6ynd+v/hK/Z8FzLecOUWU"},"fileId":"a89uar0Q9Jj7fX7CVgaSQO"},"_contentSize":{"__type__":"cc.Size","width":600,"height":750},"_scale":{"__type__":"cc.Vec3","x":1,"y":1,"z":1}},{"__type__":"cc.Node","_name":"shangcehng","_parent":{"__id__":2},"_children":[{"__id__":4},{"__id__":6}],"_level":3,"_components":[{"__type__":"cc.Sprite","node":{"__id__":3},"_spriteFrame":{"__uuid__":"b3CLDo9FhEhpyt697OG5HT"},"_type":1,"_sizeMode":0},{"__type__":"cc.Widget","node":{"__id__":3},"_alignFlags":1,"_top":10.5}],"_prefab":{"__type__":"cc.PrefabInfo","root":{"__id__":1},"asset":{"__uuid__":"d6ynd+v/hK/Z8FzLecOUWU"},"fileId":"431QJAE7hJsrmfVQEreCvb"},"_contentSize":{"__type__":"cc.Size","width":580,"height":59},"_position":{"__type__":"cc.Vec3","y":335},"_scale":{"__type__":"cc.Vec3","x":1,"y":1,"z":1}},{"__type__":"cc.Node","_name":"closenode","_parent":{"__id__":3},"_children":[{"__id__":5}],"_level":4,"_components":[{"__type__":"cc.Widget","node":{"__id__":4},"_alignFlags":32},{"__type__":"cc.Button","node":{"__id__":4},"_N$transition":3,"transition":3,"_N$target":{"__id__":4}}],"_prefab":{"__type__":"cc.PrefabInfo","root":{"__id__":1},"asset":{"__uuid__":"d6ynd+v/hK/Z8FzLecOUWU"},"fileId":"c3lWk9QkRBE58+FfpB0se1"},"_contentSize":{"__type__":"cc.Size","width":70,"height":70},"_position":{"__type__":"cc.Vec3","x":255},"_scale":{"__type__":"cc.Vec3","x":1,"y":1,"z":1}},{"__type__":"cc.Node","_name":"close","_parent":{"__id__":4},"_level":5,"_components":[{"__type__":"cc.Sprite","node":{"__id__":5},"_spriteFrame":{"__uuid__":"33DcKl9v5Ef6qoSRMZ5ejJ"}}],"_prefab":{"__type__":"cc.PrefabInfo","root":{"__id__":1},"asset":{"__uuid__":"d6ynd+v/hK/Z8FzLecOUWU"},"fileId":"9eouLEtydGD6BxKRkJMpQi"},"_contentSize":{"__type__":"cc.Size","width":28,"height":27},"_scale":{"__type__":"cc.Vec3","x":1,"y":1,"z":1}},{"__type__":"cc.Node","_name":"New Label","_parent":{"__id__":3},"_level":4,"_components":[{"__type__":"cc.Label","node":{"__id__":6},"_srcBlendFactor":1,"_useOriginalSize":false,"_string":"卡牌信息","_N$string":"卡牌信息","_N$horizontalAlign":1,"_N$verticalAlign":1,"_N$fontFamily":"苹方"}],"_prefab":{"__type__":"cc.PrefabInfo","root":{"__id__":1},"asset":{"__uuid__":"d6ynd+v/hK/Z8FzLecOUWU"},"fileId":"cehtVWLtpGyJTG90qiiG78"},"_contentSize":{"__type__":"cc.Size","width":160,"height":40},"_scale":{"__type__":"cc.Vec3","x":1,"y":1,"z":1}},{"__type__":"cc.Node","_name":"layout","_parent":{"__id__":2},"_children":[{"__id__":8},{"__id__":11}],"_level":3,"_components":[{"__type__":"cc.Sprite","node":{"__id__":7},"_type":1,"_sizeMode":0},{"__type__":"cc.Layout","node":{"__id__":7},"_layoutSize":{"__type__":"cc.Size","width":532,"height":150},"_resize":1,"_N$layoutType":1,"_N$spacingX":10},{"__type__":"cc.Widget","node":{"__id__":7},"_alignFlags":4,"_bottom":6.699999999999989}],"_prefab":{"__type__":"cc.PrefabInfo","root":{"__id__":1},"asset":{"__uuid__":"d6ynd+v/hK/Z8FzLecOUWU"},"fileId":"2b7iTzZCVFJrGUb57Ean7y"},"_contentSize":{"__type__":"cc.Size","width":532,"height":150},"_position":{"__type__":"cc.Vec3","y":-293.3},"_scale":{"__type__":"cc.Vec3","x":1,"y":1,"z":1}},{"__type__":"cc.Node","_name":"share","_parent":{"__id__":7},"_children":[{"__id__":9}],"_level":4,"_components":[{"__type__":"cc.Sprite","node":{"__id__":8},"_spriteFrame":{"__uuid__":"39PxN1FxBCxLjMGmRJhgVO"}},{"__type__":"cc.Button","node":{"__id__":8},"_N$transition":3,"transition":3,"_N$target":{"__id__":8}}],"_prefab":{"__type__":"cc.PrefabInfo","root":{"__id__":1},"asset":{"__uuid__":"d6ynd+v/hK/Z8FzLecOUWU"},"fileId":"1cka5feslDc52U43HHUyJe"},"_contentSize":{"__type__":"cc.Size","width":261,"height":84},"_position":{"__type__":"cc.Vec3","x":-135.5},"_scale":{"__type__":"cc.Vec3","x":1,"y":1,"z":1}},{"__type__":"cc.Node","_name":"sharetext","_parent":{"__id__":8},"_level":5,"_components":[{"__id__":10}],"_prefab":{"__type__":"cc.PrefabInfo","root":{"__id__":1},"asset":{"__uuid__":"d6ynd+v/hK/Z8FzLecOUWU"},"fileId":"82ig+rXk9EjJZqakRZPgNT"},"_contentSize":{"__type__":"cc.Size","width":121.68,"height":32},"_scale":{"__type__":"cc.Vec3","x":1,"y":1,"z":1}},{"__type__":"cc.Label","node":{"__id__":9},"_srcBlendFactor":1,"_useOriginalSize":false,"_string":"分享(0/1)","_N$string":"分享(0/1)","_fontSize":30,"_lineHeight":32,"_N$horizontalAlign":1,"_N$verticalAlign":1},{"__type__":"cc.Node","_name":"playshare","_parent":{"__id__":7},"_children":[{"__id__":12}],"_level":4,"_components":[{"__type__":"cc.Sprite","node":{"__id__":11},"_spriteFrame":{"__uuid__":"39PxN1FxBCxLjMGmRJhgVO"}},{"__type__":"cc.Button","node":{"__id__":11},"_N$transition":3,"transition":3,"_N$target":{"__id__":11}}],"_prefab":{"__type__":"cc.PrefabInfo","root":{"__id__":1},"asset":{"__uuid__":"d6ynd+v/hK/Z8FzLecOUWU"},"fileId":"3fpT37iflBkbSoAkM6xztn"},"_contentSize":{"__type__":"cc.Size","width":261,"height":84},"_position":{"__type__":"cc.Vec3","x":135.5},"_scale":{"__type__":"cc.Vec3","x":1,"y":1,"z":1}},{"__type__":"cc.Node","_name":"playtext","_parent":{"__id__":11},"_level":5,"_components":[{"__id__":13}],"_prefab":{"__type__":"cc.PrefabInfo","root":{"__id__":1},"asset":{"__uuid__":"d6ynd+v/hK/Z8FzLecOUWU"},"fileId":"a7F8KrxtdI1L6qTGIC0ziE"},"_contentSize":{"__type__":"cc.Size","width":151.68,"height":32},"_scale":{"__type__":"cc.Vec3","x":1,"y":1,"z":1}},{"__type__":"cc.Label","node":{"__id__":12},"_srcBlendFactor":1,"_useOriginalSize":false,"_string":"看视频(0/3)","_N$string":"看视频(0/3)","_fontSize":30,"_lineHeight":32,"_N$horizontalAlign":1,"_N$verticalAlign":1},{"__type__":"cc.Node","_name":"title","_parent":{"__id__":2},"_level":3,"_components":[{"__type__":"cc.Label","node":{"__id__":14},"_srcBlendFactor":1,"_useOriginalSize":false,"_string":"转生后卡牌数量和使用效果会保留","_N$string":"转生后卡牌数量和使用效果会保留","_fontSize":30,"_lineHeight":32,"_N$horizontalAlign":1,"_N$verticalAlign":1},{"__type__":"cc.Widget","node":{"__id__":14},"_alignFlags":1,"_top":84.19999999999999}],"_prefab":{"__type__":"cc.PrefabInfo","root":{"__id__":1},"asset":{"__uuid__":"d6ynd+v/hK/Z8FzLecOUWU"},"fileId":"acvQ7j4uxOe7VaGrw+u7lp"},"_contentSize":{"__type__":"cc.Size","width":450,"height":32},"_position":{"__type__":"cc.Vec3","y":274.8},"_scale":{"__type__":"cc.Vec3","x":1,"y":1,"z":1}},{"__type__":"cc.Node","_name":"heroname","_parent":{"__id__":2},"_level":3,"_components":[{"__id__":16}],"_prefab":{"__type__":"cc.PrefabInfo","root":{"__id__":1},"asset":{"__uuid__":"d6ynd+v/hK/Z8FzLecOUWU"},"fileId":"8fOIVKpjJE6ps9JDXmIxL9"},"_color":{"__type__":"cc.Color","r":246,"g":208,"b":58},"_contentSize":{"__type__":"cc.Size","height":32},"_position":{"__type__":"cc.Vec3","y":228},"_scale":{"__type__":"cc.Vec3","x":1,"y":1,"z":1}},{"__type__":"cc.Label","node":{"__id__":15},"_srcBlendFactor":1,"_useOriginalSize":false,"_fontSize":30,"_lineHeight":32,"_N$horizontalAlign":1,"_N$verticalAlign":1},{"__type__":"cc.Node","_name":"text","_parent":{"__id__":2},"_level":3,"_components":[{"__type__":"cc.Label","node":{"__id__":17},"_srcBlendFactor":1,"_useOriginalSize":false,"_string":"可通过分享好友或观看视频获得该卡牌","_N$string":"可通过分享好友或观看视频获得该卡牌","_fontSize":30,"_lineHeight":32,"_N$horizontalAlign":1,"_N$verticalAlign":1}],"_prefab":{"__type__":"cc.PrefabInfo","root":{"__id__":1},"asset":{"__uuid__":"d6ynd+v/hK/Z8FzLecOUWU"},"fileId":"f5MJ5bGI9HhozmaHhpAoTr"},"_contentSize":{"__type__":"cc.Size","width":510,"height":32},"_position":{"__type__":"cc.Vec3","y":-198},"_scale":{"__type__":"cc.Vec3","x":1,"y":1,"z":1}},{"__type__":"cc.Node","_name":"content","_parent":{"__id__":2},"_children":[{"__id__":19},{"__id__":24},{"__id__":25}],"_level":3,"_components":[{"__type__":"cc.Layout","node":{"__id__":18},"_layoutSize":{"__type__":"cc.Size","width":504,"height":150},"_resize":1,"_N$layoutType":1,"_N$spacingX":50}],"_prefab":{"__type__":"cc.PrefabInfo","root":{"__id__":1},"asset":{"__uuid__":"d6ynd+v/hK/Z8FzLecOUWU"},"fileId":"ea+LbzLotDvpjav540xGD0"},"_contentSize":{"__type__":"cc.Size","width":504,"height":150},"_position":{"__type__":"cc.Vec3","y":29},"_scale":{"__type__":"cc.Vec3","x":1,"y":1,"z":1}},{"__type__":"cc.Node","_name":"cardnode","_parent":{"__id__":18},"_children":[{"__id__":20},{"__id__":21},{"__id__":23}],"_level":4,"_prefab":{"__type__":"cc.PrefabInfo","root":{"__id__":1},"asset":{"__uuid__":"d6ynd+v/hK/Z8FzLecOUWU"},"fileId":"aczYC+TrpDSJheBueML6V5"},"_contentSize":{"__type__":"cc.Size","width":206,"height":300},"_position":{"__type__":"cc.Vec3","x":-149},"_scale":{"__type__":"cc.Vec3","x":1,"y":1,"z":1}},{"__type__":"cc.Node","_name":"bg","_parent":{"__id__":19},"_level":4,"_components":[{"__type__":"cc.Sprite","node":{"__id__":20},"_spriteFrame":{"__uuid__":"a2MjXRFdtLlYQ5ouAFv/+R"},"_sizeMode":0}],"_prefab":{"__type__":"cc.PrefabInfo","root":{"__id__":1},"asset":{"__uuid__":"d6ynd+v/hK/Z8FzLecOUWU"},"fileId":"0dkuRhK21BTqHxvte5Dq5z"},"_color":{"__type__":"cc.Color","r":85,"g":138,"b":93},"_contentSize":{"__type__":"cc.Size","width":206,"height":300},"_scale":{"__type__":"cc.Vec3","x":1,"y":1,"z":1}},{"__type__":"cc.Node","_name":"heroimg","_parent":{"__id__":19},"_level":4,"_components":[{"__id__":22}],"_prefab":{"__type__":"cc.PrefabInfo","root":{"__id__":1},"asset":{"__uuid__":"d6ynd+v/hK/Z8FzLecOUWU"},"fileId":"49zjSgkLlHeJRdyoVTo68i"},"_contentSize":{"__type__":"cc.Size","width":200,"height":202},"_scale":{"__type__":"cc.Vec3","x":1,"y":1,"z":1}},{"__type__":"cc.Sprite","node":{"__id__":21},"_sizeMode":0},{"__type__":"cc.Node","_name":"icon","_parent":{"__id__":19},"_level":4,"_components":[{"__type__":"cc.Sprite","node":{"__id__":23},"_spriteFrame":{"__uuid__":"d1Jh0kpu9Azbv/Mwj2Q2Ib"},"_sizeMode":0}],"_prefab":{"__type__":"cc.PrefabInfo","root":{"__id__":1},"asset":{"__uuid__":"d6ynd+v/hK/Z8FzLecOUWU"},"fileId":"40AxVHgyBLNKmG7WzsRziS"},"_contentSize":{"__type__":"cc.Size","width":206,"height":300},"_scale":{"__type__":"cc.Vec3","x":1,"y":1,"z":1}},{"__type__":"cc.Node","_name":"jiantou","_parent":{"__id__":18},"_level":4,"_components":[{"__type__":"cc.Sprite","node":{"__id__":24},"_spriteFrame":{"__uuid__":"e08piuodVJ1JWdQqGsBxCn"}}],"_prefab":{"__type__":"cc.PrefabInfo","root":{"__id__":1},"asset":{"__uuid__":"d6ynd+v/hK/Z8FzLecOUWU"},"fileId":"abwZHJziZDboZl0WiQl8By"},"_contentSize":{"__type__":"cc.Size","width":75,"height":47},"_position":{"__type__":"cc.Vec3","x":41.5},"_scale":{"__type__":"cc.Vec3","x":1,"y":1,"z":1}},{"__type__":"cc.Node","_name":"heroimg1","_parent":{"__id__":18},"_level":4,"_components":[{"__id__":26}],"_prefab":{"__type__":"cc.PrefabInfo","root":{"__id__":1},"asset":{"__uuid__":"d6ynd+v/hK/Z8FzLecOUWU"},"fileId":"0fsdWlDSJJNJOuxfCHYsDY"},"_contentSize":{"__type__":"cc.Size","width":123,"height":150},"_position":{"__type__":"cc.Vec3","x":190.5},"_scale":{"__type__":"cc.Vec3","x":1,"y":1,"z":1}},{"__type__":"cc.Sprite","node":{"__id__":25},"_sizeMode":0},{"__type__":"cc.Node","_name":"dpslayout","_parent":{"__id__":2},"_children":[{"__id__":28},{"__id__":30}],"_level":3,"_components":[{"__type__":"cc.Sprite","node":{"__id__":27},"_type":1,"_sizeMode":0},{"__type__":"cc.Layout","node":{"__id__":27},"_layoutSize":{"__type__":"cc.Size","width":92.25,"height":150},"_resize":1,"_N$layoutType":1,"_N$spacingX":10},{"__type__":"cc.Widget","node":{"__id__":27},"_alignFlags":32,"_right":40}],"_prefab":{"__type__":"cc.PrefabInfo","root":{"__id__":1},"asset":{"__uuid__":"d6ynd+v/hK/Z8FzLecOUWU"},"fileId":"afjQTk0LRB7qQVPmQlpVxj"},"_contentSize":{"__type__":"cc.Size","width":92.25,"height":150},"_anchorPoint":{"__type__":"cc.Vec2","x":1,"y":0.5},"_position":{"__type__":"cc.Vec3","x":260,"y":141},"_scale":{"__type__":"cc.Vec3","x":1,"y":1,"z":1}},{"__type__":"cc.Node","_name":"adddps","_parent":{"__id__":27},"_level":4,"_components":[{"__id__":29},{"__type__":"cc.Widget","node":{"__id__":28},"_alignFlags":33,"_right":92.25,"_top":55}],"_prefab":{"__type__":"cc.PrefabInfo","root":{"__id__":1},"asset":{"__uuid__":"d6ynd+v/hK/Z8FzLecOUWU"},"fileId":"844oU4FVtLBqFwFET7yFTK"},"_color":{"__type__":"cc.Color","r":246,"g":208,"b":55},"_contentSize":{"__type__":"cc.Size","height":40},"_anchorPoint":{"__type__":"cc.Vec2","y":0.5},"_position":{"__type__":"cc.Vec3","x":-92.25},"_scale":{"__type__":"cc.Vec3","x":1,"y":1,"z":1}},{"__type__":"cc.Label","node":{"__id__":28},"_srcBlendFactor":1,"_useOriginalSize":false,"_N$horizontalAlign":1,"_N$verticalAlign":1},{"__type__":"cc.Node","_name":"text","_parent":{"__id__":27},"_level":4,"_components":[{"__type__":"cc.Label","node":{"__id__":30},"_srcBlendFactor":1,"_useOriginalSize":false,"_string":"DPS","_N$string":"DPS","_N$horizontalAlign":1,"_N$verticalAlign":1}],"_prefab":{"__type__":"cc.PrefabInfo","root":{"__id__":1},"asset":{"__uuid__":"d6ynd+v/hK/Z8FzLecOUWU"},"fileId":"6al5mrm9RKfKYQ/fZ/+KG+"},"_color":{"__type__":"cc.Color","r":255},"_contentSize":{"__type__":"cc.Size","width":82.25,"height":40},"_position":{"__type__":"cc.Vec3","x":-41.125},"_scale":{"__type__":"cc.Vec3","x":1,"y":1,"z":1}},{"__type__":"cc.Node","_name":"New Label","_parent":{"__id__":2},"_active":false,"_level":3,"_components":[{"__type__":"cc.Label","node":{"__id__":31},"_srcBlendFactor":1,"_useOriginalSize":false,"_string":"Tip:分享到群获得奖励","_N$string":"Tip:分享到群获得奖励","_fontSize":25,"_lineHeight":27,"_N$horizontalAlign":1,"_N$verticalAlign":1}],"_prefab":{"__type__":"cc.PrefabInfo","root":{"__id__":1},"asset":{"__uuid__":"d6ynd+v/hK/Z8FzLecOUWU"},"fileId":"f9dVOgA4FP9KQs+3k5vwux"},"_color":{"__type__":"cc.Color","r":189,"g":184,"b":184},"_contentSize":{"__type__":"cc.Size","width":240.75,"height":27},"_position":{"__type__":"cc.Vec3","y":-349.9},"_scale":{"__type__":"cc.Vec3","x":1,"y":1,"z":1}}],{"__type__":"cc.SpriteFrame","content":{"name":"jiantou","texture":"04OjbgoiVNAJ6CVOqkon7M","rect":[10,1147,75,47],"offset":[0,0],"originalSize":[75,47],"capInsets":[0,0,0,0]}}]