[{"__type__":"cc.SpriteFrame","content":{"name":"game_title","texture":"d2mZm4YZ1NYqPd05Z8hLBU","rect":[100,387,548,200],"offset":[0,0],"originalSize":[548,200],"capInsets":[0,0,0,0]}},{"__type__":"cc.SpriteFrame","content":{"name":"renwu","texture":"68NE4Ni5NJf5u0AHdJDazb","rect":[0,0,161,420],"offset":[0,0],"originalSize":[161,420],"capInsets":[0,0,0,0]}},[{"__type__":"cc.Prefab","_name":"Loading","data":{"__id__":1}},{"__type__":"cc.Node","_name":"Loading","_children":[{"__id__":2},{"__id__":4},{"__id__":16},{"__id__":17},{"__id__":21},{"__id__":22}],"_level":1,"_components":[{"__type__":"72d72h/pPtKUrBjqNtPOs4d","node":{"__id__":1},"progress":{"__id__":20},"progressTxt":{"__id__":15},"hint":{"__id__":25},"text":["玩家可以在主角面板提升主角的攻击力和技能效果。","招募伙伴，壮大我们的英雄队伍！","集齐套装能提供额外属性加成！","卡牌可永久强化英雄，效果不会随主角转生而重置。","如果感到战斗困难，可以尝试去转生交换更强大的神器！"]},{"__type__":"cc.Widget","node":{"__id__":1},"_alignFlags":45,"_originalWidth":750,"_originalHeight":1334},{"__type__":"cc.BlockInputEvents","node":{"__id__":1}}],"_prefab":{"__type__":"cc.PrefabInfo","root":{"__id__":1},"asset":{"__uuid__":"05dE9Q25hH4YnM2XbBLbYg"},"fileId":"3cQSVNeH1LiYxh3QTud5C5"},"_contentSize":{"__type__":"cc.Size","width":750,"height":1334},"_position":{"__type__":"cc.Vec3","x":375,"y":667},"_scale":{"__type__":"cc.Vec3","x":1,"y":1,"z":1}},{"__type__":"cc.Node","_name":"bg","_parent":{"__id__":1},"_children":[{"__id__":3}],"_level":2,"_components":[{"__type__":"cc.Sprite","node":{"__id__":2},"_spriteFrame":{"__uuid__":"d7NWX+e7BBkr2n7DS0g9lu"}},{"__type__":"cc.Widget","node":{"__id__":2},"_alignFlags":45,"_verticalCenter":667,"_horizontalCenter":375,"_originalWidth":750,"_originalHeight":1334}],"_prefab":{"__type__":"cc.PrefabInfo","root":{"__id__":1},"asset":{"__uuid__":"05dE9Q25hH4YnM2XbBLbYg"},"fileId":"2bN2xo3PpF/aUNe53a/edt"},"_contentSize":{"__type__":"cc.Size","width":750,"height":1334},"_scale":{"__type__":"cc.Vec3","x":1,"y":1,"z":1}},{"__type__":"cc.Node","_name":"game_title","_parent":{"__id__":2},"_level":3,"_components":[{"__type__":"cc.Sprite","node":{"__id__":3},"_spriteFrame":{"__uuid__":"04aV5axOJMCKrQ5KHZasCu"}},{"__type__":"cc.Widget","node":{"__id__":3},"_alignFlags":17,"_top":167}],"_prefab":{"__type__":"cc.PrefabInfo","root":{"__id__":1},"asset":{"__uuid__":"05dE9Q25hH4YnM2XbBLbYg"},"fileId":"a3iqdC0sxIP6DFY6Qvm0pH"},"_contentSize":{"__type__":"cc.Size","width":548,"height":200},"_position":{"__type__":"cc.Vec3","y":400},"_scale":{"__type__":"cc.Vec3","x":1,"y":1,"z":1}},{"__type__":"cc.Node","_name":"icon","_parent":{"__id__":1},"_children":[{"__id__":5},{"__id__":14}],"_level":2,"_components":[{"__type__":"cc.Sprite","node":{"__id__":4}},{"__type__":"cc.Widget","node":{"__id__":4},"alignMode":0,"_alignFlags":16,"_verticalCenter":-414}],"_prefab":{"__type__":"cc.PrefabInfo","root":{"__id__":1},"asset":{"__uuid__":"05dE9Q25hH4YnM2XbBLbYg"},"fileId":"2aaqLBUMVEAYl5fb4b3TAL"},"_contentSize":{"__type__":"cc.Size","width":750,"height":100},"_position":{"__type__":"cc.Vec3","y":-391},"_scale":{"__type__":"cc.Vec3","x":1,"y":1,"z":1}},{"__type__":"cc.Node","_name":"loading","_parent":{"__id__":4},"_children":[{"__id__":6},{"__id__":7},{"__id__":8},{"__id__":9},{"__id__":10},{"__id__":11},{"__id__":12},{"__id__":13}],"_components":[{"__type__":"cc.Animation","node":{"__id__":5},"_defaultClip":{"__uuid__":"2d1/SdYqhJd6JxJusfPYeJ"},"_clips":[{"__uuid__":"2d1/SdYqhJd6JxJusfPYeJ"}],"playOnLoad":true},{"__type__":"cc.Widget","node":{"__id__":5},"alignMode":0,"_alignFlags":16,"_horizontalCenter":88}],"_prefab":{"__type__":"cc.PrefabInfo","root":{"__id__":1},"asset":{"__uuid__":"05dE9Q25hH4YnM2XbBLbYg"},"fileId":"78WqDeaJNBJr4/bMOQq8al"},"_position":{"__type__":"cc.Vec3","x":88},"_scale":{"__type__":"cc.Vec3","x":1,"y":1,"z":1}},{"__type__":"cc.Node","_name":"a","_parent":{"__id__":5},"_components":[{"__type__":"cc.Sprite","node":{"__id__":6},"_spriteFrame":{"__uuid__":"114fxK1KBLWYwGY+KWlxsZ"}}],"_prefab":{"__type__":"cc.PrefabInfo","root":{"__id__":1},"asset":{"__uuid__":"05dE9Q25hH4YnM2XbBLbYg"},"fileId":"dcAQDUG4tLQq6TBHRn2oot"},"_contentSize":{"__type__":"cc.Size","width":15,"height":14},"_scale":{"__type__":"cc.Vec3","x":1,"y":1,"z":1}},{"__type__":"cc.Node","_name":"d","_parent":{"__id__":5},"_components":[{"__type__":"cc.Sprite","node":{"__id__":7},"_spriteFrame":{"__uuid__":"966NXc0BNGTp66ZbZqXkv1"}}],"_prefab":{"__type__":"cc.PrefabInfo","root":{"__id__":1},"asset":{"__uuid__":"05dE9Q25hH4YnM2XbBLbYg"},"fileId":"7bDeZnL+NKKqRiKrsJASXw"},"_contentSize":{"__type__":"cc.Size","width":13,"height":14},"_scale":{"__type__":"cc.Vec3","x":1,"y":1,"z":1}},{"__type__":"cc.Node","_name":"g","_parent":{"__id__":5},"_components":[{"__type__":"cc.Sprite","node":{"__id__":8},"_spriteFrame":{"__uuid__":"d2TlLkVUxFdbHaq4co+mZ/"}}],"_prefab":{"__type__":"cc.PrefabInfo","root":{"__id__":1},"asset":{"__uuid__":"05dE9Q25hH4YnM2XbBLbYg"},"fileId":"66z7rxQZpNaKXGU+4hhZFu"},"_contentSize":{"__type__":"cc.Size","width":12,"height":14},"_scale":{"__type__":"cc.Vec3","x":1,"y":1,"z":1}},{"__type__":"cc.Node","_name":"i","_parent":{"__id__":5},"_components":[{"__type__":"cc.Sprite","node":{"__id__":9},"_spriteFrame":{"__uuid__":"50zNyzbUdFdL7c21kOKH+i"}}],"_prefab":{"__type__":"cc.PrefabInfo","root":{"__id__":1},"asset":{"__uuid__":"05dE9Q25hH4YnM2XbBLbYg"},"fileId":"d3fiKCdklMvIsxwVbq+S0A"},"_contentSize":{"__type__":"cc.Size","width":4,"height":14},"_scale":{"__type__":"cc.Vec3","x":1,"y":1,"z":1}},{"__type__":"cc.Node","_name":"l","_parent":{"__id__":5},"_components":[{"__type__":"cc.Sprite","node":{"__id__":10},"_spriteFrame":{"__uuid__":"64TlAXL3xM4qgQtb1BHjkU"}}],"_prefab":{"__type__":"cc.PrefabInfo","root":{"__id__":1},"asset":{"__uuid__":"05dE9Q25hH4YnM2XbBLbYg"},"fileId":"14UGSHKJlMBZR4MTzlQuVD"},"_contentSize":{"__type__":"cc.Size","width":10,"height":14},"_scale":{"__type__":"cc.Vec3","x":1,"y":1,"z":1}},{"__type__":"cc.Node","_name":"n","_parent":{"__id__":5},"_components":[{"__type__":"cc.Sprite","node":{"__id__":11},"_spriteFrame":{"__uuid__":"79+ZNkTcpL7qdCIoCu843d"}}],"_prefab":{"__type__":"cc.PrefabInfo","root":{"__id__":1},"asset":{"__uuid__":"05dE9Q25hH4YnM2XbBLbYg"},"fileId":"85IyiRaZ5IaoqAueVOxtfX"},"_contentSize":{"__type__":"cc.Size","width":13,"height":14},"_scale":{"__type__":"cc.Vec3","x":1,"y":1,"z":1}},{"__type__":"cc.Node","_name":"o","_parent":{"__id__":5},"_components":[{"__type__":"cc.Sprite","node":{"__id__":12},"_spriteFrame":{"__uuid__":"63MPNm0DlF+bqA/9uK5pmy"}}],"_prefab":{"__type__":"cc.PrefabInfo","root":{"__id__":1},"asset":{"__uuid__":"05dE9Q25hH4YnM2XbBLbYg"},"fileId":"7cwgBjvYZBl5RIQH4a5yiK"},"_contentSize":{"__type__":"cc.Size","width":14,"height":14},"_scale":{"__type__":"cc.Vec3","x":1,"y":1,"z":1}},{"__type__":"cc.Node","_name":"dian","_parent":{"__id__":5},"_components":[{"__type__":"cc.Sprite","node":{"__id__":13},"_spriteFrame":{"__uuid__":"e01V19k5pC5Kfrlv7Vcoe/"}}],"_prefab":{"__type__":"cc.PrefabInfo","root":{"__id__":1},"asset":{"__uuid__":"05dE9Q25hH4YnM2XbBLbYg"},"fileId":"b7i2Xpd3BLwpEz4nLq/0Ds"},"_contentSize":{"__type__":"cc.Size","width":13,"height":3},"_scale":{"__type__":"cc.Vec3","x":1,"y":1,"z":1}},{"__type__":"cc.Node","_name":"New Label","_parent":{"__id__":4},"_level":2,"_components":[{"__id__":15},{"__type__":"cc.Widget","node":{"__id__":14},"_alignFlags":16,"_horizontalCenter":-39}],"_prefab":{"__type__":"cc.PrefabInfo","root":{"__id__":1},"asset":{"__uuid__":"05dE9Q25hH4YnM2XbBLbYg"},"fileId":"1fN+KNFYxBMollKln8K5wx"},"_contentSize":{"__type__":"cc.Size","width":200,"height":40},"_position":{"__type__":"cc.Vec3","x":-39},"_scale":{"__type__":"cc.Vec3","x":1,"y":1,"z":1}},{"__type__":"cc.Label","node":{"__id__":14},"_srcBlendFactor":1,"_useOriginalSize":false,"_string":"资源加载中","_N$string":"资源加载中","_fontSize":25,"_N$verticalAlign":1,"_N$overflow":1},{"__type__":"cc.Node","_name":"logo","_parent":{"__id__":1},"_level":2,"_components":[{"__type__":"cc.Sprite","node":{"__id__":16},"_spriteFrame":{"__uuid__":"07s/ZcAXdANLt31KSeZKQR"},"_sizeMode":0}],"_prefab":{"__type__":"cc.PrefabInfo","root":{"__id__":1},"asset":{"__uuid__":"05dE9Q25hH4YnM2XbBLbYg"},"fileId":"6dbYhLVxBNZKswFDVwFxfx"},"_contentSize":{"__type__":"cc.Size","width":230,"height":106},"_position":{"__type__":"cc.Vec3","y":-507},"_scale":{"__type__":"cc.Vec3","x":1,"y":1,"z":1}},{"__type__":"cc.Node","_name":"progressBar","_parent":{"__id__":1},"_children":[{"__id__":18}],"_level":2,"_components":[{"__type__":"cc.Sprite","node":{"__id__":17},"_spriteFrame":{"__uuid__":"bcF+uk2ftJrJjMbIO0tYpv"},"_type":1,"_sizeMode":0},{"__id__":20},{"__type__":"cc.Widget","node":{"__id__":17},"_alignFlags":16}],"_prefab":{"__type__":"cc.PrefabInfo","root":{"__id__":1},"asset":{"__uuid__":"05dE9Q25hH4YnM2XbBLbYg"},"fileId":"d2jLNjsaFCJ76zIKKyFJk9"},"_contentSize":{"__type__":"cc.Size","width":288,"height":8},"_position":{"__type__":"cc.Vec3","y":-338},"_scale":{"__type__":"cc.Vec3","x":1,"y":1,"z":1}},{"__type__":"cc.Node","_name":"bar","_parent":{"__id__":17},"_components":[{"__id__":19}],"_prefab":{"__type__":"cc.PrefabInfo","root":{"__id__":1},"asset":{"__uuid__":"05dE9Q25hH4YnM2XbBLbYg"},"fileId":"33oQ01DfRIFrVYXhCzmdys"},"_contentSize":{"__type__":"cc.Size","width":28.8,"height":8},"_anchorPoint":{"__type__":"cc.Vec2","y":0.5},"_position":{"__type__":"cc.Vec3","x":-144.3},"_scale":{"__type__":"cc.Vec3","x":1,"y":1,"z":1}},{"__type__":"cc.Sprite","node":{"__id__":18},"_spriteFrame":{"__uuid__":"0aAH385kRMRbq4jCmGy4po"},"_type":1,"_sizeMode":0,"_isTrimmedMode":false},{"__type__":"cc.ProgressBar","node":{"__id__":17},"_N$totalLength":288,"_N$barSprite":{"__id__":19},"_N$progress":0.1},{"__type__":"cc.Node","_name":"role","_parent":{"__id__":1},"_level":2,"_components":[{"__type__":"cc.Sprite","node":{"__id__":21},"_spriteFrame":{"__uuid__":"05bZRqDjhFgLR3TLSh1a+4"},"_sizeMode":0},{"__type__":"cc.Widget","node":{"__id__":21},"_alignFlags":21,"_top":583.7,"_bottom":330.3,"_verticalCenter":-126.7,"_originalHeight":420}],"_prefab":{"__type__":"cc.PrefabInfo","root":{"__id__":1},"asset":{"__uuid__":"05dE9Q25hH4YnM2XbBLbYg"},"fileId":"4eyOPWpIRITqb9XIuwx78C"},"_contentSize":{"__type__":"cc.Size","width":161,"height":419.99999999999994},"_position":{"__type__":"cc.Vec3","y":-126.70000000000002},"_scale":{"__type__":"cc.Vec3","x":1,"y":1,"z":1}},{"__type__":"cc.Node","_name":"layout","_parent":{"__id__":1},"_children":[{"__id__":23},{"__id__":24}],"_level":2,"_components":[{"__type__":"cc.Sprite","node":{"__id__":22},"_type":1,"_sizeMode":0},{"__type__":"cc.Widget","node":{"__id__":22},"_alignFlags":16,"_left":41.5,"_right":-6.5,"_horizontalCenter":17,"_originalWidth":715}],"_prefab":{"__type__":"cc.PrefabInfo","root":{"__id__":1},"asset":{"__uuid__":"05dE9Q25hH4YnM2XbBLbYg"},"fileId":"66KK3jnltEurLSf/opd2B8"},"_contentSize":{"__type__":"cc.Size","width":715,"height":150},"_position":{"__type__":"cc.Vec3","x":17,"y":-256},"_scale":{"__type__":"cc.Vec3","x":1,"y":1,"z":1}},{"__type__":"cc.Node","_name":"fairy","_parent":{"__id__":22},"_level":3,"_components":[{"__type__":"sp.Skeleton","node":{"__id__":23},"defaultAnimation":"fly2","_N$skeletonData":{"__uuid__":"07yynbkiNFhrsJk1cJ7fnb"}}],"_prefab":{"__type__":"cc.PrefabInfo","root":{"__id__":1},"asset":{"__uuid__":"05dE9Q25hH4YnM2XbBLbYg"},"fileId":"bcqZ99u/JHE6dUzSKWn0WE"},"_contentSize":{"__type__":"cc.Size","width":90,"height":119},"_position":{"__type__":"cc.Vec3","x":-170,"y":-17},"_scale":{"__type__":"cc.Vec3","x":1,"y":1,"z":1}},{"__type__":"cc.Node","_name":"tip","_parent":{"__id__":22},"_level":3,"_components":[{"__id__":25},{"__type__":"cc.Widget","node":{"__id__":24},"_alignFlags":16}],"_prefab":{"__type__":"cc.PrefabInfo","root":{"__id__":1},"asset":{"__uuid__":"05dE9Q25hH4YnM2XbBLbYg"},"fileId":"6a8U8fYLVJmqTCe4xndqiY"},"_contentSize":{"__type__":"cc.Size","height":26},"_position":{"__type__":"cc.Vec3","y":-48},"_scale":{"__type__":"cc.Vec3","x":1,"y":1,"z":1}},{"__type__":"cc.Label","node":{"__id__":24},"_srcBlendFactor":1,"_useOriginalSize":false,"_fontSize":23,"_lineHeight":26,"_N$verticalAlign":1}],{"__type__":"cc.SpriteFrame","content":{"name":"logo","texture":"92vPzC225H/p4h3pjgEmQp","rect":[0,0,230,106],"offset":[0,0],"originalSize":[230,106],"capInsets":[0,0,0,0]}},{"__type__":"cc.SpriteFrame","content":{"name":"loading2","texture":"70E+y7UkdF+LZgE2e96mTW","rect":[0,0,18,15],"offset":[0,0],"originalSize":[18,15],"capInsets":[0,0,0,0]}},{"__type__":"cc.SpriteFrame","content":{"name":"a","texture":"00kUvi/+hFKZzl0qWKdivS","rect":[0,0,15,14],"offset":[-0.5,0],"originalSize":[16,14],"capInsets":[0,0,0,0]}},{"__type__":"cc.AnimationClip","_name":"loading","_duration":1.6666666666666667,"sample":30,"wrapMode":2,"curveData":{"paths":{"o":{"props":{"position":[{"frame":0.1,"value":[-34,0]},{"frame":0.26666666666666666,"value":[-34,8]},{"frame":0.43333333333333335,"value":[-34,0]}]}},"n":{"props":{"position":[{"frame":0.5,"value":[16.5,0]},{"frame":0.6666666666666666,"value":[16.5,8]},{"frame":0.8333333333333334,"value":[16.5,0]}]}},"l":{"props":{"position":[{"frame":0,"value":[-46.91,0]},{"frame":0.16666666666666666,"value":[-46.9,8]},{"frame":0.3333333333333333,"value":[-46.9,0]}]}},"i":{"props":{"position":[{"frame":0.4,"value":[6,0]},{"frame":0.5666666666666667,"value":[6,8]},{"frame":0.7333333333333333,"value":[6,0]}]}},"g":{"props":{"position":[{"frame":0.6,"value":[31.07,0]},{"frame":0.7666666666666667,"value":[31.07,8]},{"frame":0.9333333333333333,"value":[31.07,0]}]}},"d":{"props":{"position":[{"frame":0.3,"value":[-4.5,0]},{"frame":0.4666666666666667,"value":[-4.5,8]},{"frame":0.6333333333333333,"value":[-4.5,0]}]}},"dian":{"props":{"position":[{"frame":0.7,"value":[45.5,-5.45]},{"frame":0.8666666666666667,"value":[45.5,2.4]},{"frame":1.0333333333333334,"value":[45.5,-5.45]}]}},"a":{"props":{"position":[{"frame":0.2,"value":[-19.28,0]},{"frame":0.36666666666666664,"value":[-19.28,8]},{"frame":0.5333333333333333,"value":[-19.28,0]}]}}}},"events":[{"frame":1.6666666666666667,"func":"","params":[]}]},{"__type__":"cc.SpriteFrame","content":{"name":"i","texture":"6dOHr3IXxFR4XRCdq5mA2S","rect":[0,0,4,14],"offset":[0,0],"originalSize":[4,14],"capInsets":[0,0,0,0]}},{"__type__":"cc.SpriteFrame","content":{"name":"o","texture":"55dmokqHFA6aof0ksjYRP8","rect":[0,0,14,14],"offset":[0,0],"originalSize":[14,14],"capInsets":[0,0,0,0]}},{"__type__":"cc.SpriteFrame","content":{"name":"l","texture":"c14aMiKF1IwKCbCmpRULAX","rect":[0,0,10,14],"offset":[-0.5,0],"originalSize":[11,14],"capInsets":[0,0,0,0]}},{"__type__":"cc.SpriteFrame","content":{"name":"n","texture":"8cqTRZ8d9M4pecg5d7YR/Q","rect":[0,0,13,14],"offset":[0,0],"originalSize":[13,14],"capInsets":[0,0,0,0]}},{"__type__":"cc.SpriteFrame","content":{"name":"d","texture":"e5bD6dl1JOFo7pr+s1KJ6a","rect":[0,0,13,14],"offset":[-0.5,0],"originalSize":[14,14],"capInsets":[0,0,0,0]}},{"__type__":"cc.SpriteFrame","content":{"name":"loading1","texture":"0ebjFaKn1NJok3nh4zgUKP","rect":[0,0,18,15],"offset":[0,0],"originalSize":[18,15],"capInsets":[0,0,0,0]}},{"__type__":"cc.SpriteFrame","content":{"name":"g","texture":"60VcJEguJPrpvHHGTd2O1x","rect":[1,0,12,14],"offset":[0,0],"originalSize":[14,14],"capInsets":[0,0,0,0]}},{"__type__":"cc.SpriteFrame","content":{"name":"loadingBg","texture":"67ovb//lVBqIVZq54Qfp0l","rect":[0,0,750,1334],"offset":[0,0],"originalSize":[750,1334],"capInsets":[0,0,0,0]}},{"__type__":"cc.SpriteFrame","content":{"name":"dian","texture":"f5WUu9bbdNqqwR3HaJsoHA","rect":[1,1,13,3],"offset":[0.5,-0.5],"originalSize":[14,4],"capInsets":[0,0,0,0]}}]