[{"__type__":"cc.SpriteFrame","content":{"name":"close (2)","texture":"a1kFce2/xNx60AtnsccfV2","rect":[383,897,28,27],"offset":[0,0],"originalSize":[28,27],"capInsets":[0,0,0,0]}},{"__type__":"cc.SpriteFrame","content":{"name":"tanchuanbg","texture":"a1kFce2/xNx60AtnsccfV2","rect":[821,756,80,78],"offset":[0,0],"originalSize":[80,78],"capInsets":[11,11,11,10]}},{"__type__":"cc.SpriteFrame","content":{"name":"juse","texture":"a1kFce2/xNx60AtnsccfV2","rect":[545,572,192,96],"offset":[0,0],"originalSize":[192,96],"capInsets":[0,0,0,0]}},{"__type__":"cc.SpriteFrame","content":{"name":"jinbikaobei","texture":"a1kFce2/xNx60AtnsccfV2","rect":[930,979,35,36],"offset":[0,0],"originalSize":[35,36],"capInsets":[0,0,0,0]}},{"__type__":"cc.SpriteFrame","content":{"name":"bgtongyong","texture":"a1kFce2/xNx60AtnsccfV2","rect":[62,119,685,137],"offset":[0,0],"originalSize":[685,137],"capInsets":[0,0,0,0]}},{"__type__":"cc.SpriteFrame","content":{"name":"shangcehng","texture":"a1kFce2/xNx60AtnsccfV2","rect":[62,412,679,59],"offset":[0,0],"originalSize":[679,59],"capInsets":[0,0,0,0]}},[{"__type__":"cc.Prefab","_name":"MySkillWin","data":{"__id__":1}},{"__type__":"cc.Node","_name":"myskil","_children":[{"__id__":2}],"_level":1,"_components":[{"__type__":"08ea7h1DyNF7YziXePzLshT","node":{"__id__":1},"close":{"__id__":6},"head":{"__id__":10},"heroname":{"__id__":14},"level":{"__id__":18},"skilldesc":{"__id__":20},"harm":{"__id__":23},"continuouscool":{"__id__":25},"nextharm":{"__id__":30},"nextlevel":{"__id__":28},"levleBt":{"__id__":42},"textBt":{"__id__":38},"coin":{"__id__":35}}],"_prefab":{"__type__":"cc.PrefabInfo","root":{"__id__":1},"asset":{"__uuid__":"d9eX4HGL9Gq5RlWN0cyBKR"},"fileId":"6fWfUhsIJEe4QUWyo0vmDD"},"_contentSize":{"__type__":"cc.Size","width":699,"height":624},"_scale":{"__type__":"cc.Vec3","x":1,"y":1,"z":1}},{"__type__":"cc.Node","_name":"New Node","_parent":{"__id__":1},"_children":[{"__id__":3}],"_level":2,"_components":[{"__type__":"cc.Sprite","node":{"__id__":2},"_spriteFrame":{"__uuid__":"510X4D6aFPGa9wjpS7Ot5t"},"_type":1,"_sizeMode":0}],"_prefab":{"__type__":"cc.PrefabInfo","root":{"__id__":1},"asset":{"__uuid__":"d9eX4HGL9Gq5RlWN0cyBKR"},"fileId":"827sdJWMhC9LbhAbF6idTo"},"_contentSize":{"__type__":"cc.Size","width":699,"height":624},"_scale":{"__type__":"cc.Vec3","x":1,"y":1,"z":1}},{"__type__":"cc.Node","_name":"New Node","_parent":{"__id__":2},"_children":[{"__id__":4},{"__id__":8},{"__id__":21},{"__id__":26},{"__id__":31}],"_level":3,"_prefab":{"__type__":"cc.PrefabInfo","root":{"__id__":1},"asset":{"__uuid__":"d9eX4HGL9Gq5RlWN0cyBKR"},"fileId":"21yv0g8n1Nl6jZv7Hnwh0+"},"_contentSize":{"__type__":"cc.Size","width":680,"height":610},"_scale":{"__type__":"cc.Vec3","x":1,"y":1,"z":1}},{"__type__":"cc.Node","_name":"New Node","_parent":{"__id__":3},"_children":[{"__id__":5},{"__id__":6}],"_level":4,"_components":[{"__type__":"cc.Sprite","node":{"__id__":4},"_spriteFrame":{"__uuid__":"b3CLDo9FhEhpyt697OG5HT"},"_sizeMode":0},{"__type__":"cc.Widget","node":{"__id__":4},"_alignFlags":41,"_originalWidth":680}],"_prefab":{"__type__":"cc.PrefabInfo","root":{"__id__":1},"asset":{"__uuid__":"d9eX4HGL9Gq5RlWN0cyBKR"},"fileId":"b0v92y+ntJGK0/JRzNKHtI"},"_contentSize":{"__type__":"cc.Size","width":680,"height":59},"_position":{"__type__":"cc.Vec3","y":275.5},"_scale":{"__type__":"cc.Vec3","x":1,"y":1,"z":1}},{"__type__":"cc.Node","_name":"New Label","_parent":{"__id__":4},"_level":4,"_components":[{"__type__":"cc.Label","node":{"__id__":5},"_srcBlendFactor":1,"_useOriginalSize":false,"_string":"主动技能","_N$string":"主动技能","_N$horizontalAlign":1,"_N$verticalAlign":1,"_N$fontFamily":"苹方"},{"__type__":"cc.Widget","node":{"__id__":5},"_alignFlags":18}],"_prefab":{"__type__":"cc.PrefabInfo","root":{"__id__":1},"asset":{"__uuid__":"d9eX4HGL9Gq5RlWN0cyBKR"},"fileId":"fczDQNLfZK1ZkWYmqW6FnO"},"_contentSize":{"__type__":"cc.Size","width":160,"height":40},"_scale":{"__type__":"cc.Vec3","x":1,"y":1,"z":1}},{"__type__":"cc.Node","_name":"close","_parent":{"__id__":4},"_children":[{"__id__":7}],"_level":5,"_components":[{"__type__":"cc.Widget","node":{"__id__":6},"_alignFlags":32},{"__type__":"cc.Button","node":{"__id__":6},"_N$transition":3,"transition":3,"_N$target":{"__id__":6}}],"_prefab":{"__type__":"cc.PrefabInfo","root":{"__id__":1},"asset":{"__uuid__":"d9eX4HGL9Gq5RlWN0cyBKR"},"fileId":"090KqF5sVD37zrI1mZ/Uyo"},"_contentSize":{"__type__":"cc.Size","width":70,"height":70},"_position":{"__type__":"cc.Vec3","x":305},"_scale":{"__type__":"cc.Vec3","x":1,"y":1,"z":1}},{"__type__":"cc.Node","_name":"New Sprite(Splash)","_parent":{"__id__":6},"_level":6,"_components":[{"__type__":"cc.Sprite","node":{"__id__":7},"_spriteFrame":{"__uuid__":"33DcKl9v5Ef6qoSRMZ5ejJ"},"_sizeMode":0}],"_prefab":{"__type__":"cc.PrefabInfo","root":{"__id__":1},"asset":{"__uuid__":"d9eX4HGL9Gq5RlWN0cyBKR"},"fileId":"848LprRfVJcrbI8JCalN3i"},"_contentSize":{"__type__":"cc.Size","width":28,"height":27},"_scale":{"__type__":"cc.Vec3","x":1,"y":1,"z":1}},{"__type__":"cc.Node","_name":"New Node","_parent":{"__id__":3},"_children":[{"__id__":9},{"__id__":11}],"_level":4,"_components":[{"__type__":"cc.Sprite","node":{"__id__":8},"_spriteFrame":{"__uuid__":"aeaXg6eipEMr1WUC02PxSD"},"_sizeMode":0},{"__type__":"cc.Widget","node":{"__id__":8},"_alignFlags":1,"_top":100}],"_prefab":{"__type__":"cc.PrefabInfo","root":{"__id__":1},"asset":{"__uuid__":"d9eX4HGL9Gq5RlWN0cyBKR"},"fileId":"95mYqIJBdG2JucHwud5SHT"},"_contentSize":{"__type__":"cc.Size","width":687,"height":137},"_position":{"__type__":"cc.Vec3","y":136.5},"_scale":{"__type__":"cc.Vec3","x":1,"y":1,"z":1}},{"__type__":"cc.Node","_name":"skllhead","_parent":{"__id__":8},"_level":5,"_components":[{"__id__":10},{"__type__":"cc.Widget","node":{"__id__":9},"_alignFlags":8,"_left":10}],"_prefab":{"__type__":"cc.PrefabInfo","root":{"__id__":1},"asset":{"__uuid__":"d9eX4HGL9Gq5RlWN0cyBKR"},"fileId":"a9QSn8aMdHia6PepG4x535"},"_contentSize":{"__type__":"cc.Size","width":100,"height":100},"_position":{"__type__":"cc.Vec3","x":-283.5},"_scale":{"__type__":"cc.Vec3","x":1,"y":1,"z":1}},{"__type__":"cc.Sprite","node":{"__id__":9},"_sizeMode":0},{"__type__":"cc.Node","_name":"New Layout","_parent":{"__id__":8},"_children":[{"__id__":12},{"__id__":19}],"_level":5,"_components":[{"__type__":"cc.Layout","node":{"__id__":11},"_layoutSize":{"__type__":"cc.Size","width":200,"height":81},"_resize":1,"_N$layoutType":2,"_N$spacingY":15},{"__type__":"cc.Widget","node":{"__id__":11},"_alignFlags":8,"_left":130}],"_prefab":{"__type__":"cc.PrefabInfo","root":{"__id__":1},"asset":{"__uuid__":"d9eX4HGL9Gq5RlWN0cyBKR"},"fileId":"41QfBFMYhHLIy4eXgsxY/q"},"_contentSize":{"__type__":"cc.Size","width":200,"height":81},"_anchorPoint":{"__type__":"cc.Vec2","y":0.5},"_position":{"__type__":"cc.Vec3","x":-213.5},"_scale":{"__type__":"cc.Vec3","x":1,"y":1,"z":1}},{"__type__":"cc.Node","_name":"New Node","_parent":{"__id__":11},"_children":[{"__id__":13},{"__id__":15}],"_level":6,"_components":[{"__type__":"cc.Layout","node":{"__id__":12},"_layoutSize":{"__type__":"cc.Size","width":300,"height":46},"_resize":1,"_N$layoutType":2}],"_prefab":{"__type__":"cc.PrefabInfo","root":{"__id__":1},"asset":{"__uuid__":"d9eX4HGL9Gq5RlWN0cyBKR"},"fileId":"92A2RqRghEvYwsyaLCPqd1"},"_contentSize":{"__type__":"cc.Size","width":300,"height":46},"_position":{"__type__":"cc.Vec3","y":17.5},"_scale":{"__type__":"cc.Vec3","x":1,"y":1,"z":1}},{"__type__":"cc.Node","_name":"skillname","_parent":{"__id__":12},"_level":7,"_components":[{"__id__":14}],"_prefab":{"__type__":"cc.PrefabInfo","root":{"__id__":1},"asset":{"__uuid__":"d9eX4HGL9Gq5RlWN0cyBKR"},"fileId":"97hgu0ygZBeLCNyv02aLac"},"_contentSize":{"__type__":"cc.Size","width":96,"height":26},"_anchorPoint":{"__type__":"cc.Vec2","y":0.5},"_position":{"__type__":"cc.Vec3","y":10},"_scale":{"__type__":"cc.Vec3","x":1,"y":1,"z":1}},{"__type__":"cc.Label","node":{"__id__":13},"_srcBlendFactor":1,"_useOriginalSize":false,"_string":"技能名字","_N$string":"技能名字","_fontSize":24,"_lineHeight":26,"_N$horizontalAlign":1,"_N$verticalAlign":1,"_N$fontFamily":"苹方"},{"__type__":"cc.Node","_name":"New Label","_parent":{"__id__":12},"_children":[{"__id__":16},{"__id__":17}],"_level":7,"_components":[{"__type__":"cc.Layout","node":{"__id__":15},"_layoutSize":{"__type__":"cc.Size","width":34.04,"height":20},"_resize":1,"_N$layoutType":1}],"_prefab":{"__type__":"cc.PrefabInfo","root":{"__id__":1},"asset":{"__uuid__":"d9eX4HGL9Gq5RlWN0cyBKR"},"fileId":"c1Q1JBa49DYY8XhacXj3y4"},"_contentSize":{"__type__":"cc.Size","width":34.04,"height":20},"_anchorPoint":{"__type__":"cc.Vec2","y":0.5},"_position":{"__type__":"cc.Vec3","y":-13},"_scale":{"__type__":"cc.Vec3","x":1,"y":1,"z":1}},{"__type__":"cc.Node","_name":"New Label","_parent":{"__id__":15},"_level":8,"_components":[{"__type__":"cc.Label","node":{"__id__":16},"_srcBlendFactor":1,"_useOriginalSize":false,"_string":"LV.","_N$string":"LV.","_fontSize":18,"_lineHeight":20,"_N$horizontalAlign":1,"_N$verticalAlign":1}],"_prefab":{"__type__":"cc.PrefabInfo","root":{"__id__":1},"asset":{"__uuid__":"d9eX4HGL9Gq5RlWN0cyBKR"},"fileId":"fdXrCYLr5EbIsfZkalWt1s"},"_color":{"__type__":"cc.Color","r":173,"g":177,"b":202},"_contentSize":{"__type__":"cc.Size","width":24.03,"height":20},"_position":{"__type__":"cc.Vec3","x":12.015},"_scale":{"__type__":"cc.Vec3","x":1,"y":1,"z":1}},{"__type__":"cc.Node","_name":"skilllevel","_parent":{"__id__":15},"_level":8,"_components":[{"__id__":18}],"_prefab":{"__type__":"cc.PrefabInfo","root":{"__id__":1},"asset":{"__uuid__":"d9eX4HGL9Gq5RlWN0cyBKR"},"fileId":"3bEqBnrkpA1YqjcwEuwHBS"},"_color":{"__type__":"cc.Color","r":255,"g":224},"_contentSize":{"__type__":"cc.Size","width":10.01,"height":20},"_position":{"__type__":"cc.Vec3","x":29.035},"_scale":{"__type__":"cc.Vec3","x":1,"y":1,"z":1}},{"__type__":"cc.Label","node":{"__id__":17},"_srcBlendFactor":1,"_useOriginalSize":false,"_string":"2","_N$string":"2","_fontSize":18,"_lineHeight":20,"_N$horizontalAlign":1,"_N$verticalAlign":1},{"__type__":"cc.Node","_name":"desc","_parent":{"__id__":11},"_level":6,"_components":[{"__id__":20}],"_prefab":{"__type__":"cc.PrefabInfo","root":{"__id__":1},"asset":{"__uuid__":"d9eX4HGL9Gq5RlWN0cyBKR"},"fileId":"58/8X28QpAVbjayufdJwzn"},"_color":{"__type__":"cc.Color","r":173,"g":177,"b":202},"_contentSize":{"__type__":"cc.Size","width":72,"height":20},"_anchorPoint":{"__type__":"cc.Vec2","y":0.5},"_position":{"__type__":"cc.Vec3","y":-30.5},"_scale":{"__type__":"cc.Vec3","x":1,"y":1,"z":1}},{"__type__":"cc.Label","node":{"__id__":19},"_srcBlendFactor":1,"_useOriginalSize":false,"_string":"技能描述","_N$string":"技能描述","_fontSize":18,"_lineHeight":20,"_N$horizontalAlign":1,"_N$verticalAlign":1,"_N$fontFamily":"苹方"},{"__type__":"cc.Node","_name":"New Layout","_parent":{"__id__":3},"_children":[{"__id__":22},{"__id__":24}],"_level":4,"_components":[{"__type__":"cc.Layout","node":{"__id__":21},"_layoutSize":{"__type__":"cc.Size","width":200,"height":53},"_resize":1,"_N$layoutType":2,"_N$spacingY":5},{"__type__":"cc.Widget","node":{"__id__":21},"_alignFlags":9,"_left":10,"_top":245}],"_prefab":{"__type__":"cc.PrefabInfo","root":{"__id__":1},"asset":{"__uuid__":"d9eX4HGL9Gq5RlWN0cyBKR"},"fileId":"09TpsKT1dP47JsowncjbUF"},"_contentSize":{"__type__":"cc.Size","width":200,"height":53},"_anchorPoint":{"__type__":"cc.Vec2","y":0.5},"_position":{"__type__":"cc.Vec3","x":-330,"y":33.5},"_scale":{"__type__":"cc.Vec3","x":1,"y":1,"z":1}},{"__type__":"cc.Node","_name":"harm","_parent":{"__id__":21},"_level":5,"_components":[{"__id__":23}],"_prefab":{"__type__":"cc.PrefabInfo","root":{"__id__":1},"asset":{"__uuid__":"d9eX4HGL9Gq5RlWN0cyBKR"},"fileId":"d85D4ssJJJ05DNEYz7qTm0"},"_contentSize":{"__type__":"cc.Size","width":96,"height":26},"_anchorPoint":{"__type__":"cc.Vec2","y":0.5},"_position":{"__type__":"cc.Vec3","y":13.5},"_scale":{"__type__":"cc.Vec3","x":1,"y":1,"z":1}},{"__type__":"cc.Label","node":{"__id__":22},"_srcBlendFactor":1,"_useOriginalSize":false,"_string":"伤害描述","_N$string":"伤害描述","_fontSize":24,"_lineHeight":26,"_N$horizontalAlign":1,"_N$verticalAlign":1},{"__type__":"cc.Node","_name":"cdandtime","_parent":{"__id__":21},"_level":5,"_components":[{"__id__":25}],"_prefab":{"__type__":"cc.PrefabInfo","root":{"__id__":1},"asset":{"__uuid__":"d9eX4HGL9Gq5RlWN0cyBKR"},"fileId":"c661TIL6FGeYADMK9M+2sO"},"_color":{"__type__":"cc.Color","r":173,"g":177,"b":202},"_contentSize":{"__type__":"cc.Size","width":193.37,"height":22},"_anchorPoint":{"__type__":"cc.Vec2","y":0.5},"_position":{"__type__":"cc.Vec3","y":-15.5},"_scale":{"__type__":"cc.Vec3","x":1,"y":1,"z":1}},{"__type__":"cc.Label","node":{"__id__":24},"_srcBlendFactor":1,"_useOriginalSize":false,"_string":"持续时间and冷却时间","_N$string":"持续时间and冷却时间","_fontSize":20,"_lineHeight":22,"_N$horizontalAlign":1,"_N$verticalAlign":1},{"__type__":"cc.Node","_name":"New Node","_parent":{"__id__":3},"_children":[{"__id__":27},{"__id__":29}],"_level":4,"_components":[{"__type__":"cc.Layout","node":{"__id__":26},"_layoutSize":{"__type__":"cc.Size","width":300,"height":54},"_resize":1,"_N$layoutType":2,"_N$spacingY":10},{"__type__":"cc.Widget","node":{"__id__":26},"_alignFlags":9,"_left":10,"_top":337}],"_prefab":{"__type__":"cc.PrefabInfo","root":{"__id__":1},"asset":{"__uuid__":"d9eX4HGL9Gq5RlWN0cyBKR"},"fileId":"f5gUdN44FGerRoNYpHdn26"},"_contentSize":{"__type__":"cc.Size","width":300,"height":54},"_anchorPoint":{"__type__":"cc.Vec2","y":0.5},"_position":{"__type__":"cc.Vec3","x":-330,"y":-59},"_scale":{"__type__":"cc.Vec3","x":1,"y":1,"z":1}},{"__type__":"cc.Node","_name":"nextlevel","_parent":{"__id__":26},"_level":5,"_components":[{"__id__":28}],"_prefab":{"__type__":"cc.PrefabInfo","root":{"__id__":1},"asset":{"__uuid__":"d9eX4HGL9Gq5RlWN0cyBKR"},"fileId":"04Si6jjXZJ9qCjxJencGAd"},"_color":{"__type__":"cc.Color","r":244,"g":184,"b":39},"_contentSize":{"__type__":"cc.Size","width":80,"height":22},"_anchorPoint":{"__type__":"cc.Vec2","y":0.5},"_position":{"__type__":"cc.Vec3","y":16},"_scale":{"__type__":"cc.Vec3","x":1,"y":1,"z":1}},{"__type__":"cc.Label","node":{"__id__":27},"_srcBlendFactor":1,"_useOriginalSize":false,"_string":"下个等级","_N$string":"下个等级","_fontSize":20,"_lineHeight":22,"_N$horizontalAlign":1,"_N$verticalAlign":1},{"__type__":"cc.Node","_name":"nexthram","_parent":{"__id__":26},"_level":5,"_components":[{"__id__":30}],"_prefab":{"__type__":"cc.PrefabInfo","root":{"__id__":1},"asset":{"__uuid__":"d9eX4HGL9Gq5RlWN0cyBKR"},"fileId":"9cMIebwMRFk5EIoTRR1VUL"},"_color":{"__type__":"cc.Color","r":173,"g":177,"b":202},"_contentSize":{"__type__":"cc.Size","width":73.93,"height":22},"_anchorPoint":{"__type__":"cc.Vec2","y":0.5},"_position":{"__type__":"cc.Vec3","y":-16},"_scale":{"__type__":"cc.Vec3","x":1,"y":1,"z":1}},{"__type__":"cc.Label","node":{"__id__":29},"_srcBlendFactor":1,"_useOriginalSize":false,"_string":"+50伤害","_N$string":"+50伤害","_fontSize":20,"_lineHeight":22,"_N$horizontalAlign":1,"_N$verticalAlign":1},{"__type__":"cc.Node","_name":"livebt","_parent":{"__id__":3},"_children":[{"__id__":32},{"__id__":36}],"_level":4,"_components":[{"__id__":42},{"__type__":"cc.Widget","node":{"__id__":31},"_alignFlags":20,"_right":15,"_bottom":20},{"__type__":"cc.Button","node":{"__id__":31},"_N$transition":1,"transition":1,"_N$normalColor":{"__type__":"cc.Color","r":255,"g":255,"b":255},"_N$target":{"__id__":31}}],"_prefab":{"__type__":"cc.PrefabInfo","root":{"__id__":1},"asset":{"__uuid__":"d9eX4HGL9Gq5RlWN0cyBKR"},"fileId":"973k0wRmlHCLEdOE9WiSHq"},"_contentSize":{"__type__":"cc.Size","width":192,"height":96},"_position":{"__type__":"cc.Vec3","y":-237},"_scale":{"__type__":"cc.Vec3","x":1,"y":1,"z":1}},{"__type__":"cc.Node","_name":"numnode","_parent":{"__id__":31},"_children":[{"__id__":33},{"__id__":34}],"_level":4,"_components":[{"__type__":"cc.Layout","node":{"__id__":32},"_layoutSize":{"__type__":"cc.Size","width":85.62,"height":32},"_resize":1,"_N$layoutType":1,"_N$spacingX":5}],"_prefab":{"__type__":"cc.PrefabInfo","root":{"__id__":1},"asset":{"__uuid__":"d9eX4HGL9Gq5RlWN0cyBKR"},"fileId":"88/RmETFpEj7XcZ/0OMgxh"},"_contentSize":{"__type__":"cc.Size","width":85.62,"height":32},"_position":{"__type__":"cc.Vec3","y":29},"_scale":{"__type__":"cc.Vec3","x":1,"y":1,"z":1}},{"__type__":"cc.Node","_name":"jinbi","_parent":{"__id__":32},"_level":5,"_components":[{"__type__":"cc.Sprite","node":{"__id__":33},"_spriteFrame":{"__uuid__":"758LlCmBtGkoDRCn15LdzW"},"_sizeMode":0}],"_prefab":{"__type__":"cc.PrefabInfo","root":{"__id__":1},"asset":{"__uuid__":"d9eX4HGL9Gq5RlWN0cyBKR"},"fileId":"77w9KMA5VJDr5U/LvG7TFv"},"_contentSize":{"__type__":"cc.Size","width":25,"height":25},"_position":{"__type__":"cc.Vec3","x":-30.310000000000002},"_scale":{"__type__":"cc.Vec3","x":1,"y":1,"z":1}},{"__type__":"cc.Node","_name":"cost","_parent":{"__id__":32},"_level":5,"_components":[{"__id__":35}],"_prefab":{"__type__":"cc.PrefabInfo","root":{"__id__":1},"asset":{"__uuid__":"d9eX4HGL9Gq5RlWN0cyBKR"},"fileId":"701TPyantIup6y7iZ+ogpl"},"_contentSize":{"__type__":"cc.Size","width":55.62,"height":27},"_position":{"__type__":"cc.Vec3","x":14.999999999999996},"_scale":{"__type__":"cc.Vec3","x":1,"y":1,"z":1}},{"__type__":"cc.Label","node":{"__id__":34},"_srcBlendFactor":1,"_useOriginalSize":false,"_string":"1000","_N$string":"1000","_fontSize":25,"_lineHeight":27,"_N$horizontalAlign":1,"_N$verticalAlign":1},{"__type__":"cc.Node","_name":"textnode","_parent":{"__id__":31},"_children":[{"__id__":37},{"__id__":39}],"_level":4,"_prefab":{"__type__":"cc.PrefabInfo","root":{"__id__":1},"asset":{"__uuid__":"d9eX4HGL9Gq5RlWN0cyBKR"},"fileId":"63CIG7hFNHVY7NDejMtNlx"},"_contentSize":{"__type__":"cc.Size","width":180,"height":50},"_position":{"__type__":"cc.Vec3","y":-14},"_scale":{"__type__":"cc.Vec3","x":1,"y":1,"z":1}},{"__type__":"cc.Node","_name":"typetext","_parent":{"__id__":36},"_level":5,"_components":[{"__id__":38}],"_prefab":{"__type__":"cc.PrefabInfo","root":{"__id__":1},"asset":{"__uuid__":"d9eX4HGL9Gq5RlWN0cyBKR"},"fileId":"27S0ZmZHtEzpfosaEPpLBX"},"_contentSize":{"__type__":"cc.Size","width":80,"height":40},"_scale":{"__type__":"cc.Vec3","x":1,"y":1,"z":1}},{"__type__":"cc.Label","node":{"__id__":37},"_srcBlendFactor":1,"_useOriginalSize":false,"_string":"升级","_N$string":"升级","_N$horizontalAlign":1,"_N$verticalAlign":1},{"__type__":"cc.Node","_name":"resnode","_parent":{"__id__":36},"_children":[{"__id__":40},{"__id__":41}],"_active":false,"_level":5,"_components":[{"__type__":"cc.Layout","node":{"__id__":39},"_layoutSize":{"__type__":"cc.Size","width":180,"height":46},"_resize":1,"_N$layoutType":2}],"_prefab":{"__type__":"cc.PrefabInfo","root":{"__id__":1},"asset":{"__uuid__":"d9eX4HGL9Gq5RlWN0cyBKR"},"fileId":"91dMnJDXNBBIjNmMyoVXS/"},"_contentSize":{"__type__":"cc.Size","width":180,"height":46},"_scale":{"__type__":"cc.Vec3","x":1,"y":1,"z":1}},{"__type__":"cc.Node","_name":"livetop","_parent":{"__id__":39},"_level":6,"_components":[{"__type__":"cc.Label","node":{"__id__":40},"_srcBlendFactor":1,"_useOriginalSize":false,"_string":"等级提升 x80","_N$string":"等级提升 x80","_fontSize":21,"_lineHeight":23,"_N$horizontalAlign":1,"_N$verticalAlign":1}],"_prefab":{"__type__":"cc.PrefabInfo","root":{"__id__":1},"asset":{"__uuid__":"d9eX4HGL9Gq5RlWN0cyBKR"},"fileId":"cexcTdxo5KVolvpf26oMH1"},"_contentSize":{"__type__":"cc.Size","width":123.69,"height":23},"_position":{"__type__":"cc.Vec3","y":11.5},"_scale":{"__type__":"cc.Vec3","x":1,"y":1,"z":1}},{"__type__":"cc.Node","_name":"adddps","_parent":{"__id__":39},"_level":6,"_components":[{"__type__":"cc.Label","node":{"__id__":41},"_srcBlendFactor":1,"_useOriginalSize":false,"_string":"+5.66 dps","_N$string":"+5.66 dps","_fontSize":21,"_lineHeight":23,"_N$horizontalAlign":1,"_N$verticalAlign":1}],"_prefab":{"__type__":"cc.PrefabInfo","root":{"__id__":1},"asset":{"__uuid__":"d9eX4HGL9Gq5RlWN0cyBKR"},"fileId":"1f16+w7CpE3oN+kTOd55h8"},"_color":{"__type__":"cc.Color","r":195,"g":90,"b":5},"_contentSize":{"__type__":"cc.Size","width":92.83,"height":23},"_position":{"__type__":"cc.Vec3","x":-5.684341886080802e-14,"y":-11.5},"_scale":{"__type__":"cc.Vec3","x":1,"y":1,"z":1}},{"__type__":"cc.Sprite","node":{"__id__":31},"_spriteFrame":{"__uuid__":"75g/YViOlLwpft+QSeCKg6"}}]]