[{"__type__":"cc.SpriteFrame","content":{"name":"close (2)","texture":"a1kFce2/xNx60AtnsccfV2","rect":[383,897,28,27],"offset":[0,0],"originalSize":[28,27],"capInsets":[0,0,0,0]}},{"__type__":"cc.SpriteFrame","content":{"name":"xinshou2","texture":"a1kFce2/xNx60AtnsccfV2","rect":[112,645,375,71],"offset":[0,0],"originalSize":[375,71],"capInsets":[0,0,0,0]}},{"__type__":"cc.SpriteFrame","content":{"name":"tanchuangbg4","texture":"a1kFce2/xNx60AtnsccfV2","rect":[754,362,80,78],"offset":[0,0],"originalSize":[80,78],"capInsets":[10,9,9,10]}},[{"__type__":"cc.Prefab","_name":"HeroVip","data":{"__id__":1}},{"__type__":"cc.Node","_name":"herovip","_children":[{"__id__":2}],"_level":1,"_components":[{"__type__":"1d837HKAhNJ5qs5/KEvS9Qt","node":{"__id__":1},"colse":{"__id__":11},"clickBtn":{"__id__":35}}],"_prefab":{"__type__":"cc.PrefabInfo","root":{"__id__":1},"asset":{"__uuid__":"f8yiq2V51IN7MCVtwsmEhK"},"fileId":"79zJzyFSJMFIS8NKZkscKO"},"_contentSize":{"__type__":"cc.Size","width":688,"height":428},"_scale":{"__type__":"cc.Vec3","x":1,"y":1,"z":1}},{"__type__":"cc.Node","_name":"New Sprite(Splash)","_parent":{"__id__":1},"_children":[{"__id__":3},{"__id__":10},{"__id__":16},{"__id__":20},{"__id__":35}],"_level":2,"_components":[{"__type__":"cc.Sprite","node":{"__id__":2},"_spriteFrame":{"__uuid__":"f3nuq+XOJNVoQOaU0+j0CS"},"_type":1,"_sizeMode":0}],"_prefab":{"__type__":"cc.PrefabInfo","root":{"__id__":1},"asset":{"__uuid__":"f8yiq2V51IN7MCVtwsmEhK"},"fileId":"aawpWaBupCOp0cjnoDD0xe"},"_contentSize":{"__type__":"cc.Size","width":688,"height":428},"_scale":{"__type__":"cc.Vec3","x":1,"y":1,"z":1}},{"__type__":"cc.Node","_name":"人物金币装饰@2x","_parent":{"__id__":2},"_children":[{"__id__":4},{"__id__":6}],"_level":3,"_components":[{"__id__":9},{"__type__":"cc.Widget","node":{"__id__":3},"_alignFlags":12,"_left":11,"_bottom":45},{"__type__":"32540GFq4FAT5ZSyUpi/XyW","node":{"__id__":3},"img":{"__id__":9},"url":"texture/newpacke/zhuangshidi.png"}],"_prefab":{"__type__":"cc.PrefabInfo","root":{"__id__":1},"asset":{"__uuid__":"f8yiq2V51IN7MCVtwsmEhK"},"fileId":"bb9+bsbING5LkzAvD4QKmx"},"_contentSize":{"__type__":"cc.Size","width":200,"height":300},"_position":{"__type__":"cc.Vec3","x":-233,"y":-19},"_scale":{"__type__":"cc.Vec3","x":1,"y":1,"z":1}},{"__type__":"cc.Node","_name":"chutu巫女","_parent":{"__id__":3},"_level":4,"_components":[{"__id__":5},{"__type__":"32540GFq4FAT5ZSyUpi/XyW","node":{"__id__":4},"img":{"__id__":5},"url":"texture/newpacke/chutu.png"}],"_prefab":{"__type__":"cc.PrefabInfo","root":{"__id__":1},"asset":{"__uuid__":"f8yiq2V51IN7MCVtwsmEhK"},"fileId":"d3+omyzgxPda9gKdD8x8zH"},"_contentSize":{"__type__":"cc.Size","width":200,"height":170},"_position":{"__type__":"cc.Vec3","y":2},"_scale":{"__type__":"cc.Vec3","x":1,"y":1,"z":1}},{"__type__":"cc.Sprite","node":{"__id__":4},"_sizeMode":0},{"__type__":"cc.Node","_name":"标签@2x","_parent":{"__id__":3},"_children":[{"__id__":7}],"_level":4,"_components":[{"__id__":8},{"__type__":"cc.Widget","node":{"__id__":6},"_alignFlags":4,"_bottom":23.5},{"__type__":"32540GFq4FAT5ZSyUpi/XyW","node":{"__id__":6},"img":{"__id__":8},"url":"texture/newpacke/biaoqian.png"}],"_prefab":{"__type__":"cc.PrefabInfo","root":{"__id__":1},"asset":{"__uuid__":"f8yiq2V51IN7MCVtwsmEhK"},"fileId":"b7VwTCO0BE7IbWZNdaBhh7"},"_contentSize":{"__type__":"cc.Size","width":250,"height":62},"_position":{"__type__":"cc.Vec3","y":-95.5},"_scale":{"__type__":"cc.Vec3","x":1,"y":1,"z":1}},{"__type__":"cc.Node","_name":"New Label","_parent":{"__id__":6},"_level":5,"_components":[{"__type__":"cc.Label","node":{"__id__":7},"_srcBlendFactor":1,"_useOriginalSize":false,"_string":"女巫茉莉","_N$string":"女巫茉莉","_fontSize":20,"_lineHeight":22,"_N$horizontalAlign":1,"_N$verticalAlign":1},{"__type__":"cc.Widget","node":{"__id__":7},"_alignFlags":4,"_bottom":15.7}],"_prefab":{"__type__":"cc.PrefabInfo","root":{"__id__":1},"asset":{"__uuid__":"f8yiq2V51IN7MCVtwsmEhK"},"fileId":"8am56Cw2RDYYBfmx6mLQDZ"},"_contentSize":{"__type__":"cc.Size","width":80,"height":22},"_position":{"__type__":"cc.Vec3","y":-4.300000000000001},"_scale":{"__type__":"cc.Vec3","x":1,"y":1,"z":1}},{"__type__":"cc.Sprite","node":{"__id__":6},"_sizeMode":0},{"__type__":"cc.Sprite","node":{"__id__":3},"_sizeMode":0},{"__type__":"cc.Node","_name":"alert-shangcehng","_parent":{"__id__":2},"_children":[{"__id__":11},{"__id__":13}],"_level":3,"_components":[{"__id__":15},{"__type__":"cc.Widget","node":{"__id__":10},"_alignFlags":1,"_top":-19},{"__type__":"32540GFq4FAT5ZSyUpi/XyW","node":{"__id__":10},"img":{"__id__":15},"url":"texture/newpacke/libaobiaoti.png"}],"_prefab":{"__type__":"cc.PrefabInfo","root":{"__id__":1},"asset":{"__uuid__":"f8yiq2V51IN7MCVtwsmEhK"},"fileId":"8f429lgb5Kf6sk1gHbcqg8"},"_contentSize":{"__type__":"cc.Size","width":690,"height":110},"_position":{"__type__":"cc.Vec3","y":178},"_scale":{"__type__":"cc.Vec3","x":1,"y":1,"z":1}},{"__type__":"cc.Node","_name":"New Sprite(Splash)","_parent":{"__id__":10},"_children":[{"__id__":12}],"_level":4,"_components":[{"__type__":"cc.Sprite","node":{"__id__":11},"_sizeMode":0},{"__type__":"cc.Widget","node":{"__id__":11},"_alignFlags":36,"_right":15,"_bottom":5.5},{"__type__":"cc.Button","node":{"__id__":11},"_N$transition":3,"transition":3,"_N$target":{"__id__":11}}],"_prefab":{"__type__":"cc.PrefabInfo","root":{"__id__":1},"asset":{"__uuid__":"f8yiq2V51IN7MCVtwsmEhK"},"fileId":"5azVJ4GGNK8azACtAIsU5b"},"_contentSize":{"__type__":"cc.Size","width":70,"height":70},"_position":{"__type__":"cc.Vec3","x":295,"y":-14.5},"_scale":{"__type__":"cc.Vec3","x":1,"y":1,"z":1}},{"__type__":"cc.Node","_name":"alert-close","_parent":{"__id__":11},"_level":5,"_components":[{"__type__":"cc.Sprite","node":{"__id__":12},"_spriteFrame":{"__uuid__":"33DcKl9v5Ef6qoSRMZ5ejJ"}}],"_prefab":{"__type__":"cc.PrefabInfo","root":{"__id__":1},"asset":{"__uuid__":"f8yiq2V51IN7MCVtwsmEhK"},"fileId":"2084NhfDFAaK4TId8ylVu/"},"_contentSize":{"__type__":"cc.Size","width":28,"height":27},"_scale":{"__type__":"cc.Vec3","x":1,"y":1,"z":1}},{"__type__":"cc.Node","_name":"New Sprite(Splash)","_parent":{"__id__":10},"_level":4,"_components":[{"__id__":14},{"__type__":"cc.Widget","node":{"__id__":13},"_alignFlags":9},{"__type__":"32540GFq4FAT5ZSyUpi/XyW","node":{"__id__":13},"img":{"__id__":14},"url":"texture/newpacke/xiangou.png"}],"_prefab":{"__type__":"cc.PrefabInfo","root":{"__id__":1},"asset":{"__uuid__":"f8yiq2V51IN7MCVtwsmEhK"},"fileId":"d2o3blEMFOHojS0rzh7y94"},"_contentSize":{"__type__":"cc.Size","width":100,"height":100},"_position":{"__type__":"cc.Vec3","x":-295,"y":5},"_scale":{"__type__":"cc.Vec3","x":1,"y":1,"z":1}},{"__type__":"cc.Sprite","node":{"__id__":13},"_sizeMode":0},{"__type__":"cc.Sprite","node":{"__id__":10},"_sizeMode":0},{"__type__":"cc.Node","_name":"黄色底@2x","_parent":{"__id__":2},"_children":[{"__id__":17},{"__id__":18}],"_level":3,"_components":[{"__id__":19},{"__type__":"cc.Widget","node":{"__id__":16},"_alignFlags":36,"_right":15,"_bottom":222},{"__type__":"cc.Layout","node":{"__id__":16},"_N$layoutType":2,"_N$spacingY":5},{"__type__":"32540GFq4FAT5ZSyUpi/XyW","node":{"__id__":16},"img":{"__id__":19},"url":"texture/newpacke/yellow.png"}],"_prefab":{"__type__":"cc.PrefabInfo","root":{"__id__":1},"asset":{"__uuid__":"f8yiq2V51IN7MCVtwsmEhK"},"fileId":"d8ifdmllZN/ZwUyCAACLza"},"_contentSize":{"__type__":"cc.Size","width":450,"height":104},"_anchorPoint":{"__type__":"cc.Vec2","x":0.5,"y":1},"_position":{"__type__":"cc.Vec3","x":104,"y":112},"_scale":{"__type__":"cc.Vec3","x":1,"y":1,"z":1}},{"__type__":"cc.Node","_name":"New Label","_parent":{"__id__":16},"_level":4,"_components":[{"__type__":"cc.Label","node":{"__id__":17},"_srcBlendFactor":1,"_useOriginalSize":false,"_string":"联盟私人专属英雄，该英雄每次提升均可获得巨大的收益，不受怪物的攻击","_N$string":"联盟私人专属英雄，该英雄每次提升均可获得巨大的收益，不受怪物的攻击","_fontSize":24,"_lineHeight":32,"_N$verticalAlign":1,"_N$fontFamily":"苹方","_N$overflow":3},{"__type__":"cc.Widget","node":{"__id__":17},"_alignFlags":9,"_left":10.899999999999977}],"_prefab":{"__type__":"cc.PrefabInfo","root":{"__id__":1},"asset":{"__uuid__":"f8yiq2V51IN7MCVtwsmEhK"},"fileId":"e5b9Unz9xAzIuCxbdaBGKC"},"_contentSize":{"__type__":"cc.Size","width":430,"height":64},"_anchorPoint":{"__type__":"cc.Vec2","x":0.5,"y":1},"_position":{"__type__":"cc.Vec3","x":0.8999999999999773},"_scale":{"__type__":"cc.Vec3","x":1,"y":1,"z":1}},{"__type__":"cc.Node","_name":"New Label","_parent":{"__id__":16},"_level":4,"_components":[{"__type__":"cc.Label","node":{"__id__":18},"_srcBlendFactor":1,"_useOriginalSize":false,"_string":"【后期输出型】","_N$string":"【后期输出型】","_fontSize":22,"_lineHeight":24,"_N$horizontalAlign":1,"_N$verticalAlign":1},{"__type__":"cc.Widget","node":{"__id__":18},"_alignFlags":12,"_bottom":11}],"_prefab":{"__type__":"cc.PrefabInfo","root":{"__id__":1},"asset":{"__uuid__":"f8yiq2V51IN7MCVtwsmEhK"},"fileId":"a3MnqpGNBK15MAzGI1sHF8"},"_color":{"__type__":"cc.Color","r":58,"g":39,"b":64},"_contentSize":{"__type__":"cc.Size","width":154,"height":24},"_position":{"__type__":"cc.Vec3","x":-148,"y":-81},"_scale":{"__type__":"cc.Vec3","x":1,"y":1,"z":1}},{"__type__":"cc.Sprite","node":{"__id__":16},"_sizeMode":0},{"__type__":"cc.Node","_name":"alert-xinshou2","_parent":{"__id__":2},"_children":[{"__id__":21}],"_level":3,"_components":[{"__id__":34},{"__type__":"cc.Widget","node":{"__id__":20},"_alignFlags":36,"_right":61,"_bottom":100},{"__type__":"32540GFq4FAT5ZSyUpi/XyW","node":{"__id__":20},"img":{"__id__":34},"url":"texture/newpacke/jusedi.png"}],"_prefab":{"__type__":"cc.PrefabInfo","root":{"__id__":1},"asset":{"__uuid__":"f8yiq2V51IN7MCVtwsmEhK"},"fileId":"58382kUx5IoarDDqUmJia3"},"_contentSize":{"__type__":"cc.Size","width":350,"height":108},"_position":{"__type__":"cc.Vec3","x":108,"y":-60},"_scale":{"__type__":"cc.Vec3","x":1,"y":1,"z":1}},{"__type__":"cc.Node","_name":"New Layout","_parent":{"__id__":20},"_children":[{"__id__":22},{"__id__":26},{"__id__":27}],"_level":4,"_components":[{"__type__":"cc.Sprite","node":{"__id__":21},"_type":1,"_sizeMode":0},{"__type__":"cc.Layout","node":{"__id__":21},"_layoutSize":{"__type__":"cc.Size","width":230.88,"height":150},"_resize":1,"_N$layoutType":1,"_N$paddingLeft":10,"_N$paddingRight":10,"_N$spacingX":15}],"_prefab":{"__type__":"cc.PrefabInfo","root":{"__id__":1},"asset":{"__uuid__":"f8yiq2V51IN7MCVtwsmEhK"},"fileId":"7aNTv5EU5On7AEtV0nVLMT"},"_contentSize":{"__type__":"cc.Size","width":230.88,"height":150},"_scale":{"__type__":"cc.Vec3","x":1,"y":1,"z":1}},{"__type__":"cc.Node","_name":"New Layout","_parent":{"__id__":21},"_children":[{"__id__":23},{"__id__":25}],"_level":5,"_components":[{"__type__":"cc.Sprite","node":{"__id__":22},"_type":1,"_sizeMode":0},{"__type__":"cc.Layout","node":{"__id__":22},"_layoutSize":{"__type__":"cc.Size","width":66,"height":86},"_resize":1,"_N$layoutType":2}],"_prefab":{"__type__":"cc.PrefabInfo","root":{"__id__":1},"asset":{"__uuid__":"f8yiq2V51IN7MCVtwsmEhK"},"fileId":"4cpVpKvglIrbuoytIRZ9jv"},"_contentSize":{"__type__":"cc.Size","width":66,"height":86},"_position":{"__type__":"cc.Vec3","x":-72.44},"_scale":{"__type__":"cc.Vec3","x":1,"y":1,"z":1}},{"__type__":"cc.Node","_name":"小符石图标@2x","_parent":{"__id__":22},"_level":6,"_components":[{"__id__":24},{"__type__":"32540GFq4FAT5ZSyUpi/XyW","node":{"__id__":23},"img":{"__id__":24},"url":"texture/newpacke/chutu.png"}],"_prefab":{"__type__":"cc.PrefabInfo","root":{"__id__":1},"asset":{"__uuid__":"f8yiq2V51IN7MCVtwsmEhK"},"fileId":"3aRM6WF1hPdKoLLf9+8VKs"},"_contentSize":{"__type__":"cc.Size","width":60,"height":60},"_position":{"__type__":"cc.Vec3","y":13},"_scale":{"__type__":"cc.Vec3","x":1,"y":1,"z":1}},{"__type__":"cc.Sprite","node":{"__id__":23},"_sizeMode":0},{"__type__":"cc.Node","_name":"New Label","_parent":{"__id__":22},"_level":6,"_components":[{"__type__":"cc.Label","node":{"__id__":25},"_srcBlendFactor":1,"_useOriginalSize":false,"_string":"英雄x1","_N$string":"英雄x1","_fontSize":24,"_lineHeight":26,"_N$horizontalAlign":1,"_N$verticalAlign":1}],"_prefab":{"__type__":"cc.PrefabInfo","root":{"__id__":1},"asset":{"__uuid__":"f8yiq2V51IN7MCVtwsmEhK"},"fileId":"3dPj64rP9PSas5dxk0MEDx"},"_contentSize":{"__type__":"cc.Size","width":73.35,"height":26},"_position":{"__type__":"cc.Vec3","y":-30},"_scale":{"__type__":"cc.Vec3","x":1,"y":1,"z":1}},{"__type__":"cc.Node","_name":"New Label","_parent":{"__id__":21},"_level":5,"_components":[{"__type__":"cc.Label","node":{"__id__":26},"_srcBlendFactor":1,"_useOriginalSize":false,"_string":"+","_N$string":"+","_fontSize":70,"_lineHeight":72,"_N$horizontalAlign":1,"_N$verticalAlign":1}],"_prefab":{"__type__":"cc.PrefabInfo","root":{"__id__":1},"asset":{"__uuid__":"f8yiq2V51IN7MCVtwsmEhK"},"fileId":"0dPzH4FQ1PW5joYdZtsWF7"},"_contentSize":{"__type__":"cc.Size","width":40.88,"height":72},"_position":{"__type__":"cc.Vec3","x":-3.9999999999999964},"_scale":{"__type__":"cc.Vec3","x":1,"y":1,"z":1}},{"__type__":"cc.Node","_name":"New Layout","_parent":{"__id__":21},"_children":[{"__id__":28},{"__id__":33}],"_level":5,"_components":[{"__type__":"cc.Sprite","node":{"__id__":27},"_type":1,"_sizeMode":0},{"__type__":"cc.Layout","node":{"__id__":27},"_layoutSize":{"__type__":"cc.Size","width":74,"height":86},"_resize":1,"_N$layoutType":2}],"_prefab":{"__type__":"cc.PrefabInfo","root":{"__id__":1},"asset":{"__uuid__":"f8yiq2V51IN7MCVtwsmEhK"},"fileId":"2aXcWGMQZGNotCPDiSU0zi"},"_contentSize":{"__type__":"cc.Size","width":74,"height":86},"_position":{"__type__":"cc.Vec3","x":68.44},"_scale":{"__type__":"cc.Vec3","x":1,"y":1,"z":1}},{"__type__":"cc.Node","_name":"New Sprite(Splash)","_parent":{"__id__":27},"_children":[{"__id__":29}],"_level":6,"_components":[{"__id__":32},{"__type__":"32540GFq4FAT5ZSyUpi/XyW","node":{"__id__":28},"img":{"__id__":32},"url":"texture/newpacke/zhuanshi3.png"}],"_prefab":{"__type__":"cc.PrefabInfo","root":{"__id__":1},"asset":{"__uuid__":"f8yiq2V51IN7MCVtwsmEhK"},"fileId":"3dbiNBNsNF05FTFPbn6m8L"},"_contentSize":{"__type__":"cc.Size","width":70,"height":60},"_position":{"__type__":"cc.Vec3","y":13},"_scale":{"__type__":"cc.Vec3","x":1,"y":1,"z":1}},{"__type__":"cc.Node","_name":"折扣标签1@2x","_parent":{"__id__":28},"_children":[{"__id__":30}],"_level":7,"_components":[{"__id__":31},{"__type__":"cc.Widget","node":{"__id__":29},"_alignFlags":36,"_right":-47,"_bottom":23},{"__type__":"32540GFq4FAT5ZSyUpi/XyW","node":{"__id__":29},"img":{"__id__":31},"url":"texture/newpacke/zhekoured.png"}],"_prefab":{"__type__":"cc.PrefabInfo","root":{"__id__":1},"asset":{"__uuid__":"f8yiq2V51IN7MCVtwsmEhK"},"fileId":"9bBnQV1nBP3qNRuqc+9u7w"},"_contentSize":{"__type__":"cc.Size","width":84,"height":84},"_position":{"__type__":"cc.Vec3","x":40,"y":35},"_scale":{"__type__":"cc.Vec3","x":1,"y":1,"z":1}},{"__type__":"cc.Node","_name":"New Label","_parent":{"__id__":29},"_level":8,"_components":[{"__type__":"cc.Label","node":{"__id__":30},"_srcBlendFactor":1,"_useOriginalSize":false,"_string":"赠送","_N$string":"赠送","_fontSize":24,"_lineHeight":26,"_N$horizontalAlign":1,"_N$verticalAlign":1}],"_prefab":{"__type__":"cc.PrefabInfo","root":{"__id__":1},"asset":{"__uuid__":"f8yiq2V51IN7MCVtwsmEhK"},"fileId":"7dXMTr7ghB0q5nvZiw9eUP"},"_contentSize":{"__type__":"cc.Size","width":48,"height":26},"_scale":{"__type__":"cc.Vec3","x":1,"y":1,"z":1}},{"__type__":"cc.Sprite","node":{"__id__":29}},{"__type__":"cc.Sprite","node":{"__id__":28},"_sizeMode":0},{"__type__":"cc.Node","_name":"New Label","_parent":{"__id__":27},"_level":6,"_components":[{"__type__":"cc.Label","node":{"__id__":33},"_srcBlendFactor":1,"_useOriginalSize":false,"_string":"钻石x100","_N$string":"钻石x100","_fontSize":24,"_lineHeight":26,"_N$horizontalAlign":1,"_N$verticalAlign":1}],"_prefab":{"__type__":"cc.PrefabInfo","root":{"__id__":1},"asset":{"__uuid__":"f8yiq2V51IN7MCVtwsmEhK"},"fileId":"32wEkHazxGjZDANke5p2L3"},"_contentSize":{"__type__":"cc.Size","width":100.04,"height":26},"_position":{"__type__":"cc.Vec3","y":-30},"_scale":{"__type__":"cc.Vec3","x":1,"y":1,"z":1}},{"__type__":"cc.Sprite","node":{"__id__":20},"_type":1,"_sizeMode":0},{"__type__":"cc.Node","_name":"New Node","_parent":{"__id__":2},"_children":[{"__id__":36},{"__id__":37}],"_level":3,"_components":[{"__type__":"cc.Sprite","node":{"__id__":35},"_spriteFrame":{"__uuid__":"9dcwKcVcdFl4HDpnjlRpjk"},"_type":1,"_sizeMode":0},{"__type__":"cc.Button","node":{"__id__":35},"_N$transition":3,"transition":3,"_N$target":{"__id__":35}},{"__type__":"cc.Widget","node":{"__id__":35},"_alignFlags":36,"_right":60,"_bottom":20}],"_prefab":{"__type__":"cc.PrefabInfo","root":{"__id__":1},"asset":{"__uuid__":"f8yiq2V51IN7MCVtwsmEhK"},"fileId":"88+ffUOwpBOZU6fLxRpJ+S"},"_contentSize":{"__type__":"cc.Size","width":350,"height":70},"_position":{"__type__":"cc.Vec3","x":109,"y":-159},"_scale":{"__type__":"cc.Vec3","x":1,"y":1,"z":1}},{"__type__":"cc.Node","_name":"New Label","_parent":{"__id__":35},"_level":6,"_components":[{"__type__":"cc.Label","node":{"__id__":36},"_srcBlendFactor":1,"_useOriginalSize":false,"_string":"￥98.00","_N$string":"￥98.00","_fontSize":30,"_lineHeight":32,"_N$horizontalAlign":1,"_N$verticalAlign":1}],"_prefab":{"__type__":"cc.PrefabInfo","root":{"__id__":1},"asset":{"__uuid__":"f8yiq2V51IN7MCVtwsmEhK"},"fileId":"a5EKxifFlBRbIm7keKFGUw"},"_contentSize":{"__type__":"cc.Size","width":105.07,"height":32},"_scale":{"__type__":"cc.Vec3","x":1,"y":1,"z":1}},{"__type__":"cc.Node","_name":"折扣标签2@2x","_parent":{"__id__":35},"_children":[{"__id__":38}],"_level":6,"_components":[{"__id__":39},{"__type__":"cc.Widget","node":{"__id__":37},"_alignFlags":36,"_right":-23,"_bottom":32},{"__type__":"32540GFq4FAT5ZSyUpi/XyW","node":{"__id__":37},"img":{"__id__":39},"url":"texture/newpacke/zhekoured.png"}],"_prefab":{"__type__":"cc.PrefabInfo","root":{"__id__":1},"asset":{"__uuid__":"f8yiq2V51IN7MCVtwsmEhK"},"fileId":"9cZD1LLMVJz5WV/0yW1DTJ"},"_contentSize":{"__type__":"cc.Size","width":84,"height":84},"_position":{"__type__":"cc.Vec3","x":156,"y":39},"_scale":{"__type__":"cc.Vec3","x":1,"y":1,"z":1}},{"__type__":"cc.Node","_name":"New Label","_parent":{"__id__":37},"_level":7,"_components":[{"__type__":"cc.Label","node":{"__id__":38},"_srcBlendFactor":1,"_useOriginalSize":false,"_string":"3折","_N$string":"3折","_fontSize":24,"_lineHeight":26,"_N$horizontalAlign":1,"_N$verticalAlign":1}],"_prefab":{"__type__":"cc.PrefabInfo","root":{"__id__":1},"asset":{"__uuid__":"f8yiq2V51IN7MCVtwsmEhK"},"fileId":"8bXt38RMZPgqI2J8BI6WQ1"},"_contentSize":{"__type__":"cc.Size","width":37.35,"height":26},"_scale":{"__type__":"cc.Vec3","x":1,"y":1,"z":1}},{"__type__":"cc.Sprite","node":{"__id__":37}}]]