[{"__type__":"cc.SpriteFrame","content":{"name":"seeting","texture":"44xTUogfdFiK6frQoW+pAO","rect":[1113,219,76,72],"offset":[0,0],"originalSize":[76,72],"capInsets":[0,0,0,0]}},{"__type__":"cc.SpriteFrame","content":{"name":"lvse","texture":"44xTUogfdFiK6frQoW+pAO","rect":[214,206,192,96],"offset":[0,0],"originalSize":[192,96],"capInsets":[0,0,0,0]}},{"__type__":"cc.SpriteFrame","content":{"name":"203","texture":"44xTUogfdFiK6frQoW+pAO","rect":[958,397,90,90],"offset":[0,0],"originalSize":[90,90],"capInsets":[0,0,0,0]}},{"__type__":"cc.SpriteFrame","content":{"name":"diamondsicon@2x","texture":"44xTUogfdFiK6frQoW+pAO","rect":[997,0,32,37],"offset":[0,0],"originalSize":[32,37],"capInsets":[0,0,0,0]}},{"__type__":"cc.SpriteFrame","content":{"name":"bg1","texture":"44xTUogfdFiK6frQoW+pAO","rect":[883,132,35,164],"offset":[0,0],"originalSize":[35,164],"capInsets":[7,15,16,23]}},{"__type__":"cc.SpriteFrame","content":{"name":"back","texture":"44xTUogfdFiK6frQoW+pAO","rect":[981,153,32,49],"offset":[0,0],"originalSize":[32,49],"capInsets":[0,0,0,0]}},{"__type__":"cc.SpriteFrame","content":{"name":"jinbikaobei","texture":"44xTUogfdFiK6frQoW+pAO","rect":[941,166,35,36],"offset":[0,0],"originalSize":[35,36],"capInsets":[0,0,0,0]}},{"__type__":"cc.SpriteFrame","content":{"name":"bot","texture":"44xTUogfdFiK6frQoW+pAO","rect":[579,340,137,51],"offset":[0,0],"originalSize":[137,51],"capInsets":[0,0,0,0]}},{"__type__":"cc.SpriteFrame","content":{"name":"vip3","texture":"44xTUogfdFiK6frQoW+pAO","rect":[721,302,150,80],"offset":[0,0],"originalSize":[150,80],"capInsets":[0,0,0,0]}},{"__type__":"cc.SpriteFrame","content":{"name":"202","texture":"44xTUogfdFiK6frQoW+pAO","rect":[768,443,90,90],"offset":[0,0],"originalSize":[90,90],"capInsets":[0,0,0,0]}},{"__type__":"cc.SpriteFrame","content":{"name":"question","texture":"44xTUogfdFiK6frQoW+pAO","rect":[1134,373,70,70],"offset":[0,0],"originalSize":[70,70],"capInsets":[0,0,0,0]}},{"__type__":"cc.SpriteFrame","content":{"name":"bg3","texture":"44xTUogfdFiK6frQoW+pAO","rect":[411,205,89,183],"offset":[0,0],"originalSize":[89,183],"capInsets":[0,0,0,0]}},{"__type__":"cc.SpriteFrame","content":{"name":"101","texture":"44xTUogfdFiK6frQoW+pAO","rect":[1018,237,90,90],"offset":[0,0],"originalSize":[90,90],"capInsets":[0,0,0,0]}},{"__type__":"cc.SpriteFrame","content":{"name":"207","texture":"44xTUogfdFiK6frQoW+pAO","rect":[626,396,90,90],"offset":[0,0],"originalSize":[90,90],"capInsets":[0,0,0,0]}},{"__type__":"cc.SpriteFrame","content":{"name":"vip1","texture":"44xTUogfdFiK6frQoW+pAO","rect":[728,132,150,80],"offset":[0,0],"originalSize":[150,80],"capInsets":[0,0,0,0]}},{"__type__":"cc.SpriteFrame","content":{"name":"fairy","texture":"44xTUogfdFiK6frQoW+pAO","rect":[474,0,257,49],"offset":[0,0],"originalSize":[257,49],"capInsets":[0,0,0,0]}},{"__type__":"cc.SpriteFrame","content":{"name":"fried","texture":"44xTUogfdFiK6frQoW+pAO","rect":[1053,380,76,72],"offset":[0,0],"originalSize":[76,72],"capInsets":[0,0,0,0]}},{"__type__":"cc.SpriteFrame","content":{"name":"vip2","texture":"44xTUogfdFiK6frQoW+pAO","rect":[728,217,150,80],"offset":[0,0],"originalSize":[150,80],"capInsets":[0,0,0,0]}},{"__type__":"cc.SpriteFrame","content":{"name":"cardcount","texture":"44xTUogfdFiK6frQoW+pAO","rect":[573,54,211,26],"offset":[0,0],"originalSize":[211,26],"capInsets":[0,0,0,0]}},{"__type__":"cc.SpriteAtlas","_name":"base.plist","_spriteFrames":{"101":{"__uuid__":"4a011XQNVG8on1qKsZcQ2f"},"102":{"__uuid__":"b3gYegOeFB+ZOLvkBqj8tR"},"103":{"__uuid__":"efjzcIPQBLDqA0np3Tsf5g"},"104":{"__uuid__":"9fGMMEXF9CUb+i86Yh1sGX"},"105":{"__uuid__":"e7vNPzx9tLwazwvYk4HbcR"},"106":{"__uuid__":"e7uIpRpRtHdrCc1F/XuOP6"},"201":{"__uuid__":"aecmzNtt9Ok6DW3xl+IVy0"},"202":{"__uuid__":"34SNdtMq1DPZhaXakp48j6"},"203":{"__uuid__":"12vj43mztMGrXl/OEWHMQ9"},"204":{"__uuid__":"c894OLF6ZI3ZBDb4PZPSkK"},"207":{"__uuid__":"4cWq6dBMhBDb0gAmVDvrVH"},"aIcon0":{"__uuid__":"a3KE9AaXJCUohvCfCU11iQ"},"aIcon1":{"__uuid__":"b3OUej6yJLmpvZHFpEFq0j"},"aIcon2":{"__uuid__":"af+KW1WA5CXJbNHelHUnk/"},"back":{"__uuid__":"2cEjKT2QhEDaKKBcJEKccn"},"bg1":{"__uuid__":"1eWqY5HMZF866uM+TnNrHz"},"bg2":{"__uuid__":"aameHNYDJBZZ43FBRFiYKt"},"bg3":{"__uuid__":"35mls3phJGWKTteLavKysi"},"bot":{"__uuid__":"2f8QwRlrlNxJy1gbIr5frA"},"bt":{"__uuid__":"937LpBaw9GgrS1AQyMDctg"},"cardcount":{"__uuid__":"58EMkqClFBgL52BAl5BnRG"},"diamondsicon@2x":{"__uuid__":"17IDZvAOdC5ZQcQQyLj0Bn"},"emile":{"__uuid__":"5d95bVt9ZDjpL6uFoCqqVz"},"fairy":{"__uuid__":"56Lrm16vFMuL2Wru9O2Esq"},"fankui":{"__uuid__":"90hYTprclO2qJGDOJ77+8E"},"fenge":{"__uuid__":"a4+KfIe1ZHXLDcy5XSNJbY"},"fried":{"__uuid__":"56lKlvwBRIQKXJ/wXOpLTQ"},"head":{"__uuid__":"8dDHXX/PxPf7Ca3s65uAQL"},"heibai":{"__uuid__":"60fhCkampI+I8lDyyZzhTn"},"icon128":{"__uuid__":"beN2XXjxBKlIBIPg14um7y"},"jinbikaobei":{"__uuid__":"2fWD19KmtCToh0oi5Vzush"},"juse":{"__uuid__":"bb6qNmCtxHWYEi/XveMUiR"},"lanse":{"__uuid__":"a1vzkiYbZAs5JjVskfFEp5"},"lvse":{"__uuid__":"04uQuZB1xLarc7dsdl8deN"},"offtextbg":{"__uuid__":"c61KqX5RNGeYqa7K5xL4vd"},"question":{"__uuid__":"35jNHEb8dLsL9lG1jQMddK"},"seeting":{"__uuid__":"04KijHoUJEOrxK9MLtIDER"},"toast":{"__uuid__":"d3w3+CgqxP146AX/nsi+Pd"},"top":{"__uuid__":"c1ZmSF955NbpKVHVYWB9kl"},"vip1":{"__uuid__":"4fGHQ8fkBAKrwfrTAUCu3O"},"vip2":{"__uuid__":"56nahHkQNJt5nZz6S8pWcl"},"vip3":{"__uuid__":"315LaUn3hMLpw6RaYqX8Vm"},"vip4":{"__uuid__":"a0mB2hoVBD8ZQFO6wnPmFz"},"vip5":{"__uuid__":"7csvLPoItG/J2KBPbD5rDC"},"vip6":{"__uuid__":"7fOd8ShLlPwYtaxTvr83bs"},"vip7":{"__uuid__":"faSqxqzAlPTbfSXaUJlRKS"},"zhuanshi":{"__uuid__":"a9rnVeBSZJqabm883Kcggv"}}},{"__type__":"cc.SpriteFrame","content":{"name":"emile","texture":"44xTUogfdFiK6frQoW+pAO","rect":[1113,142,76,72],"offset":[0,0],"originalSize":[76,72],"capInsets":[0,0,0,0]}},{"__type__":"cc.SpriteFrame","content":{"name":"heibai","texture":"44xTUogfdFiK6frQoW+pAO","rect":[0,404,192,96],"offset":[0,0],"originalSize":[192,96],"capInsets":[0,0,0,0]}},{"__type__":"cc.SpriteFrame","content":{"name":"vip5","texture":"44xTUogfdFiK6frQoW+pAO","rect":[789,47,150,80],"offset":[0,0],"originalSize":[150,80],"capInsets":[0,0,0,0]}},{"__type__":"cc.SpriteFrame","content":{"name":"vip6","texture":"44xTUogfdFiK6frQoW+pAO","rect":[573,170,150,80],"offset":[0,0],"originalSize":[150,80],"capInsets":[0,0,0,0]}},{"__type__":"cc.SpriteFrame","content":{"name":"head","texture":"44xTUogfdFiK6frQoW+pAO","rect":[1039,57,96,80],"offset":[0,0],"originalSize":[96,80],"capInsets":[0,0,0,0]}},{"__type__":"cc.SpriteFrame","content":{"name":"fankui","texture":"44xTUogfdFiK6frQoW+pAO","rect":[1053,457,76,72],"offset":[0,0],"originalSize":[76,72],"capInsets":[0,0,0,0]}},{"__type__":"cc.SpriteFrame","content":{"name":"bt","texture":"44xTUogfdFiK6frQoW+pAO","rect":[971,332,114,43],"offset":[0,0],"originalSize":[114,43],"capInsets":[0,0,0,0]}},{"__type__":"cc.SpriteFrame","content":{"name":"104","texture":"44xTUogfdFiK6frQoW+pAO","rect":[923,207,90,90],"offset":[0,0],"originalSize":[90,90],"capInsets":[0,0,0,0]}},{"__type__":"cc.SpriteFrame","content":{"name":"vip4","texture":"44xTUogfdFiK6frQoW+pAO","rect":[566,255,150,80],"offset":[0,0],"originalSize":[150,80],"capInsets":[0,0,0,0]}},{"__type__":"cc.SpriteFrame","content":{"name":"lanse","texture":"44xTUogfdFiK6frQoW+pAO","rect":[214,307,192,96],"offset":[0,0],"originalSize":[192,96],"capInsets":[0,0,0,0]}},{"__type__":"cc.SpriteFrame","content":{"name":"aIcon0","texture":"44xTUogfdFiK6frQoW+pAO","rect":[0,7,222,194],"offset":[0,0],"originalSize":[222,194],"capInsets":[0,0,0,0]}},{"__type__":"cc.SpriteFrame","content":{"name":"fenge","texture":"44xTUogfdFiK6frQoW+pAO","rect":[0,0,469,2],"offset":[0,0],"originalSize":[469,2],"capInsets":[0,0,0,0]}},{"__type__":"cc.SpriteFrame","content":{"name":"zhuanshi","texture":"44xTUogfdFiK6frQoW+pAO","rect":[743,95,41,32],"offset":[0,0],"originalSize":[41,32],"capInsets":[0,0,0,0]}},{"__type__":"cc.SpriteFrame","content":{"name":"bg2","texture":"44xTUogfdFiK6frQoW+pAO","rect":[505,187,56,187],"offset":[0,0],"originalSize":[56,187],"capInsets":[14,9,10,22]}},{"__type__":"cc.SpriteFrame","content":{"name":"201","texture":"44xTUogfdFiK6frQoW+pAO","rect":[876,302,90,90],"offset":[0,0],"originalSize":[90,90],"capInsets":[0,0,0,0]}},{"__type__":"cc.SpriteFrame","content":{"name":"aIcon2","texture":"44xTUogfdFiK6frQoW+pAO","rect":[0,206,209,193],"offset":[0,0],"originalSize":[209,193],"capInsets":[0,0,0,0]}},{"__type__":"cc.SpriteFrame","content":{"name":"aIcon1","texture":"44xTUogfdFiK6frQoW+pAO","rect":[227,7,208,193],"offset":[0,0],"originalSize":[208,193],"capInsets":[0,0,0,0]}},{"__type__":"cc.SpriteFrame","content":{"name":"102","texture":"44xTUogfdFiK6frQoW+pAO","rect":[1018,142,90,90],"offset":[0,0],"originalSize":[90,90],"capInsets":[0,0,0,0]}},{"__type__":"cc.SpriteFrame","content":{"name":"juse","texture":"44xTUogfdFiK6frQoW+pAO","rect":[197,408,192,96],"offset":[0,0],"originalSize":[192,96],"capInsets":[0,0,0,0]}},{"__type__":"cc.SpriteFrame","content":{"name":"icon128","texture":"44xTUogfdFiK6frQoW+pAO","rect":[440,54,128,128],"offset":[0,0],"originalSize":[128,128],"capInsets":[0,0,0,0]}},{"__type__":"cc.SpriteFrame","content":{"name":"top","texture":"44xTUogfdFiK6frQoW+pAO","rect":[721,387,137,51],"offset":[0,0],"originalSize":[137,51],"capInsets":[0,0,0,0]}},{"__type__":"cc.SpriteFrame","content":{"name":"offtextbg","texture":"44xTUogfdFiK6frQoW+pAO","rect":[736,0,256,42],"offset":[0,0],"originalSize":[256,42],"capInsets":[0,0,0,0]}},{"__type__":"cc.SpriteFrame","content":{"name":"204","texture":"44xTUogfdFiK6frQoW+pAO","rect":[436,393,90,90],"offset":[0,0],"originalSize":[90,90],"capInsets":[0,0,0,0]}},{"__type__":"cc.SpriteFrame","content":{"name":"toast","texture":"44xTUogfdFiK6frQoW+pAO","rect":[1113,296,76,72],"offset":[0,0],"originalSize":[76,72],"capInsets":[0,0,0,0]}},{"__type__":"cc.SpriteFrame","content":{"name":"106","texture":"44xTUogfdFiK6frQoW+pAO","rect":[863,397,90,90],"offset":[0,0],"originalSize":[90,90],"capInsets":[0,0,0,0]}},{"__type__":"cc.SpriteFrame","content":{"name":"105","texture":"44xTUogfdFiK6frQoW+pAO","rect":[531,396,90,90],"offset":[0,0],"originalSize":[90,90],"capInsets":[0,0,0,0]}},{"__type__":"cc.SpriteFrame","content":{"name":"103","texture":"44xTUogfdFiK6frQoW+pAO","rect":[944,47,90,90],"offset":[0,0],"originalSize":[90,90],"capInsets":[0,0,0,0]}},{"__type__":"cc.SpriteFrame","content":{"name":"vip7","texture":"44xTUogfdFiK6frQoW+pAO","rect":[573,85,150,80],"offset":[0,0],"originalSize":[150,80],"capInsets":[0,0,0,0]}}]