[{"__type__":"cc.SpriteFrame","content":{"name":"7","texture":"81QEAQo1xNVrtdGB3sQyBg","rect":[392,108,34,176],"offset":[0,0],"originalSize":[34,176],"rotated":1,"capInsets":[0,0,0,0]}},{"__type__":"cc.SpriteFrame","content":{"name":"8","texture":"81QEAQo1xNVrtdGB3sQyBg","rect":[583,108,34,176],"offset":[0,0],"originalSize":[34,176],"rotated":1,"capInsets":[0,0,0,0]}},{"__type__":"cc.SpriteFrame","content":{"name":"4","texture":"81QEAQo1xNVrtdGB3sQyBg","rect":[774,59,34,176],"offset":[0,0],"originalSize":[34,176],"rotated":1,"capInsets":[0,0,0,0]}},{"__type__":"cc.SpriteFrame","content":{"name":"2","texture":"81QEAQo1xNVrtdGB3sQyBg","rect":[392,59,34,176],"offset":[0,0],"originalSize":[34,176],"rotated":1,"capInsets":[0,0,0,0]}},{"__type__":"cc.SpriteFrame","content":{"name":"102","texture":"81QEAQo1xNVrtdGB3sQyBg","rect":[583,10,34,176],"offset":[0,0],"originalSize":[34,176],"rotated":1,"capInsets":[0,0,0,0]}},{"__type__":"cc.SpriteFrame","content":{"name":"11","texture":"81QEAQo1xNVrtdGB3sQyBg","rect":[10,59,34,176],"offset":[0,0],"originalSize":[34,176],"rotated":1,"capInsets":[0,0,0,0]}},{"__type__":"cc.SpriteFrame","content":{"name":"101","texture":"81QEAQo1xNVrtdGB3sQyBg","rect":[392,10,34,176],"offset":[0,0],"originalSize":[34,176],"rotated":1,"capInsets":[0,0,0,0]}},{"__type__":"cc.SpriteFrame","content":{"name":"3","texture":"81QEAQo1xNVrtdGB3sQyBg","rect":[583,59,34,176],"offset":[0,0],"originalSize":[34,176],"rotated":1,"capInsets":[0,0,0,0]}},{"__type__":"cc.SpriteAtlas","_name":"maploda.plist","_spriteFrames":{"1":{"__uuid__":"d9cg1TAqJCKa8TH0AlpuU2"},"2":{"__uuid__":"70Opi23q9DaorcUtS7gNoK"},"3":{"__uuid__":"9d64udHZ5J9YIISS/y9mPV"},"4":{"__uuid__":"642PrZFhlEb6mFjvD7Ii5K"},"5":{"__uuid__":"f0nhwdqy5FOpBTo6cahbZK"},"6":{"__uuid__":"f6q+EKzylM/q+Z8j5k3Lmf"},"7":{"__uuid__":"03MsiM1v1LxLP/SnwB+sAe"},"8":{"__uuid__":"256hJHbNxOLY0vgs9j6lAX"},"9":{"__uuid__":"fdgNBXzxdD0K5qfSQPJWAS"},"10":{"__uuid__":"c4ptvQR25FNZdQtgsq4+1n"},"11":{"__uuid__":"7fusjb2eFOpqgoVW5rPoFx"},"12":{"__uuid__":"a7hmhB06VPZKjxD8xaj7Nu"},"101":{"__uuid__":"84A+LYg65OHYxZu0Vlv/Qs"},"102":{"__uuid__":"78KgKmCDNGLLOCQGxCphj8"},"103":{"__uuid__":"c4SYGxUstDuIhevqnNkGj5"}}},{"__type__":"cc.SpriteFrame","content":{"name":"12","texture":"81QEAQo1xNVrtdGB3sQyBg","rect":[201,59,34,176],"offset":[0,0],"originalSize":[34,176],"rotated":1,"capInsets":[0,0,0,0]}},{"__type__":"cc.SpriteFrame","content":{"name":"103","texture":"81QEAQo1xNVrtdGB3sQyBg","rect":[774,10,34,176],"offset":[0,0],"originalSize":[34,176],"rotated":1,"capInsets":[0,0,0,0]}},{"__type__":"cc.SpriteFrame","content":{"name":"10","texture":"81QEAQo1xNVrtdGB3sQyBg","rect":[201,10,34,176],"offset":[0,0],"originalSize":[34,176],"rotated":1,"capInsets":[0,0,0,0]}},{"__type__":"cc.SpriteFrame","content":{"name":"1","texture":"81QEAQo1xNVrtdGB3sQyBg","rect":[10,10,34,176],"offset":[0,0],"originalSize":[34,176],"rotated":1,"capInsets":[0,0,0,0]}},{"__type__":"cc.SpriteFrame","content":{"name":"5","texture":"81QEAQo1xNVrtdGB3sQyBg","rect":[10,108,34,176],"offset":[0,0],"originalSize":[34,176],"rotated":1,"capInsets":[0,0,0,0]}},{"__type__":"cc.SpriteFrame","content":{"name":"6","texture":"81QEAQo1xNVrtdGB3sQyBg","rect":[201,108,34,176],"offset":[0,0],"originalSize":[34,176],"rotated":1,"capInsets":[0,0,0,0]}},{"__type__":"cc.SpriteFrame","content":{"name":"9","texture":"81QEAQo1xNVrtdGB3sQyBg","rect":[774,108,34,176],"offset":[0,0],"originalSize":[34,176],"rotated":1,"capInsets":[0,0,0,0]}}]