[{"__type__":"cc.SpriteFrame","content":{"name":"close (2)","texture":"a1kFce2/xNx60AtnsccfV2","rect":[383,897,28,27],"offset":[0,0],"originalSize":[28,27],"capInsets":[0,0,0,0]}},{"__type__":"cc.SpriteFrame","content":{"name":"newPackeBg","texture":"a1kFce2/xNx60AtnsccfV2","rect":[416,895,154,122],"offset":[0,0],"originalSize":[154,122],"capInsets":[12,10,12,13]}},{"__type__":"cc.SpriteFrame","content":{"name":"shangcehng","texture":"a1kFce2/xNx60AtnsccfV2","rect":[62,412,679,59],"offset":[0,0],"originalSize":[679,59],"capInsets":[0,0,0,0]}},[{"__type__":"cc.Prefab","_name":"GemAward","data":{"__id__":1}},{"__type__":"cc.Node","_name":"gemaward","_children":[{"__id__":2}],"_level":1,"_components":[{"__type__":"e36582J2a5NaIYFkDwSiQag","node":{"__id__":1},"colse":{"__id__":4},"clickBtn":{"__id__":32}}],"_prefab":{"__type__":"cc.PrefabInfo","root":{"__id__":1},"asset":{"__uuid__":"b5PeQj01hLibPgjjXQnMiq"},"fileId":"2aCFzF2wpPFYC78YW8Ons3"},"_contentSize":{"__type__":"cc.Size","width":688,"height":428},"_scale":{"__type__":"cc.Vec3","x":1,"y":1,"z":1}},{"__type__":"cc.Node","_name":"New Sprite(Splash)","_parent":{"__id__":1},"_children":[{"__id__":3},{"__id__":11},{"__id__":13},{"__id__":20}],"_level":2,"_components":[{"__type__":"cc.Sprite","node":{"__id__":2},"_spriteFrame":{"__uuid__":"e3RSQdtkNG7rfvxod0UeJm"},"_type":1,"_sizeMode":0}],"_prefab":{"__type__":"cc.PrefabInfo","root":{"__id__":1},"asset":{"__uuid__":"b5PeQj01hLibPgjjXQnMiq"},"fileId":"feSF34HyhFjJ168DGUYZDV"},"_contentSize":{"__type__":"cc.Size","width":688,"height":428},"_scale":{"__type__":"cc.Vec3","x":1,"y":1,"z":1}},{"__type__":"cc.Node","_name":"alert-shangcehng","_parent":{"__id__":2},"_children":[{"__id__":4},{"__id__":6},{"__id__":9}],"_level":3,"_components":[{"__type__":"cc.Sprite","node":{"__id__":3},"_spriteFrame":{"__uuid__":"b3CLDo9FhEhpyt697OG5HT"},"_sizeMode":0},{"__type__":"cc.Widget","node":{"__id__":3},"_alignFlags":1,"_top":7.5}],"_prefab":{"__type__":"cc.PrefabInfo","root":{"__id__":1},"asset":{"__uuid__":"b5PeQj01hLibPgjjXQnMiq"},"fileId":"88GGJ8OsVIZaJU0W0gKpkT"},"_contentSize":{"__type__":"cc.Size","width":670,"height":59},"_position":{"__type__":"cc.Vec3","y":177},"_scale":{"__type__":"cc.Vec3","x":1,"y":1,"z":1}},{"__type__":"cc.Node","_name":"New Sprite(Splash)","_parent":{"__id__":3},"_children":[{"__id__":5}],"_level":4,"_components":[{"__type__":"cc.Sprite","node":{"__id__":4},"_sizeMode":0},{"__type__":"cc.Widget","node":{"__id__":4},"_alignFlags":32,"_right":15},{"__type__":"cc.Button","node":{"__id__":4},"_N$transition":3,"transition":3,"_N$target":{"__id__":4}}],"_prefab":{"__type__":"cc.PrefabInfo","root":{"__id__":1},"asset":{"__uuid__":"b5PeQj01hLibPgjjXQnMiq"},"fileId":"3blXjFYKtPNrvSAwefktYl"},"_contentSize":{"__type__":"cc.Size","width":70,"height":70},"_position":{"__type__":"cc.Vec3","x":285},"_scale":{"__type__":"cc.Vec3","x":1,"y":1,"z":1}},{"__type__":"cc.Node","_name":"alert-close","_parent":{"__id__":4},"_level":5,"_components":[{"__type__":"cc.Sprite","node":{"__id__":5},"_spriteFrame":{"__uuid__":"33DcKl9v5Ef6qoSRMZ5ejJ"}}],"_prefab":{"__type__":"cc.PrefabInfo","root":{"__id__":1},"asset":{"__uuid__":"b5PeQj01hLibPgjjXQnMiq"},"fileId":"e3ssXrZwlFyq5+Y5nSU+2X"},"_contentSize":{"__type__":"cc.Size","width":28,"height":27},"_scale":{"__type__":"cc.Vec3","x":1,"y":1,"z":1}},{"__type__":"cc.Node","_name":"礼包title@2x","_parent":{"__id__":3},"_children":[{"__id__":7}],"_level":4,"_components":[{"__id__":8},{"__type__":"32540GFq4FAT5ZSyUpi/XyW","node":{"__id__":6},"img":{"__id__":8},"url":"texture/newpacke/libao.png"}],"_prefab":{"__type__":"cc.PrefabInfo","root":{"__id__":1},"asset":{"__uuid__":"b5PeQj01hLibPgjjXQnMiq"},"fileId":"b0hSQ4hNpJD4GT3q/GuTvN"},"_contentSize":{"__type__":"cc.Size","width":454,"height":89},"_scale":{"__type__":"cc.Vec3","x":1,"y":1,"z":1}},{"__type__":"cc.Node","_name":"New Label","_parent":{"__id__":6},"_level":5,"_components":[{"__type__":"cc.Label","node":{"__id__":7},"_srcBlendFactor":1,"_useOriginalSize":false,"_string":"新手礼包","_N$string":"新手礼包","_N$horizontalAlign":1,"_N$verticalAlign":1,"_N$fontFamily":"苹方"}],"_prefab":{"__type__":"cc.PrefabInfo","root":{"__id__":1},"asset":{"__uuid__":"b5PeQj01hLibPgjjXQnMiq"},"fileId":"22pa/pLbNJQqE0+DFejc5N"},"_contentSize":{"__type__":"cc.Size","width":160,"height":40},"_scale":{"__type__":"cc.Vec3","x":1,"y":1,"z":1}},{"__type__":"cc.Sprite","node":{"__id__":6}},{"__type__":"cc.Node","_name":"New Sprite(Splash)","_parent":{"__id__":3},"_level":4,"_components":[{"__id__":10},{"__type__":"cc.Widget","node":{"__id__":9},"_alignFlags":9,"_top":-24.5},{"__type__":"32540GFq4FAT5ZSyUpi/XyW","node":{"__id__":9},"img":{"__id__":10},"url":"texture/newpacke/feimai.png"}],"_prefab":{"__type__":"cc.PrefabInfo","root":{"__id__":1},"asset":{"__uuid__":"b5PeQj01hLibPgjjXQnMiq"},"fileId":"d8W99IHe9JULFEdtqh3EaE"},"_contentSize":{"__type__":"cc.Size","width":100,"height":100},"_position":{"__type__":"cc.Vec3","x":-285,"y":4},"_scale":{"__type__":"cc.Vec3","x":1,"y":1,"z":1}},{"__type__":"cc.Sprite","node":{"__id__":9},"_sizeMode":0},{"__type__":"cc.Node","_name":"人物金币装饰@2x","_parent":{"__id__":2},"_level":3,"_components":[{"__id__":12},{"__type__":"cc.Widget","node":{"__id__":11},"_alignFlags":12,"_left":18,"_bottom":-3.5},{"__type__":"32540GFq4FAT5ZSyUpi/XyW","node":{"__id__":11},"img":{"__id__":12},"url":"texture/newpacke/nv.png"}],"_prefab":{"__type__":"cc.PrefabInfo","root":{"__id__":1},"asset":{"__uuid__":"b5PeQj01hLibPgjjXQnMiq"},"fileId":"fcWEwzv0dNNq8uDA+dnFeA"},"_contentSize":{"__type__":"cc.Size","width":181,"height":376},"_position":{"__type__":"cc.Vec3","x":-235.5,"y":-29.5},"_scale":{"__type__":"cc.Vec3","x":1,"y":1,"z":1}},{"__type__":"cc.Sprite","node":{"__id__":11}},{"__type__":"cc.Node","_name":"金币X2@2x","_parent":{"__id__":2},"_children":[{"__id__":14},{"__id__":16}],"_level":3,"_components":[{"__type__":"cc.Sprite","node":{"__id__":13},"_spriteFrame":{"__uuid__":"89+DY42wlB8KMmx6poZsy4"},"_type":1,"_sizeMode":0},{"__type__":"cc.Widget","node":{"__id__":13},"_alignFlags":32,"_right":45}],"_prefab":{"__type__":"cc.PrefabInfo","root":{"__id__":1},"asset":{"__uuid__":"b5PeQj01hLibPgjjXQnMiq"},"fileId":"dc0lSxy9hBdLxXhkf99DWc"},"_contentSize":{"__type__":"cc.Size","width":424,"height":170},"_position":{"__type__":"cc.Vec3","x":87,"y":21},"_scale":{"__type__":"cc.Vec3","x":1,"y":1,"z":1}},{"__type__":"cc.Node","_name":"符石图标@2x","_parent":{"__id__":13},"_level":4,"_components":[{"__id__":15},{"__type__":"cc.Widget","node":{"__id__":14},"_alignFlags":8,"_left":40},{"__type__":"32540GFq4FAT5ZSyUpi/XyW","node":{"__id__":14},"img":{"__id__":15},"url":"texture/newpacke/fushitubiao.png"}],"_prefab":{"__type__":"cc.PrefabInfo","root":{"__id__":1},"asset":{"__uuid__":"b5PeQj01hLibPgjjXQnMiq"},"fileId":"a0iiUKG/5BkqqXnaLfNQ4l"},"_contentSize":{"__type__":"cc.Size","width":106,"height":121},"_position":{"__type__":"cc.Vec3","x":-119},"_scale":{"__type__":"cc.Vec3","x":1,"y":1,"z":1}},{"__type__":"cc.Sprite","node":{"__id__":14}},{"__type__":"cc.Node","_name":"New Layout","_parent":{"__id__":13},"_children":[{"__id__":17},{"__id__":18},{"__id__":19}],"_level":4,"_components":[{"__type__":"cc.Sprite","node":{"__id__":16},"_type":1,"_sizeMode":0},{"__type__":"cc.Layout","node":{"__id__":16},"_layoutSize":{"__type__":"cc.Size","width":240,"height":150},"_N$layoutType":2},{"__type__":"cc.Widget","node":{"__id__":16},"_alignFlags":32}],"_prefab":{"__type__":"cc.PrefabInfo","root":{"__id__":1},"asset":{"__uuid__":"b5PeQj01hLibPgjjXQnMiq"},"fileId":"3c/mDFFupFaadPQyYH0mk4"},"_contentSize":{"__type__":"cc.Size","width":240,"height":150},"_anchorPoint":{"__type__":"cc.Vec2","y":0.5},"_position":{"__type__":"cc.Vec3","x":-28},"_scale":{"__type__":"cc.Vec3","x":1,"y":1,"z":1}},{"__type__":"cc.Node","_name":"New Label","_parent":{"__id__":16},"_level":5,"_components":[{"__type__":"cc.Label","node":{"__id__":17},"_srcBlendFactor":1,"_useOriginalSize":false,"_string":"●唯一稀有属性","_N$string":"●唯一稀有属性","_fontSize":24,"_N$verticalAlign":1,"_N$overflow":1},{"__type__":"cc.Widget","node":{"__id__":17},"_alignFlags":40,"_originalWidth":200}],"_prefab":{"__type__":"cc.PrefabInfo","root":{"__id__":1},"asset":{"__uuid__":"b5PeQj01hLibPgjjXQnMiq"},"fileId":"e75B8mn9ZJM7R8GzLxvMts"},"_contentSize":{"__type__":"cc.Size","width":240,"height":40},"_anchorPoint":{"__type__":"cc.Vec2","y":0.5},"_position":{"__type__":"cc.Vec3","y":55},"_scale":{"__type__":"cc.Vec3","x":1,"y":1,"z":1}},{"__type__":"cc.Node","_name":"New Label","_parent":{"__id__":16},"_level":5,"_components":[{"__type__":"cc.Label","node":{"__id__":18},"_srcBlendFactor":1,"_useOriginalSize":false,"_string":"【暗影克隆一级解锁,且攻击为普通的1.2倍","_N$string":"【暗影克隆一级解锁,且攻击为普通的1.2倍","_fontSize":24,"_lineHeight":26,"_N$verticalAlign":1,"_N$fontFamily":"苹方","_N$overflow":3},{"__type__":"cc.Widget","node":{"__id__":18},"_alignFlags":40,"_originalWidth":200}],"_prefab":{"__type__":"cc.PrefabInfo","root":{"__id__":1},"asset":{"__uuid__":"b5PeQj01hLibPgjjXQnMiq"},"fileId":"03PMKr13BM16sEl2t8d0IM"},"_color":{"__type__":"cc.Color","r":241,"g":205,"b":7},"_contentSize":{"__type__":"cc.Size","width":240,"height":52},"_anchorPoint":{"__type__":"cc.Vec2","y":0.5},"_position":{"__type__":"cc.Vec3","y":9},"_scale":{"__type__":"cc.Vec3","x":1,"y":1,"z":1}},{"__type__":"cc.Node","_name":"New Label","_parent":{"__id__":16},"_level":5,"_components":[{"__type__":"cc.Label","node":{"__id__":19},"_srcBlendFactor":1,"_useOriginalSize":false,"_string":"●百分比总伤害","_N$string":"●百分比总伤害","_fontSize":24,"_N$verticalAlign":1,"_N$overflow":1},{"__type__":"cc.Widget","node":{"__id__":19},"_alignFlags":40,"_originalWidth":200}],"_prefab":{"__type__":"cc.PrefabInfo","root":{"__id__":1},"asset":{"__uuid__":"b5PeQj01hLibPgjjXQnMiq"},"fileId":"63VNrk5R5A1Znfti2jKtVA"},"_contentSize":{"__type__":"cc.Size","width":240,"height":40},"_anchorPoint":{"__type__":"cc.Vec2","y":0.5},"_position":{"__type__":"cc.Vec3","y":-37},"_scale":{"__type__":"cc.Vec3","x":1,"y":1,"z":1}},{"__type__":"cc.Node","_name":"alert-xinshou2","_parent":{"__id__":2},"_children":[{"__id__":21}],"_level":3,"_components":[{"__type__":"cc.Sprite","node":{"__id__":20},"_spriteFrame":{"__uuid__":"89+DY42wlB8KMmx6poZsy4"},"_type":1,"_sizeMode":0},{"__type__":"cc.Widget","node":{"__id__":20},"_alignFlags":36,"_right":25,"_bottom":20}],"_prefab":{"__type__":"cc.PrefabInfo","root":{"__id__":1},"asset":{"__uuid__":"b5PeQj01hLibPgjjXQnMiq"},"fileId":"553qveFyRAoKDROc5OMjXB"},"_contentSize":{"__type__":"cc.Size","width":490,"height":108},"_position":{"__type__":"cc.Vec3","x":74,"y":-140},"_scale":{"__type__":"cc.Vec3","x":1,"y":1,"z":1}},{"__type__":"cc.Node","_name":"New Layout","_parent":{"__id__":20},"_children":[{"__id__":22},{"__id__":26},{"__id__":27},{"__id__":31},{"__id__":32}],"_level":4,"_components":[{"__type__":"cc.Sprite","node":{"__id__":21},"_type":1,"_sizeMode":0},{"__type__":"cc.Layout","node":{"__id__":21},"_layoutSize":{"__type__":"cc.Size","width":490,"height":150},"_N$layoutType":1,"_N$paddingLeft":10,"_N$paddingRight":10,"_N$spacingX":10}],"_prefab":{"__type__":"cc.PrefabInfo","root":{"__id__":1},"asset":{"__uuid__":"b5PeQj01hLibPgjjXQnMiq"},"fileId":"79NJUVnONIf78rsDy12snW"},"_contentSize":{"__type__":"cc.Size","width":490,"height":150},"_scale":{"__type__":"cc.Vec3","x":1,"y":1,"z":1}},{"__type__":"cc.Node","_name":"New Layout","_parent":{"__id__":21},"_children":[{"__id__":23},{"__id__":25}],"_level":5,"_components":[{"__type__":"cc.Sprite","node":{"__id__":22},"_type":1,"_sizeMode":0},{"__type__":"cc.Layout","node":{"__id__":22},"_layoutSize":{"__type__":"cc.Size","width":66,"height":96},"_resize":1,"_N$layoutType":2}],"_prefab":{"__type__":"cc.PrefabInfo","root":{"__id__":1},"asset":{"__uuid__":"b5PeQj01hLibPgjjXQnMiq"},"fileId":"d4IKJrkzNMEZRHr/V09YdE"},"_contentSize":{"__type__":"cc.Size","width":66,"height":96},"_position":{"__type__":"cc.Vec3","x":-202},"_scale":{"__type__":"cc.Vec3","x":1,"y":1,"z":1}},{"__type__":"cc.Node","_name":"小符石图标@2x","_parent":{"__id__":22},"_level":6,"_components":[{"__id__":24},{"__type__":"32540GFq4FAT5ZSyUpi/XyW","node":{"__id__":23},"img":{"__id__":24},"url":"texture/newpacke/xiaofushi.png"}],"_prefab":{"__type__":"cc.PrefabInfo","root":{"__id__":1},"asset":{"__uuid__":"b5PeQj01hLibPgjjXQnMiq"},"fileId":"805TcXz3FMy4HRjKc7ZVsW"},"_contentSize":{"__type__":"cc.Size","width":60,"height":70},"_position":{"__type__":"cc.Vec3","y":13},"_scale":{"__type__":"cc.Vec3","x":1,"y":1,"z":1}},{"__type__":"cc.Sprite","node":{"__id__":23},"_sizeMode":0},{"__type__":"cc.Node","_name":"New Label","_parent":{"__id__":22},"_level":6,"_components":[{"__type__":"cc.Label","node":{"__id__":25},"_srcBlendFactor":1,"_useOriginalSize":false,"_string":"符石x2","_N$string":"符石x2","_fontSize":24,"_lineHeight":26,"_N$horizontalAlign":1,"_N$verticalAlign":1}],"_prefab":{"__type__":"cc.PrefabInfo","root":{"__id__":1},"asset":{"__uuid__":"b5PeQj01hLibPgjjXQnMiq"},"fileId":"b7pmliwaNJ1IP+7ZRHN44m"},"_contentSize":{"__type__":"cc.Size","width":73.35,"height":26},"_position":{"__type__":"cc.Vec3","y":-35},"_scale":{"__type__":"cc.Vec3","x":1,"y":1,"z":1}},{"__type__":"cc.Node","_name":"New Label","_parent":{"__id__":21},"_level":5,"_components":[{"__type__":"cc.Label","node":{"__id__":26},"_srcBlendFactor":1,"_useOriginalSize":false,"_string":"+","_N$string":"+","_fontSize":70,"_lineHeight":72,"_N$horizontalAlign":1,"_N$verticalAlign":1}],"_prefab":{"__type__":"cc.PrefabInfo","root":{"__id__":1},"asset":{"__uuid__":"b5PeQj01hLibPgjjXQnMiq"},"fileId":"46hmb4nddGT49kgqYWtJWT"},"_contentSize":{"__type__":"cc.Size","width":40.88,"height":72},"_position":{"__type__":"cc.Vec3","x":-138.56},"_scale":{"__type__":"cc.Vec3","x":1,"y":1,"z":1}},{"__type__":"cc.Node","_name":"New Layout","_parent":{"__id__":21},"_children":[{"__id__":28},{"__id__":30}],"_level":5,"_components":[{"__type__":"cc.Sprite","node":{"__id__":27},"_type":1,"_sizeMode":0},{"__type__":"cc.Layout","node":{"__id__":27},"_layoutSize":{"__type__":"cc.Size","width":74,"height":96},"_resize":1,"_N$layoutType":2}],"_prefab":{"__type__":"cc.PrefabInfo","root":{"__id__":1},"asset":{"__uuid__":"b5PeQj01hLibPgjjXQnMiq"},"fileId":"c4Qd4OUH1LtYEXLlMMRaTi"},"_contentSize":{"__type__":"cc.Size","width":74,"height":96},"_position":{"__type__":"cc.Vec3","x":-71.12},"_scale":{"__type__":"cc.Vec3","x":1,"y":1,"z":1}},{"__type__":"cc.Node","_name":"New Sprite(Splash)","_parent":{"__id__":27},"_level":6,"_components":[{"__id__":29},{"__type__":"32540GFq4FAT5ZSyUpi/XyW","node":{"__id__":28},"img":{"__id__":29},"url":"texture/newpacke/zhuanshi3.png"}],"_prefab":{"__type__":"cc.PrefabInfo","root":{"__id__":1},"asset":{"__uuid__":"b5PeQj01hLibPgjjXQnMiq"},"fileId":"11n679RcFOuqssDYOQhb7H"},"_contentSize":{"__type__":"cc.Size","width":80,"height":70},"_position":{"__type__":"cc.Vec3","y":13},"_scale":{"__type__":"cc.Vec3","x":1,"y":1,"z":1}},{"__type__":"cc.Sprite","node":{"__id__":28},"_sizeMode":0},{"__type__":"cc.Node","_name":"New Label","_parent":{"__id__":27},"_level":6,"_components":[{"__type__":"cc.Label","node":{"__id__":30},"_srcBlendFactor":1,"_useOriginalSize":false,"_string":"钻石x100","_N$string":"钻石x100","_fontSize":24,"_lineHeight":26,"_N$horizontalAlign":1,"_N$verticalAlign":1}],"_prefab":{"__type__":"cc.PrefabInfo","root":{"__id__":1},"asset":{"__uuid__":"b5PeQj01hLibPgjjXQnMiq"},"fileId":"9dAuCenkJDq7y8u9Ign9lk"},"_contentSize":{"__type__":"cc.Size","width":100.04,"height":26},"_position":{"__type__":"cc.Vec3","y":-35},"_scale":{"__type__":"cc.Vec3","x":1,"y":1,"z":1}},{"__type__":"cc.Node","_name":"New Label","_parent":{"__id__":21},"_level":5,"_components":[{"__type__":"cc.Label","node":{"__id__":31},"_srcBlendFactor":1,"_useOriginalSize":false,"_string":"=","_N$string":"=","_fontSize":72,"_lineHeight":74,"_N$horizontalAlign":1,"_N$verticalAlign":1}],"_prefab":{"__type__":"cc.PrefabInfo","root":{"__id__":1},"asset":{"__uuid__":"b5PeQj01hLibPgjjXQnMiq"},"fileId":"74/gD3WlFMH4XxhZlGyF/J"},"_contentSize":{"__type__":"cc.Size","width":42.05,"height":74},"_position":{"__type__":"cc.Vec3","x":-3.095000000000006},"_scale":{"__type__":"cc.Vec3","x":1,"y":1,"z":1}},{"__type__":"cc.Node","_name":"New Node","_parent":{"__id__":21},"_children":[{"__id__":33}],"_level":5,"_components":[{"__type__":"cc.Sprite","node":{"__id__":32},"_spriteFrame":{"__uuid__":"eapAElRfhC7rsLpGsAOX29"}},{"__type__":"cc.Button","node":{"__id__":32},"_N$transition":3,"transition":3,"_N$target":{"__id__":32}}],"_prefab":{"__type__":"cc.PrefabInfo","root":{"__id__":1},"asset":{"__uuid__":"b5PeQj01hLibPgjjXQnMiq"},"fileId":"faiwHx7aNCaqAb6E8xBPHD"},"_contentSize":{"__type__":"cc.Size","width":197,"height":91},"_position":{"__type__":"cc.Vec3","x":126.42999999999999},"_scale":{"__type__":"cc.Vec3","x":1,"y":1,"z":1}},{"__type__":"cc.Node","_name":"New Label","_parent":{"__id__":32},"_level":6,"_components":[{"__type__":"cc.Label","node":{"__id__":33},"_srcBlendFactor":1,"_useOriginalSize":false,"_string":"￥30.00","_N$string":"￥30.00","_fontSize":30,"_lineHeight":32,"_N$horizontalAlign":1,"_N$verticalAlign":1}],"_prefab":{"__type__":"cc.PrefabInfo","root":{"__id__":1},"asset":{"__uuid__":"b5PeQj01hLibPgjjXQnMiq"},"fileId":"e8VQ/3C+NBnr8BkPTEKHZ8"},"_contentSize":{"__type__":"cc.Size","width":105.07,"height":32},"_scale":{"__type__":"cc.Vec3","x":1,"y":1,"z":1}}],{"__type__":"cc.SpriteFrame","content":{"name":"tanchuangbg2","texture":"a1kFce2/xNx60AtnsccfV2","rect":[821,673,80,78],"offset":[0,0],"originalSize":[80,78],"capInsets":[11,12,12,12]}},{"__type__":"cc.SpriteFrame","content":{"name":"xinshou","texture":"a1kFce2/xNx60AtnsccfV2","rect":[545,476,197,91],"offset":[0,0],"originalSize":[197,91],"capInsets":[0,0,0,0]}}]