[{"__type__":"cc.SpriteFrame","content":{"name":"arrow_2006","texture":"b0/HBrKsNMEprqse+gPufz","rect":[222,363,27,114],"offset":[0,0],"originalSize":[27,114],"capInsets":[0,0,0,0]}},{"__type__":"cc.SpriteFrame","content":{"name":"arrow_2004","texture":"b0/HBrKsNMEprqse+gPufz","rect":[394,0,30,114],"offset":[0,0],"originalSize":[30,114],"capInsets":[0,0,0,0]}},{"__type__":"cc.SpriteFrame","content":{"name":"arrow_2008","texture":"b0/HBrKsNMEprqse+gPufz","rect":[190,363,27,114],"offset":[0,0],"originalSize":[27,114],"capInsets":[0,0,0,0]}},{"__type__":"cc.SpriteFrame","content":{"name":"icon_2003","texture":"b0/HBrKsNMEprqse+gPufz","rect":[0,0,116,116],"offset":[0,0],"originalSize":[116,116],"capInsets":[0,0,0,0]}},{"__type__":"cc.SpriteFrame","content":{"name":"icon_2008","texture":"b0/HBrKsNMEprqse+gPufz","rect":[121,242,116,116],"offset":[0,0],"originalSize":[116,116],"capInsets":[0,0,0,0]}},{"__type__":"cc.SpriteFrame","content":{"name":"icon_2001","texture":"b0/HBrKsNMEprqse+gPufz","rect":[121,121,116,116],"offset":[0,0],"originalSize":[116,116],"capInsets":[0,0,0,0]}},{"__type__":"cc.SpriteFrame","content":{"name":"icon_2004","texture":"b0/HBrKsNMEprqse+gPufz","rect":[0,121,116,116],"offset":[0,0],"originalSize":[116,116],"capInsets":[0,0,0,0]}},{"__type__":"cc.SpriteFrame","content":{"name":"arrow_2005","texture":"b0/HBrKsNMEprqse+gPufz","rect":[155,363,30,113],"offset":[0,0],"originalSize":[30,113],"capInsets":[0,0,0,0]}},{"__type__":"cc.SpriteFrame","content":{"name":"arrow_2002","texture":"b0/HBrKsNMEprqse+gPufz","rect":[429,0,27,114],"offset":[0,0],"originalSize":[27,114],"capInsets":[0,0,0,0]}},{"__type__":"cc.SpriteFrame","content":{"name":"icon_2007","texture":"b0/HBrKsNMEprqse+gPufz","rect":[0,363,116,116],"offset":[0,0],"originalSize":[116,116],"capInsets":[0,0,0,0]}},{"__type__":"cc.SpriteFrame","content":{"name":"arrow_2009","texture":"b0/HBrKsNMEprqse+gPufz","rect":[254,363,30,110],"offset":[0,0],"originalSize":[30,110],"capInsets":[0,0,0,0]}},{"__type__":"cc.SpriteFrame","content":{"name":"arrow_2007","texture":"b0/HBrKsNMEprqse+gPufz","rect":[121,363,29,114],"offset":[0,0],"originalSize":[29,114],"capInsets":[0,0,0,0]}},{"__type__":"cc.SpriteFrame","content":{"name":"icon_2006","texture":"b0/HBrKsNMEprqse+gPufz","rect":[242,121,116,116],"offset":[0,0],"originalSize":[116,116],"capInsets":[0,0,0,0]}},{"__type__":"cc.SpriteFrame","content":{"name":"icon_2005","texture":"b0/HBrKsNMEprqse+gPufz","rect":[0,242,116,116],"offset":[0,0],"originalSize":[116,116],"capInsets":[0,0,0,0]}},{"__type__":"cc.SpriteFrame","content":{"name":"icon_2002","texture":"b0/HBrKsNMEprqse+gPufz","rect":[121,0,116,116],"offset":[0,0],"originalSize":[116,116],"capInsets":[0,0,0,0]}},{"__type__":"cc.SpriteFrame","content":{"name":"arrow_2010","texture":"b0/HBrKsNMEprqse+gPufz","rect":[363,0,26,122],"offset":[0,0],"originalSize":[26,122],"capInsets":[0,0,0,0]}},{"__type__":"cc.SpriteFrame","content":{"name":"icon_2010","texture":"b0/HBrKsNMEprqse+gPufz","rect":[242,0,116,116],"offset":[0,0],"originalSize":[116,116],"capInsets":[0,0,0,0]}},{"__type__":"cc.SpriteAtlas","_name":"arrow.plist","_spriteFrames":{"arrow_2001":{"__uuid__":"ffJTDD+p5NmJZZCzUETeTt"},"arrow_2002":{"__uuid__":"787/o6XgpB+pbUts1/TLiN"},"arrow_2003":{"__uuid__":"fceq6/2WNJ8YBm0Y0Td7Pv"},"arrow_2004":{"__uuid__":"33ZYFK84hAJZBQf0pQSNTO"},"arrow_2005":{"__uuid__":"77RgnMJUFLKLFIau4+TbQA"},"arrow_2006":{"__uuid__":"02Qd5LXfBGzYAg0ZkmUlUO"},"arrow_2007":{"__uuid__":"9aQESwig5GbJg2QSzYLUJu"},"arrow_2008":{"__uuid__":"33x5ECBfNG5qevFWU68XWp"},"arrow_2009":{"__uuid__":"90wFFoHIFBrZfrRrdRuMrI"},"arrow_2010":{"__uuid__":"b0J76/XKpEIYzvSqESsPtB"},"icon_2001":{"__uuid__":"67jFbm+d5DoroTQtoR9Xi3"},"icon_2002":{"__uuid__":"a7irtodN1JP7Yym7yd091Z"},"icon_2003":{"__uuid__":"3ffxyY00RHXKnM34iB8Xnx"},"icon_2004":{"__uuid__":"73fwFYsPtJd6z9dybNB2Jx"},"icon_2005":{"__uuid__":"a2h4YqEjlKCpUDpDEZdPG0"},"icon_2006":{"__uuid__":"9cry5yYRRKrY7/yzxqj4Vf"},"icon_2007":{"__uuid__":"7dR7SNbNxPPKC7TzPbxebD"},"icon_2008":{"__uuid__":"51/gqCCURNYa9VYolejW8X"},"icon_2009":{"__uuid__":"f7f3QZ2R5HnJXY/JHy+nzR"},"icon_2010":{"__uuid__":"e49nmwmwpB9bnj4p0gpX3s"}}},{"__type__":"cc.SpriteFrame","content":{"name":"icon_2009","texture":"b0/HBrKsNMEprqse+gPufz","rect":[242,242,116,116],"offset":[0,0],"originalSize":[116,116],"capInsets":[0,0,0,0]}},{"__type__":"cc.SpriteFrame","content":{"name":"arrow_2003","texture":"b0/HBrKsNMEprqse+gPufz","rect":[363,127,27,114],"offset":[0,0],"originalSize":[27,114],"capInsets":[0,0,0,0]}},{"__type__":"cc.SpriteFrame","content":{"name":"arrow_2001","texture":"b0/HBrKsNMEprqse+gPufz","rect":[395,119,27,114],"offset":[0,0],"originalSize":[27,114],"capInsets":[0,0,0,0]}}]