[{"__type__":"cc.SpriteFrame","content":{"name":"g9","texture":"75YrRb94lB5bcO3tlSbEXh","rect":[0,966,517,3],"offset":[0,0],"originalSize":[517,3],"capInsets":[0,0,0,0]}},{"__type__":"cc.SpriteFrame","content":{"name":"common_0","texture":"8fs7OoLnpP/K7lTM8kKHni","rect":[95,429,88,72],"offset":[0,0],"originalSize":[88,72],"capInsets":[29,29,28,30]}},{"__type__":"cc.SpriteFrame","content":{"name":"common_1","texture":"8fs7OoLnpP/K7lTM8kKHni","rect":[283,423,123,98],"offset":[0,0],"originalSize":[123,98],"capInsets":[36,36,38,45]}},{"__type__":"cc.SpriteFrame","content":{"name":"g1","texture":"75YrRb94lB5bcO3tlSbEXh","rect":[646,581,206,91],"offset":[0,0],"originalSize":[206,91],"capInsets":[0,0,0,0]}},{"__type__":"cc.SpriteFrame","content":{"name":"g5","texture":"75YrRb94lB5bcO3tlSbEXh","rect":[0,0,465,467],"offset":[0,0],"originalSize":[465,467],"capInsets":[0,0,0,0]}},{"__type__":"cc.SpriteFrame","content":{"name":"g15","texture":"75YrRb94lB5bcO3tlSbEXh","rect":[646,358,278,122],"offset":[0,0],"originalSize":[278,122],"capInsets":[0,0,0,0]}},{"__type__":"cc.SpriteFrame","content":{"name":"hall_1","texture":"3cyNE3RVFIp6f21rOo5lm3","rect":[527,653,41,44],"offset":[0,0],"originalSize":[41,44],"capInsets":[0,0,0,0]}},{"__type__":"cc.SpriteFrame","content":{"name":"1_1","texture":"beM5qOisRGyLdVxpfO7Crs","rect":[653,262,15,38],"offset":[0,0],"originalSize":[15,38],"capInsets":[0,0,0,0]}},{"__type__":"cc.SpriteFrame","content":{"name":"g2","texture":"75YrRb94lB5bcO3tlSbEXh","rect":[0,692,641,215],"offset":[0,0],"originalSize":[641,215],"capInsets":[0,0,0,0]}},{"__type__":"cc.SpriteFrame","content":{"name":"default_sprite_splash","texture":"02delMVqdBD70a/HSD99FK","rect":[0,0,2,2],"offset":[0,0],"originalSize":[2,2],"capInsets":[0,0,0,0]}},{"__type__":"cc.SpriteFrame","content":{"name":"g3","texture":"75YrRb94lB5bcO3tlSbEXh","rect":[646,677,229,58],"offset":[0,0],"originalSize":[229,58],"capInsets":[0,0,0,0]}},{"__type__":"cc.SpriteFrame","content":{"name":"g6","texture":"75YrRb94lB5bcO3tlSbEXh","rect":[470,0,402,47],"offset":[0,0],"originalSize":[402,47],"capInsets":[0,0,0,0]}},{"__type__":"cc.SpriteFrame","content":{"name":"g10","texture":"75YrRb94lB5bcO3tlSbEXh","rect":[646,740,229,58],"offset":[0,0],"originalSize":[229,58],"capInsets":[0,0,0,0]}},{"__type__":"cc.SpriteFrame","content":{"name":"DW_1","texture":"beM5qOisRGyLdVxpfO7Crs","rect":[261,0,256,166],"offset":[0,0],"originalSize":[256,166],"capInsets":[0,0,0,0]}},{"__type__":"cc.SpriteFrame","content":{"name":"g11","texture":"75YrRb94lB5bcO3tlSbEXh","rect":[0,472,641,215],"offset":[0,0],"originalSize":[641,215],"capInsets":[0,0,0,0]}},[{"__type__":"cc.Prefab","_name":"GameOverPop","data":{"__id__":1}},{"__type__":"cc.Node","_name":"GameOverPop","_children":[{"__id__":2},{"__id__":3},{"__id__":4},{"__id__":5},{"__id__":31},{"__id__":32}],"_level":1,"_components":[{"__type__":"1b146SBxAFGWosnwc8A1kF9","node":{"__id__":1},"gradeAtlas":{"__uuid__":"018B1jjOtGU7imTkaT3hJi"},"normalAwardNode":{"__id__":31},"doubleAwardNode":{"__id__":32},"killInfoLabel":{"__id__":30},"rankScoreLabel":{"__id__":24},"killScoreLabel":{"__id__":27},"intergralProgressLabel":{"__id__":16},"gradeNode":{"__id__":9},"coinLabel":{"__id__":19},"rankNode":{"__id__":6},"rankSpriteFrames":[{"__uuid__":"96rqi7xc9Mj5EPeOcCITaN"},{"__uuid__":"d2ZedFTXdAgYgYE63Xhn4i"}]}],"_prefab":{"__type__":"cc.PrefabInfo","root":{"__id__":1},"asset":{"__uuid__":"e8g40QU+NK366Gk1OdeWQt"},"fileId":"0eRitllg5Iw6k+WJfNUuj0"},"_contentSize":{"__type__":"cc.Size","width":750,"height":1334},"_scale":{"__type__":"cc.Vec3","x":1,"y":1,"z":1},"groupIndex":4},{"__type__":"cc.Node","_name":"bg","_parent":{"__id__":1},"_level":2,"_components":[{"__type__":"cc.Sprite","node":{"__id__":2},"_spriteFrame":{"__uuid__":"a2MjXRFdtLlYQ5ouAFv/+R"},"_sizeMode":0}],"_prefab":{"__type__":"cc.PrefabInfo","root":{"__id__":1},"asset":{"__uuid__":"e8g40QU+NK366Gk1OdeWQt"},"fileId":"15ICbeAs9MhJG5NDNBMpjE"},"_opacity":200,"_color":{"__type__":"cc.Color"},"_contentSize":{"__type__":"cc.Size","width":1000,"height":1800},"_scale":{"__type__":"cc.Vec3","x":1,"y":1,"z":1},"groupIndex":4},{"__type__":"cc.Node","_name":"light","_parent":{"__id__":1},"_level":2,"_components":[{"__type__":"cc.Sprite","node":{"__id__":3},"_spriteFrame":{"__uuid__":"4dSi4fTZBC4oWn9DC6gs+J"}},{"__type__":"97f93jbOt5PqphN4CPLQBnz","node":{"__id__":3}}],"_prefab":{"__type__":"cc.PrefabInfo","root":{"__id__":1},"asset":{"__uuid__":"e8g40QU+NK366Gk1OdeWQt"},"fileId":"a5lxIRIaJDE5KUswQ6EK9D"},"_contentSize":{"__type__":"cc.Size","width":465,"height":467},"_position":{"__type__":"cc.Vec3","y":386},"_scale":{"__type__":"cc.Vec3","x":1,"y":1,"z":1}},{"__type__":"cc.Node","_name":"common_1","_parent":{"__id__":1},"_level":2,"_components":[{"__type__":"cc.Sprite","node":{"__id__":4},"_spriteFrame":{"__uuid__":"2ajsPICAFO74pEuMR2LZT4"},"_type":1,"_sizeMode":0}],"_prefab":{"__type__":"cc.PrefabInfo","root":{"__id__":1},"asset":{"__uuid__":"e8g40QU+NK366Gk1OdeWQt"},"fileId":"3a1db+FalEqK7kYMcwlCql"},"_contentSize":{"__type__":"cc.Size","width":661,"height":636},"_scale":{"__type__":"cc.Vec3","x":1,"y":1,"z":1}},{"__type__":"cc.Node","_name":"common_0","_parent":{"__id__":1},"_children":[{"__id__":6},{"__id__":9},{"__id__":13},{"__id__":22},{"__id__":25},{"__id__":28}],"_level":2,"_components":[{"__type__":"cc.Sprite","node":{"__id__":5},"_spriteFrame":{"__uuid__":"121icDFphJbaHdSYNmxSER"},"_type":1,"_sizeMode":0}],"_prefab":{"__type__":"cc.PrefabInfo","root":{"__id__":1},"asset":{"__uuid__":"e8g40QU+NK366Gk1OdeWQt"},"fileId":"7etqZ2CeRPNZ2YJFR1Kr8n"},"_contentSize":{"__type__":"cc.Size","width":582,"height":382},"_position":{"__type__":"cc.Vec3","y":62},"_scale":{"__type__":"cc.Vec3","x":1,"y":1,"z":1}},{"__type__":"cc.Node","_name":"rank","_parent":{"__id__":5},"_children":[{"__id__":7},{"__id__":8}],"_level":3,"_prefab":{"__type__":"cc.PrefabInfo","root":{"__id__":1},"asset":{"__uuid__":"e8g40QU+NK366Gk1OdeWQt"},"fileId":"d62dKbADtG6bkcK15WwSXw"},"_contentSize":{"__type__":"cc.Size","width":641,"height":215},"_position":{"__type__":"cc.Vec3","y":302},"_scale":{"__type__":"cc.Vec3","x":1,"y":1,"z":1}},{"__type__":"cc.Node","_name":"back","_parent":{"__id__":6},"_level":4,"_components":[{"__type__":"cc.Sprite","node":{"__id__":7},"_spriteFrame":{"__uuid__":"96rqi7xc9Mj5EPeOcCITaN"}}],"_prefab":{"__type__":"cc.PrefabInfo","root":{"__id__":1},"asset":{"__uuid__":"e8g40QU+NK366Gk1OdeWQt"},"fileId":"f0rh+LoU5Ogoep3QUGMyn5"},"_contentSize":{"__type__":"cc.Size","width":641,"height":215},"_scale":{"__type__":"cc.Vec3","x":1,"y":1,"z":1}},{"__type__":"cc.Node","_name":"label","_parent":{"__id__":6},"_level":4,"_components":[{"__type__":"cc.Label","node":{"__id__":8},"_useOriginalSize":false,"_string":"第一名","_N$string":"第一名","_fontSize":60,"_lineHeight":80,"_N$horizontalAlign":1,"_N$verticalAlign":1,"_N$fontFamily":"苹方"},{"__type__":"cc.LabelOutline","node":{"__id__":8},"_color":{"__type__":"cc.Color"},"_width":5}],"_prefab":{"__type__":"cc.PrefabInfo","root":{"__id__":1},"asset":{"__uuid__":"e8g40QU+NK366Gk1OdeWQt"},"fileId":"25L2wyKjxK26GP5lI4Rgk4"},"_contentSize":{"__type__":"cc.Size","width":190,"height":80},"_position":{"__type__":"cc.Vec3","y":29},"_scale":{"__type__":"cc.Vec3","x":1,"y":1,"z":1}},{"__type__":"cc.Node","_name":"grade","_parent":{"__id__":5},"_children":[{"__id__":10},{"__id__":11},{"__id__":12}],"_level":3,"_prefab":{"__type__":"cc.PrefabInfo","root":{"__id__":1},"asset":{"__uuid__":"e8g40QU+NK366Gk1OdeWQt"},"fileId":"e1J4g2285BEKBDXC+/B3MS"},"_position":{"__type__":"cc.Vec3","y":1},"_scale":{"__type__":"cc.Vec3","x":1,"y":1,"z":1}},{"__type__":"cc.Node","_name":"icon_bg","_parent":{"__id__":9},"_level":3,"_components":[{"__type__":"cc.Sprite","node":{"__id__":10},"_spriteFrame":{"__uuid__":"ce+1GymutP9a6oXgnV5A9g"},"_sizeMode":2}],"_prefab":{"__type__":"cc.PrefabInfo","root":{"__id__":1},"asset":{"__uuid__":"e8g40QU+NK366Gk1OdeWQt"},"fileId":"6bHkH4Rf1O+a4e83ju8tXZ"},"_contentSize":{"__type__":"cc.Size","width":256,"height":166},"_position":{"__type__":"cc.Vec3","y":65},"_scale":{"__type__":"cc.Vec3","x":1,"y":1,"z":1}},{"__type__":"cc.Node","_name":"icon_name","_parent":{"__id__":9},"_level":4,"_components":[{"__type__":"cc.Sprite","node":{"__id__":11},"_spriteFrame":{"__uuid__":"fajXo7IgtF6LxcapY4DNFt"}}],"_prefab":{"__type__":"cc.PrefabInfo","root":{"__id__":1},"asset":{"__uuid__":"e8g40QU+NK366Gk1OdeWQt"},"fileId":"b9mdK7lExB16DGSfPH+L1X"},"_contentSize":{"__type__":"cc.Size","width":75,"height":40},"_scale":{"__type__":"cc.Vec3","x":1,"y":1,"z":1}},{"__type__":"cc.Node","_name":"icon_num","_parent":{"__id__":9},"_level":4,"_components":[{"__type__":"cc.Sprite","node":{"__id__":12},"_spriteFrame":{"__uuid__":"85x6kQ3ZdCa6vxwQUhQOrm"}}],"_prefab":{"__type__":"cc.PrefabInfo","root":{"__id__":1},"asset":{"__uuid__":"e8g40QU+NK366Gk1OdeWQt"},"fileId":"354IsvixRPEpdQvvaKOIPz"},"_contentSize":{"__type__":"cc.Size","width":14,"height":36},"_position":{"__type__":"cc.Vec3","y":56},"_scale":{"__type__":"cc.Vec3","x":1,"y":1,"z":1}},{"__type__":"cc.Node","_name":"award","_parent":{"__id__":5},"_children":[{"__id__":14},{"__id__":15},{"__id__":17},{"__id__":18},{"__id__":20},{"__id__":21}],"_level":3,"_prefab":{"__type__":"cc.PrefabInfo","root":{"__id__":1},"asset":{"__uuid__":"e8g40QU+NK366Gk1OdeWQt"},"fileId":"251bC5VVpGfqyKhIQsftTV"},"_scale":{"__type__":"cc.Vec3","x":1,"y":1,"z":1}},{"__type__":"cc.Node","_name":"badge","_parent":{"__id__":13},"_level":4,"_components":[{"__type__":"cc.Sprite","node":{"__id__":14},"_spriteFrame":{"__uuid__":"f62/wCKJdNnq6VDq3Dr9L2"}}],"_prefab":{"__type__":"cc.PrefabInfo","root":{"__id__":1},"asset":{"__uuid__":"e8g40QU+NK366Gk1OdeWQt"},"fileId":"cb07YRLP9HYpGL5dtdMdVJ"},"_contentSize":{"__type__":"cc.Size","width":36,"height":49},"_position":{"__type__":"cc.Vec3","x":-173,"y":-56},"_scale":{"__type__":"cc.Vec3","x":1,"y":1,"z":1}},{"__type__":"cc.Node","_name":"progressLabel","_parent":{"__id__":13},"_level":4,"_components":[{"__id__":16}],"_prefab":{"__type__":"cc.PrefabInfo","root":{"__id__":1},"asset":{"__uuid__":"e8g40QU+NK366Gk1OdeWQt"},"fileId":"75Qd2uK+xMc5xHUvdHHG2q"},"_color":{"__type__":"cc.Color","r":121,"g":65,"b":20},"_contentSize":{"__type__":"cc.Size","width":50.04,"height":40},"_anchorPoint":{"__type__":"cc.Vec2","y":0.5},"_position":{"__type__":"cc.Vec3","x":-140,"y":-57},"_scale":{"__type__":"cc.Vec3","x":1,"y":1,"z":1}},{"__type__":"cc.Label","node":{"__id__":15},"_useOriginalSize":false,"_string":"0/5","_N$string":"0/5","_fontSize":36,"_N$horizontalAlign":1,"_N$verticalAlign":1},{"__type__":"cc.Node","_name":"coin","_parent":{"__id__":13},"_level":4,"_components":[{"__type__":"cc.Sprite","node":{"__id__":17},"_spriteFrame":{"__uuid__":"6fVDNitvBHWpeub/SHcmtI"}}],"_prefab":{"__type__":"cc.PrefabInfo","root":{"__id__":1},"asset":{"__uuid__":"e8g40QU+NK366Gk1OdeWQt"},"fileId":"13srybLktF1LgQe2x5SV5y"},"_contentSize":{"__type__":"cc.Size","width":41,"height":44},"_position":{"__type__":"cc.Vec3","x":85,"y":-58},"_scale":{"__type__":"cc.Vec3","x":1,"y":1,"z":1}},{"__type__":"cc.Node","_name":"coinLabel","_parent":{"__id__":13},"_level":4,"_components":[{"__id__":19}],"_prefab":{"__type__":"cc.PrefabInfo","root":{"__id__":1},"asset":{"__uuid__":"e8g40QU+NK366Gk1OdeWQt"},"fileId":"b2CSkk3BtP7p3Z2+a59BTf"},"_color":{"__type__":"cc.Color","r":121,"g":65,"b":20},"_contentSize":{"__type__":"cc.Size","width":78.06,"height":40},"_anchorPoint":{"__type__":"cc.Vec2","y":0.5},"_position":{"__type__":"cc.Vec3","x":124,"y":-57},"_scale":{"__type__":"cc.Vec3","x":1,"y":1,"z":1}},{"__type__":"cc.Label","node":{"__id__":18},"_useOriginalSize":false,"_string":"x200","_N$string":"x200","_fontSize":36,"_N$horizontalAlign":1,"_N$verticalAlign":1},{"__type__":"cc.Node","_name":"line","_parent":{"__id__":13},"_level":4,"_components":[{"__type__":"cc.Sprite","node":{"__id__":20},"_spriteFrame":{"__uuid__":"102iMLHutDqZaJPfXzVLSB"}}],"_prefab":{"__type__":"cc.PrefabInfo","root":{"__id__":1},"asset":{"__uuid__":"e8g40QU+NK366Gk1OdeWQt"},"fileId":"be5LWQAWNAEYVNZ+TLtxFF"},"_contentSize":{"__type__":"cc.Size","width":517,"height":3},"_position":{"__type__":"cc.Vec3","x":-3,"y":-25},"_scale":{"__type__":"cc.Vec3","x":1,"y":1,"z":1}},{"__type__":"cc.Node","_name":"line","_parent":{"__id__":13},"_level":4,"_components":[{"__type__":"cc.Sprite","node":{"__id__":21},"_spriteFrame":{"__uuid__":"102iMLHutDqZaJPfXzVLSB"}}],"_prefab":{"__type__":"cc.PrefabInfo","root":{"__id__":1},"asset":{"__uuid__":"e8g40QU+NK366Gk1OdeWQt"},"fileId":"4cptRZv4RNco6ZGc0/toln"},"_contentSize":{"__type__":"cc.Size","width":517,"height":3},"_position":{"__type__":"cc.Vec3","x":-3,"y":-91},"_scale":{"__type__":"cc.Vec3","x":1,"y":1,"z":1}},{"__type__":"cc.Node","_name":"rank_back","_parent":{"__id__":5},"_children":[{"__id__":23}],"_level":3,"_components":[{"__type__":"cc.Sprite","node":{"__id__":22},"_spriteFrame":{"__uuid__":"bdsNRfMQlCtJB2UcMmLvbX"}}],"_prefab":{"__type__":"cc.PrefabInfo","root":{"__id__":1},"asset":{"__uuid__":"e8g40QU+NK366Gk1OdeWQt"},"fileId":"78QkER+WhN/7Mi5jv1fRxY"},"_contentSize":{"__type__":"cc.Size","width":229,"height":58},"_position":{"__type__":"cc.Vec3","x":-127,"y":-136},"_scale":{"__type__":"cc.Vec3","x":1,"y":1,"z":1}},{"__type__":"cc.Node","_name":"label","_parent":{"__id__":22},"_level":4,"_components":[{"__id__":24}],"_prefab":{"__type__":"cc.PrefabInfo","root":{"__id__":1},"asset":{"__uuid__":"e8g40QU+NK366Gk1OdeWQt"},"fileId":"f4lBqd+5hLCKduhVriQKWc"},"_contentSize":{"__type__":"cc.Size","width":73.4,"height":40},"_scale":{"__type__":"cc.Vec3","x":1,"y":1,"z":1}},{"__type__":"cc.Label","node":{"__id__":23},"_useOriginalSize":false,"_string":"Label","_N$string":"Label","_fontSize":30,"_N$horizontalAlign":1,"_N$verticalAlign":1},{"__type__":"cc.Node","_name":"kill_back","_parent":{"__id__":5},"_children":[{"__id__":26}],"_level":3,"_components":[{"__type__":"cc.Sprite","node":{"__id__":25},"_spriteFrame":{"__uuid__":"a5TsLPyUBDko5Vji97azDo"}}],"_prefab":{"__type__":"cc.PrefabInfo","root":{"__id__":1},"asset":{"__uuid__":"e8g40QU+NK366Gk1OdeWQt"},"fileId":"c9N/OIz8xMhbOP7+Q5DovM"},"_contentSize":{"__type__":"cc.Size","width":229,"height":58},"_position":{"__type__":"cc.Vec3","x":136,"y":-136},"_scale":{"__type__":"cc.Vec3","x":1,"y":1,"z":1}},{"__type__":"cc.Node","_name":"label","_parent":{"__id__":25},"_level":4,"_components":[{"__id__":27}],"_prefab":{"__type__":"cc.PrefabInfo","root":{"__id__":1},"asset":{"__uuid__":"e8g40QU+NK366Gk1OdeWQt"},"fileId":"02xDoUNT5IE4JdF18LqxEj"},"_contentSize":{"__type__":"cc.Size","width":73.4,"height":40},"_scale":{"__type__":"cc.Vec3","x":1,"y":1,"z":1}},{"__type__":"cc.Label","node":{"__id__":26},"_useOriginalSize":false,"_string":"Label","_N$string":"Label","_fontSize":30,"_N$horizontalAlign":1,"_N$verticalAlign":1},{"__type__":"cc.Node","_name":"win_lose_back","_parent":{"__id__":5},"_children":[{"__id__":29}],"_level":3,"_components":[{"__type__":"cc.Sprite","node":{"__id__":28},"_spriteFrame":{"__uuid__":"adkiAgQYlF0JMXnWBMMX5w"}}],"_prefab":{"__type__":"cc.PrefabInfo","root":{"__id__":1},"asset":{"__uuid__":"e8g40QU+NK366Gk1OdeWQt"},"fileId":"13KCosPidMJbrzRdj4lGUM"},"_contentSize":{"__type__":"cc.Size","width":402,"height":47},"_position":{"__type__":"cc.Vec3","y":160},"_scale":{"__type__":"cc.Vec3","x":1,"y":1,"z":1}},{"__type__":"cc.Node","_name":"label","_parent":{"__id__":28},"_level":4,"_components":[{"__id__":30}],"_prefab":{"__type__":"cc.PrefabInfo","root":{"__id__":1},"asset":{"__uuid__":"e8g40QU+NK366Gk1OdeWQt"},"fileId":"26gF9dWdRJcoT41n/aD/4z"},"_contentSize":{"__type__":"cc.Size","width":73.4,"height":40},"_scale":{"__type__":"cc.Vec3","x":1,"y":1,"z":1}},{"__type__":"cc.Label","node":{"__id__":29},"_useOriginalSize":false,"_string":"Label","_N$string":"Label","_fontSize":30,"_N$horizontalAlign":1,"_N$verticalAlign":1},{"__type__":"cc.Node","_name":"awardBtn","_parent":{"__id__":1},"_level":2,"_components":[{"__type__":"cc.Sprite","node":{"__id__":31},"_spriteFrame":{"__uuid__":"3fhOHfz1JCfqfEsScWHz/P"}},{"__type__":"cc.Button","node":{"__id__":31},"zoomScale":0.9,"_N$transition":3,"transition":3}],"_prefab":{"__type__":"cc.PrefabInfo","root":{"__id__":1},"asset":{"__uuid__":"e8g40QU+NK366Gk1OdeWQt"},"fileId":"50O1vON61BdLewrdrY9f5b"},"_contentSize":{"__type__":"cc.Size","width":206,"height":91},"_position":{"__type__":"cc.Vec3","x":-167,"y":-219},"_scale":{"__type__":"cc.Vec3","x":1,"y":1,"z":1}},{"__type__":"cc.Node","_name":"threeAwardBtn","_parent":{"__id__":1},"_level":2,"_components":[{"__type__":"cc.Sprite","node":{"__id__":32},"_spriteFrame":{"__uuid__":"6aummqh0FEXZhwsIV3swPu"}},{"__type__":"cc.Button","node":{"__id__":32},"zoomScale":0.9,"_N$transition":3,"transition":3}],"_prefab":{"__type__":"cc.PrefabInfo","root":{"__id__":1},"asset":{"__uuid__":"e8g40QU+NK366Gk1OdeWQt"},"fileId":"83NPMMqBtOGKU443ctN1U6"},"_contentSize":{"__type__":"cc.Size","width":278,"height":122},"_position":{"__type__":"cc.Vec3","x":132,"y":-202},"_scale":{"__type__":"cc.Vec3","x":1,"y":1,"z":1}}],{"__type__":"cc.SpriteFrame","content":{"name":"g4","texture":"75YrRb94lB5bcO3tlSbEXh","rect":[605,418,36,49],"offset":[0,0],"originalSize":[36,49],"capInsets":[17,8,16,8]}},{"__type__":"cc.SpriteFrame","content":{"name":"dw1","texture":"beM5qOisRGyLdVxpfO7Crs","rect":[0,732,77,44],"offset":[0,0],"originalSize":[77,44],"capInsets":[0,0,0,0]}}]