[{"__type__":"cc.SpriteFrame","content":{"name":"hall_16","texture":"3cyNE3RVFIp6f21rOo5lm3","rect":[601,111,100,100],"offset":[0,0],"originalSize":[100,100],"capInsets":[0,0,0,0]}},{"__type__":"cc.SpriteFrame","content":{"name":"hall_9","texture":"3cyNE3RVFIp6f21rOo5lm3","rect":[160,619,27,37],"offset":[0,0],"originalSize":[27,37],"capInsets":[0,0,0,0]}},{"__type__":"cc.SpriteFrame","content":{"name":"grade_0","texture":"3cyNE3RVFIp6f21rOo5lm3","rect":[381,609,141,74],"offset":[0,0],"originalSize":[141,74],"capInsets":[0,0,0,0]}},{"__type__":"cc.SpriteFrame","content":{"name":"hall_11","texture":"3cyNE3RVFIp6f21rOo5lm3","rect":[633,254,46,46],"offset":[0,0],"originalSize":[46,46],"capInsets":[0,0,0,0]}},{"__type__":"cc.SpriteFrame","content":{"name":"hall_13","texture":"3cyNE3RVFIp6f21rOo5lm3","rect":[0,0,596,224],"offset":[0,0],"originalSize":[596,224],"capInsets":[0,0,0,0]}},{"__type__":"cc.SpriteFrame","content":{"name":"grade_3","texture":"3cyNE3RVFIp6f21rOo5lm3","rect":[526,305,141,74],"offset":[0,0],"originalSize":[141,74],"capInsets":[0,0,0,0]}},{"__type__":"cc.SpriteFrame","content":{"name":"grade_1","texture":"3cyNE3RVFIp6f21rOo5lm3","rect":[271,539,202,39],"offset":[0,0],"originalSize":[202,39],"capInsets":[0,0,0,0]}},{"__type__":"cc.SpriteFrame","content":{"name":"hall_12","texture":"3cyNE3RVFIp6f21rOo5lm3","rect":[355,229,166,150],"offset":[0,0],"originalSize":[166,150],"capInsets":[0,0,0,0]}},{"__type__":"cc.SpriteAtlas","_name":"hall.plist","_spriteFrames":{"friend_btn":{"__uuid__":"993by8QO5EMIo/54wVUQSk"},"friend_titile":{"__uuid__":"60Qn93CxJCZJ0MMMLeG6/4"},"grade_0":{"__uuid__":"1aXuNCHYFGu7r+ETue49bw"},"grade_1":{"__uuid__":"46PEI9G/ZFrpadredat+7d"},"grade_2":{"__uuid__":"f5TWiizvJEmYO4GOpFzM0+"},"grade_3":{"__uuid__":"2c+hKKZDJLvqkYKtuKhOWg"},"grade_4":{"__uuid__":"f5IjNe59lIPa/J8E6tWyyp"},"hall_0":{"__uuid__":"d3sk5dBjhDAYyNri8l3kT2"},"hall_1":{"__uuid__":"6fVDNitvBHWpeub/SHcmtI"},"hall_10":{"__uuid__":"b1lbuZit5MQrMEpcq5fhKm"},"hall_11":{"__uuid__":"1cREMscNZGip3rMI4LXSEZ"},"hall_12":{"__uuid__":"50oGHhBH9CPqd+uIT2CuAE"},"hall_13":{"__uuid__":"25LlXLsWBDN5+W6x2Q2KW6"},"hall_14":{"__uuid__":"ef5x85h5FAgrNSMvPhHJrS"},"hall_15":{"__uuid__":"eaiPjaX6ZHTp95LqDHq+g6"},"hall_16":{"__uuid__":"0aCePVLOtNSZisJhZNeVjY"},"hall_2":{"__uuid__":"a6z6F+JXpEio4MT2LkfTB5"},"hall_3":{"__uuid__":"98XPBZaWdFCamUci97t6cn"},"hall_4":{"__uuid__":"fd7LbqK5pJEqLLr/yLjPKl"},"hall_5":{"__uuid__":"7doyvXglhOt7pTJU6QHdyf"},"hall_6":{"__uuid__":"b9bqvy4ihJNYFQ1NHcgOTH"},"hall_7":{"__uuid__":"b7C8fUIvZGgrC/2UnpBHLN"},"hall_8":{"__uuid__":"c2Wfw7WyRF+ahY61wMSXg8"},"hall_9":{"__uuid__":"0dL5VrHLZMhp48+6uvEJ2k"}}},{"__type__":"cc.SpriteFrame","content":{"name":"friend_titile","texture":"3cyNE3RVFIp6f21rOo5lm3","rect":[0,559,197,55],"offset":[0,0],"originalSize":[197,55],"capInsets":[0,0,0,0]}},{"__type__":"cc.SpriteFrame","content":{"name":"hall_1","texture":"3cyNE3RVFIp6f21rOo5lm3","rect":[527,653,41,44],"offset":[0,0],"originalSize":[41,44],"capInsets":[0,0,0,0]}},{"__type__":"cc.SpriteFrame","content":{"name":"hall_5","texture":"3cyNE3RVFIp6f21rOo5lm3","rect":[454,384,142,141],"offset":[0,0],"originalSize":[142,141],"capInsets":[0,0,0,0]}},{"__type__":"cc.SpriteFrame","content":{"name":"hall_3","texture":"3cyNE3RVFIp6f21rOo5lm3","rect":[0,619,155,53],"offset":[0,0],"originalSize":[155,53],"capInsets":[0,0,0,0]}},{"__type__":"cc.SpriteFrame","content":{"name":"friend_btn","texture":"3cyNE3RVFIp6f21rOo5lm3","rect":[0,384,278,122],"offset":[0,0],"originalSize":[278,122],"capInsets":[0,0,0,0]}},{"__type__":"cc.SpriteFrame","content":{"name":"hall_2","texture":"3cyNE3RVFIp6f21rOo5lm3","rect":[0,677,125,22],"offset":[0,0],"originalSize":[125,22],"capInsets":[0,0,0,0]}},{"__type__":"cc.SpriteFrame","content":{"name":"hall_10","texture":"3cyNE3RVFIp6f21rOo5lm3","rect":[283,384,166,150],"offset":[0,0],"originalSize":[166,150],"capInsets":[0,0,0,0]}},{"__type__":"cc.SpriteFrame","content":{"name":"hall_7","texture":"3cyNE3RVFIp6f21rOo5lm3","rect":[202,583,174,43],"offset":[0,0],"originalSize":[174,43],"capInsets":[0,0,0,0]}},{"__type__":"cc.SpriteFrame","content":{"name":"hall_6","texture":"3cyNE3RVFIp6f21rOo5lm3","rect":[527,609,72,39],"offset":[0,0],"originalSize":[72,39],"capInsets":[0,0,0,0]}},{"__type__":"cc.SpriteFrame","content":{"name":"hall_8","texture":"3cyNE3RVFIp6f21rOo5lm3","rect":[601,384,100,100],"offset":[0,0],"originalSize":[100,100],"capInsets":[0,0,0,0]}},{"__type__":"cc.SpriteFrame","content":{"name":"hall_0","texture":"3cyNE3RVFIp6f21rOo5lm3","rect":[232,631,144,40],"offset":[0,0],"originalSize":[144,40],"capInsets":[0,0,0,0]}},{"__type__":"cc.SpriteFrame","content":{"name":"hall_15","texture":"3cyNE3RVFIp6f21rOo5lm3","rect":[601,0,106,106],"offset":[0,0],"originalSize":[106,106],"capInsets":[0,0,0,0]}},{"__type__":"cc.SpriteFrame","content":{"name":"hall_14","texture":"3cyNE3RVFIp6f21rOo5lm3","rect":[0,511,266,43],"offset":[0,0],"originalSize":[266,43],"capInsets":[0,0,0,0]}},{"__type__":"cc.SpriteFrame","content":{"name":"grade_4","texture":"3cyNE3RVFIp6f21rOo5lm3","rect":[526,245,102,55],"offset":[0,0],"originalSize":[102,55],"capInsets":[0,0,0,0]}},{"__type__":"cc.SpriteFrame","content":{"name":"grade_2","texture":"3cyNE3RVFIp6f21rOo5lm3","rect":[478,530,141,74],"offset":[0,0],"originalSize":[141,74],"capInsets":[0,0,0,0]}},{"__type__":"cc.SpriteFrame","content":{"name":"hall_4","texture":"3cyNE3RVFIp6f21rOo5lm3","rect":[0,229,350,150],"offset":[0,0],"originalSize":[350,150],"capInsets":[0,0,0,0]}}]