[[{"__type__":"cc.Prefab","_name":"ShowPlayer","data":{"__id__":1}},{"__type__":"cc.Node","_name":"ShowPlayer","_children":[{"__id__":2}],"_level":1,"_components":[{"__type__":"df7d5C3HWFOhqJL3PX9hv3C","node":{"__id__":1},"arrowNode":{"__id__":4}}],"_prefab":{"__type__":"cc.PrefabInfo","root":{"__id__":1},"asset":{"__uuid__":"750kyZEChPbbz8T5QVm6tT"},"fileId":"b6skmugmdBHa8ZY57ZVWpF"},"_contentSize":{"__type__":"cc.Size","width":150,"height":150},"_scale":{"__type__":"cc.Vec3","x":1,"y":1,"z":1}},{"__type__":"cc.Node","_name":"rotate","_parent":{"__id__":1},"_children":[{"__id__":3},{"__id__":4}],"_level":2,"_components":[{"__type__":"cc.PolygonCollider","node":{"__id__":2},"_offset":{"__type__":"cc.Vec2","x":5,"y":-9},"points":[{"__type__":"cc.Vec2","x":-38,"y":88},{"__type__":"cc.Vec2","x":-42,"y":67},{"__type__":"cc.Vec2","x":-25,"y":32},{"__type__":"cc.Vec2","x":-5,"y":18},{"__type__":"cc.Vec2","x":13,"y":23},{"__type__":"cc.Vec2","x":30,"y":40},{"__type__":"cc.Vec2","x":43,"y":75},{"__type__":"cc.Vec2","x":30,"y":103},{"__type__":"cc.Vec2","x":5,"y":116},{"__type__":"cc.Vec2","x":-21,"y":112}]},{"__type__":"21016fKM99O0YvjpdRE27pS","node":{"__id__":2}}],"_prefab":{"__type__":"cc.PrefabInfo","root":{"__id__":1},"asset":{"__uuid__":"750kyZEChPbbz8T5QVm6tT"},"fileId":"9fdT0KfspGl5prmdgsjF/V"},"_contentSize":{"__type__":"cc.Size","width":160,"height":190.58},"_position":{"__type__":"cc.Vec3","x":1,"y":-16},"_scale":{"__type__":"cc.Vec3","x":1,"y":1,"z":1},"groupIndex":1},{"__type__":"cc.Node","_name":"role","_parent":{"__id__":2},"_level":3,"_components":[{"__type__":"cc.Sprite","node":{"__id__":3},"_spriteFrame":{"__uuid__":"8aY13jrURC9oPJDwH5CAol"}},{"__type__":"cc.Animation","node":{"__id__":3},"_defaultClip":{"__uuid__":"c1EtaTNZxP7aTciO0EhWAm"},"_clips":[{"__uuid__":"c1EtaTNZxP7aTciO0EhWAm"}],"playOnLoad":true}],"_prefab":{"__type__":"cc.PrefabInfo","root":{"__id__":1},"asset":{"__uuid__":"750kyZEChPbbz8T5QVm6tT"},"fileId":"41NkKLYW1Onaf/nTx/NbNQ"},"_contentSize":{"__type__":"cc.Size","width":311,"height":348},"_position":{"__type__":"cc.Vec3","x":26,"y":17},"_scale":{"__type__":"cc.Vec3","x":1,"y":1,"z":1}},{"__type__":"cc.Node","_name":"Arrow","_parent":{"__id__":2},"_level":3,"_components":[{"__type__":"cc.Sprite","node":{"__id__":4},"_spriteFrame":{"__uuid__":"ffJTDD+p5NmJZZCzUETeTt"},"_sizeMode":2,"_isTrimmedMode":false},{"__type__":"97aecp4ofNMWYtZkWsdTC9j","node":{"__id__":4},"tailPrefab":{"__uuid__":"69IEDrw7JPFakUQiW45bLs"}}],"_prefab":{"__type__":"cc.PrefabInfo","root":{"__id__":1},"asset":{"__uuid__":"750kyZEChPbbz8T5QVm6tT"},"fileId":"acFnD45VhK4ZAdPFX0F4R3"},"_contentSize":{"__type__":"cc.Size","width":27,"height":114},"_anchorPoint":{"__type__":"cc.Vec2","x":0.5,"y":1},"_position":{"__type__":"cc.Vec3","x":-3,"y":4},"_scale":{"__type__":"cc.Vec3","x":1,"y":1,"z":1},"groupIndex":2}],{"__type__":"cc.SpriteFrame","content":{"name":"role0_stand_00","texture":"2eXvRQGd5LkZBFhJ02+M9t","rect":[632,706,311,348],"offset":[0,0],"originalSize":[311,348],"capInsets":[0,0,0,0]}},{"__type__":"cc.SpriteFrame","content":{"name":"arrow_2001","texture":"b0/HBrKsNMEprqse+gPufz","rect":[395,119,27,114],"offset":[0,0],"originalSize":[27,114],"capInsets":[0,0,0,0]}}]