{"__type__":"cc.JsonAsset","_name":"libavatar","json":{"1":{"id":"1","address":"ibmn7x2BeTFic6tCYibW1eB8mTjdKjj1nRbuiaCcu36xAxNuo5N6iaWLnzeq0lyQFtAlCOcrNOz8QkSXwJcCONr8djA/132"},"2":{"id":"2","address":"ibKx2L8r8MjS88icSZ3giaQ7GdicfkehIOrtMSMHX2HmdR6R3uKfoE45QvUyEicGaGjSNp2Jmfs8HbNKictbLoicaMSMw/132"},"3":{"id":"3","address":"ibHGxictngib4eAQ6JtdNKcedSWkIbhTP4eo9MQcnVIjAH26yG1kxZiaFzxUWhRkRIIichxyLw5P4JEPSZZaFcECZUg/132"},"4":{"id":"4","address":"ibgbcdhgDwvK47SicB2HHlaR6M5zT724Hd55VDZG0Fj6joVLibC3eDaHniaC4EEicB3f8JvVhGuupc44tNtkyG1PSVQ/132"},"5":{"id":"5","address":"ibAd6gPDrs7HwtX3MBPrAzeAeuW4crCMjTGdpYMGhYZu5wPEtGcwZ8vPHy7ibYkvOGBxtvUGhNWKPiaxLrqWIUkvg/132"},"6":{"id":"6","address":"ib7bmliaQXxc0MqMSicAxpibOiaNUdCMsSYvKPjCLjbuT5nibsh36w6eU8L5e4tiadabydHNmyJMJYDqsia4eAp8p9CNqw/132"},"7":{"id":"7","address":"ib0SaGJbXwWfCrdruP5qF49BicKodicBricVqXhAIia1Crsia3B8vK65vs3umdBOsjXDvRia1RgPU915UueWBCTdo9diaA/132"},"8":{"id":"8","address":"iaZcKhvDqZ7YBHLDbjq5VvZObaJO7fwlFQGiabhZWCYw2icA4uticV8f20Z9e7hZ7MPX3NepNFXN0dt3TrCT9nwS3Q/132"},"9":{"id":"9","address":"iayLz7lXp6C1ED4K6Ec1F6VncYzcbjzicklCYVsjjqtVlMq48iaH9cbuukVsTB3SXdg7opgI2SxurjbkeGO1Nj5vQ/132"},"10":{"id":"10","address":"iaxibObz8yFeLE7C7fXfibSBoHoJtdMmGqQvrj5kgnia6u17mxfibzlj08zJ3cVnMnFI4QgELEdliaSicE93sHwwh2tMQ/132"},"11":{"id":"11","address":"iatj3ModPgbBgGnp10bthRKZHTbA5C9Zt0g2jRA3iaV6FGyicSYgNTt8q6SxULEnotOBGLf7uWvaIpLcvv8zCiaw3A/132"},"12":{"id":"12","address":"iascPRXH6LfGiafrVRKZl7rPl3A8NnMbYSL7Ovzhg19d9Viaqfl68byBLWFym1Uq515sqN3gyF2znmZyFXrWbdBPw/132"},"13":{"id":"13","address":"iarL2xKOh6pYAkz9rbIEXicWhjL46xeQ1d5w5yLpib6vPKTT1QBho3saJ5DODMtee4zdBe1QYcn2VADyPJj6siciarA/132"},"14":{"id":"14","address":"iaOpujw4rENJzOAib0BUb9u3ZHknL0NJ0ARspp47AuVfLtN8YJN2fdIBzq01V41vVK9NqrOibdtTWHCoskAbZQpJQ/132"},"15":{"id":"15","address":"iamAygzkT5vh027sXN0XhmCaWB7umam6QlkcHlf2EOzzK84uTkC4jwomibQgvn3JphxIp7pbia9oHl0QLs6Ly87jg/132"},"16":{"id":"16","address":"iaHcHibpmtWwNEsibmtG7dA7y5LeF4tSTuVORWdCQw4wak3vicWxx4YQtbyByNP6hVkDaUPhNojCLt5qQfuA7PHrkw/132"},"17":{"id":"17","address":"iaewM57PIMzicEPwxeP6fJMViaD23H9sFhZZZaWRMMQ3V2kdtSKTXgaI4vyf8F4OG51yJRNvbP1saeUicVmt86Ug7g/132"},"18":{"id":"18","address":"iaaibRnP2TzClpxiaMDx3k9IX5CNpnWGddfgb5iaZh6hntgUcnUP6X5kW6ZSfiagfpvG4hGIgZW89OhNlDFblh3j31Q/132"},"19":{"id":"19","address":"iaaibRnP2TzClpxiaMDx3k9IS7uPowvVyibfe6MK2cFG7KKnIpP2q79icXnBYxKZEWpmHpr1RF6gvI001Y9EnrcX04w/132"},"20":{"id":"20","address":"iaaibRnP2TzClpxiaMDx3k9IS7Gtj4gx1hDl9zwamiadAAcqWxx7icaiaKLGqRL2xuTvroWyxiakE22Ipiam2PA3cjfxMg/132"},"21":{"id":"21","address":"ia9JP3bYdNeZLgGEka7pTlTT7FmgRF9668aU7m4RVib8m0aLlVhsjj9YiauZ3DuKhJCJ5e9A2qENr9GhrUr7tzvuA/132"},"22":{"id":"22","address":"ia9JP3bYdNeZLgGEka7pTlQ6L34wnEiaW3KDaSUXmSgC8iaBI2mD3h5SnFeg0dUT5icsNricodc6lWVyBt9xxiaDVPOg/132"},"23":{"id":"23","address":"Ia7Me1rnUoJnT8I80iatY4ldAXVJv5qHD4vFW58d5TLgFdWCvVroAYdicVgGWEZEwYeWvibp6Uhd90MEsW8SREUuA/132"},"24":{"id":"24","address":"ia4XBc7AugXZvQ67xaOanExjOV0RGSIMVl6p9fUphtYp0K5j5CoZPCa4lenibmyh453Z1vhnbWN53RVRPPCAGS6g/132"},"25":{"id":"25","address":"ia2Ybhib2pD0ycZXVRZqKjIzoPYvMEUNuqNGDsrGvfxMIm9Co4H5nPAVibnGVBxonJEZviaDwAITBQw6Agxh3Tvu3g/132"},"26":{"id":"26","address":"ia0xleERpheW7rU7ajr1ia27ibRH8hfiaPANTVESb0ib4IibhttKtL8LdhNBicPh7tH2HRffn8qzuzCeicKvLzcj7Eh3TA/132"},"27":{"id":"27","address":"I9hE8mC1d1sE0Sw8W7nyCWRbWUBxTA3hLD1ibOceButwqibAqSxaxDxpPbDgcfCJibnaiaKPUb8TCpiaOz6G2PicAdtw/132"},"28":{"id":"28","address":"I6NmVLXAu47iaMAlq4hbYKy0qFaFT6D0xBTAQnPeo1hB9JYQVbCYiaztWJ0aOJjk0vzdPCvyF7MsY40XcicoECgYQ/132"},"29":{"id":"29","address":"I4ibibEIkWGBfQBzcAHrWiaCW3jmAt2VkdvbaFLEHWJuncrMUo258csJaDgib5nlCF1zMRaCy11PicvRFuIhUJiaU3YA/132"},"30":{"id":"30","address":"I2V15qJ6m2Do89d4dMbqbEwO2t1R9VfV195SYTwVCyrxm1XLhPGVy7XGjTg0mw39a5dvnTw3vCPASSMEYDp2Fw/132"},"31":{"id":"31","address":"I0QWPJ0ACU5bkKliaic533OczAHpar5BoKibAuiaibvX0O1PQqmhia0xdTmkuPuCUjicficDEfo1hPN7Vr53EpB7Rml33w/132"},"32":{"id":"32","address":"I000TUuL56RUoAWn97xibvrneLR2ybEiboNSjHIEBSibAGWWqicxRFicXGYVuWXJgv7UZzsPnac8LZH9Kza8PzgGxlw/132"},"33":{"id":"33","address":"HYpkuz2ibfW9h7jVSwUNVIiaBdEdNMibZiaBhkYxan2MUNbBI3j1WcicsPPicA3J9bWMFiavPtD5lheohkY6sQe8SrONw/132"},"34":{"id":"34","address":"HYBC7oljpX0NeTLDBIQUJVM5bJdQ7upV1GYxB3tDEWGxK72mSSW4iaF9QxYdjgBV3ZbOdKL1icZkeWWXOJqGQ78A/132"},"35":{"id":"35","address":"HwZyhnGTtn4LbyGegxoSAblptKjk4NpbQnGy7KXvzDAl2CgpqIkVkiay9jFbJjSRic9koSUg8cem0ddVOnN8ocGg/132"},"36":{"id":"36","address":"HT3wBzH7NiaaWJZKyT051rW14981UdP3MlswInQFaorlg8icYYScEErdCotSCUxLeAJY5nwq0Hm4ReS5licffCKIQ/132"},"37":{"id":"37","address":"hsxzhpId4k6CJVN2xpeGiaY32z49iaL0DNsb6AGSszT6JHl462tfffluLLZRl8N6ZevkBWZxUehl3kE2C7gWpHicQ/132"},"38":{"id":"38","address":"hQu4lIcdWHOxsiaj4qibkCmBK5b8VjibJjD516NGqnwFh8kYMKe2bX7KqibRQMMayiax3ZopHQ4KUUJKIZIhBb6IC9Q/132"},"39":{"id":"39","address":"hQ6c7Y4GTk9kq1HkT7GGvQ7BVWPibYFH5vKvKvjooUxJgegaoy4Gib5IOU6UhzBoD5Hemn8HqWdnXvqHsK4vPYPw/132"},"40":{"id":"40","address":"HpGXpDeYfc44YFWic2tuhpDmGh1UO9Rz6ybBvOshcARfdQYcYFHickOhTwNjS5pUACQRhQe7Q9rywFYFB389zdnw/132"},"41":{"id":"41","address":"HlR59ibIYqkdBIxic976IHwxCbgkQKuK2FIjQQiciaFYp6skiagBxFvsuJxrvrAkzWxXC7009j0DRibLmLbYumYstpXw/132"},"42":{"id":"42","address":"Hk6ZTagyeQh5zhmK0aoRAaNh2n2ibZ8Y8cevAlCeybaiaN8Qj7nPkP8dXuFKEoDxy9GxZMqxfFJpBicXkfOq351QQ/132"},"43":{"id":"43","address":"hK3sDgfZFTIEKQ7wrxm4FDdEkWyicE6tiaknKTp9bTMYJpiaJWXjgCHx8J8Je9H34ScZu9adxpttKP1GAHWbcrJqQ/132"},"44":{"id":"44","address":"HjtuGCtLbseYibDBQj01S4YKsMK2P3IULYo9XBeNMZgPKO1ZsIbU4UG1EcawmJSmzTibWLhTN7YzwRibYEF2LC16Q/132"},"45":{"id":"45","address":"hcRLck95z1RYzF80kNgWSj3IrSHstLrNnfqaNicSFWlRV9nfzHIgvSw5RQuONLpxSdr0b7j4sAeZ5MBdtia99GEw/132"},"46":{"id":"46","address":"hCLO3GnJNFmMV1AcYXEyvuibI5TQv4sLTcVMzj3BeHO1HTo9B3ZZictoiaZ8pic8wov4TLuFaTDezdzalUyUlMP0Gw/132"},"47":{"id":"47","address":"H9mYPkzpaFIWenJpSLMvModdicEHMaB6q3XrBicRKPYzQNIBAsF6BKxTgIowMCxuRSlN9LzcRxW8TJPQ66bXqSWw/132"},"48":{"id":"48","address":"H98FU2tx04x5pwE6l9nyxInoVvWlyVdgpMLmh01KibSFAfibmDMVjKBGyajJibibibmnumyaeMzIiaUQF1SCfjeWWj8g/132"},"49":{"id":"49","address":"h47BAibMRRfSIUH0JMibCnQeeLC7eJmtRibQdScbOrBd5uV35vcaogBOmvP1icSRHNbrtWsiaNeBDJGTAZL1vu8ruUA/132"},"50":{"id":"50","address":"H1giczaTkeCMum1OcLhIKicDJkqWBdLOnUXhYZhJicwqvoibQpbDRwjrnzVHB2sNZccOHEOGS30EnAw6B4PCJlWShg/132"},"51":{"id":"51","address":"H0YFZHk3xCk2Fp2DM8Rw3JBfODwcXMhD02PbR33XgrAWA9U3xuav3riaIZOJFItiajYYc9agA7JyaFvYQbexmXKg/132"},"52":{"id":"52","address":"H0GqDP7ibHo7aM8w3ibJzo2vj1HTUsl5f2S6IBpuqHZbmiawd3ENH56VZPEhtNE0nr7Lj3In8XibAZb2gEJ6cfyEBw/132"},"53":{"id":"53","address":"gZicdBDx2wltcG7jm3Rqs7tr0w5eLsYwSYWFJTkyqhC3hRezdJt3uRnODaoQObbGlXOC3yJ69PFHpCsJjDlK28g/132"},"54":{"id":"54","address":"Gtbf4JjUsT1JIibVVUpbHiaIwiavcYVRaFYVZNWibs77xnicCnHHQcaP4SQq76kkQlA6UbtV8iaZpB1ia89Ky6GLVjCew/132"},"55":{"id":"55","address":"Gtbf4JjUsT1JIibVVUpbHiaEfKGkicvw7V86l3C3iaibXPvq5ej2CIRZvDQYQl5WvdK1xmHzvyNbQtrIiak89QoQNcnw/132"},"56":{"id":"56","address":"GrW25vs03uuC8HT8ibkHKxUNHSTu7gLvbylw9sj53vMtatiaE6JEZ8Pd58TYd9VUSFiaIPSsV42Dcg6ichXgSHoHNQ/132"},"57":{"id":"57","address":"GrIaqa44qepqHjV7cicg1XyibaTjNjlF7aVmZYxIyFhBDUa6s3htHN06vib2lrjGbTdaN5p0wNY4SajDsAWTy9U2g/132"},"58":{"id":"58","address":"GrIaqa44qepqHjV7cicg1XicnyjYRumibcHfiaRPSbicjALm6KW7VqHVk1haZa48qn9geNlXeD1lgaj3bXUN3UT8WUg/132"},"59":{"id":"59","address":"GrIaqa44qepqHjV7cicg1X5LzrDiajhK1KdEtib2PMbB2f8HqsuJGVG04ZNuQCROUXQjjkUt5rRic4qibrems5lu6fg/132"},"60":{"id":"60","address":"GkMk4gBlfZexfkLviaEgpYeDPPcd0p2nsdth9Hk1uibeh299mRy4owISPpB83S9Ur10AmAJSvmSYUsdcLXAENeOg/132"},"61":{"id":"61","address":"gjGhib4fczmWMIzsiakb4sk1KBvNRyhl4o7oMIePGpt5NEriaaJReCQAFVZjsscV4ia1BeDBMqBwX8Pn57Ep25UMtA/132"},"62":{"id":"62","address":"GjcqsdF17PTk9RxFZPQHNib9zf6OJBmqCb27U8cBBsgCez5l5DgSiacGAXEJcMFY2DE3xvlfokOiaIxLvRt58qAUg/132"},"63":{"id":"63","address":"GicetfN2hCiboL2QGiapBrJeWsSrFMrUkd1uegFbhZfTOHgt4Cibibm5RLet0zWUr3jbibEJYC2IUia9Ijo7kKsXw2KibQ/132"},"64":{"id":"64","address":"gGIFuVlkpID1ManvPO2sbcC2QzOnm5ZxqMEpEqpAsGC9e7WD0aekAFSFcEogwtU0o61ibOEYAyUegmg0NHicvaKw/132"},"65":{"id":"65","address":"gebElYL8bOibgF5FWIZuuhkpX2klegHKBD4KT7aGMTkQygYjl0ibJPYmicRyYkcf8n7WT8qdak3GXmicdiaPkvFFaLw/132"},"66":{"id":"66","address":"gDDh20j3hofTkAR7CnTo5u03OfruUf9MNgIfhQFGuICNypwLznSAMPh8dAVgbkicRHiceDcIjmDQXp8Xyxu9FQgg/132"},"67":{"id":"67","address":"g7SoD8SOz0jjWJdDcmTZp8T1V7PAIOXiczkQiaqXbEmI5QoRdr0icgXKAyUzwic06Df6qPib8u4ewuLTnqmVQzFwQUQ/132"},"68":{"id":"68","address":"g70JffkvicdF6t0zm1tmNWTh3bMk4kh9TIOGO0uuJ2dpxuKibIwMqYyvtY2QasZOvkEMKOE42OHLH3B6s2tE5b7g/132"},"69":{"id":"69","address":"g3YXPexPibOibga7IWE5JYu81tHRXLA9UfASvvxMMB7aT6jWWdjuIm8GdbeezrqbRmgS6tZuhebPKJb1OHcNfOYg/132"},"70":{"id":"70","address":"g3uW9zJP8rNmv528qJkg3ADkyia1iacd6f4NPcgThuduqos9tKsOSS28BnOyZonkmeia6to0z747iaickiag4sMXicfpg/132"},"71":{"id":"71","address":"g02zZSR3IibgQKNibiaTPVNialPb96KKusw81laxJpA7vjf4zSAFXiavrKKWGfxsGNpnDnqlT3FmichdmibwsV93IS2pA/132"},"72":{"id":"72","address":"FzvicibljvITRl7qQQ6Mn2dwcn7H7FbGtwZXjRmjlUVt6TfMo8RRVVGiceRPsAZkYe1Lg1atz74nGDfpXAzwFa7Zw/132"},"73":{"id":"73","address":"fzlsHF32wWHFE46DsdCfe4z0Y4zYtSECWmCMtt7OJ60H3ImR9icoflKU3NicZ7fvUIzgm55l4UgyJibFOoeQpKa8g/132"},"74":{"id":"74","address":"fxk7AgnIPGd2PdRNYkJpNM47Efm8toeSVebRldTB60g25RMLlQuTAQFzRKQPDia4M7cT4tdZxTklfST1b0N27Nw/132"},"75":{"id":"75","address":"fvdkD06ibYtLiarB2UgDw2CO4MNFTgyZbDeP11CJSnP1pkHJMdp0mLW0icHFVCPdh5ZxXjibXxHbASSgibicj6Us9wUg/132"},"76":{"id":"76","address":"fvdkD06ibYtLiarB2UgDw2CEp9lz2flb3918KLxWzpLXd2pgqFfkDg8ALlR2FfaTw8SSshE1Ct1SApdicPbbKdTFQ/132"},"77":{"id":"77","address":"fugAmicGtQqOKY3sUiaBEVdDpsv0hFficZq1AX5PNo5bGUlw6qJibdncevySLY16Z9ZWaHlEZhMcXGjkIgKkNyHbqg/132"},"78":{"id":"78","address":"FtbjGP8uN9rs0jEOmiaxeiav8gDao3Loz0fDOS2gvV4RpOhcT9UjSAwdNTcGWJelWbvFzSG3iaYbkLicj2zQuDwNibQ/132"},"79":{"id":"79","address":"FsKSJc8GmSApppPpcibQEXqvTFxzzkcgoHI9vuOXy9SF19KsyiclMFVsHESrhGr1pDRe888lqHf49y8cHLYG6ia4A/132"},"80":{"id":"80","address":"FrpkmqDlg8y2pkhhABq6XPghkhcGrtMk8sHLooBeiaB8bTBgQBpA2zrKibkv9cIu8P3dibpmZia6iaicCdqdAJ5NWNwg/132"},"81":{"id":"81","address":"Fq9P1FUrJII4h82IoQFhjf9avz18oBvgT71icic2WnkiatqzTnUN2r8PJ0ypYSXABhKeEokRbl2vBoiaiaWuTMgDb1g/132"},"82":{"id":"82","address":"fOvq6nS43vjfPXmMd1GZicG8CgfZ2Cydxf0EmjdE7duhUJGYUVa9iaC6ibW4At4sx1ASLoJgd5iaDDnT8shOgeicoQg/132"},"83":{"id":"83","address":"fMo0YMCeSzy7BB9v2sIYyGnAl8XBlNu6QW2T2xsdwsvGbg6urGTrXibFzmoBZiaZ8C0Qr9ian6aua6qWN7rvzME2g/132"},"84":{"id":"84","address":"fJWxkku6sO9xYSZqkLxIIZpN4IZBqve5VAGTrH3oS75HPyZWKdfGfiaUwaKxtOmLx7UxmJE1MsdoFP0v7mKbjog/132"},"85":{"id":"85","address":"fIrHCqKC9icl1VsxEnnAiaqt9FGRvs6nTFx7osQz5ic9FyH7dt1dSC2AAwdiaIoBibaR9zmeMQBspVkQAdHrfhBel1g/132"},"86":{"id":"86","address":"ficicBujzF3czDnFOMv3eIvrNhNxBXO8motQGv5pN7zxSpk6z6JDSnZOkqmSLorxTxVadmeSSBkeP1bLRn16zbmQ/132"},"87":{"id":"87","address":"fibd2deQicyuzfSYZFu06qsmBAhqEwZP9dpXNUSn9PLHJeQRn9w7E0Qe9A5aciaMy8STTeibA8ap2zCAcY0bFhntEg/132"},"88":{"id":"88","address":"Fib7TDnZXdCeqCyxUkaY0a1CsaVhcICkWWP7wskLZpmv1SDJjUbys51XiaeggVsEnvDkkwuOpgZW0aN0F8hePbjw/132"},"89":{"id":"89","address":"fF97iaonRK2rFQhg5nXotyLn33hF7svjjIktM4ibVUwpJgHTD3A9RodibpabnShwWaxM3b5FhIPiazkqmM1yaQ0U4Q/132"},"90":{"id":"90","address":"fF7icBE5ZFnuqV07ShPYh4z63JkSV1g5oLxWKJLyYSLeHqdpDAKw8KqWMvw9W2sUESRhWib4D4BmXGPGXUn6Eiavw/132"},"91":{"id":"91","address":"FEiawvASINwiaz2OYJ4MWcRVKjJYI1ribicpLXUsXQDbwe8z4TTr3uKNiaSTGfjQ8mrv4xW6aSx5k3gpa0AQGdeKJ5w/132"},"92":{"id":"92","address":"F94OrbIn5gP61ia0bnpuo8JXibmibqyocSz1eLia5OIvYh6r7O0QIuwxwyOQZlkia4LXAYezOrbR4VIsEM9UwAgxmKw/132"},"93":{"id":"93","address":"F80b97RF9W8sdtBrXTbMkaSHC36x5UCCkpsdHlLCF9vVxEgchyyndMYwxJoZj42s0d45xVuoQ6jTR6q8dWbtqg/132"},"94":{"id":"94","address":"f6SU9YPLpKFxia0OxJaYMWwP1ia32p4FGUicj7SK1duAeNvhTB65naMJe7hIOCPbrw0tFiaStLfZ8zsts8FibJCAbCQ/132"},"95":{"id":"95","address":"EuTBcX5hJnRPfHQEDVWhruTeQe1kPiaw45R12ZtvJdibo06Ccibic3R9YibjLyOibpqY5POvKbXDib5qJjHl8P75XTNIw/132"},"96":{"id":"96","address":"esbh0BeYP1wt7nKVo3JOoQLAsC8JJKALrjRiby7GZSsO0zOZLveleBLfib4lic4g1QGCGas4qyiaSHSNmnqNvTrAZQ/132"},"97":{"id":"97","address":"eohic7sOHpnicKc1GoFDbcNe4Hq4VJDqIia09fYpJD4DB5kDY9bgvyKUASfc9pdpyXVVmqR02QkgmlIyEcVK9iappw/132"},"98":{"id":"98","address":"emXUZFSYmvlWG4L1u1Lq3Driaxpw4YDtosqQhZE1mX2M2icvMHETDuF9aTMJv42LU4QenRuR7yrLRialPiaUJmcNVA/132"},"99":{"id":"99","address":"em31EsO3picbFjVuguF4whibvdb0BAicov12vwu3SwNo0XPs8MO7rIicdCeiarn56rB13eI9vibiaAKk4Lm0OSrt8btXQ/132"},"100":{"id":"100","address":"em31EsO3picbFjVuguF4wh6kFEzDfwWg8Ya4ymYo3d8owswyncRFl7oMdXh63G5icxKxhQEqA7hexqyAPxkuA59w/132"},"101":{"id":"101","address":"eKEdxe3O3m32pGy8OAB9DOy6rQ3QYqIoTElIMNuuOw08YcypNcKAuEkUciczJjr4G7BlMoiabEVlZ7NknibYkxIqw/132"},"102":{"id":"102","address":"eKEdxe3O3m32pGy8OAB9DKbz5ia7j9ogqLe8grrR6Uuo06ibicRWamdaeXwpsMaj6WqU8ZkJkQfzfuSPquS1SWDIw/132"},"103":{"id":"103","address":"eKEdxe3O3m32pGy8OAB9DJszicanwrWwKyduFv1UeI6gCfvzGUTrCbS9pLDWFheH5T3K4vRpodP9R5jpjCUicTdw/132"},"104":{"id":"104","address":"EjW08lGy0nKLllmpd29ZlFUCkzicb4ibA4gjA3JExn5zsiaiawibBmkS8dE8LoAJoFQZYsHMMQ1uNibupWoRbibehrDmQ/132"},"105":{"id":"105","address":"eiaNmibSp631ofmdylQ7ffhbRmI7VYGkKAib0odoa1dQkSKoDkGU0tic2j95rGH0BZTibRuFbQ8LO1tiaz20t7l1nIhw/132"},"106":{"id":"106","address":"EglkAoUoTlefpRCBXfFlE2EEQMFNhBVRdUJU6A6pKXibiafRoxfEJkd35BR9EicHJmPNrXnWm3ibW5PSmSHrjiaQX2A/132"},"107":{"id":"107","address":"EeiabvfmftOPxQxVc1CFqAjd0iaicWbTmaatUjttN7tzo4KTQ3jicn1InYQiaLiaYcuG9Qt9PCTfclZ8NUZTpQCLUjZw/132"},"108":{"id":"108","address":"eBq2OXplpDeq88uheYEYve5oaTM3icI6kUUxteBlJIok0bE3bQWOiajnRSNuOARTCMECYFUbic5g3ICrYbkS2Xiaqg/132"},"109":{"id":"109","address":"EbH99oNKQKy2WWnM8NicZNvO7wNaCzzVWdB5mfw5O9LVsasIrExpvd8EEsia5HtFDicAlTFxPQiaTpg3fVP2YsoB9Q/132"},"110":{"id":"110","address":"EbH99oNKQKy2WWnM8NicZNopLkb4bOrB84eUSf3B9ga6zsv3oxaibTuYYaptIgakGfYmLiaXpNQYD6IicLalkafUpg/132"},"111":{"id":"111","address":"E67nr1TAdw1FCzWcicDvPBA0S1ic7yfX1WI8T5TPpWILRicNIpEGibA0d4sgnHapntWfVYoxJBsNxktqr283lMTfWg/132"},"112":{"id":"112","address":"DYAIOgq83eryK4ibBUNZMop4QWyWhrtdpwhntz2UGNqiaSnsQP7SWIShjsicf6RGG9Jib3TY0MjYevvbdSt8kibogPQ/132"},"113":{"id":"113","address":"DYAIOgq83erxia5dpTeXMHYfnbvmJ8bEiaFymJO6DdSzQkOqP4IwFg1HSTYrsEVxOianPkTtttEpiaZGR8cK7HYWQA/132"},"114":{"id":"114","address":"DYAIOgq83erwG0wibXMvGsYribCR6E9XmL1jAHicH5iaZmzuXO9HHvMatyOURyMbFFlnEzoc1huxE98IZocLY2S7bQ/132"},"115":{"id":"115","address":"DYAIOgq83erVicfdag0WTDJPuXQ8KsZCYY7zUC9kkibW6AHTAhd004LbOe6ppyPhibJn2P0gxQzBdAvAkXFVaf99g/132"},"116":{"id":"116","address":"DYAIOgq83eruKWkr5OUTiaDdDN5TZ3NaIk8P97ywmGjibiaWibtDcHh5GHkXvneTwPgSZnwW8OlZI3SsTwX83Gcia5Q/132"},"117":{"id":"117","address":"DYAIOgq83erUK4YWEWVbkUkdZJaKUJeofAFOwFnxsAHicyj598IbZniceSOKNC7RxwYLicWXa6mqCaogwgtJOoSmw/132"},"118":{"id":"118","address":"DYAIOgq83ertib2Lwmt3PJuhRIaSArh6njJicdV9fDMPFYY7zYiaibu58TTnEniafg0t502T1SqIlhKdalYsd2JwYpA/132"},"119":{"id":"119","address":"DYAIOgq83ertib2Lwmt3PJjAAfPhw0iafGLgDpJMryc8cTb8NwZU3AIR0B0tXslibsRicibk6u292v736InacWuibMFQ/132"},"120":{"id":"120","address":"DYAIOgq83erT1kSClibv5hsiaibG7rzmpc5YBBRVWO2ibrg6VQibR6I0RQvDuxM3x8fSIXLBgho7sbR9Q2f1EQoNAAw/132"},"121":{"id":"121","address":"DYAIOgq83ersJuEdVD7wTtrfvQicuH59YLpF3egib7XG3dgtE1FjN2JV4FL5viaBK1ryxp1liat403eZMc0V4PZv7A/132"},"122":{"id":"122","address":"DYAIOgq83ernAicYC9r6EM7pyZRhTFU1ic6BsZIovTPICKUIkxPwlD2KJmyiaAoweJgCtA5RmQaic9VzVyZe96jtlw/132"},"123":{"id":"123","address":"DYAIOgq83erlVjoknDpktcU2BMIuOWIGFtQPBICLeribAzdyIZ8BSGbfq6DgzflUMQwpPfkFM8a3pJTPY7rjnuA/132"},"124":{"id":"124","address":"DYAIOgq83erKFq8iaRwtKSPsicWqheuXHxAKGmbK5icAicXogBQKAxrspCGpUhGxTPSdmuYWqZ33GK9HR1BXUv0ib3Q/132"},"125":{"id":"125","address":"DYAIOgq83erkeWZVjb4cdNcgu9bmzVFhrgQgZicSWCmW2aQKgPtCkhPJI2YzxHZgXpPya1IcHhhDbcfA1H50sUQ/132"},"126":{"id":"126","address":"DYAIOgq83erJYZbFXee9AoFG3DPJPiaibPStL0UsYhic9Y1rGW2KB8WtZfFENQPQtSh17IHeJZdianwLyzCyibrIrpA/132"},"127":{"id":"127","address":"DYAIOgq83erIJoJWYBGtV1lWEsvajAEliaxzLDcyLzEnCkxPMtNhYt7ibN7gBbWWictXAM5YX2nNOnltxQlADfalQ/132"},"128":{"id":"128","address":"DYAIOgq83erfJjmFaBULB2LkmLQibicXFgqbtiaLhxWGPfoHs7ibKoFhsbU9qNJPfmFXZT3DhzBBemoWJeS9JRNE7w/132"},"129":{"id":"129","address":"DYAIOgq83erF0K5Ue2DicWibI0MR3H3quds5lv6libv1Fxp81dJs3ltG4zhiaibTh4HDdSbnYniaFxQI9N2zWiaqXzt1g/132"},"130":{"id":"130","address":"DYAIOgq83erEYCDl1ztBOunaGPu3JicwwMKdKSLB1qpIS1iaLfYv83grkfgciagIedtS3JPDMiaDFP2kViaXmBQx33A/132"},"131":{"id":"131","address":"DYAIOgq83erDddoB465q1lncqFg4T3nFKvBGSvS0129ASeMW0kAndGRJcJau8dzDvyuOqZFJxzd97g8rIuxx2A/132"},"132":{"id":"132","address":"DYAIOgq83erD5wYkzChVXQzCicFVMVmU1KXPwKZWWyt7kzBULL4ES1kpl3b5yXGSFliaYMkZwfw2f8icj8YagEtZA/132"},"133":{"id":"133","address":"DYAIOgq83er9JLuPxDLYLg9cHicLTNJO5SZF1tOLBiaKPjIlWmbRpgZicWPSDgp1FicCddlwoZsqia5yxNHSNFZ4BJA/132"},"134":{"id":"134","address":"DYAIOgq83er5htlU9XLzvTGZGK0icoyWe2jibeeaTlDYgia2PV3TbeuwiaSCzzm2WI5FLibwhUVJrvKdicWALudspWyg/132"},"135":{"id":"135","address":"DYAIOgq83er0vqox8tVaJf4CeXodfHydHby3mn3ugoRyUcRzl3wHX0qx1cJo4eiaqCtQ25D5KPvKxr6abbbjWbA/132"},"136":{"id":"136","address":"DYAIOgq83er0ib7vUbiaFPlzWdI1B2TdttVB1TXAZ7L3PWH2VlsuayuJxJA5Oww2Kx1to0PH4uR57GPssLnickIAg/132"},"137":{"id":"137","address":"DYAIOgq83eqZ5HngdIUkXvxYbM5uIumfAGXmohHQzETGTiarrzRsOhliaVc4kKiaXa4BhVO30e9HrU69e8g79nBSA/132"},"138":{"id":"138","address":"DYAIOgq83eqYz4uYN1HFET3d3oicmFzIs7Qzk1vvQMPlcSo73UC7Kz0yqt2XicTKqOMicwPA1GSFQ5NlhNNVVwkZA/132"},"139":{"id":"139","address":"DYAIOgq83eqyUXTMCsxBODXygdhYSoRkm9VOyBWrpmg4k480Cw7brsIXv3vpZ0Gx3K7ofn88hrworTaPRBLupg/132"},"140":{"id":"140","address":"DYAIOgq83eqymyczVEG76kG2aTLxzkjibRQS16riaUMaSKbbcnXGeMA9tHFzgqa9ys0fa98QwVjNIM3cBzlFBE0w/132"},"141":{"id":"141","address":"DYAIOgq83eqXQGxkNHF5usx1XhsvNpSvcpU8GlQhQaQuV4kwiaX2lxLia3Hc1Iw2kzF9IgfaficexSvCVP3PHY52g/132"},"142":{"id":"142","address":"DYAIOgq83eqUul0eddIiafGz9VcbauGC4tY3WZpDNGanpDUA9eHYaT618ib7ruNibcY1Pew3rVO8ItTsNQdwgz45Q/132"},"143":{"id":"143","address":"DYAIOgq83equhibMK87yeicIWeoXHibKKiaTlVoJAOyjhzTK2EHSiaBDJccpxYWA8AeahTwTk2WbdnzGPmkLAKAbmGA/132"},"144":{"id":"144","address":"DYAIOgq83eqtKIFoCqqJvBBPjJmaweiaOx7QzComPsNwyrIdPNAqMPFUI16JCibhI8qM2b304XibpnBtet8W8Jnlw/132"},"145":{"id":"145","address":"DYAIOgq83eqrvGnUSibYVqCQpney8uAibQdxAecoeSicQ6OwSM8kveGibcm1HRJrME77MAMLVdgI5ZwRfHibe1IomSQ/132"},"146":{"id":"146","address":"DYAIOgq83eqrRHw32fMN0TOictadEnVf1RSjnL7MY5dIpakbQ5q9ibLiaobqYRAnKL9TRrcUPX7ZQXcxgkOlMa1fw/132"},"147":{"id":"147","address":"DYAIOgq83eqPu0xxoeexN9jIKY7xDJZ8msYGaw4MiamibooDd3xPBsW19O5QhuZTZhOuOsicAdMqOKL6ibGUxZWnRA/132"},"148":{"id":"148","address":"DYAIOgq83eqPQ3F4SQVavmsARo5mmBT40IOX0m9TDT477AXwJEibV3Utz10s7SpwwYry7ib3tUWPQGxx3GlJ10nw/132"},"149":{"id":"149","address":"DYAIOgq83eqLv19l5eKQyXxtLYagcf8nVTpGhvJdOjRCUMYurmfctBzwgLZdibG8icz1FKW7zEich3D2kCDxwZhbg/132"},"150":{"id":"150","address":"DYAIOgq83eqKUqHSvH4OZ25oAam1jiafXy4kWrHlyyxOq4D670SNWeNuic1w7aAnVrTsTOuHwlWqW1PKOjZSTILQ/132"},"151":{"id":"151","address":"DYAIOgq83eqJcCoK0QXlGgpw0UxHueCdjGfpq3cEjQyStvibA1BsGjn7RaFwciaXVRdKgocm4Nes6QAgibgibdDicHA/132"},"152":{"id":"152","address":"DYAIOgq83eqib6TXh1ibJUG2AjegicjmkJYaFwM41z1vh7YxJy533scY5TkS0z7QDpGsGiaWXImjjsz6jDP7BFj62w/132"},"153":{"id":"153","address":"DYAIOgq83eqiaB6uSNssUJj5rKyI0JTOzgxwEBuicTInec6vzdgwicD5JfDGg5sB1GZIiaGlFGRDv5ZPuicccDc4bEQ/132"},"154":{"id":"154","address":"DYAIOgq83eqia1ia8X0cdqEwOx818tc796pWj8FUeQZKBOXOSaURTl25WpsMiasPWfribibGlTj0LjTgMWLgqcHdnKw/132"},"155":{"id":"155","address":"DYAIOgq83eqHAu3lZyoaOhEIPzibwtm0A0D2KyxzBN7V3wd9dwYAN62QZ9StTicDIxtJV14yb27XsBb8KdTu8EwA/132"},"156":{"id":"156","address":"DYAIOgq83eqepKwDQ2CNQVRDPLUOKQENzL9xBTPtAIyGgtO95ybZ1n3tCMic8oWd3TFeEB6kcXvecTfFE9rXvdA/132"},"157":{"id":"157","address":"DYAIOgq83eqeCBNmJxUkh377rRnwMf9m6hncOTyWanDZLqQbXiaybXkD1ByYf1dJdibXI3EiacqySFpLHB4qOxoibA/132"},"158":{"id":"158","address":"DYAIOgq83eqeAq6Ew3Q8PQQuaBLGKeytcrWYtJUgECbXGTDUXEUYDvf8o7d3OdSEErdmBZ9ibSDxTcRCicRxsXdQ/132"},"159":{"id":"159","address":"DYAIOgq83eqEacia8yO1dRw5bbicvK2iasIaNoezTLNJIgJzLLdsoezepTMXWicAGX8p3lS12KxADMQg6fPEXQjJoA/132"},"160":{"id":"160","address":"DYAIOgq83eqcQXD1GYy1eSnHBkJx0ic7f1JRzZichNmc5lvWUfibcMnD9lBCgjDUria2C9monhEjFOQftKFZ1vY1ibw/132"},"161":{"id":"161","address":"DYAIOgq83eqciag1azVsVyqibDfYfficricS2nsLgib4SvthuJWicoHsxgKH74Id54SQPuVlNn91YRrOJ80kkicqQjLfQ/132"},"162":{"id":"162","address":"DYAIOgq83eqBK9ZuicRmGB9bsN0ibygkMtwOoibWA9ZK94O64Bmxs57hiaddtvZLQyW1u07MoOCibgXudj7uIoVNAxA/132"},"163":{"id":"163","address":"DYAIOgq83eq7libiayxuJyuiaIxIziao3ZLoUg5FYpibCtooyEAtkIven13UJtzWV7FMrkicBSujxzo46ZbUq5hJYOUQ/132"},"164":{"id":"164","address":"DYAIOgq83eq2d8mGwPshVhlUA57e66brXrJ9Da8eqnwfDgCZxm7vvRPicT7icqr8HwzxmWG6z7c6WDboicDlGUdzQ/132"},"165":{"id":"165","address":"DYAIOgq83eq0pwNuWKKvTZicicUwPENibveMeklXrPReVeiaFlEbkwDQxUPJy6l8dmrscGoGVNEYJlG7Jd4edmO7KA/132"},"166":{"id":"166","address":"DYAIOgq83eq07Ms64JbE1X2qFCJ5gPQ484VcicjdyYFibzJ8sKPx2WnnKGWaiaicq1kN1C3dWxwiaaFTjkEUPZ4icicAA/132"},"167":{"id":"167","address":"DYAIOgq83epYuj0hWCdU2xN68iap88F87KTRHbaGfhiciaZEm1PibYkDNz3ibrZSbZrK5KIJibicIVicnZMom8EaHucutA/132"},"168":{"id":"168","address":"DYAIOgq83epYQC0frNvicFSYZolK87Ie7dnCF6whR0T9TVMakMaYebYXVTSu6u39kibdAF9zGjRJNpOWzdq8a4OQ/132"},"169":{"id":"169","address":"DYAIOgq83epXxiaZoxYCUM9LN78icyL1Vk6zdkmyicMkBTRd6bZXAdSTyvOosSliaG74EM68XoDLzMxKOf7uEoiaqCw/132"},"170":{"id":"170","address":"DYAIOgq83epXibZror2XRW7U11cFhia88f5xlLvlRoNXurjcpLhlQPWTP3vDrlwOwT7xxLGuCP7tlicyccsmExJZA/132"},"171":{"id":"171","address":"DYAIOgq83epvep3lShSeqickDQy0oxnePRa6a04ql102x2YOdiaL5q2icEaoq51ohjYx7EI29ShvGxJxJVtUGZGdQ/132"},"172":{"id":"172","address":"DYAIOgq83epvEJsXYHUS8NV279r34NGjLlHr1htKlx2y8YPkZKbVicKYz5kYxTc3erawsmicmSL5ay3zMAX3ehhA/132"},"173":{"id":"173","address":"DYAIOgq83epUHMHeib7arLaeHXxnYLUkNv5KN0SqefQRsPYhygAkG85boGttcB5zcIAK5cfcMiaicstujnvqiavSdg/132"},"174":{"id":"174","address":"DYAIOgq83epSG8O9II1WMaPz5Kj8uceGL4NYMP7ibnSWwYJlyEqqc0o2EA2268oA1PLUarnlyp3qUpwHs9kJb1w/132"},"175":{"id":"175","address":"DYAIOgq83epQgdjeEAgz5NicWtOgoNic3cBsiaC6qXggQraxjdRWVDoPP5JmJ4Pb5dnm5qmvNtoRzH2uibVTFBibTMw/132"},"176":{"id":"176","address":"DYAIOgq83epOibpSL9lfOmGYs6YOlLHN3c496B6h9Tw63UyZ7iaB05OtoU7Il8CiaNRkfzTJbKwWl1GIKDJqZkTwg/132"},"177":{"id":"177","address":"DYAIOgq83epNUVa8AKE6ibHCpmyyvKor0iaM9Mia9gqpPpbiaZ6QQ151nW6Fib8M2p4Uzu3sQmXwVcMeSgjynuXBz0Q/132"},"178":{"id":"178","address":"DYAIOgq83epNOUFoAdRWc9uic5DDGKQNJ4YqT64FXnBtgvKsNc8Xrx4a1Z2r7ibva35EibfY4iakA9vXknicyD8riaTg/132"},"179":{"id":"179","address":"DYAIOgq83epNOUFoAdRWc4EYRO291jsiaMWuZfYWxTUDxOV3kvHs6geuTbfER7bibspkQhmlPfcnibVg38BuuXlnA/132"},"180":{"id":"180","address":"DYAIOgq83epN18GVn25ZiaP50hibYLrLAW7RwlxlVicEkklHviclmc3akhJ7AdJbniadcQstQLBon6xfz9r3lhtnZlg/132"},"181":{"id":"181","address":"DYAIOgq83epm4S3M2eGYiadxwLtlr6O013L6KCJvxJo3vic5lC0CiaFRcibgibtYvYP5OvxCS0HNsFZRPTu22vJ9kSg/132"},"182":{"id":"182","address":"DYAIOgq83epLvibUgEtpiaTMPAfficbHGZA6oD6PrVBPSfIzTEp9diaRcMtlA7ticCJoKDCTbkOMUNolKnhuicge36IA/132"},"183":{"id":"183","address":"DYAIOgq83epL0aewicZfCSalwf1uPK4c61JibJ6jmI0nYoT4j2JaPrunNMWIibjbKsDibqnERzhPFeYdKd7XdUZa2A/132"},"184":{"id":"184","address":"DYAIOgq83epL09anejpkSTWzpiciadSlTagINdFYs6DUylibFW77DLqN6C733055ibyb5bSg0keaHBgjwLD3WLVwlg/132"},"185":{"id":"185","address":"DYAIOgq83epJK5qAIEibhay0o8cqdLtEjDHiazgMhTm33b46BpQ2UVG9LyRImNaztnnUHP4qscK5TCwxYgibsEIlQ/132"},"186":{"id":"186","address":"DYAIOgq83epJbxlvia6KGZ8Y9c9XxMqMDibYevtkFf2enjtwIsGfqcaqKibMrnHWETTgotJYGVdGPz0n4IiayEn1YA/132"},"187":{"id":"187","address":"DYAIOgq83epHH3VgcqsPaaMH5A6qccWujJrlsIricYnhiaBF55ViaNYktZ8Fa8dIfHo55jiaqvXBpf0ej4cnlZgOMA/132"},"188":{"id":"188","address":"DYAIOgq83epEzqxbm1PMMzJKu1Cbkb47vTkaDkadosZz8vQDuvDA9QYqR3c5vlQJeMxLjKPb8xicEI4wyriayMkw/132"},"189":{"id":"189","address":"DYAIOgq83epd17gbNG0galrpZjyVF9udGO3PSvZ1bCFTicCsapjaFue9up9QOXFG8jT454Cc1kRh7EJCVx8kz8A/132"},"190":{"id":"190","address":"DYAIOgq83epCn10M577EpRUHJG5g8YvImzwPsQqDYP8lCZWIrSNbhyFmCyaG6slPKgbrdqGyh2mEA0V6ibTETibw/132"},"191":{"id":"191","address":"DYAIOgq83epAW01RxwOBWkce7wZJBZoWJ4dI31NTtXRsyayRichqDDAERaWD1XtN4w2w9kGPCaQwzeWNXbKXIbA/132"},"192":{"id":"192","address":"DYAIOgq83epAD8qz0HR1PHlebcA4ky1BNj6XmIkrHFia1vS5mY8LBN0EqazacAJIiaHJJaL5OXNs0WReCHTXZUdw/132"},"193":{"id":"193","address":"DYAIOgq83ep9vDbjGIIrcl8XdCGdibpbnibtCnMTqujKlW7Cu2cslAVS7pZT8AhpWctDwzl93KzZJa9Qe169LCUg/132"},"194":{"id":"194","address":"DYAIOgq83ep3Ng6BiaicfBrBdBiaK7Wmn3PwmTlzEYZUju2jCDnp2gS9QoNqQzfpdpYdUO0YmL0LooPfNPvebbECA/132"},"195":{"id":"195","address":"DYAIOgq83ep3GyftqFORuEcXib8foM68vBUqP5YK85Xa9DibzTj1vbkRw1qCkaLyuico597objRaQBCU7icibCqnQBQ/132"},"196":{"id":"196","address":"DYAIOgq83ep3AYcUOMBolAHlogYvqlYBKoXM0hNR4FZ2BCwoK5I6GoOHmVaahQpnHPVC8jcItI4pyNBtg3YeYQ/132"},"197":{"id":"197","address":"DYAIOgq83ep32PpsKafFuJnPD8SaDCcya8cTdia4icwMd2meSKvrKPhLC1X6ZFn2fkzslay8y3UH0THdx3aLsFpw/132"},"198":{"id":"198","address":"DYAIOgq83ep07iavicwHXQNmenY4xSVGSJA3rtJGexKVciamFo8cXic4OYkAQnIOOd5dPBpWdXxc5bhic83NsGI93fg/132"},"199":{"id":"199","address":"DYAIOgq83eoXJtQN1S4gdT4o2gyZlnbJnpO9LM30caPUX0KWGB2ibhLiauX4cBoXgzkF6mzCLTIbCu2IwLWwEl7Q/132"},"200":{"id":"200","address":"DYAIOgq83eoxcxuHcQQwqQWNgzHlEric56tYQcIQYSkUQnJiah0BGr4uiaUHkcBzNICvqUKcI7CRAjCoficThBqpBw/132"},"201":{"id":"201","address":"DYAIOgq83eowZVIf9liaehZe9a3DFQ9Rc5xzm9LV5AJy3eoCTEJTQQic5FeS1qzhrmnicicZUCQLicM8n34ypZiaMIVw/132"},"202":{"id":"202","address":"DYAIOgq83eoV4AoVsgvG4hhssDQvj9bMga9LNCas77zhibSntgVJZAnKpQPjv3xqib76QfDnTBfGpib7T6bvZPywQ/132"},"203":{"id":"203","address":"DYAIOgq83eoTnt9SES5rMVLnXWurd6nIqQ3jc0o2Ycy7eeiaBkozE312iawpP1yrIy4tRoU0RGJ0DSmZbImwv0JQ/132"},"204":{"id":"204","address":"DYAIOgq83eot29u0tswbThlyF66tA6UFEtIXnfU2TfXzOfPop03epaoc5A5OlQrtxId4HfuT4pMGUCW6icia22nQ/132"},"205":{"id":"205","address":"DYAIOgq83eoSLMMV0Gic9ZwMHp63xWov9Pq9DPKkYZaTEjCmDQk3kcZKicqJz4gmTEB1gTACHMPYaQ94oLic6ZxTQ/132"},"206":{"id":"206","address":"DYAIOgq83eopYNkeiaODEDJHDQMJ4hg11qSY4zMwYAgok0Cau8WYDo7f5DouBR9hwbR3ztFDOjNF5SHajJJylXw/132"},"207":{"id":"207","address":"DYAIOgq83eoOF7Iuw0wCI6f2qveHxFwILNiceqCK0KTQXzyMm8d71AAEZP1sTZULP88JJaBBuPH4DIG3sAEtK2Q/132"},"208":{"id":"208","address":"DYAIOgq83eonlL4X4g9QLFpl08lWBrWjsgOmXibwcQibopQ1sNKzDGwcUgavoWl49n0GqqdoVBVFW9xMQrU8dtvA/132"},"209":{"id":"209","address":"DYAIOgq83eonebYIiaWWTgwibt8XzWxwkMV9NHvIHZ9ib7AS9kQrr5wQibQW1PP02uROQ5coZNaBXwmjSeCNlQxw2g/132"},"210":{"id":"210","address":"DYAIOgq83eonebYIiaWWTgw4JFRmWAe9ibfH1tHYyHMvsVWkFyEDEFBnBZicoc2vKtF0Q2xBh9vBQmHicSYuxDVWRg/132"},"211":{"id":"211","address":"DYAIOgq83eomys8rohEE4NfTOBQGxCc1a4EtJs2sIia7bGg1SdRWQkuzeJlRRvnnJiblBGdbrS3qkKqhcuAP8FAA/132"},"212":{"id":"212","address":"DYAIOgq83eomfhwWDaIt1zzIQeVQ5eGcNGvRymMfc3ibSUeNjVJM3ItCFcLRNxzRoud2iasulBcUibeDoPXBjDTLQ/132"},"213":{"id":"213","address":"DYAIOgq83eoLZVzf83iarMNubk7fDichQeojJ7n1kzAqHQDX6LIqoic6TkfSUMEdk6njUO7x0iaTveXIaicatibKpGZg/132"},"214":{"id":"214","address":"DYAIOgq83eoLtQPznOYu72oiazC3UribOYn2afEenaiaenkodCkSQuJnFqicFIhURNibNhaLibsU3Yn7sztG7GUcqOvQ/132"},"215":{"id":"215","address":"DYAIOgq83eoH255NXZaTfwEwaQZicMPXZdQpgBAAicChHvKjnz2NcXgh7OFANnZPIV73mp9kYbvwGjablIJ5NzmQ/132"},"216":{"id":"216","address":"DYAIOgq83eoH255NXZaTf9TajfHQpN8ZWv1ZmapjPFWbA0e2jh7g3r9Ijzd69qay6dJHvudL0e4jN7nR3oeqXQ/132"},"217":{"id":"217","address":"DYAIOgq83eoGMlZWQwSGrgibF0wibHrlv2mssuOBX0jJbmibTedAxVfKb3pt9xrETEoaOL2iaAr3BzydzhbpXjEvUQ/132"},"218":{"id":"218","address":"DYAIOgq83eogJF8cZuzMiaNREnxQCWkOHTK5MWeypR1CpUlTWSoiamDc0nc1DuQsj5sSp1mzibn9IUGIcKMdZ8d7g/132"},"219":{"id":"219","address":"DYAIOgq83eofWcibpzKG7HUkqzJH8ockB8KKMXkVRRx1ud23h9fEOPRvHjGb4mQPqtVjZCUlMiaC5UAnBrjYibAlQ/132"},"220":{"id":"220","address":"DYAIOgq83eofL3ywuky5OeE8uwynNzEviaj9SuzjWYqyM7zNpC25nFHnFGqBnqpJUib2PiaLuloNib4tljSwYSiaHow/132"},"221":{"id":"221","address":"DYAIOgq83eo165gu3LrdhIA74Sia4UbaZsqXemZj3J0CV0wZ1ygg3DLfPrFGhMeLhJshQo810K1PFiaf0YibDL59w/132"},"222":{"id":"222","address":"DYAIOgq83eo0FPJbyavfAFuQicuGj6pNFEGvo8NKwmcodAD8UFRxBQtX6PRrJoXeQZxBeYoNyicibC8CKLm1zlk2Q/132"},"223":{"id":"223","address":"dtYvbUtXIjiaEmS5sdKGOdpOTA1R0WZsfFibRPiaA5RtOJdmBKcbVgluCt5z9u1KtPuNUzI0JCCfCRlhBzbqFd5tQ/132"},"224":{"id":"224","address":"dtYvbUtXIjiaEmS5sdKGOdoMsT0aTex89bqBrb40drBGH39sB5LeibG4P7dDddUudFKHhfjkRUZbELyOM7rZ2xmw/132"},"225":{"id":"225","address":"DTib3wMzwoMPKa9QghicpG5kuaj9ibrSCt6vtZCKmwXibLZrXLtatWTA1OCCkeR37KzwiaRBFQicUjILdFO2wXCE9oDg/132"},"226":{"id":"226","address":"DTib3wMzwoMPKa9QghicpG5iaeTf0GCzce70tusaYYzqbL5RDicZ1icS95HaEn4SvfOx6IPAGFB87dJObk3F2VOw4Gg/132"},"227":{"id":"227","address":"dS74XN0GGbQ8JhZ7usibdQYIzrjAuwV2ibUaMa4LyMm7JibpPE4PLkSS6sm4OHk01R9g3LAMLapBz1JmzvcOhVx6Q/132"},"228":{"id":"228","address":"DpXRpkSsmWx716p9vibekicNp23e6Fyumk1HicibBKAl85fH5Nwk8ib8w1HHwKpzO9M51XYKSgXFOjetib9viaX57GysA/132"},"229":{"id":"229","address":"DJdzDj9ia6TUficZCZQQoUlFx4uT3Zv5qlZsibiaHOBJlfBxZUpYLMs3Wiaw4JibkAx8MR2Vic9xjiaVA8SqkMia3wsT6cQ/132"},"230":{"id":"230","address":"DJdzDj9ia6TUficZCZQQoUlCEXNX4byNcRJSYw5pDaL1fUSibwtxuchiall25M2ltmQ8IEyI8odrftbgI95zabKSsw/132"},"231":{"id":"231","address":"DJ2jKoT77K61bLeSPiblExZV87W37vKOnRKJl4xvibrg0icX9xGKd0vMibUmDLKS8FRhjI8DKrpEicXapaAXBBzkRZA/132"},"232":{"id":"232","address":"dfuCFILzpEnX9VTcxL75GGSSDFNibmtpEybz4EPMDxlIeenBEuRCiaytibhQWLjVtqezh2oLMwaLkLOHynYOkJeTQ/132"},"233":{"id":"233","address":"DEiaFzfWQxaYOrcW4c0D7OwibZUxZIhdoSJM8XicP9ZUSQrocwibsgCicntu5YygiceYm3IH6kYZNswBrMqbtG0p6WTQ/132"},"234":{"id":"234","address":"DEiaFzfWQxaYOrcW4c0D7O0IY2Alo7bq3RexxaOqUAeBRIias2ydjpLd4GLDT1KZMQUeaoiblutU17JY31Cpk1iazQ/132"},"235":{"id":"235","address":"dAZndBSYicHodcSkt3krO9yS9zIWGM4nqfM3giaxGcfKBCkjzYBCNYRj9cyInjjLdFv81HlMatibDhEXNgwwwJ66w/132"},"236":{"id":"236","address":"d6Py7fftiaNseoT5wNbicZ3wczn0DRc2DCh9lph7NicQh0WrgBmicC6VBdNu563UqzzboAKwrOwvUGwpdia4LnE1e7w/132"},"237":{"id":"237","address":"D2sjIYHdhPU9iaibVlkY4gEjM4sez2ia1NQvJx7V8mFuDeY2Ed8n1fAlB2HwJfP6GXMLPatG7eCYlQ3aI7JUVyh8g/132"},"238":{"id":"238","address":"D1JjR2qIB7HKN9VRTaQOyw6Hls4RUA8KzrTFnjIMDs04EmdQibHXicdcW6ME64WOpwJFzMuczbKGBNz0KWd77NTg/132"},"239":{"id":"239","address":"cy7THOLNqgbj90kyX2yrtVfbL0QsibQKJia15pOA9aGaGm9hHLAzo6bbmMXcMYhBL20P0YjpLQgz1EvS5JuO9GOA/132"},"240":{"id":"240","address":"CtqGnUcxSKSyVicQuCVdFz8rJnrFeMeJ66iasb7TOwSuDV9Tv3zSkib0dAPJTaVxGiby55LiaMbbNg7ktm8hicztGmtg/132"},"241":{"id":"241","address":"CRxKnibUZOiah83Qq8zXwjp4zMCdmdecDMWs3quzt5xfmPe7RHPLibTibeZMIhrfxfYpTO52ToesvcZPkk4GUGo8fg/132"},"242":{"id":"242","address":"craicwwxWJG4u9oOtZoTzx12HfibnfvGGicoGwia1GpOMMonibhlUjDODGCj2GutIdsdGPULichISZruibqQ6kNTibBibibQ/132"},"243":{"id":"243","address":"cmSL7sCzT8AApnHbGWRlncmAT28gAOlP7CTL3jDO2c2VIVZnPAmGcknmMKH3NuW8054NN0tibYwYxyWd6lSCkVg/132"},"244":{"id":"244","address":"cjlDz6lXWiadHWvicsQCAEHwiapuV05Vr2PbJyrEZs9Gk7f9f6ZNcP7msExfP9oyOavHLp4cAAoS7kur4Hc1wMD3Q/132"},"245":{"id":"245","address":"CicYmicDeTHq7x8gv7FHw6gvtSFg5NAEQUJNicYzGLgbtTM1OXB6nhTIh5tNjCO5wMuAQlZCFN7UWputCiaOdrSSYw/132"},"246":{"id":"246","address":"chMqczIChvg1AXBmBran0D8PzEP8rvtiaDdSKQfzDVuQgHriaZrSGWVTuGsLI4Yiaibke5zq8tR09iaKOEUYxWXjQmQ/132"},"247":{"id":"247","address":"chMqczIChvg1AXBmBran0BGxibSqX7vz74EBapDtQLCFvKmicfS8iaMmrBdx0AunJbynkPbYpgkrgasG2BWibaCIxg/132"},"248":{"id":"248","address":"Ch40Iiasiau8VPILUEKgGZb02xYIHydMKO8WM4xThia59lpicZnEI65opZgEkgI0AMyvb5rxSibs00NNagj2ZYQRLWA/132"},"249":{"id":"249","address":"cfgrXLLbYRtaOAOuref7MQUdNDYmXbx6wvTnWicBXqbcEBa4HoSNk6tYy4icvWNy3cLaN1ZGPGe1UMvK5icTiaDS4A/132"},"250":{"id":"250","address":"CEWufvUZXsXn7MzDezSMOkDzhgPQ20YzpL9zhL4zZHUTOoEkzIkl6j8JSVHdgh9Ew4TibY166ApKPVYfcxIX5UA/132"},"251":{"id":"251","address":"CEWufvUZXsW8t6sdF2UfciaRyWcqs14wRq8GH14IoW6Ja3ib4TcnZRerCoYfgcWP5cfULXOibP8GldpI2ZekqJrPg/132"},"252":{"id":"252","address":"C9g2lbQxQCDyGF1mytKia83pVVLrTXqaGHKgZw7CNdWJrJ0xo9c5wWc83mVVsKZTa70ibHmLzNtUwlXPOu7ZO5xw/132"},"253":{"id":"253","address":"BVrSXhCw49thWIiaHH9YCRmpnVibqcr8t9GQWHBl1icZDIbhdvtL8uMibXdjtD6cNZ03GWuuBNbEsiakkSQXFicDd2Bw/132"},"254":{"id":"254","address":"bUW3KIWy9jztE4ic1LCK29LQwhvKECsHWLwBBwCs1XMtK3BaAugy7JsMyCP5M6k3GIqrgHwaiaHDqIP3f6NBERgA/132"},"255":{"id":"255","address":"bUW3KIWy9jztE4ic1LCK29IZY8fdo9KRxlbLzAL9u3qZ7tFfyD5LvP33oeKzDfEJcZPukSKLLp9NUSibZ70k43xg/132"},"256":{"id":"256","address":"BUO3ZFWLibddOsgbS3yibuBLp64oChlws4J5A12hicoPMVZqr2EmYHBznkpIoAH0zicnsEfia37qwsg4jibngQYSAVvw/132"},"257":{"id":"257","address":"BRYEZ3IUdVeiaxo6USM8e1kWDoo6n184iauzibsvbFv29dn3Roak6Yicjp3cXmp0DibrhxGTEiao8tiaoOHEB3YLnfcTQ/132"},"258":{"id":"258","address":"Bru7fC8QLsNmSd1PjHcHhibPVZN5MtGnItAxibr6DfWic7vFBjIAsMwnvTIiaBYWqZa5HVR7uIwMEYIicGNRQElWEbQ/132"},"259":{"id":"259","address":"brqYCiafjNSHE3LgCQthAUcVibLxXwKpaVPKkpdUJHQbKF05rbdEfEhohnPXajJaOWBNsNe3XcZGBiannEOFTNDQA/132"},"260":{"id":"260","address":"BrqmKlppBk7F4WicUmbe4ibKJSUXzyjwuia4klNvFNTOqDPGUXVu74yAjCZhtAtOdMSBoaPqiaBLPNrGX67UvP7tvA/132"},"261":{"id":"261","address":"bQ63I1HcPIk2PSUyickKpkXiaoxXfVBHS49oHwvTR4iaxdibicA9A6nOReyL8oGLOgLWmxL3IdyGr29vkstNXcYO21Q/132"},"262":{"id":"262","address":"bo718RjUy5icKrkurbSgkX06uja4LMKFzqpShlwQSYUEiaZwHBDIqDIdIan8ZDsN5iczVBMHU15wP3OxhGH48UNYQ/132"},"263":{"id":"263","address":"BMLcj9chesoHzUe05bHAQN2ibtmbjxficFWWyR9szWdEp1hBNJFFEetWvEU5ZdfOkV3GZI7awpdZicHSvicUvcCnwg/132"},"264":{"id":"264","address":"BlGJ9gl5WCJTtKLTpibMUn4yGZoLdhDYQQqqUxq3oQAJ6LEo18dGicmybEE5yicAp1y7fOHAcP7kCDFeF3YvSyLuw/132"},"265":{"id":"265","address":"BJZE5oZ1JRQ1PzSgicIY458cBNG2lmjOaS2wI48MBricylq8mL81LkUpNJxpFM9EDq7C180vBHCrv2DMw5UeWBSA/132"},"266":{"id":"266","address":"bictTMAduUPHFTNDVVluNnTzWfo2RzZJAsd7OFaeXHzNBuCpUL3ic5ahsPIGcxkrrNcCJafwia9V941NLUOgMWk7Q/132"},"267":{"id":"267","address":"Bic3VBnvyA1oZnFFWmFGG6xQHR6o67wgD3HtsoIUkQDlNYs2LCxYZUMxgNOgfzt7NNMeTnELvWQdvb8DOnUWUpw/132"},"268":{"id":"268","address":"Bic3VBnvyA1oZnFFWmFGG6wrHic5LZQiaFp1dTib2n609AkJLnJ2pOrFAN6N1Sqewjzz7QVkrkTaEhiaqzMEO8Q0vzg/132"},"269":{"id":"269","address":"Bic3VBnvyA1oZnFFWmFGG6ibibGaLFf75WrdGF8m5R4SB6LkhUWfiaA6VicoGharQOoZPJFgQsdqh2zx3LO7ibZasJMg/132"},"270":{"id":"270","address":"Bic3VBnvyA1oZnFFWmFGG69Fn0dF9Jdtnibu2icBZ48UI8QabF7G7h8BTE5eialIzfd8ria3y4KmOQRDbcYyVib5SYicQ/132"},"271":{"id":"271","address":"bibuLdy2PYKmKl4mV7Prb5cj2kwtlthm2bTtcyh0PAs4pkeFsaWu8T2UTXnSRtro6UtefS8zV1q27GeXr1lt6EQ/132"},"272":{"id":"272","address":"bbyatufTQs38BpazHfZEIQaFeNcWVLMwYLQJH9vmLWBYqF4WLgHGIYCMDJIM2oV0mnbVTP4G1bGo9Gh2fMyQcQ/132"},"273":{"id":"273","address":"b3XCB1kvXvub98wEqRHVzg2M0ljlTpCl77PqcLLVRzt89Ila4qVPaA0BjWOIfXDyc3FsO6dy81O2oBEXQuIeibA/132"},"274":{"id":"274","address":"b3aX3XT64VlD7JhD6HNrMuRYJdsQkJGlmuhLOEzg6iccy7icmicfKsR6wibYlibqH168Cg74dBlz8lJoZM8zwEHGXBg/132"},"275":{"id":"275","address":"b2oS01SRT5cNXTjw3Pz8bKdVOQxkviazFVjtrAibFtAMsqsu4Jj4KFIDgIJzS2UMGKiaib4apDOyFFm7Z80CPtxqtQ/132"},"276":{"id":"276","address":"B1uficCQ16omsaMNnxyJSZd07WJOoViaTRia57licv2FO3jF5DZCP9sdlsO0nVFKSaYrE3nwQjibo6bOgqiavYHrBKiaw/132"},"277":{"id":"277","address":"B0bI018UNkRnLpFtwmVKq2YqqeZHFiaKtCVetJbabPqLWqRQfEFhs4ZibticX8AfUCUuGjObQGvfIdEkSdqWbQmVg/132"},"278":{"id":"278","address":"AZRnynlKaFbUgJEHC5BBWjBVdjdUibWc5p9bHjxMUBbA31aAMIZPNVxYEicTn2HQjTtDBywf879IBvqxobUib6OnA/132"},"279":{"id":"279","address":"ayfA0Gq2lO3bkJXiaxfzibqXXQc0dTT96EpzLCP9oljGUfLkMV4oNt0SJ14J4H5UFL6iahxQcxlIDVCRS5iaPibVQOw/132"},"280":{"id":"280","address":"AWrNt30IeSrxFqiagAok4kkn05BicZVzTWg2dx1GTKgGXUCFiapia4BzKJUUbo4yDhmrQyD7pXwrwwx1Wx2UstMFaA/132"},"281":{"id":"281","address":"awKtfhv0cT71HiaheQYSoaVaf68txwHVhtlnAH6icCERw81QeKtyrxxE9BXGbdHM9veLib93Uy7grjEoLLcsgiaf8w/132"},"282":{"id":"282","address":"Aw6yibxiaf2RE8SEkuQ4OU013BRlTS5rX0LtEoOXltkFtSqt1r6aYxdGsaV8D6cBLYDVHXvL6fnUr0uMibug7Z6Iw/132"},"283":{"id":"283","address":"aS7TVkJuJzlYu0sibhapmGiamg5Yvc6ic7s8Kj8BSicA3hcyYWrcgRv21MB0KxDrq3WgCzpCEfLHZconr3rTP1nhTg/132"},"284":{"id":"284","address":"Ar8ZLb6TlWWapibZRUmvbtpSOGBdqvkZzV6TiatOpxHAQe844rx5XxttILVppQ6yDzT7AhlX5m5YsRS0RticrSx2w/132"},"285":{"id":"285","address":"Ao9zPKF0XEuAic8fbl2Nu4mr4ALuWiaJTd2BnWXibPY5Sn2zrKHEopianibBicAMLkrpAzNGUIb8yE0j0QPFBH1KJgAg/132"},"286":{"id":"286","address":"AnXTleL5iaxLT9gjuqBLFVBnGfz4565pPDoXopfJJkAzludzmxMrcCf6F8GLLXMFJ6ia7NG2faw60ppnuKoSVnyQ/132"},"287":{"id":"287","address":"ajNVdqHZLLAD2YLZnuaicxxAjVjjjCyAicGxUFCW4686X6g4s4YStibxl5xd0qgZH4YLtxslzho3PQGtj1EwwGlbg/132"},"288":{"id":"288","address":"aicg70BU0IJicIdj1KGpPVIqDaZThmQLPcz7hiaWCqiako3ByrPTHTCIibCJfQttDwNsXKj5Hs9Sf1ywYlPK6NyHAibw/132"},"289":{"id":"289","address":"aibBLZlYU6UDIicvHcrtQjbzl8dA8LVhQZyVRABPjA8MSDYl2uqMFNuHqSibDv8q8TLkfP1Uza1icg401rh4fcojicw/132"},"290":{"id":"290","address":"aiaZ8F926oib3iaSFWDgZCdhOS24er0GYk4TnXLsnDlqkf83ia1fstDATqRC71rXu5zZwuIJpByq3pzeIg1JEa7SicA/132"},"291":{"id":"291","address":"aiaZ8F926oib3iaSFWDgZCdhJ4iaheHmNe4X8FQyGpUK7r28hDdVAAw6Aa5vlMxDyjHpTOxwlicEUROCIVsDfNOY7RA/132"},"292":{"id":"292","address":"aiaqDCkqEoDA9GkLjWE312G5gjRNH40V0mTCc69eUQ13caGicB1Y5XVmnib5627uUBmBJhgKQnlHZrOI6RibeTWPag/132"},"293":{"id":"293","address":"aHHEs6fcaMM8BjEdnV2pepzzdUa4nPdF5muTppg2OWtiaiawJHQaBWia8ZhVmhBLFlc7jPlK8tdznE7OZMHGYiaZPQ/132"},"294":{"id":"294","address":"AgiaG0ZWwPaSClTduFjhYGKzRw6sHTQmV80hRvKBu7zsBJrCpp1miahr62gyeo3YEt5uQ7sQ5VI4Z4nv4Bw9rVfw/132"},"295":{"id":"295","address":"AfCYdicemiamPQwbGUZYibib5peV7dbD7GwraL8tqAZCUSE26cavmDXY8ticpuyUO0lwBiaCRIQmUqSYF8MmJgkLjKdQ/132"},"296":{"id":"296","address":"aD6c13OoB0fRDHDFibfKm8bJbFQdHxO7GPXcPwyxk51Qiarb9CGGF6HMxSWACqXCWXl0XhIFbmdDDTNbUAzq1c0w/132"},"297":{"id":"297","address":"AczWVI3PwIDzemyUQVm05Xuk4miagRxgfibfo65CVUl4zgcv8S5ItNw6ph2IHHS5UeaqkiayVFXXO3ECXejQHic3DA/132"},"298":{"id":"298","address":"AcJM5WNhE04Dia3mFicLbgaYvqH5enpdS9hsiaoZTgasWonxunPHDHVO0s6vf3bnozzrZxzPdx4Z4Iia4BQDK7hQicQ/132"},"299":{"id":"299","address":"aC9u5MsaolXnb6OlncDOR16Rp1rX0DahzAHryg15KhE3NiaI9GiaP2JNcmrnexe3Q2e7XVuaJhh0DHxicwzT4Uwdg/132"},"300":{"id":"300","address":"Ab9FI4Kmib9pzdnoz3ibzf4nibUib4PmT7MorMdVrSo0KD7yicMjrGHm3rBN80SueYrGQ7KiaVOMwWgMuHXCsjgRWnJA/132"}}}