[{"__type__":"cc.Prefab","_name":"useLifeTip","data":{"__id__":1}},{"__type__":"cc.Node","_name":"useLifeTip","_children":[{"__id__":2},{"__id__":3}],"_level":1,"_components":[{"__type__":"6bd5eqIKK5BW4ZMFQKHajBL","node":{"__id__":1},"stayTime":1}],"_prefab":{"__type__":"cc.PrefabInfo","root":{"__id__":1},"asset":{"__uuid__":"cf+qcnQ3xHsopoGybxc/DC"},"fileId":"64ngjXVmJMNLkB0Mdxdobh"},"_scale":{"__type__":"cc.Vec3","x":1,"y":1,"z":1}},{"__type__":"cc.Node","_name":"icon","_parent":{"__id__":1},"_level":2,"_components":[{"__type__":"cc.Sprite","node":{"__id__":2},"_spriteFrame":{"__uuid__":"62DEtgpyhB77qiFok5WACm"}}],"_prefab":{"__type__":"cc.PrefabInfo","root":{"__id__":1},"asset":{"__uuid__":"cf+qcnQ3xHsopoGybxc/DC"},"fileId":"daydSNEmFKDY9kvMxrbL+C"},"_contentSize":{"__type__":"cc.Size","width":48,"height":42},"_position":{"__type__":"cc.Vec3","x":-24},"_scale":{"__type__":"cc.Vec3","x":1,"y":1,"z":1}},{"__type__":"cc.Node","_name":"value","_parent":{"__id__":1},"_level":2,"_components":[{"__type__":"cc.Label","node":{"__id__":3},"_srcBlendFactor":1,"_useOriginalSize":false,"_string":"-1","_N$string":"-1","_fontSize":48,"_lineHeight":56,"_N$horizontalAlign":1,"_N$verticalAlign":1}],"_prefab":{"__type__":"cc.PrefabInfo","root":{"__id__":1},"asset":{"__uuid__":"cf+qcnQ3xHsopoGybxc/DC"},"fileId":"e5hORlj4RBfIH5p8fq88C/"},"_color":{"__type__":"cc.Color","r":241,"g":232,"b":140},"_contentSize":{"__type__":"cc.Size","width":42.68,"height":56},"_position":{"__type__":"cc.Vec3","x":33},"_scale":{"__type__":"cc.Vec3","x":1,"y":1,"z":1}}]