[[{"__type__":"cc.Prefab","_name":"chunjie_0","data":{"__id__":1}},{"__type__":"cc.Node","_name":"chunjie_0","_level":1,"_components":[{"__type__":"cc.Sprite","node":{"__id__":1},"_spriteFrame":{"__uuid__":"24tMN3NYFG+atr60Ssf5D0"},"_sizeMode":0},{"__type__":"cc.RigidBody","node":{"__id__":1},"enabledContactListener":true},{"__type__":"cc.PhysicsBoxCollider","node":{"__id__":1},"_size":{"__type__":"cc.Size","width":96,"height":96}},{"__type__":"a058dD7mZpHmIw83dheUpZy","node":{"__id__":1},"shapeType":2}],"_prefab":{"__type__":"cc.PrefabInfo","root":{"__id__":1},"asset":{"__uuid__":"02K8it12BHOKXs5kvp+zJN"},"fileId":"93CyKFy8BGWYxlEqk1xGXk"},"_contentSize":{"__type__":"cc.Size","width":96,"height":96},"_position":{"__type__":"cc.Vec3","x":-320,"y":-568},"_scale":{"__type__":"cc.Vec3","x":1,"y":1,"z":1}}],{"__type__":"cc.SpriteFrame","content":{"name":"chunjie_0","texture":"eerMi/HjxNqrCHqRubA800","rect":[0,0,128,69],"offset":[0,0],"originalSize":[128,69],"capInsets":[0,0,0,0]}}]