[[{"__type__":"cc.Prefab","_name":"chunyou_10","data":{"__id__":1}},{"__type__":"cc.Node","_name":"chunyou_10","_children":[{"__id__":2}],"_level":1,"_components":[{"__type__":"cc.Sprite","node":{"__id__":1},"_sizeMode":0},{"__type__":"cc.RigidBody","node":{"__id__":1},"enabledContactListener":true},{"__type__":"cc.PhysicsBoxCollider","node":{"__id__":1},"_size":{"__type__":"cc.Size","width":128,"height":108}},{"__type__":"a058dD7mZpHmIw83dheUpZy","node":{"__id__":1},"shapeType":2}],"_prefab":{"__type__":"cc.PrefabInfo","root":{"__id__":1},"asset":{"__uuid__":"47vR7HWjVElqaMk6N86Q6z"},"fileId":"93CyKFy8BGWYxlEqk1xGXk"},"_contentSize":{"__type__":"cc.Size","width":128,"height":108},"_position":{"__type__":"cc.Vec3","x":-320,"y":-568},"_scale":{"__type__":"cc.Vec3","x":1,"y":1,"z":1}},{"__type__":"cc.Node","_name":"fungus","_parent":{"__id__":1},"_level":2,"_components":[{"__type__":"sp.Skeleton","node":{"__id__":2},"defaultAnimation":"idle","premultipliedAlpha":false,"_N$skeletonData":{"__uuid__":"e93PRG4+ZD5I4mnp8/H38U"}}],"_prefab":{"__type__":"cc.PrefabInfo","root":{"__id__":1},"asset":{"__uuid__":"47vR7HWjVElqaMk6N86Q6z"},"fileId":"beB6WZfvFE7Jh4FW4PTS0R"},"_contentSize":{"__type__":"cc.Size","width":128,"height":107},"_scale":{"__type__":"cc.Vec3","x":1,"y":1,"z":1}}],{"__type__":"sp.SkeletonData","_name":"fungus","_native":"raw-skeleton.json","_skeletonJson":{"skeleton":{"hash":"FdvYDnxcQrCpI6to48fQCyOGeb0","spine":"3.6.53","width":128,"height":107},"bones":[{"name":"root"},{"name":"shui","parent":"root","x":27.11,"y":36.41}],"slots":[{"name":"mogu","bone":"root","attachment":"mogu"},{"name":"shui","bone":"shui","attachment":"shui"}],"skins":{"default":{"mogu":{"mogu":{"x":0.07,"y":-0.16,"width":128,"height":107}},"shui":{"shui":{"x":-0.04,"y":-0.07,"width":16,"height":12}}}},"animations":{"idle":{"slots":{"shui":{"color":[{"time":0.7667,"color":"ffffffff"},{"time":1,"color":"ffffff00"}]}},"bones":{"shui":{"rotate":[{"time":0,"angle":0,"curve":"stepped"},{"time":0.3333,"angle":0},{"time":0.5333,"angle":28.73},{"time":0.6333,"angle":0},{"time":0.7667,"angle":-15.3},{"time":1,"angle":0}],"translate":[{"time":0,"x":0,"y":0,"curve":[0.697,0,0.956,0.8]},{"time":0.3333,"x":0,"y":-30.63},{"time":0.4333,"x":-1.13,"y":-23.49},{"time":0.5333,"x":-5.71,"y":-16.93,"curve":[0.284,0,0.625,0.38]},{"time":0.6333,"x":-11.56,"y":-15.52,"curve":[0.32,0.29,0.655,0.63]},{"time":0.7,"x":-17.75,"y":-18.37,"curve":[0.326,0.31,0.661,0.65]},{"time":0.7667,"x":-21.07,"y":-22.92,"curve":[0.332,0.33,0.666,0.66]},{"time":0.8333,"x":-23.74,"y":-35.93,"curve":[0.332,0.33,0.666,0.66]},{"time":1,"x":-24.29,"y":-68.98}],"scale":[{"time":0,"x":0.276,"y":0.276},{"time":0.1667,"x":0.878,"y":1.165},{"time":0.3,"x":0.781,"y":1.297},{"time":0.3333,"x":1.131,"y":0.547},{"time":0.5333,"x":0.603,"y":1.095},{"time":0.6333,"x":0.776,"y":0.776},{"time":0.7667,"x":0.579,"y":1.115},{"time":1,"x":0.537,"y":1.237}]}}}}},"_atlasText":"\nfungus.png\nsize: 256,256\nformat: RGBA8888\nfilter: Linear,Linear\nrepeat: none\nmogu\n  rotate: false\n  xy: 2, 21\n  size: 128, 107\n  orig: 128, 107\n  offset: 0, 0\n  index: -1\nshui\n  rotate: false\n  xy: 2, 7\n  size: 16, 12\n  orig: 16, 12\n  offset: 0, 0\n  index: -1\n","textures":[{"__uuid__":"bcOmo5MlJFhYUDyQwGxb7A"}],"textureNames":["fungus.png"]}]