[{"__type__":"cc.SpriteFrame","content":{"name":"normal_4","texture":"233nEY1PtHk7ueAZXfbcjY","rect":[0,0,114,93],"offset":[0,0],"originalSize":[114,93],"capInsets":[0,0,0,0]}},[{"__type__":"cc.Prefab","_name":"normal_4","data":{"__id__":1}},{"__type__":"cc.Node","_name":"normal_4","_components":[{"__type__":"cc.Sprite","node":{"__id__":1},"_spriteFrame":{"__uuid__":"2dH0UVBP5JPIywocHrSV9o"},"_sizeMode":0},{"__type__":"cc.RigidBody","node":{"__id__":1},"enabledContactListener":true},{"__type__":"cc.PhysicsPolygonCollider","node":{"__id__":1},"points":[{"__type__":"cc.Vec2","x":-18,"y":46.5},{"__type__":"cc.Vec2","x":-28.9,"y":29.1},{"__type__":"cc.Vec2","x":-30,"y":33.5},{"__type__":"cc.Vec2","x":-48,"y":33.5},{"__type__":"cc.Vec2","x":-48,"y":29.5},{"__type__":"cc.Vec2","x":-55,"y":27.5},{"__type__":"cc.Vec2","x":-57,"y":23.5},{"__type__":"cc.Vec2","x":-56,"y":-43.5},{"__type__":"cc.Vec2","x":-52,"y":-46.5},{"__type__":"cc.Vec2","x":53,"y":-46.5},{"__type__":"cc.Vec2","x":57,"y":-42.5},{"__type__":"cc.Vec2","x":56.7,"y":25.8},{"__type__":"cc.Vec2","x":51,"y":29.5},{"__type__":"cc.Vec2","x":28,"y":29.5},{"__type__":"cc.Vec2","x":18,"y":46.5}]},{"__type__":"a058dD7mZpHmIw83dheUpZy","node":{"__id__":1},"shapeType":2}],"_prefab":{"__type__":"cc.PrefabInfo","root":{"__id__":1},"asset":{"__uuid__":"a6hfh6eVxLl4xNPoImagrP"},"fileId":"93CyKFy8BGWYxlEqk1xGXk"},"_contentSize":{"__type__":"cc.Size","width":114,"height":93},"_scaleX":1,"_scaleY":1,"_scale":{"__type__":"cc.Vec3","x":1,"y":1,"z":1}}]]