[{"__type__":"cc.SpriteFrame","content":{"name":"basebarbig","texture":"bfUykyWAFPw7JQsJmprd4w","rect":[0,0,484,128],"offset":[0,0],"originalSize":[484,128],"capInsets":[0,0,0,0]}},[{"__type__":"cc.Prefab","_name":"towerbasebig","data":{"__id__":1}},{"__type__":"cc.Node","_name":"basebarbig","_level":1,"_components":[{"__type__":"cc.Sprite","node":{"__id__":1},"_spriteFrame":{"__uuid__":"235mm4xxdOkLQPoPkFEjhy"}},{"__type__":"cc.RigidBody","node":{"__id__":1},"_type":0,"enabledContactListener":true},{"__type__":"cc.PhysicsPolygonCollider","node":{"__id__":1},"points":[{"__type__":"cc.Vec2","x":-242,"y":64},{"__type__":"cc.Vec2","x":-242,"y":32},{"__type__":"cc.Vec2","x":-64,"y":32},{"__type__":"cc.Vec2","x":-64,"y":-64},{"__type__":"cc.Vec2","x":64,"y":-64},{"__type__":"cc.Vec2","x":64,"y":32},{"__type__":"cc.Vec2","x":242,"y":32},{"__type__":"cc.Vec2","x":242,"y":64}]}],"_prefab":{"__type__":"cc.PrefabInfo","root":{"__id__":1},"asset":{"__uuid__":"9f9mNIqFJMhJmbrqJSvtp2"},"fileId":"30GDMWWvlJ8IssdWRK4EiK"},"_contentSize":{"__type__":"cc.Size","width":484,"height":128},"_scale":{"__type__":"cc.Vec3","x":1,"y":1,"z":1}}]]