[{"__type__":"cc.SpriteFrame","content":{"name":"info","texture":"98fe46E2JBPrX1A1kdjhfZ","rect":[0,0,630,788],"offset":[0,0],"originalSize":[630,788],"capInsets":[0,0,0,0]}},{"__type__":"cc.SpriteFrame","content":{"name":"btn","texture":"e0zYKt/U9MYqrjb81FCEBH","rect":[0,0,323,120],"offset":[0,0],"originalSize":[323,120],"capInsets":[0,0,0,0]}},[{"__type__":"cc.Prefab","_name":"dockWelfarePanel","data":{"__id__":1}},{"__type__":"cc.Node","_name":"dockWelfarePanel","_children":[{"__id__":2},{"__id__":3}],"_level":1,"_components":[{"__type__":"cb61dKxk4BL0YF9Tc37Uwei","node":{"__id__":1},"claimBtn":{"__id__":3}}],"_prefab":{"__type__":"cc.PrefabInfo","root":{"__id__":1},"asset":{"__uuid__":"cfmx8QHYhLIqqRKSU7MY7K"},"fileId":"42tbQXRJZFx71lYBecak01"},"_contentSize":{"__type__":"cc.Size","width":630,"height":788},"_scale":{"__type__":"cc.Vec3","x":1,"y":1,"z":1}},{"__type__":"cc.Node","_name":"bg","_parent":{"__id__":1},"_level":2,"_components":[{"__type__":"cc.Sprite","node":{"__id__":2},"_spriteFrame":{"__uuid__":"5bkN/IUbNCbrdEjElX5DtD"}},{"__type__":"cc.BlockInputEvents","node":{"__id__":2}}],"_prefab":{"__type__":"cc.PrefabInfo","root":{"__id__":1},"asset":{"__uuid__":"cfmx8QHYhLIqqRKSU7MY7K"},"fileId":"762LWdwgZD4byei1GWuAh/"},"_contentSize":{"__type__":"cc.Size","width":630,"height":788},"_scale":{"__type__":"cc.Vec3","x":1,"y":1,"z":1}},{"__type__":"cc.Node","_name":"btn","_parent":{"__id__":1},"_level":2,"_components":[{"__type__":"cc.Sprite","node":{"__id__":3},"_spriteFrame":{"__uuid__":"70F4PVueJDhrP86y0n2/4k"}},{"__type__":"cc.Button","node":{"__id__":3},"zoomScale":0.9,"_N$transition":3,"transition":3}],"_prefab":{"__type__":"cc.PrefabInfo","root":{"__id__":1},"asset":{"__uuid__":"cfmx8QHYhLIqqRKSU7MY7K"},"fileId":"42Gw1RmZFO6YWn+X66f2W7"},"_contentSize":{"__type__":"cc.Size","width":323,"height":120},"_position":{"__type__":"cc.Vec3","y":-470},"_scale":{"__type__":"cc.Vec3","x":1,"y":1,"z":1}}]]