[[{"__type__":"cc.Prefab","_name":"chunyou_3","data":{"__id__":1}},{"__type__":"cc.Node","_name":"chunyou_3","_level":1,"_components":[{"__type__":"cc.Sprite","node":{"__id__":1},"_spriteFrame":{"__uuid__":"76YC7Xl3ZCNKQrzSmo7EJD"},"_sizeMode":0},{"__type__":"cc.RigidBody","node":{"__id__":1},"enabledContactListener":true},{"__type__":"cc.PhysicsPolygonCollider","node":{"__id__":1},"points":[{"__type__":"cc.Vec2","x":-15,"y":50},{"__type__":"cc.Vec2","x":-15,"y":41},{"__type__":"cc.Vec2","x":-51,"y":41},{"__type__":"cc.Vec2","x":-64,"y":31},{"__type__":"cc.Vec2","x":-64,"y":28},{"__type__":"cc.Vec2","x":-57,"y":13},{"__type__":"cc.Vec2","x":-59,"y":8},{"__type__":"cc.Vec2","x":-58,"y":4},{"__type__":"cc.Vec2","x":-15,"y":-11},{"__type__":"cc.Vec2","x":-59,"y":-48},{"__type__":"cc.Vec2","x":-59,"y":-50},{"__type__":"cc.Vec2","x":-0.2,"y":-27.1},{"__type__":"cc.Vec2","x":59,"y":-50},{"__type__":"cc.Vec2","x":59,"y":-48},{"__type__":"cc.Vec2","x":15,"y":-11},{"__type__":"cc.Vec2","x":58,"y":4},{"__type__":"cc.Vec2","x":59,"y":8},{"__type__":"cc.Vec2","x":57,"y":13},{"__type__":"cc.Vec2","x":64,"y":28},{"__type__":"cc.Vec2","x":64,"y":31},{"__type__":"cc.Vec2","x":51,"y":41},{"__type__":"cc.Vec2","x":15,"y":41},{"__type__":"cc.Vec2","x":15,"y":50}]},{"__type__":"a058dD7mZpHmIw83dheUpZy","node":{"__id__":1},"shapeType":2}],"_prefab":{"__type__":"cc.PrefabInfo","root":{"__id__":1},"asset":{"__uuid__":"46QJrtMSpKm5OPpDlLkPti"},"fileId":"93CyKFy8BGWYxlEqk1xGXk"},"_contentSize":{"__type__":"cc.Size","width":128,"height":100},"_position":{"__type__":"cc.Vec3","x":-320,"y":-568},"_scale":{"__type__":"cc.Vec3","x":1,"y":1,"z":1}}],{"__type__":"cc.SpriteFrame","content":{"name":"chunyou_3","texture":"82EcbHAjJIk64Yl0SlNqEF","rect":[0,0,128,100],"offset":[0,0],"originalSize":[128,100],"capInsets":[0,0,0,0]}}]