[[{"__type__":"cc.Prefab","_name":"rainbowbar","data":{"__id__":1}},{"__type__":"cc.Node","_name":"rainbowbar","_level":1,"_components":[{"__type__":"cc.Sprite","node":{"__id__":1},"_spriteFrame":{"__uuid__":"e9UJTVHpBAgp3nB9TZyRXz"}},{"__type__":"cc.RigidBody","node":{"__id__":1},"_gravityScale":2,"_fixedRotation":true,"enabledContactListener":true},{"__type__":"cc.PhysicsBoxCollider","node":{"__id__":1},"_restitution":0.1,"_size":{"__type__":"cc.Size","width":288,"height":32}},{"__type__":"cd32dlY/X5KxKW8xz6T4x0q","node":{"__id__":1},"shapeType":100}],"_prefab":{"__type__":"cc.PrefabInfo","root":{"__id__":1},"asset":{"__uuid__":"9eIjcgDFlNPJqU602iHk2z"},"fileId":"88ugBt7fFPTJBUkIEWWbBF"},"_contentSize":{"__type__":"cc.Size","width":288,"height":32},"_scale":{"__type__":"cc.Vec3","x":1,"y":1,"z":1}}],{"__type__":"cc.SpriteFrame","content":{"name":"bar","texture":"3cFxmeJchHi7e1CwRY2AME","rect":[0,0,288,32],"offset":[0,0],"originalSize":[288,32],"capInsets":[0,0,0,0]}}]