[{"__type__":"cc.SpriteFrame","content":{"name":"chunyou_7","texture":"24r8yax+VH5YKTbFaCBrge","rect":[0,0,128,110],"offset":[0,0],"originalSize":[128,110],"capInsets":[0,0,0,0]}},[{"__type__":"cc.Prefab","_name":"chunyou_7","data":{"__id__":1}},{"__type__":"cc.Node","_name":"chunyou_7","_level":1,"_components":[{"__type__":"cc.Sprite","node":{"__id__":1},"_spriteFrame":{"__uuid__":"424pRbqftIf6a+/bhfgIkf"},"_sizeMode":0},{"__type__":"cc.RigidBody","node":{"__id__":1},"enabledContactListener":true},{"__type__":"cc.PhysicsPolygonCollider","node":{"__id__":1},"points":[{"__type__":"cc.Vec2","x":-54.4,"y":55},{"__type__":"cc.Vec2","x":-37.4,"y":-35.8},{"__type__":"cc.Vec2","x":-57,"y":-46},{"__type__":"cc.Vec2","x":-64,"y":-53},{"__type__":"cc.Vec2","x":-64,"y":-55},{"__type__":"cc.Vec2","x":64,"y":-55},{"__type__":"cc.Vec2","x":64,"y":-53},{"__type__":"cc.Vec2","x":57,"y":-46},{"__type__":"cc.Vec2","x":39,"y":-36},{"__type__":"cc.Vec2","x":54.9,"y":55},{"__type__":"cc.Vec2","x":19,"y":55},{"__type__":"cc.Vec2","x":10,"y":49},{"__type__":"cc.Vec2","x":0.9,"y":37},{"__type__":"cc.Vec2","x":-9.1,"y":48.9},{"__type__":"cc.Vec2","x":-21,"y":55}]},{"__type__":"a058dD7mZpHmIw83dheUpZy","node":{"__id__":1},"shapeType":2}],"_prefab":{"__type__":"cc.PrefabInfo","root":{"__id__":1},"asset":{"__uuid__":"82XLYKGlVEHLZjdrsf/MSF"},"fileId":"93CyKFy8BGWYxlEqk1xGXk"},"_contentSize":{"__type__":"cc.Size","width":128,"height":110},"_position":{"__type__":"cc.Vec3","x":-320,"y":-568},"_scale":{"__type__":"cc.Vec3","x":1,"y":1,"z":1}}]]