[{"__type__":"cc.SpriteFrame","content":{"name":"logo","texture":"92vPzC225H/p4h3pjgEmQp","rect":[41,0,168,106],"offset":[10,0],"originalSize":[230,106],"capInsets":[0,0,0,0]}},{"__type__":"cc.SpriteFrame","content":{"name":"a","texture":"00kUvi/+hFKZzl0qWKdivS","rect":[0,0,15,14],"offset":[-0.5,0],"originalSize":[16,14],"capInsets":[0,0,0,0]}},{"__type__":"cc.AnimationClip","_name":"loading","_duration":1.6666666666666667,"sample":30,"wrapMode":2,"curveData":{"paths":{"o":{"props":{"position":[{"frame":0.1,"value":[-34,0]},{"frame":0.26666666666666666,"value":[-34,8]},{"frame":0.43333333333333335,"value":[-34,0]}]}},"n":{"props":{"position":[{"frame":0.5,"value":[16.5,0]},{"frame":0.6666666666666666,"value":[16.5,8]},{"frame":0.8333333333333334,"value":[16.5,0]}]}},"l":{"props":{"position":[{"frame":0,"value":[-46.91,0]},{"frame":0.16666666666666666,"value":[-46.9,8]},{"frame":0.3333333333333333,"value":[-46.9,0]}]}},"i":{"props":{"position":[{"frame":0.4,"value":[6,0]},{"frame":0.5666666666666667,"value":[6,8]},{"frame":0.7333333333333333,"value":[6,0]}]}},"g":{"props":{"position":[{"frame":0.6,"value":[31.07,0]},{"frame":0.7666666666666667,"value":[31.07,8]},{"frame":0.9333333333333333,"value":[31.07,0]}]}},"d":{"props":{"position":[{"frame":0.3,"value":[-4.5,0]},{"frame":0.4666666666666667,"value":[-4.5,8]},{"frame":0.6333333333333333,"value":[-4.5,0]}]}},"dian":{"props":{"position":[{"frame":0.7,"value":[45.5,-5.45]},{"frame":0.8666666666666667,"value":[45.5,2.4]},{"frame":1.0333333333333334,"value":[45.5,-5.45]}]}},"a":{"props":{"position":[{"frame":0.2,"value":[-19.28,0]},{"frame":0.36666666666666664,"value":[-19.28,8]},{"frame":0.5333333333333333,"value":[-19.28,0]}]}}}},"events":[{"frame":1.6666666666666667,"func":"","params":[]}]},[{"__type__":"cc.SceneAsset","_name":"loadingScene","scene":{"__id__":1},"asyncLoadAssets":null},{"__type__":"cc.Scene","_name":"New Node","_children":[{"__id__":2}],"_anchorPoint":{"__type__":"cc.Vec2"},"_scale":{"__type__":"cc.Vec3","x":0.2107383808095952,"y":0.2107383808095952,"z":1},"autoReleaseAssets":true},{"__type__":"cc.Node","_name":"Canvas","_parent":{"__id__":1},"_children":[{"__id__":3},{"__id__":4},{"__id__":5}],"_components":[{"__type__":"cc.Canvas","node":{"__id__":2},"_designResolution":{"__type__":"cc.Size","width":750,"height":1334}},{"__type__":"24b0bZqrBhE/IcpZVKdO3tw","node":{"__id__":2},"titleNode":{"__id__":6},"iconNode":{"__id__":7},"logoNode":{"__id__":17}},{"__type__":"92fe7x0YKpF8J2K5gf43APC","node":{"__id__":2},"mainSceneName":"mainScene","showTime":3,"splashMain":null}],"_contentSize":{"__type__":"cc.Size","width":750,"height":1334},"_position":{"__type__":"cc.Vec3","x":375,"y":667},"_scale":{"__type__":"cc.Vec3","x":1,"y":1,"z":1},"_id":"72Wd/k4/dKEIxHkejb9wx8"},{"__type__":"cc.Node","_name":"Main Camera","_parent":{"__id__":2},"_level":1,"_components":[{"__type__":"cc.Camera","node":{"__id__":3},"_clearFlags":7,"_depth":-1}],"_scale":{"__type__":"cc.Vec3","x":1,"y":1,"z":1}},{"__type__":"cc.Node","_name":"bg","_parent":{"__id__":2},"_components":[{"__type__":"cc.Sprite","node":{"__id__":4},"_spriteFrame":{"__uuid__":"a2MjXRFdtLlYQ5ouAFv/+R"},"_sizeMode":0},{"__type__":"cc.Widget","node":{"__id__":4},"alignMode":0,"_alignFlags":45,"_originalWidth":100,"_originalHeight":100}],"_color":{"__type__":"cc.Color"},"_contentSize":{"__type__":"cc.Size","width":750,"height":1334},"_scale":{"__type__":"cc.Vec3","x":1,"y":1,"z":1}},{"__type__":"cc.Node","_name":"content","_parent":{"__id__":2},"_children":[{"__id__":6},{"__id__":7},{"__id__":17}],"_contentSize":{"__type__":"cc.Size","width":400,"height":1000},"_scale":{"__type__":"cc.Vec3","x":1,"y":1,"z":1}},{"__type__":"cc.Node","_name":"title","_parent":{"__id__":5},"_components":[{"__type__":"cc.Sprite","node":{"__id__":6},"_spriteFrame":{"__uuid__":"7bvU+ZFVVHqKNN+l5K8vK4"}}],"_contentSize":{"__type__":"cc.Size","width":239,"height":82},"_position":{"__type__":"cc.Vec3","y":394},"_scale":{"__type__":"cc.Vec3","x":1,"y":1,"z":1}},{"__type__":"cc.Node","_name":"icon","_parent":{"__id__":5},"_children":[{"__id__":8}],"_components":[{"__type__":"cc.Sprite","node":{"__id__":7},"_spriteFrame":{"__uuid__":"6eJd2s9m1NDLuXf22cWJ7G"}},{"__type__":"cc.Widget","node":{"__id__":7},"alignMode":0,"_alignFlags":18,"_verticalCenter":28}],"_contentSize":{"__type__":"cc.Size","width":300,"height":351},"_position":{"__type__":"cc.Vec3","y":28},"_scale":{"__type__":"cc.Vec3","x":1,"y":1,"z":1}},{"__type__":"cc.Node","_name":"loading","_parent":{"__id__":7},"_children":[{"__id__":9},{"__id__":10},{"__id__":11},{"__id__":12},{"__id__":13},{"__id__":14},{"__id__":15},{"__id__":16}],"_components":[{"__type__":"cc.Animation","node":{"__id__":8},"_defaultClip":{"__uuid__":"2d1/SdYqhJd6JxJusfPYeJ"},"_clips":[{"__uuid__":"2d1/SdYqhJd6JxJusfPYeJ"}],"playOnLoad":true}],"_position":{"__type__":"cc.Vec3","y":-205},"_scale":{"__type__":"cc.Vec3","x":1,"y":1,"z":1}},{"__type__":"cc.Node","_name":"a","_parent":{"__id__":8},"_components":[{"__type__":"cc.Sprite","node":{"__id__":9},"_spriteFrame":{"__uuid__":"114fxK1KBLWYwGY+KWlxsZ"}}],"_contentSize":{"__type__":"cc.Size","width":15,"height":14},"_scale":{"__type__":"cc.Vec3","x":1,"y":1,"z":1}},{"__type__":"cc.Node","_name":"d","_parent":{"__id__":8},"_components":[{"__type__":"cc.Sprite","node":{"__id__":10},"_spriteFrame":{"__uuid__":"966NXc0BNGTp66ZbZqXkv1"}}],"_contentSize":{"__type__":"cc.Size","width":13,"height":14},"_scale":{"__type__":"cc.Vec3","x":1,"y":1,"z":1}},{"__type__":"cc.Node","_name":"g","_parent":{"__id__":8},"_components":[{"__type__":"cc.Sprite","node":{"__id__":11},"_spriteFrame":{"__uuid__":"d2TlLkVUxFdbHaq4co+mZ/"}}],"_contentSize":{"__type__":"cc.Size","width":12,"height":14},"_scale":{"__type__":"cc.Vec3","x":1,"y":1,"z":1}},{"__type__":"cc.Node","_name":"i","_parent":{"__id__":8},"_components":[{"__type__":"cc.Sprite","node":{"__id__":12},"_spriteFrame":{"__uuid__":"50zNyzbUdFdL7c21kOKH+i"}}],"_contentSize":{"__type__":"cc.Size","width":4,"height":14},"_scale":{"__type__":"cc.Vec3","x":1,"y":1,"z":1}},{"__type__":"cc.Node","_name":"l","_parent":{"__id__":8},"_components":[{"__type__":"cc.Sprite","node":{"__id__":13},"_spriteFrame":{"__uuid__":"64TlAXL3xM4qgQtb1BHjkU"}}],"_contentSize":{"__type__":"cc.Size","width":10,"height":14},"_scale":{"__type__":"cc.Vec3","x":1,"y":1,"z":1}},{"__type__":"cc.Node","_name":"n","_parent":{"__id__":8},"_components":[{"__type__":"cc.Sprite","node":{"__id__":14},"_spriteFrame":{"__uuid__":"79+ZNkTcpL7qdCIoCu843d"}}],"_contentSize":{"__type__":"cc.Size","width":13,"height":14},"_scale":{"__type__":"cc.Vec3","x":1,"y":1,"z":1}},{"__type__":"cc.Node","_name":"o","_parent":{"__id__":8},"_components":[{"__type__":"cc.Sprite","node":{"__id__":15},"_spriteFrame":{"__uuid__":"63MPNm0DlF+bqA/9uK5pmy"}}],"_contentSize":{"__type__":"cc.Size","width":14,"height":14},"_scale":{"__type__":"cc.Vec3","x":1,"y":1,"z":1}},{"__type__":"cc.Node","_name":"dian","_parent":{"__id__":8},"_components":[{"__type__":"cc.Sprite","node":{"__id__":16},"_spriteFrame":{"__uuid__":"e01V19k5pC5Kfrlv7Vcoe/"}}],"_contentSize":{"__type__":"cc.Size","width":13,"height":3},"_scale":{"__type__":"cc.Vec3","x":1,"y":1,"z":1}},{"__type__":"cc.Node","_name":"logo","_parent":{"__id__":5},"_components":[{"__type__":"cc.Sprite","node":{"__id__":17},"_spriteFrame":{"__uuid__":"07s/ZcAXdANLt31KSeZKQR"}}],"_contentSize":{"__type__":"cc.Size","width":168,"height":106},"_position":{"__type__":"cc.Vec3","y":-512},"_scale":{"__type__":"cc.Vec3","x":1,"y":1,"z":1}}],{"__type__":"cc.SpriteFrame","content":{"name":"i","texture":"6dOHr3IXxFR4XRCdq5mA2S","rect":[0,0,4,14],"offset":[0,0],"originalSize":[4,14],"capInsets":[0,0,0,0]}},{"__type__":"cc.SpriteFrame","content":{"name":"o","texture":"55dmokqHFA6aof0ksjYRP8","rect":[0,0,14,14],"offset":[0,0],"originalSize":[14,14],"capInsets":[0,0,0,0]}},{"__type__":"cc.SpriteFrame","content":{"name":"l","texture":"c14aMiKF1IwKCbCmpRULAX","rect":[0,0,10,14],"offset":[-0.5,0],"originalSize":[11,14],"capInsets":[0,0,0,0]}},{"__type__":"cc.SpriteFrame","content":{"name":"icon","texture":"b59oTcHRBJcIlxQVGJbrf1","rect":[21,0,262,351],"offset":[2,0],"originalSize":[300,351],"capInsets":[0,0,0,0]}},{"__type__":"cc.SpriteFrame","content":{"name":"n","texture":"8cqTRZ8d9M4pecg5d7YR/Q","rect":[0,0,13,14],"offset":[0,0],"originalSize":[13,14],"capInsets":[0,0,0,0]}},{"__type__":"cc.SpriteFrame","content":{"name":"title","texture":"89JFshgFFP7LHAWp6GRrtT","rect":[42,0,239,82],"offset":[11.5,0],"originalSize":[300,82],"capInsets":[0,0,0,0]}},{"__type__":"cc.SpriteFrame","content":{"name":"d","texture":"e5bD6dl1JOFo7pr+s1KJ6a","rect":[0,0,13,14],"offset":[-0.5,0],"originalSize":[14,14],"capInsets":[0,0,0,0]}},{"__type__":"cc.SpriteFrame","content":{"name":"g","texture":"60VcJEguJPrpvHHGTd2O1x","rect":[1,0,12,14],"offset":[0,0],"originalSize":[14,14],"capInsets":[0,0,0,0]}},{"__type__":"cc.SpriteFrame","content":{"name":"dian","texture":"f5WUu9bbdNqqwR3HaJsoHA","rect":[1,1,13,3],"offset":[0.5,-0.5],"originalSize":[14,4],"capInsets":[0,0,0,0]}}]