[{"__type__":"cc.ParticleAsset","_name":"star1","_native":".plist","spriteFrame":{"__uuid__":"fcm25+y79NRKhDQpI/5S9B"}},{"__type__":"cc.ParticleAsset","_name":"pot","_native":".plist","spriteFrame":{"__uuid__":"b2DohpymxHdIfFSl4dkQIb"}},[{"__type__":"cc.Prefab","_name":"contactEffect","data":{"__id__":1}},{"__type__":"cc.Node","_name":"contactEffect","_children":[{"__id__":2},{"__id__":3}],"_level":1,"_components":[{"__type__":"31770on70BM8qT0kT9yRqdp","node":{"__id__":1},"starEffectNode":{"__id__":2}}],"_prefab":{"__type__":"cc.PrefabInfo","root":{"__id__":1},"asset":{"__uuid__":"59asiyyUVFs471iS39PeZB"},"fileId":"79f1lPfoZMNIYw57Rl6ZGB"},"_scale":{"__type__":"cc.Vec3","x":1,"y":1,"z":1}},{"__type__":"cc.Node","_name":"star1","_parent":{"__id__":1},"_active":false,"_level":2,"_components":[{"__type__":"cc.ParticleSystem","node":{"__id__":2},"_dstBlendFactor":1,"_custom":true,"_file":{"__uuid__":"22yZ36i6lBH4+rX82KiY3H"},"_spriteFrame":{"__uuid__":"fcm25+y79NRKhDQpI/5S9B"},"autoRemoveOnFinish":true,"totalParticles":50,"duration":0.1,"emissionRate":64,"life":0.8,"lifeVar":0.4,"_startColor":{"__type__":"cc.Color","r":255,"g":255,"b":255},"_startColorVar":{"__type__":"cc.Color","r":48,"g":43,"b":48,"a":0},"_endColor":{"__type__":"cc.Color","r":255,"g":255,"b":255,"a":0},"_endColorVar":{"__type__":"cc.Color","r":48,"g":43,"b":48},"angleVar":40,"startSize":15,"startSizeVar":5,"endSize":15,"endSizeVar":15,"startSpinVar":180,"endSpin":180,"endSpinVar":180,"posVar":{"__type__":"cc.Vec2","x":10},"gravity":{"__type__":"cc.Vec2","y":-1000},"speed":450,"tangentialAccel":0,"radialAccel":-350}],"_prefab":{"__type__":"cc.PrefabInfo","root":{"__id__":1},"asset":{"__uuid__":"59asiyyUVFs471iS39PeZB"},"fileId":"2e/C78KDVJs5Dlj8uRdjd4"},"_scale":{"__type__":"cc.Vec3","x":1,"y":1,"z":1}},{"__type__":"cc.Node","_name":"pot","_parent":{"__id__":1},"_level":2,"_components":[{"__type__":"cc.ParticleSystem","node":{"__id__":3},"_dstBlendFactor":1,"_custom":true,"_file":{"__uuid__":"478HuY0pdD/LGFZgpFzkqP"},"_spriteFrame":{"__uuid__":"b2DohpymxHdIfFSl4dkQIb"},"totalParticles":60,"duration":0.1,"emissionRate":75,"life":0.8,"lifeVar":0.4,"_startColor":{"__type__":"cc.Color","r":255,"g":255,"b":255},"_startColorVar":{"__type__":"cc.Color","r":48,"g":43,"b":48,"a":0},"_endColor":{"__type__":"cc.Color","r":255,"g":255,"b":255,"a":0},"_endColorVar":{"__type__":"cc.Color","r":48,"g":43,"b":48},"angleVar":40,"startSize":6,"startSizeVar":5,"endSize":6,"endSizeVar":3,"startSpinVar":180,"endSpin":180,"endSpinVar":180,"gravity":{"__type__":"cc.Vec2","y":-1000},"speed":450,"tangentialAccel":0,"radialAccel":-350}],"_prefab":{"__type__":"cc.PrefabInfo","root":{"__id__":1},"asset":{"__uuid__":"59asiyyUVFs471iS39PeZB"},"fileId":"79gyhFNrVGVIz/dNcUqbQM"},"_scale":{"__type__":"cc.Vec3","x":1,"y":1,"z":1}}],{"__type__":"cc.SpriteFrame","content":{"name":"pot","texture":"7cRydG3axDJqco2VSb+Dwe","rect":[0,0,15,15],"offset":[0,0],"originalSize":[15,15],"capInsets":[0,0,0,0]}}]