[{"__type__":"cc.SpriteFrame","content":{"name":"normal_18","texture":"84L3SNmGRAAb5tfJ9UcxoB","rect":[0,0,112,141],"offset":[0,0],"originalSize":[112,141],"capInsets":[0,0,0,0]}},[{"__type__":"cc.Prefab","_name":"normal_18","data":{"__id__":1}},{"__type__":"cc.Node","_name":"normal_18","_components":[{"__type__":"cc.Sprite","node":{"__id__":1},"_spriteFrame":{"__uuid__":"0fKzOlz6JFT5r8zXmlxxLi"},"_sizeMode":0},{"__type__":"cc.RigidBody","node":{"__id__":1},"enabledContactListener":true},{"__type__":"cc.PhysicsPolygonCollider","node":{"__id__":1},"points":[{"__type__":"cc.Vec2","x":-42.8,"y":70.1},{"__type__":"cc.Vec2","x":-42.13392857142857,"y":63.5},{"__type__":"cc.Vec2","x":-37.8125,"y":61.5},{"__type__":"cc.Vec2","x":-36.73214285714286,"y":32.5},{"__type__":"cc.Vec2","x":-31.330357142857146,"y":24.5},{"__type__":"cc.Vec2","x":-41.05357142857143,"y":-2.5},{"__type__":"cc.Vec2","x":-61.4,"y":-23.2},{"__type__":"cc.Vec2","x":-39.97321428571429,"y":-44.5},{"__type__":"cc.Vec2","x":-31.330357142857146,"y":-70.5},{"__type__":"cc.Vec2","x":-19.446428571428577,"y":-69.5},{"__type__":"cc.Vec2","x":-5.401785714285715,"y":-65.5},{"__type__":"cc.Vec2","x":4.321428571428569,"y":-65.5},{"__type__":"cc.Vec2","x":19.44642857142857,"y":-69.5},{"__type__":"cc.Vec2","x":31.33035714285714,"y":-70.5},{"__type__":"cc.Vec2","x":39.97321428571428,"y":-43.5},{"__type__":"cc.Vec2","x":61.4,"y":-22.6},{"__type__":"cc.Vec2","x":39.97321428571428,"y":-1.5},{"__type__":"cc.Vec2","x":30.25,"y":25.5},{"__type__":"cc.Vec2","x":37.8125,"y":33.5},{"__type__":"cc.Vec2","x":37.8125,"y":61.5},{"__type__":"cc.Vec2","x":42.13392857142857,"y":63.5},{"__type__":"cc.Vec2","x":42.6,"y":70.4}]},{"__type__":"a058dD7mZpHmIw83dheUpZy","node":{"__id__":1},"shapeType":2}],"_prefab":{"__type__":"cc.PrefabInfo","root":{"__id__":1},"asset":{"__uuid__":"31eFTy7JdHs56HGtZRbaZr"},"fileId":"93CyKFy8BGWYxlEqk1xGXk"},"_contentSize":{"__type__":"cc.Size","width":121,"height":141},"_scaleX":1,"_scaleY":1,"_scale":{"__type__":"cc.Vec3","x":1,"y":1,"z":1}}]]