[[{"__type__":"cc.Prefab","_name":"normal_6","data":{"__id__":1}},{"__type__":"cc.Node","_name":"normal_6","_components":[{"__type__":"cc.Sprite","node":{"__id__":1},"_spriteFrame":{"__uuid__":"a2C2SuIuhON5it0y+LA6iC"},"_sizeMode":0},{"__type__":"cc.RigidBody","node":{"__id__":1},"enabledContactListener":true},{"__type__":"cc.PhysicsPolygonCollider","node":{"__id__":1},"points":[{"__type__":"cc.Vec2","x":-47.9,"y":48},{"__type__":"cc.Vec2","x":-48.4,"y":-47.8},{"__type__":"cc.Vec2","x":48,"y":-47.7},{"__type__":"cc.Vec2","x":48,"y":29.901639344262293},{"__type__":"cc.Vec2","x":32,"y":48}]},{"__type__":"a058dD7mZpHmIw83dheUpZy","node":{"__id__":1},"shapeType":2}],"_prefab":{"__type__":"cc.PrefabInfo","root":{"__id__":1},"asset":{"__uuid__":"7eljRGtlhFJolK4B7WMi47"},"fileId":"93CyKFy8BGWYxlEqk1xGXk"},"_contentSize":{"__type__":"cc.Size","width":96,"height":96},"_position":{"__type__":"cc.Vec3","x":-320,"y":-568},"_scaleX":1,"_scaleY":1,"_scale":{"__type__":"cc.Vec3","x":1,"y":1,"z":1}}],{"__type__":"cc.SpriteFrame","content":{"name":"normal_6","texture":"f7iOvcMnxI8Zew15fq+6b5","rect":[0,0,120,122],"offset":[0,0],"originalSize":[120,122],"capInsets":[0,0,0,0]}}]