[{"__type__":"cc.SpriteFrame","content":{"name":"forfree","texture":"77nPxx911PNo/uwAvuxLaY","rect":[0,0,300,106],"offset":[0,0],"originalSize":[300,106],"capInsets":[0,0,0,0]}},[{"__type__":"cc.Prefab","_name":"payPanel","data":{"__id__":1}},{"__type__":"cc.Node","_name":"payPanel","_children":[{"__id__":2},{"__id__":4},{"__id__":5},{"__id__":6},{"__id__":7},{"__id__":9},{"__id__":10},{"__id__":11},{"__id__":12},{"__id__":14},{"__id__":15}],"_level":1,"_components":[{"__type__":"fd39epPbm5IdoYq7RU8MVLn","node":{"__id__":1},"closeBtn":{"__id__":11},"useVideoAdBtn":{"__id__":12},"useStarsBtn":{"__id__":14},"costLabel":{"__id__":8}}],"_prefab":{"__type__":"cc.PrefabInfo","root":{"__id__":1},"asset":{"__uuid__":"7aqfMQo0NLVIhcUT81AtWm"},"fileId":"50FWEvdxdPkItk0E5bK5H2"},"_contentSize":{"__type__":"cc.Size","width":480,"height":640},"_scale":{"__type__":"cc.Vec3","x":1,"y":1,"z":1}},{"__type__":"cc.Node","_name":"ui_revive-card_bg","_parent":{"__id__":1},"_children":[{"__id__":3}],"_components":[{"__type__":"cc.Sprite","node":{"__id__":2},"_spriteFrame":{"__uuid__":"edBHIQa7RKxopQxFkXhNq0"},"_type":1,"_sizeMode":0}],"_prefab":{"__type__":"cc.PrefabInfo","root":{"__id__":1},"asset":{"__uuid__":"7aqfMQo0NLVIhcUT81AtWm"},"fileId":"b1aEGnc5xNuoiCm1AS7ajz"},"_contentSize":{"__type__":"cc.Size","width":480,"height":270},"_position":{"__type__":"cc.Vec3","y":112},"_scale":{"__type__":"cc.Vec3","x":1,"y":1,"z":1}},{"__type__":"cc.Node","_name":"bg","_parent":{"__id__":2},"_components":[{"__type__":"cc.Sprite","node":{"__id__":3},"_spriteFrame":{"__uuid__":"a2MjXRFdtLlYQ5ouAFv/+R"},"_type":1,"_sizeMode":0},{"__type__":"cc.Widget","node":{"__id__":3},"alignMode":0,"_alignFlags":45,"_left":10,"_right":10,"_top":10,"_bottom":10,"_originalWidth":100,"_originalHeight":100}],"_prefab":{"__type__":"cc.PrefabInfo","root":{"__id__":1},"asset":{"__uuid__":"7aqfMQo0NLVIhcUT81AtWm"},"fileId":"baZoANXDdFZ504Cmd3VoQw"},"_color":{"__type__":"cc.Color"},"_contentSize":{"__type__":"cc.Size","width":460,"height":250},"_scale":{"__type__":"cc.Vec3","x":1,"y":1,"z":1}},{"__type__":"cc.Node","_name":"title","_parent":{"__id__":1},"_components":[{"__type__":"cc.Label","node":{"__id__":4},"_srcBlendFactor":1,"_useOriginalSize":false,"_string":"好友对战","_N$string":"好友对战","_fontSize":48,"_lineHeight":60,"_N$horizontalAlign":1,"_N$verticalAlign":1}],"_prefab":{"__type__":"cc.PrefabInfo","root":{"__id__":1},"asset":{"__uuid__":"7aqfMQo0NLVIhcUT81AtWm"},"fileId":"37iMPfCfBJDZ4dax6cIuOd"},"_color":{"__type__":"cc.Color","r":244,"g":226,"b":32},"_contentSize":{"__type__":"cc.Size","width":192,"height":60},"_position":{"__type__":"cc.Vec3","y":193},"_scale":{"__type__":"cc.Vec3","x":1,"y":1,"z":1}},{"__type__":"cc.Node","_name":"info","_parent":{"__id__":1},"_level":2,"_components":[{"__type__":"cc.Label","node":{"__id__":5},"_srcBlendFactor":1,"_useOriginalSize":false,"_string":"对战需要参赛费","_N$string":"对战需要参赛费","_fontSize":20,"_lineHeight":24,"_N$horizontalAlign":1,"_N$verticalAlign":1}],"_prefab":{"__type__":"cc.PrefabInfo","root":{"__id__":1},"asset":{"__uuid__":"7aqfMQo0NLVIhcUT81AtWm"},"fileId":"f2oZ+KMqBNfKHqxU/6VadD"},"_contentSize":{"__type__":"cc.Size","width":140,"height":24},"_position":{"__type__":"cc.Vec3","x":-55,"y":150},"_scale":{"__type__":"cc.Vec3","x":1,"y":1,"z":1}},{"__type__":"cc.Node","_name":"star","_parent":{"__id__":1},"_level":2,"_components":[{"__type__":"cc.Sprite","node":{"__id__":6},"_spriteFrame":{"__uuid__":"d458EH+gVHlrQs6CfKFAVk"}}],"_prefab":{"__type__":"cc.PrefabInfo","root":{"__id__":1},"asset":{"__uuid__":"7aqfMQo0NLVIhcUT81AtWm"},"fileId":"31zR1nf7JPUJSEJAckKkKl"},"_contentSize":{"__type__":"cc.Size","width":56,"height":53},"_position":{"__type__":"cc.Vec3","x":40,"y":152},"_scale":{"__type__":"cc.Vec3","x":0.6,"y":0.6,"z":1}},{"__type__":"cc.Node","_name":"starCount","_parent":{"__id__":1},"_level":2,"_components":[{"__id__":8}],"_prefab":{"__type__":"cc.PrefabInfo","root":{"__id__":1},"asset":{"__uuid__":"7aqfMQo0NLVIhcUT81AtWm"},"fileId":"9aodcoy49Eu48Xfaohv2Ho"},"_contentSize":{"__type__":"cc.Size","width":33.93,"height":24},"_anchorPoint":{"__type__":"cc.Vec2","x":0.9,"y":0.5},"_position":{"__type__":"cc.Vec3","x":93,"y":149},"_scale":{"__type__":"cc.Vec3","x":1,"y":1,"z":1}},{"__type__":"cc.Label","node":{"__id__":7},"_srcBlendFactor":1,"_useOriginalSize":false,"_string":"×20","_N$string":"×20","_fontSize":20,"_lineHeight":24,"_N$horizontalAlign":1,"_N$verticalAlign":1},{"__type__":"cc.Node","_name":"info","_parent":{"__id__":1},"_components":[{"__type__":"cc.Label","node":{"__id__":9},"_srcBlendFactor":1,"_useOriginalSize":false,"_string":"胜利时会返还并赢得对手的星星！","_N$string":"胜利时会返还并赢得对手的星星！","_fontSize":20,"_lineHeight":24,"_N$horizontalAlign":1,"_N$verticalAlign":1}],"_prefab":{"__type__":"cc.PrefabInfo","root":{"__id__":1},"asset":{"__uuid__":"7aqfMQo0NLVIhcUT81AtWm"},"fileId":"94SKikD9xJTLXCpG5WwMvo"},"_contentSize":{"__type__":"cc.Size","width":300,"height":24},"_position":{"__type__":"cc.Vec3","y":118},"_scale":{"__type__":"cc.Vec3","x":1,"y":1,"z":1}},{"__type__":"cc.Node","_name":"info","_parent":{"__id__":1},"_level":2,"_components":[{"__type__":"cc.Label","node":{"__id__":10},"_srcBlendFactor":1,"_useOriginalSize":false,"_string":"（游戏未开始前离开房间将返还星星）","_N$string":"（游戏未开始前离开房间将返还星星）","_fontSize":18,"_lineHeight":24,"_N$horizontalAlign":1,"_N$verticalAlign":1}],"_prefab":{"__type__":"cc.PrefabInfo","root":{"__id__":1},"asset":{"__uuid__":"7aqfMQo0NLVIhcUT81AtWm"},"fileId":"0dpZIODvVH0rpIwzplEbat"},"_contentSize":{"__type__":"cc.Size","width":306,"height":24},"_position":{"__type__":"cc.Vec3","y":43},"_scale":{"__type__":"cc.Vec3","x":1,"y":1,"z":1}},{"__type__":"cc.Node","_name":"closeBtn","_parent":{"__id__":1},"_level":2,"_components":[{"__type__":"cc.Sprite","node":{"__id__":11},"_spriteFrame":{"__uuid__":"7f0Q4s/4FIi5/vjSE+q9Uz"}},{"__type__":"cc.Button","node":{"__id__":11},"zoomScale":0.9,"_N$transition":3,"transition":3}],"_prefab":{"__type__":"cc.PrefabInfo","root":{"__id__":1},"asset":{"__uuid__":"7aqfMQo0NLVIhcUT81AtWm"},"fileId":"bbrmZO1C1L04znhmKIT+lc"},"_contentSize":{"__type__":"cc.Size","width":45,"height":45},"_position":{"__type__":"cc.Vec3","x":237.5,"y":244.5},"_scale":{"__type__":"cc.Vec3","x":1,"y":1,"z":1}},{"__type__":"cc.Node","_name":"免费参赛","_parent":{"__id__":1},"_children":[{"__id__":13}],"_components":[{"__type__":"cc.Sprite","node":{"__id__":12},"_spriteFrame":{"__uuid__":"41SpLjI3RLBrCOM5vPTjx4"},"_sizeMode":0},{"__type__":"cc.Button","node":{"__id__":12},"zoomScale":0.9,"_N$transition":3,"transition":3,"_N$target":{"__id__":12}},{"__type__":"5f8e0rSIRFCZrXe5q70AGK0","node":{"__id__":12},"hideWhenHasPopUp":false,"must":true}],"_prefab":{"__type__":"cc.PrefabInfo","root":{"__id__":1},"asset":{"__uuid__":"7aqfMQo0NLVIhcUT81AtWm"},"fileId":"94ZPyA4NpGQ7q9bJgSrRlc"},"_contentSize":{"__type__":"cc.Size","width":302,"height":110},"_position":{"__type__":"cc.Vec3","y":-134},"_scale":{"__type__":"cc.Vec3","x":1,"y":1,"z":1}},{"__type__":"cc.Node","_name":"button310x110","_parent":{"__id__":12},"_level":1,"_components":[{"__type__":"cc.Sprite","node":{"__id__":13}},{"__type__":"cc.Animation","node":{"__id__":13},"_defaultClip":{"__uuid__":"f14mlcmJhImITvOq5VyA9i"},"_clips":[{"__uuid__":"f14mlcmJhImITvOq5VyA9i"}],"playOnLoad":true}],"_prefab":{"__type__":"cc.PrefabInfo","root":{"__id__":1},"asset":{"__uuid__":"7aqfMQo0NLVIhcUT81AtWm"},"fileId":"09gz3/9UdL0qM28wt2/jwT"},"_contentSize":{"__type__":"cc.Size","width":310,"height":110},"_scale":{"__type__":"cc.Vec3","x":1,"y":1,"z":1}},{"__type__":"cc.Node","_name":"付费参赛","_parent":{"__id__":1},"_level":2,"_components":[{"__type__":"cc.Label","node":{"__id__":14},"_srcBlendFactor":1,"_useOriginalSize":false,"_string":"普通参赛","_N$string":"普通参赛","_fontSize":30,"_lineHeight":40.1,"_N$horizontalAlign":1,"_N$verticalAlign":1},{"__type__":"a63afjOB4RIM47OPW3iazWj","node":{"__id__":14},"distanceToAd":5}],"_prefab":{"__type__":"cc.PrefabInfo","root":{"__id__":1},"asset":{"__uuid__":"7aqfMQo0NLVIhcUT81AtWm"},"fileId":"eeGD9WhQtPrKnkM2soN7kf"},"_contentSize":{"__type__":"cc.Size","width":120,"height":40},"_position":{"__type__":"cc.Vec3","y":-250},"_scale":{"__type__":"cc.Vec3","x":1,"y":1,"z":1}},{"__type__":"cc.Node","_name":"title","_parent":{"__id__":1},"_level":2,"_components":[{"__type__":"cc.Label","node":{"__id__":15},"_srcBlendFactor":1,"_useOriginalSize":false,"_string":"星星不够？挑战单人模式可以获得更多星星！","_N$string":"星星不够？挑战单人模式可以获得更多星星！","_fontSize":20,"_lineHeight":24,"_N$horizontalAlign":1,"_N$verticalAlign":1}],"_prefab":{"__type__":"cc.PrefabInfo","root":{"__id__":1},"asset":{"__uuid__":"7aqfMQo0NLVIhcUT81AtWm"},"fileId":"aayas7CtdGIZxOaYuKgZZH"},"_color":{"__type__":"cc.Color","r":244,"g":226,"b":32},"_contentSize":{"__type__":"cc.Size","width":400,"height":24},"_position":{"__type__":"cc.Vec3","y":10},"_scale":{"__type__":"cc.Vec3","x":1,"y":1,"z":1}}]]