[[{"__type__":"cc.Prefab","_name":"1-5","data":{"__id__":1}},{"__type__":"cc.Node","_name":"5","_components":[{"__type__":"cc.Sprite","node":{"__id__":1},"_spriteFrame":{"__uuid__":"e9h0iDcrJJ3aq5WI//6AGn"}},{"__type__":"cc.RigidBody","node":{"__id__":1},"enabledContactListener":true},{"__type__":"cc.PhysicsBoxCollider","node":{"__id__":1},"_size":{"__type__":"cc.Size","width":160,"height":32}},{"__type__":"a058dD7mZpHmIw83dheUpZy","node":{"__id__":1}}],"_prefab":{"__type__":"cc.PrefabInfo","root":{"__id__":1},"asset":{"__uuid__":"12z5pjHeBFkp0nGyA8ShyZ"},"fileId":"10PhRY2aVDc43+RVG9yMjU"},"_contentSize":{"__type__":"cc.Size","width":160,"height":32},"_scaleX":1,"_scaleY":1,"_scale":{"__type__":"cc.Vec3","x":1,"y":1,"z":1}}],{"__type__":"cc.SpriteFrame","content":{"name":"5","texture":"e5k2yH8bJJNaaINrX4pWWP","rect":[0,0,160,32],"offset":[0,0],"originalSize":[160,32],"capInsets":[0,0,0,0]}}]