[{"__type__":"sp.SkeletonData","_name":"boat","_native":"raw-skeleton.json","_skeletonJson":{"skeleton":{"hash":"oWEis4ewa3xr2yXg8cS7bI9tIfo","spine":"3.6.53","width":128,"height":79},"bones":[{"name":"root"},{"name":"shenti1","parent":"root","length":24.98,"rotation":87.49,"x":-0.04,"y":-11.32},{"name":"shenti2","parent":"root","length":22.02,"rotation":87.56,"x":18.62,"y":-10.85},{"name":"youshou1","parent":"shenti1","length":12.86,"rotation":-51.88,"x":8.81,"y":-1.49},{"name":"youshou2","parent":"shenti2","length":10.7,"rotation":-50.86,"x":7.1,"y":-1.73},{"name":"zuoshou1","parent":"shenti1","length":12.08,"rotation":41.74,"x":7.86,"y":2.37},{"name":"zuoshou2","parent":"shenti2","length":10.02,"rotation":39.84,"x":6.91,"y":2.79}],"slots":[{"name":"hou","bone":"root","attachment":"hou"},{"name":"shenti2","bone":"shenti2","attachment":"shenti2"},{"name":"zuoshou2","bone":"zuoshou2","attachment":"zuoshou2"},{"name":"youshou2","bone":"youshou2","attachment":"youshou2"},{"name":"shenti1","bone":"shenti1","attachment":"shenti1"},{"name":"zuoshou1","bone":"zuoshou1","attachment":"zuoshou1"},{"name":"youshou1","bone":"youshou1","attachment":"youshou1"},{"name":"qian","bone":"root","attachment":"qian"}],"skins":{"default":{"hou":{"hou":{"x":4.68,"y":-7.45,"width":61,"height":13}},"qian":{"qian":{"x":0.18,"y":15.55,"width":128,"height":79}},"shenti1":{"shenti1":{"x":12.39,"y":-0.21,"rotation":-87.49,"width":15,"height":26}},"shenti2":{"shenti2":{"x":10.92,"y":-0.16,"rotation":-87.56,"width":13,"height":24}},"youshou1":{"youshou1":{"x":6.2,"y":-0.59,"rotation":-35.62,"width":12,"height":11}},"youshou2":{"youshou2":{"x":5.7,"y":-0.03,"rotation":-36.7,"width":11,"height":9}},"zuoshou1":{"zuoshou1":{"x":5.77,"y":0.09,"rotation":-129.24,"width":10,"height":12}},"zuoshou2":{"zuoshou2":{"x":4.83,"y":-0.07,"rotation":-127.41,"width":9,"height":10}}}},"animations":{"idle":{"bones":{"shenti1":{"rotate":[{"time":0,"angle":0},{"time":0.2333,"angle":-1.12},{"time":0.7333,"angle":7.28},{"time":1,"angle":0}]},"shenti2":{"rotate":[{"time":0,"angle":0},{"time":0.2333,"angle":9.11},{"time":0.5,"angle":0},{"time":0.7333,"angle":6.14},{"time":1,"angle":0}],"translate":[{"time":0,"x":0,"y":-2.15,"curve":[0.25,0,0.75,1]},{"time":0.2333,"x":0,"y":2.68,"curve":[0.25,0,0.75,1]},{"time":0.3667,"x":0,"y":-2.15,"curve":[0.25,0,0.75,1]},{"time":0.5,"x":0,"y":2.68,"curve":[0.25,0,0.75,1]},{"time":0.6333,"x":0,"y":-2.15}]},"zuoshou1":{"rotate":[{"time":0,"angle":87.5},{"time":0.5,"angle":109.2},{"time":1,"angle":87.5}]},"youshou1":{"rotate":[{"time":0,"angle":0},{"time":0.2333,"angle":22.41},{"time":0.5,"angle":-20.88},{"time":0.7667,"angle":24.82},{"time":1,"angle":0}]},"zuoshou2":{"rotate":[{"time":0,"angle":-17.46},{"time":0.2333,"angle":40.99},{"time":0.5,"angle":-17.46},{"time":0.7333,"angle":40.99},{"time":1,"angle":-17.46}]},"youshou2":{"rotate":[{"time":0,"angle":-23.11},{"time":0.2333,"angle":23.37},{"time":0.5,"angle":-23.11},{"time":0.7333,"angle":23.37},{"time":1,"angle":-23.11}]}}}}},"_atlasText":"\nboat.png\nsize: 256,256\nformat: RGBA8888\nfilter: Linear,Linear\nrepeat: none\nhou\n  rotate: false\n  xy: 2, 64\n  size: 61, 13\n  orig: 61, 13\n  offset: 0, 0\n  index: -1\nqian\n  rotate: false\n  xy: 2, 79\n  size: 128, 79\n  orig: 128, 79\n  offset: 0, 0\n  index: -1\nshenti1\n  rotate: false\n  xy: 132, 132\n  size: 15, 26\n  orig: 15, 26\n  offset: 0, 0\n  index: -1\nshenti2\n  rotate: false\n  xy: 2, 38\n  size: 13, 24\n  orig: 13, 24\n  offset: 0, 0\n  index: -1\nyoushou1\n  rotate: false\n  xy: 65, 66\n  size: 12, 11\n  orig: 12, 11\n  offset: 0, 0\n  index: -1\nyoushou2\n  rotate: false\n  xy: 149, 149\n  size: 11, 9\n  orig: 11, 9\n  offset: 0, 0\n  index: -1\nzuoshou1\n  rotate: false\n  xy: 132, 118\n  size: 10, 12\n  orig: 10, 12\n  offset: 0, 0\n  index: -1\nzuoshou2\n  rotate: false\n  xy: 2, 26\n  size: 9, 10\n  orig: 9, 10\n  offset: 0, 0\n  index: -1\n","textures":[{"__uuid__":"76RNg6DN5Kb4tj0tnDhtPZ"}],"textureNames":["boat.png"]},[{"__type__":"cc.Prefab","_name":"chunyou_9","data":{"__id__":1}},{"__type__":"cc.Node","_name":"chunyou_9","_children":[{"__id__":2}],"_level":1,"_components":[{"__type__":"cc.Sprite","node":{"__id__":1},"_sizeMode":0},{"__type__":"cc.RigidBody","node":{"__id__":1},"enabledContactListener":true},{"__type__":"cc.PhysicsPolygonCollider","node":{"__id__":1},"points":[{"__type__":"cc.Vec2","x":-40,"y":39.5},{"__type__":"cc.Vec2","x":-46,"y":36.5},{"__type__":"cc.Vec2","x":-51,"y":29.5},{"__type__":"cc.Vec2","x":-58.1,"y":26.9},{"__type__":"cc.Vec2","x":-38,"y":25.5},{"__type__":"cc.Vec2","x":-39.2,"y":12.5},{"__type__":"cc.Vec2","x":-51,"y":-12.5},{"__type__":"cc.Vec2","x":-56,"y":-14.5},{"__type__":"cc.Vec2","x":-58,"y":-18.5},{"__type__":"cc.Vec2","x":-58,"y":-25.5},{"__type__":"cc.Vec2","x":-64,"y":-25.5},{"__type__":"cc.Vec2","x":-64,"y":-39.5},{"__type__":"cc.Vec2","x":64,"y":-39.5},{"__type__":"cc.Vec2","x":64,"y":-21.5},{"__type__":"cc.Vec2","x":57,"y":-12.5},{"__type__":"cc.Vec2","x":50.7,"y":-11.4},{"__type__":"cc.Vec2","x":37.5,"y":11.2},{"__type__":"cc.Vec2","x":-27.1,"y":10.5},{"__type__":"cc.Vec2","x":-28,"y":35.5},{"__type__":"cc.Vec2","x":-32,"y":39.5}]},{"__type__":"a058dD7mZpHmIw83dheUpZy","node":{"__id__":1},"shapeType":2}],"_prefab":{"__type__":"cc.PrefabInfo","root":{"__id__":1},"asset":{"__uuid__":"b8efTKijZHw5Zq88pm9oIQ"},"fileId":"93CyKFy8BGWYxlEqk1xGXk"},"_contentSize":{"__type__":"cc.Size","width":128,"height":79},"_position":{"__type__":"cc.Vec3","x":-320,"y":-568},"_scale":{"__type__":"cc.Vec3","x":1,"y":1,"z":1}},{"__type__":"cc.Node","_name":"boat","_parent":{"__id__":1},"_level":2,"_components":[{"__type__":"sp.Skeleton","node":{"__id__":2},"defaultAnimation":"idle","premultipliedAlpha":false,"_N$skeletonData":{"__uuid__":"b0ZOqSRwZPRJNh1k/3NHo8"}}],"_prefab":{"__type__":"cc.PrefabInfo","root":{"__id__":1},"asset":{"__uuid__":"b8efTKijZHw5Zq88pm9oIQ"},"fileId":"3ebNA4SAJODamkXZRJHK10"},"_contentSize":{"__type__":"cc.Size","width":128,"height":79},"_position":{"__type__":"cc.Vec3","y":-15},"_scale":{"__type__":"cc.Vec3","x":1,"y":1,"z":1}}]]