[{"__type__":"cc.SpriteFrame","content":{"name":"normal_8","texture":"d81dIz3Q9MBoH4oKh3Opg9","rect":[0,0,171,97],"offset":[0,0],"originalSize":[171,97],"capInsets":[0,0,0,0]}},[{"__type__":"cc.Prefab","_name":"normal_8","data":{"__id__":1}},{"__type__":"cc.Node","_name":"normal_8","_components":[{"__type__":"cc.Sprite","node":{"__id__":1},"_spriteFrame":{"__uuid__":"d223yuYbFNeriqgYuUFiHv"},"_sizeMode":0},{"__type__":"cc.RigidBody","node":{"__id__":1},"enabledContactListener":true},{"__type__":"cc.PhysicsPolygonCollider","node":{"__id__":1},"points":[{"__type__":"cc.Vec2","x":-21.5,"y":48.5},{"__type__":"cc.Vec2","x":-22.5,"y":42.5},{"__type__":"cc.Vec2","x":-70.5,"y":42.5},{"__type__":"cc.Vec2","x":-70.5,"y":39.5},{"__type__":"cc.Vec2","x":-80.5,"y":39.5},{"__type__":"cc.Vec2","x":-85.5,"y":34.5},{"__type__":"cc.Vec2","x":-85.5,"y":-43.5},{"__type__":"cc.Vec2","x":-80.5,"y":-48.5},{"__type__":"cc.Vec2","x":73.5,"y":-48.5},{"__type__":"cc.Vec2","x":78.5,"y":-43.5},{"__type__":"cc.Vec2","x":78.5,"y":-30.5},{"__type__":"cc.Vec2","x":85.5,"y":-29.5},{"__type__":"cc.Vec2","x":85.5,"y":-22.5},{"__type__":"cc.Vec2","x":78.5,"y":-20.5},{"__type__":"cc.Vec2","x":78.5,"y":5.5},{"__type__":"cc.Vec2","x":85.5,"y":6.5},{"__type__":"cc.Vec2","x":85.5,"y":13.5},{"__type__":"cc.Vec2","x":78.5,"y":15.5},{"__type__":"cc.Vec2","x":78.5,"y":34.5},{"__type__":"cc.Vec2","x":73.5,"y":39.5},{"__type__":"cc.Vec2","x":63.5,"y":39.5},{"__type__":"cc.Vec2","x":63.5,"y":42.5},{"__type__":"cc.Vec2","x":58.5,"y":42.5},{"__type__":"cc.Vec2","x":57.5,"y":48.5}]},{"__type__":"a058dD7mZpHmIw83dheUpZy","node":{"__id__":1},"shapeType":2}],"_prefab":{"__type__":"cc.PrefabInfo","root":{"__id__":1},"asset":{"__uuid__":"ebEaOV/rpEz5tpUzVCb41o"},"fileId":"93CyKFy8BGWYxlEqk1xGXk"},"_contentSize":{"__type__":"cc.Size","width":171,"height":97},"_position":{"__type__":"cc.Vec3","x":-320,"y":-567.3},"_scaleX":1,"_scaleY":1,"_scale":{"__type__":"cc.Vec3","x":1,"y":1,"z":1}}]]