[[{"__type__":"cc.Prefab","_name":"chunyou_4","data":{"__id__":1}},{"__type__":"cc.Node","_name":"chunyou_4","_level":1,"_components":[{"__type__":"cc.Sprite","node":{"__id__":1},"_spriteFrame":{"__uuid__":"8ayrPiwc5HV4XUZGBtplTA"},"_sizeMode":0},{"__type__":"cc.RigidBody","node":{"__id__":1},"enabledContactListener":true},{"__type__":"cc.PhysicsPolygonCollider","node":{"__id__":1},"points":[{"__type__":"cc.Vec2","x":5,"y":33.5},{"__type__":"cc.Vec2","x":-6,"y":29.5},{"__type__":"cc.Vec2","x":-9.7,"y":31.7},{"__type__":"cc.Vec2","x":-37,"y":19.5},{"__type__":"cc.Vec2","x":-42,"y":14.5},{"__type__":"cc.Vec2","x":-57,"y":14.5},{"__type__":"cc.Vec2","x":-64,"y":11.5},{"__type__":"cc.Vec2","x":-64,"y":-0.5},{"__type__":"cc.Vec2","x":-63,"y":-10.5},{"__type__":"cc.Vec2","x":-61,"y":-18.5},{"__type__":"cc.Vec2","x":-40,"y":-31.5},{"__type__":"cc.Vec2","x":-30,"y":-33.5},{"__type__":"cc.Vec2","x":50,"y":-33.5},{"__type__":"cc.Vec2","x":60.2,"y":-27.5},{"__type__":"cc.Vec2","x":60,"y":-10.5},{"__type__":"cc.Vec2","x":64,"y":10.5},{"__type__":"cc.Vec2","x":63,"y":30.5},{"__type__":"cc.Vec2","x":24,"y":30.5},{"__type__":"cc.Vec2","x":22,"y":33.5}]},{"__type__":"a058dD7mZpHmIw83dheUpZy","node":{"__id__":1},"shapeType":2}],"_prefab":{"__type__":"cc.PrefabInfo","root":{"__id__":1},"asset":{"__uuid__":"25c3TvNghJnbnllspLCyPf"},"fileId":"93CyKFy8BGWYxlEqk1xGXk"},"_contentSize":{"__type__":"cc.Size","width":128,"height":67},"_position":{"__type__":"cc.Vec3","x":-320,"y":-568},"_scale":{"__type__":"cc.Vec3","x":1,"y":1,"z":1}}],{"__type__":"cc.SpriteFrame","content":{"name":"chunyou_4","texture":"2ebITElJRPnJ+YGxnIiC33","rect":[0,0,128,67],"offset":[0,0],"originalSize":[128,67],"capInsets":[0,0,0,0]}}]