[[{"__type__":"cc.Prefab","_name":"specialShapeEffect","data":{"__id__":1}},{"__type__":"cc.Node","_name":"specialShapeEffect","_children":[{"__id__":2}],"_level":1,"_prefab":{"__type__":"cc.PrefabInfo","root":{"__id__":1},"asset":{"__uuid__":"041fYgKUNHL5JbvqCU53yE"},"fileId":"09J/CmfehPzbFJah149fiW"},"_scale":{"__type__":"cc.Vec3","x":1,"y":1,"z":1}},{"__type__":"cc.Node","_name":"star0","_parent":{"__id__":1},"_level":2,"_components":[{"__type__":"cc.ParticleSystem","node":{"__id__":2},"_dstBlendFactor":1,"_custom":true,"_file":{"__uuid__":"d4YWj4q7RK6Z4/El4anz3u"},"_spriteFrame":{"__uuid__":"fcm25+y79NRKhDQpI/5S9B"},"_stopped":false,"totalParticles":10,"lifeVar":0.3,"_startColor":{"__type__":"cc.Color","r":255,"g":255,"b":255},"_startColorVar":{"__type__":"cc.Color","a":0},"_endColor":{"__type__":"cc.Color","r":255,"g":255,"b":255},"_endColorVar":{"__type__":"cc.Color","a":0},"angleVar":150,"startSize":25,"startSizeVar":15,"endSize":5,"endSizeVar":5,"startSpinVar":180,"endSpin":180,"endSpinVar":180,"posVar":{"__type__":"cc.Vec2","x":30,"y":10},"speed":100,"tangentialAccel":0}],"_prefab":{"__type__":"cc.PrefabInfo","root":{"__id__":1},"asset":{"__uuid__":"041fYgKUNHL5JbvqCU53yE"},"fileId":"80Aa3rNxlCRYKwv4BZUB6c"},"_scale":{"__type__":"cc.Vec3","x":1,"y":1,"z":1}}],{"__type__":"cc.ParticleAsset","_name":"star0","_native":".plist","spriteFrame":{"__uuid__":"fcm25+y79NRKhDQpI/5S9B"}}]