[[{"__type__":"cc.Prefab","_name":"chunjie_4","data":{"__id__":1}},{"__type__":"cc.Node","_name":"chunjie_4","_components":[{"__type__":"cc.Sprite","node":{"__id__":1},"_spriteFrame":{"__uuid__":"58++ugg9tK4rNPEHzvwOlK"},"_sizeMode":0},{"__type__":"cc.RigidBody","node":{"__id__":1},"enabledContactListener":true},{"__type__":"cc.PhysicsPolygonCollider","node":{"__id__":1},"points":[{"__type__":"cc.Vec2","x":-14.207999999999998,"y":45.81818181818181},{"__type__":"cc.Vec2","x":-27.264,"y":31.636363636363626},{"__type__":"cc.Vec2","x":-28.8,"y":25.09090909090908},{"__type__":"cc.Vec2","x":-45.3,"y":26.4},{"__type__":"cc.Vec2","x":-48,"y":14.18181818181818},{"__type__":"cc.Vec2","x":-47.232,"y":-12},{"__type__":"cc.Vec2","x":-40.32,"y":-31.636363636363637},{"__type__":"cc.Vec2","x":-28.4,"y":-44},{"__type__":"cc.Vec2","x":23,"y":-44},{"__type__":"cc.Vec2","x":31.7,"y":-41},{"__type__":"cc.Vec2","x":41.85600000000001,"y":-28.363636363636367},{"__type__":"cc.Vec2","x":48,"y":-7.63636363636364},{"__type__":"cc.Vec2","x":48,"y":14.18181818181818},{"__type__":"cc.Vec2","x":44.1,"y":27.5},{"__type__":"cc.Vec2","x":28.031999999999996,"y":25.09090909090908},{"__type__":"cc.Vec2","x":21.888000000000005,"y":39.272727272727266},{"__type__":"cc.Vec2","x":7.295999999999999,"y":48}]},{"__type__":"a058dD7mZpHmIw83dheUpZy","node":{"__id__":1},"shapeType":2}],"_prefab":{"__type__":"cc.PrefabInfo","root":{"__id__":1},"asset":{"__uuid__":"1cAmPqo59FPK9YcI4tM4Qt"},"fileId":"93CyKFy8BGWYxlEqk1xGXk"},"_contentSize":{"__type__":"cc.Size","width":96,"height":96},"_position":{"__type__":"cc.Vec3","x":-320,"y":-568},"_scaleX":1,"_scaleY":1,"_scale":{"__type__":"cc.Vec3","x":1,"y":1,"z":1}}],{"__type__":"cc.SpriteFrame","content":{"name":"chunjie_4","texture":"7d06VYBNNP0rkvNJKUW80z","rect":[0,0,125,88],"offset":[0,0],"originalSize":[125,88],"capInsets":[0,0,0,0]}}]