[{"__type__":"cc.Prefab","_name":"ShowAnim","data":{"__id__":1}},{"__type__":"cc.Node","_name":"New Label","_children":[{"__id__":2}],"_level":1,"_components":[{"__type__":"9a49fgMg2tFDLU+mXWxTBAd","node":{"__id__":1},"anim":{"__id__":2},"img":{"__id__":4}}],"_prefab":{"__type__":"cc.PrefabInfo","root":{"__id__":1},"asset":{"__uuid__":"a16Ekfj21JUqGC7uEbRSwD"},"fileId":"89rSdsSX9LeopJupoW1OpM"},"_contentSize":{"__type__":"cc.Size","width":750,"height":1334},"_scale":{"__type__":"cc.Vec3","x":1,"y":1,"z":1}},{"__type__":"cc.Node","_name":"New Node","_parent":{"__id__":1},"_children":[{"__id__":3}],"_level":2,"_prefab":{"__type__":"cc.PrefabInfo","root":{"__id__":1},"asset":{"__uuid__":"a16Ekfj21JUqGC7uEbRSwD"},"fileId":"29gPj5c4pGFLD1ByNrpLEL"},"_scale":{"__type__":"cc.Vec3","x":1,"y":1,"z":1}},{"__type__":"cc.Node","_name":"img","_parent":{"__id__":2},"_level":3,"_components":[{"__id__":4}],"_prefab":{"__type__":"cc.PrefabInfo","root":{"__id__":1},"asset":{"__uuid__":"a16Ekfj21JUqGC7uEbRSwD"},"fileId":"dbS7jyt6FJu7DdUEfoxahN"},"_contentSize":{"__type__":"cc.Size","width":130,"height":130},"_position":{"__type__":"cc.Vec3","y":-1},"_scale":{"__type__":"cc.Vec3","x":1,"y":1,"z":1}},{"__type__":"cc.Sprite","node":{"__id__":3},"_sizeMode":0}]