[{"__type__":"cc.SpriteFrame","content":{"name":"line","texture":"d2mZm4YZ1NYqPd05Z8hLBU","rect":[0,0,544,2],"offset":[0,0],"originalSize":[544,2],"capInsets":[0,0,0,0]}},[{"__type__":"cc.Prefab","_name":"Fielditem","data":{"__id__":1}},{"__type__":"cc.Node","_name":"field","_children":[{"__id__":2},{"__id__":9}],"_level":1,"_components":[{"__type__":"c9d13RD2YVMaa2b/ULIzhnm","node":{"__id__":1},"img":{"__id__":4},"username":{"__id__":7},"content":{"__id__":10}},{"__type__":"cc.Layout","node":{"__id__":1},"_layoutSize":{"__type__":"cc.Size","width":680,"height":136},"_resize":1,"_N$layoutType":2,"_N$paddingTop":30}],"_prefab":{"__type__":"cc.PrefabInfo","root":{"__id__":1},"asset":{"__uuid__":"b851sn1wtDYr2MhHFxdE7M"},"fileId":"18FfkwLy5OYLip5EdA74FP"},"_contentSize":{"__type__":"cc.Size","width":680,"height":136},"_anchorPoint":{"__type__":"cc.Vec2","x":0.5,"y":1},"_scale":{"__type__":"cc.Vec3","x":1,"y":1,"z":1}},{"__type__":"cc.Node","_name":"layout","_parent":{"__id__":1},"_children":[{"__id__":3},{"__id__":5}],"_level":2,"_components":[{"__type__":"cc.Sprite","node":{"__id__":2},"_type":1,"_sizeMode":0},{"__type__":"cc.Layout","node":{"__id__":2},"_layoutSize":{"__type__":"cc.Size","width":280,"height":80},"_resize":1,"_N$layoutType":1,"_N$spacingX":5},{"__type__":"cc.Widget","node":{"__id__":2},"_alignFlags":9,"_left":10,"_top":30}],"_prefab":{"__type__":"cc.PrefabInfo","root":{"__id__":1},"asset":{"__uuid__":"b851sn1wtDYr2MhHFxdE7M"},"fileId":"05NzZJ3X5KNp8AieTpqTdM"},"_contentSize":{"__type__":"cc.Size","width":280,"height":80},"_anchorPoint":{"__type__":"cc.Vec2","y":0.5},"_position":{"__type__":"cc.Vec3","x":-330,"y":-70},"_scale":{"__type__":"cc.Vec3","x":1,"y":1,"z":1}},{"__type__":"cc.Node","_name":"img","_parent":{"__id__":2},"_level":3,"_components":[{"__id__":4}],"_prefab":{"__type__":"cc.PrefabInfo","root":{"__id__":1},"asset":{"__uuid__":"b851sn1wtDYr2MhHFxdE7M"},"fileId":"56S3NSuSxEFbU6CU0v7JeR"},"_contentSize":{"__type__":"cc.Size","width":75,"height":75},"_position":{"__type__":"cc.Vec3","x":37.5,"y":11},"_scale":{"__type__":"cc.Vec3","x":1,"y":1,"z":1}},{"__type__":"cc.Sprite","node":{"__id__":3},"_sizeMode":0},{"__type__":"cc.Node","_name":"New Layout","_parent":{"__id__":2},"_children":[{"__id__":6},{"__id__":8}],"_level":3,"_components":[{"__type__":"cc.Sprite","node":{"__id__":5},"_type":1,"_sizeMode":0},{"__type__":"cc.Layout","node":{"__id__":5},"_layoutSize":{"__type__":"cc.Size","width":200,"height":40},"_resize":1,"_N$layoutType":2,"_N$spacingY":5}],"_prefab":{"__type__":"cc.PrefabInfo","root":{"__id__":1},"asset":{"__uuid__":"b851sn1wtDYr2MhHFxdE7M"},"fileId":"3fo2N2B+VMJb1e5Rwz2tRg"},"_color":{"__type__":"cc.Color","r":97,"g":197,"b":255},"_contentSize":{"__type__":"cc.Size","width":200,"height":40},"_anchorPoint":{"__type__":"cc.Vec2","y":0.5},"_position":{"__type__":"cc.Vec3","x":80},"_scale":{"__type__":"cc.Vec3","x":1,"y":1,"z":1}},{"__type__":"cc.Node","_name":"name","_parent":{"__id__":5},"_level":4,"_components":[{"__id__":7}],"_prefab":{"__type__":"cc.PrefabInfo","root":{"__id__":1},"asset":{"__uuid__":"b851sn1wtDYr2MhHFxdE7M"},"fileId":"2fhOro8lRGPYUV5feVcq0f"},"_color":{"__type__":"cc.Color","r":97,"g":197,"b":255},"_contentSize":{"__type__":"cc.Size","height":32},"_anchorPoint":{"__type__":"cc.Vec2","y":0.5},"_position":{"__type__":"cc.Vec3","y":4},"_scale":{"__type__":"cc.Vec3","x":1,"y":1,"z":1}},{"__type__":"cc.Label","node":{"__id__":6},"_srcBlendFactor":1,"_useOriginalSize":false,"_fontSize":30,"_lineHeight":32,"_N$horizontalAlign":1,"_N$verticalAlign":1},{"__type__":"cc.Node","_name":"line","_parent":{"__id__":5},"_level":4,"_components":[{"__type__":"cc.Sprite","node":{"__id__":8},"_spriteFrame":{"__uuid__":"8ceNOKfstEAaPI9gVxslOk"},"_sizeMode":0}],"_prefab":{"__type__":"cc.PrefabInfo","root":{"__id__":1},"asset":{"__uuid__":"b851sn1wtDYr2MhHFxdE7M"},"fileId":"6flTKL/G9Lepd39NmDS0vs"},"_contentSize":{"__type__":"cc.Size","width":544,"height":3},"_anchorPoint":{"__type__":"cc.Vec2","y":0.5},"_position":{"__type__":"cc.Vec3","y":-18.5},"_scale":{"__type__":"cc.Vec3","x":1,"y":1,"z":1}},{"__type__":"cc.Node","_name":"content","_parent":{"__id__":1},"_level":2,"_components":[{"__id__":10},{"__type__":"cc.Widget","node":{"__id__":9},"_alignFlags":41,"_left":10,"_right":10,"_top":110,"_originalWidth":73.4}],"_prefab":{"__type__":"cc.PrefabInfo","root":{"__id__":1},"asset":{"__uuid__":"b851sn1wtDYr2MhHFxdE7M"},"fileId":"08UYISPcNKf51rYzK7uHvz"},"_color":{"__type__":"cc.Color","r":173,"g":177,"b":202},"_contentSize":{"__type__":"cc.Size","width":660,"height":26},"_anchorPoint":{"__type__":"cc.Vec2","x":0.5,"y":1},"_position":{"__type__":"cc.Vec3","y":-110},"_scale":{"__type__":"cc.Vec3","x":1,"y":1,"z":1}},{"__type__":"cc.Label","node":{"__id__":9},"_srcBlendFactor":1,"_useOriginalSize":false,"_fontSize":24,"_lineHeight":26,"_N$verticalAlign":1,"_N$overflow":3}]]