[{"__type__":"cc.SpriteFrame","content":{"name":"close (2)","texture":"a1kFce2/xNx60AtnsccfV2","rect":[383,897,28,27],"offset":[0,0],"originalSize":[28,27],"capInsets":[0,0,0,0]}},{"__type__":"cc.SpriteFrame","content":{"name":"tanchuanbg","texture":"a1kFce2/xNx60AtnsccfV2","rect":[821,756,80,78],"offset":[0,0],"originalSize":[80,78],"capInsets":[11,11,11,10]}},{"__type__":"cc.SpriteFrame","content":{"name":"default_panel","texture":"d8HsitJHxOYqo801xBk8ev","rect":[0,0,20,20],"offset":[0,0],"originalSize":[20,20],"capInsets":[6,6,6,6]}},[{"__type__":"cc.Prefab","_name":"ArchivePop","data":{"__id__":1}},{"__type__":"cc.Node","_name":"archivepop","_children":[{"__id__":2}],"_level":1,"_components":[{"__type__":"5cec5l+3F9Eh5Pph0qxb6D0","node":{"__id__":1},"close":{"__id__":6},"itemtile":{"__uuid__":"a2MnRzPYtG/4g1/EwAL+ds"},"item":{"__uuid__":"a7evRgbWNBDqX5fbA9Rq3P"},"content":{"__id__":11}}],"_prefab":{"__type__":"cc.PrefabInfo","root":{"__id__":1},"asset":{"__uuid__":"a8zCsFn21MgocOYNXA0S7q"},"fileId":"27vdc2m5FKirJ6eeG7jVYP"},"_contentSize":{"__type__":"cc.Size","width":750,"height":1334},"_scale":{"__type__":"cc.Vec3","x":1,"y":1,"z":1}},{"__type__":"cc.Node","_name":"bg","_parent":{"__id__":1},"_children":[{"__id__":3}],"_level":2,"_components":[{"__type__":"cc.Sprite","node":{"__id__":2},"_spriteFrame":{"__uuid__":"510X4D6aFPGa9wjpS7Ot5t"},"_type":1,"_sizeMode":0}],"_prefab":{"__type__":"cc.PrefabInfo","root":{"__id__":1},"asset":{"__uuid__":"a8zCsFn21MgocOYNXA0S7q"},"fileId":"1c9YjAgE5LLIZJmO9dyDGb"},"_contentSize":{"__type__":"cc.Size","width":699,"height":1100},"_position":{"__type__":"cc.Vec3","y":81},"_scale":{"__type__":"cc.Vec3","x":1,"y":1,"z":1}},{"__type__":"cc.Node","_name":"New Node","_parent":{"__id__":2},"_children":[{"__id__":4},{"__id__":8},{"__id__":9}],"_level":3,"_components":[{"__type__":"cc.Layout","node":{"__id__":3},"_layoutSize":{"__type__":"cc.Size","width":680,"height":1080},"_resize":1,"_N$layoutType":2}],"_prefab":{"__type__":"cc.PrefabInfo","root":{"__id__":1},"asset":{"__uuid__":"a8zCsFn21MgocOYNXA0S7q"},"fileId":"adAnWRawhAlppMF+HY8bxE"},"_contentSize":{"__type__":"cc.Size","width":680,"height":1080},"_position":{"__type__":"cc.Vec3","y":5.684341886080802e-14},"_scale":{"__type__":"cc.Vec3","x":1,"y":1,"z":1}},{"__type__":"cc.Node","_name":"title","_parent":{"__id__":3},"_children":[{"__id__":5},{"__id__":6}],"_level":4,"_components":[{"__type__":"cc.Sprite","node":{"__id__":4},"_spriteFrame":{"__uuid__":"b3CLDo9FhEhpyt697OG5HT"},"_sizeMode":0},{"__type__":"cc.Widget","node":{"__id__":4},"_alignFlags":41,"_left":0.5,"_right":0.5,"_originalWidth":680}],"_prefab":{"__type__":"cc.PrefabInfo","root":{"__id__":1},"asset":{"__uuid__":"a8zCsFn21MgocOYNXA0S7q"},"fileId":"d3+fQZetRKnoVIgIsosMrc"},"_contentSize":{"__type__":"cc.Size","width":679,"height":60},"_position":{"__type__":"cc.Vec3","y":510},"_scale":{"__type__":"cc.Vec3","x":1,"y":1,"z":1}},{"__type__":"cc.Node","_name":"New Label","_parent":{"__id__":4},"_level":4,"_components":[{"__type__":"cc.Label","node":{"__id__":5},"_srcBlendFactor":1,"_useOriginalSize":false,"_string":"神器图鉴","_N$string":"神器图鉴","_N$horizontalAlign":1,"_N$verticalAlign":1,"_N$fontFamily":"苹方","_N$overflow":1},{"__type__":"cc.Widget","node":{"__id__":5},"_alignFlags":18}],"_prefab":{"__type__":"cc.PrefabInfo","root":{"__id__":1},"asset":{"__uuid__":"a8zCsFn21MgocOYNXA0S7q"},"fileId":"d4VO5n5UNBKIjuxWdJdQiH"},"_contentSize":{"__type__":"cc.Size","width":500,"height":40},"_scale":{"__type__":"cc.Vec3","x":1,"y":1,"z":1}},{"__type__":"cc.Node","_name":"close","_parent":{"__id__":4},"_children":[{"__id__":7}],"_level":5,"_components":[{"__type__":"cc.Widget","node":{"__id__":6},"_alignFlags":32},{"__type__":"cc.Button","node":{"__id__":6},"_N$transition":3,"transition":3,"_N$target":{"__id__":6}}],"_prefab":{"__type__":"cc.PrefabInfo","root":{"__id__":1},"asset":{"__uuid__":"a8zCsFn21MgocOYNXA0S7q"},"fileId":"5049k00lZAS62KqsxW1RGA"},"_contentSize":{"__type__":"cc.Size","width":70,"height":70},"_position":{"__type__":"cc.Vec3","x":304.5},"_scale":{"__type__":"cc.Vec3","x":1,"y":1,"z":1}},{"__type__":"cc.Node","_name":"New Sprite(Splash)","_parent":{"__id__":6},"_level":6,"_components":[{"__type__":"cc.Sprite","node":{"__id__":7},"_spriteFrame":{"__uuid__":"33DcKl9v5Ef6qoSRMZ5ejJ"},"_sizeMode":0}],"_prefab":{"__type__":"cc.PrefabInfo","root":{"__id__":1},"asset":{"__uuid__":"a8zCsFn21MgocOYNXA0S7q"},"fileId":"ee6N8FKnVA16MRphNXbw8G"},"_contentSize":{"__type__":"cc.Size","width":28,"height":27},"_scale":{"__type__":"cc.Vec3","x":1,"y":1,"z":1}},{"__type__":"cc.Node","_name":"New Label","_parent":{"__id__":3},"_level":4,"_components":[{"__type__":"cc.Label","node":{"__id__":8},"_srcBlendFactor":1,"_useOriginalSize":false,"_string":"神器购买及升级需要的符石可以通过，转生商店购买获得","_N$string":"神器购买及升级需要的符石可以通过，转生商店购买获得","_fontSize":21,"_N$horizontalAlign":1,"_N$verticalAlign":1}],"_prefab":{"__type__":"cc.PrefabInfo","root":{"__id__":1},"asset":{"__uuid__":"a8zCsFn21MgocOYNXA0S7q"},"fileId":"25AImY9WFDQpAarZWXmXeh"},"_color":{"__type__":"cc.Color","r":145,"g":156,"b":226},"_contentSize":{"__type__":"cc.Size","width":525,"height":40},"_position":{"__type__":"cc.Vec3","y":460},"_scale":{"__type__":"cc.Vec3","x":1,"y":1,"z":1}},{"__type__":"cc.Node","_name":"New ScrollView","_parent":{"__id__":3},"_children":[{"__id__":10}],"_level":4,"_components":[{"__type__":"cc.Sprite","node":{"__id__":9},"_spriteFrame":{"__uuid__":"9bvaMerUlDyary99mJa6xp"},"_type":1,"_sizeMode":0},{"__type__":"cc.ScrollView","node":{"__id__":9},"horizontal":false,"brake":0.75,"bounceDuration":0.23,"_N$content":{"__id__":11},"content":{"__id__":11},"_N$horizontalScrollBar":null,"_N$verticalScrollBar":null}],"_prefab":{"__type__":"cc.PrefabInfo","root":{"__id__":1},"asset":{"__uuid__":"a8zCsFn21MgocOYNXA0S7q"},"fileId":"0c0btHUmBPvb0aNV07WeI8"},"_color":{"__type__":"cc.Color","r":44,"g":44,"b":44},"_contentSize":{"__type__":"cc.Size","width":680,"height":980},"_position":{"__type__":"cc.Vec3","y":-50},"_scale":{"__type__":"cc.Vec3","x":1,"y":1,"z":1}},{"__type__":"cc.Node","_name":"view","_parent":{"__id__":9},"_children":[{"__id__":11}],"_components":[{"__type__":"cc.Mask","node":{"__id__":10}},{"__type__":"cc.Widget","node":{"__id__":10},"alignMode":2,"_alignFlags":45,"_top":5,"_bottom":5,"_originalWidth":680,"_originalHeight":840}],"_prefab":{"__type__":"cc.PrefabInfo","root":{"__id__":1},"asset":{"__uuid__":"a8zCsFn21MgocOYNXA0S7q"},"fileId":"44JwdSAERGmp+qAJk83aPd"},"_contentSize":{"__type__":"cc.Size","width":680,"height":970},"_scale":{"__type__":"cc.Vec3","x":1,"y":1,"z":1}},{"__type__":"cc.Node","_name":"content","_parent":{"__id__":10},"_components":[{"__type__":"cc.Widget","node":{"__id__":11},"_alignFlags":1},{"__type__":"cc.Layout","node":{"__id__":11},"_resize":1,"_N$layoutType":2,"_N$spacingY":5}],"_prefab":{"__type__":"cc.PrefabInfo","root":{"__id__":1},"asset":{"__uuid__":"a8zCsFn21MgocOYNXA0S7q"},"fileId":"aaweu1medLwL2iZXZH/lQa"},"_contentSize":{"__type__":"cc.Size","width":680,"height":400},"_anchorPoint":{"__type__":"cc.Vec2","x":0.5,"y":1},"_position":{"__type__":"cc.Vec3","y":485},"_scale":{"__type__":"cc.Vec3","x":1,"y":1,"z":1}}],{"__type__":"cc.SpriteFrame","content":{"name":"shangcehng","texture":"a1kFce2/xNx60AtnsccfV2","rect":[62,412,679,59],"offset":[0,0],"originalSize":[679,59],"capInsets":[0,0,0,0]}}]