[[{"__type__":"cc.Prefab","_name":"TeamWin","data":{"__id__":1}},{"__type__":"cc.Node","_name":"TeamWin","_children":[{"__id__":2},{"__id__":8}],"_level":1,"_components":[{"__type__":"aaf8d8JcoxHz7gRchbZlPi0","node":{"__id__":1},"scroll":{"__id__":7},"colse":{"__id__":8},"top":{"__id__":6}},{"__type__":"cc.Widget","node":{"__id__":1},"_alignFlags":45,"_originalWidth":750,"_originalHeight":1334}],"_prefab":{"__type__":"cc.PrefabInfo","root":{"__id__":1},"asset":{"__uuid__":"1eSSIQi2dFC7zQ34b80KG3"},"fileId":"3eB2CVbkJEWbyz9WGFP4Hz"},"_contentSize":{"__type__":"cc.Size","width":750,"height":1334},"_position":{"__type__":"cc.Vec3","x":375,"y":667},"_scale":{"__type__":"cc.Vec3","x":1,"y":1,"z":1}},{"__type__":"cc.Node","_name":"scrollview","_parent":{"__id__":1},"_children":[{"__id__":3}],"_components":[{"__id__":7},{"__type__":"cc.Widget","node":{"__id__":2},"_alignFlags":45,"_originalWidth":750,"_originalHeight":1334}],"_prefab":{"__type__":"cc.PrefabInfo","root":{"__id__":1},"asset":{"__uuid__":"1eSSIQi2dFC7zQ34b80KG3"},"fileId":"6eZpG2x4VJ4LITwk1ZZAsz"},"_color":{"__type__":"cc.Color","r":184,"g":184,"b":184},"_contentSize":{"__type__":"cc.Size","width":750,"height":1334},"_scale":{"__type__":"cc.Vec3","x":1,"y":1,"z":1}},{"__type__":"cc.Node","_name":"view","_parent":{"__id__":2},"_children":[{"__id__":4}],"_components":[{"__type__":"cc.Mask","node":{"__id__":3},"_N$alphaThreshold":1},{"__type__":"cc.Widget","node":{"__id__":3},"_alignFlags":45,"_originalWidth":750,"_originalHeight":1334}],"_prefab":{"__type__":"cc.PrefabInfo","root":{"__id__":1},"asset":{"__uuid__":"1eSSIQi2dFC7zQ34b80KG3"},"fileId":"d6+eq3KoZEM5kSEPPDhXKL"},"_contentSize":{"__type__":"cc.Size","width":750,"height":1334},"_scale":{"__type__":"cc.Vec3","x":1,"y":1,"z":1}},{"__type__":"cc.Node","_name":"content","_parent":{"__id__":3},"_children":[{"__id__":5}],"_components":[{"__type__":"cc.Layout","node":{"__id__":4},"_layoutSize":{"__type__":"cc.Size","width":750},"_resize":1,"_N$layoutType":2}],"_prefab":{"__type__":"cc.PrefabInfo","root":{"__id__":1},"asset":{"__uuid__":"1eSSIQi2dFC7zQ34b80KG3"},"fileId":"b2Wf3CbXVFqqeKHSF4xEm7"},"_contentSize":{"__type__":"cc.Size","width":750},"_anchorPoint":{"__type__":"cc.Vec2","x":0.5,"y":1},"_position":{"__type__":"cc.Vec3","y":667},"_scale":{"__type__":"cc.Vec3","x":1,"y":1,"z":1}},{"__type__":"cc.Node","_name":"top","_parent":{"__id__":4},"_level":1,"_components":[{"__id__":6},{"__type__":"32540GFq4FAT5ZSyUpi/XyW","node":{"__id__":5},"img":{"__id__":6},"url":"texture/about.jpg"}],"_prefab":{"__type__":"cc.PrefabInfo","root":{"__id__":1},"asset":{"__uuid__":"1eSSIQi2dFC7zQ34b80KG3"},"fileId":"16xHfb+AFNpICCOVrtf1/u"},"_contentSize":{"__type__":"cc.Size","width":750},"_scale":{"__type__":"cc.Vec3","x":1,"y":1,"z":1}},{"__type__":"cc.Sprite","node":{"__id__":5},"_isTrimmedMode":false},{"__type__":"cc.ScrollView","node":{"__id__":2},"horizontal":false,"brake":0.75,"bounceDuration":0.23,"_N$content":{"__id__":4},"content":{"__id__":4},"_N$horizontalScrollBar":null,"_N$verticalScrollBar":null},{"__type__":"cc.Node","_name":"_myclose","_parent":{"__id__":1},"_children":[{"__id__":9}],"_components":[{"__type__":"cc.Sprite","node":{"__id__":8},"_sizeMode":0},{"__type__":"cc.Widget","node":{"__id__":8},"alignMode":0,"_alignFlags":33,"_right":77,"_top":129},{"__type__":"cc.Button","node":{"__id__":8},"zoomScale":0.9,"_N$transition":3,"transition":3,"_N$target":{"__id__":8}}],"_prefab":{"__type__":"cc.PrefabInfo","root":{"__id__":1},"asset":{"__uuid__":"1eSSIQi2dFC7zQ34b80KG3"},"fileId":"facmlpDh9H4ZP527DmCpyf"},"_contentSize":{"__type__":"cc.Size","width":70,"height":70},"_position":{"__type__":"cc.Vec3","x":263,"y":503},"_scale":{"__type__":"cc.Vec3","x":1,"y":1,"z":1}},{"__type__":"cc.Node","_name":"New Sprite(Splash)","_parent":{"__id__":8},"_level":1,"_components":[{"__type__":"cc.Sprite","node":{"__id__":9},"_spriteFrame":{"__uuid__":"33DcKl9v5Ef6qoSRMZ5ejJ"}}],"_prefab":{"__type__":"cc.PrefabInfo","root":{"__id__":1},"asset":{"__uuid__":"1eSSIQi2dFC7zQ34b80KG3"},"fileId":"c18ARyEWxMQJXrX+sxcH1r"},"_contentSize":{"__type__":"cc.Size","width":28,"height":27},"_scale":{"__type__":"cc.Vec3","x":1,"y":1,"z":1}}],{"__type__":"cc.SpriteFrame","content":{"name":"close (2)","texture":"a1kFce2/xNx60AtnsccfV2","rect":[383,897,28,27],"offset":[0,0],"originalSize":[28,27],"capInsets":[0,0,0,0]}}]