[{"__type__":"cc.SpriteFrame","content":{"name":"tongji","texture":"a1kFce2/xNx60AtnsccfV2","rect":[62,322,687,85],"offset":[0,0],"originalSize":[687,85],"capInsets":[0,0,0,0]}},{"__type__":"cc.SpriteFrame","content":{"name":"default_sprite_splash","texture":"02delMVqdBD70a/HSD99FK","rect":[0,0,2,2],"offset":[0,0],"originalSize":[2,2],"capInsets":[0,0,0,0]}},{"__type__":"cc.SpriteFrame","content":{"name":"zhezhao","texture":"a1kFce2/xNx60AtnsccfV2","rect":[751,1129,80,80],"offset":[0,0],"originalSize":[80,80],"capInsets":[0,0,0,0]}},[{"__type__":"cc.Prefab","_name":"ElseHeroSkillItem","data":{"__id__":1}},{"__type__":"cc.Node","_name":"elseskillitem","_children":[{"__id__":2}],"_level":1,"_components":[{"__type__":"fb70f+5ci1MOLRGqdH+V/XG","node":{"__id__":1},"head":{"__id__":5},"skillname":{"__id__":16},"skilldesc":{"__id__":18},"unlocknode":{"__id__":6},"level":{"__id__":13}}],"_prefab":{"__type__":"cc.PrefabInfo","root":{"__id__":1},"asset":{"__uuid__":"cbYL61johC3aOlHzJuM58O"},"fileId":"01XZDVX+5D1K7SBR4rheLg"},"_contentSize":{"__type__":"cc.Size","width":679,"height":75},"_scale":{"__type__":"cc.Vec3","x":1,"y":1,"z":1}},{"__type__":"cc.Node","_name":"New Node","_parent":{"__id__":1},"_children":[{"__id__":3},{"__id__":14}],"_level":2,"_components":[{"__type__":"cc.Sprite","node":{"__id__":2},"_spriteFrame":{"__uuid__":"5efPPTQNZJ4KY6lcNHOUZq"},"_sizeMode":0},{"__type__":"cc.Layout","node":{"__id__":2},"_layoutSize":{"__type__":"cc.Size","width":679,"height":75},"_N$layoutType":1,"_N$paddingLeft":10,"_N$spacingX":10}],"_prefab":{"__type__":"cc.PrefabInfo","root":{"__id__":1},"asset":{"__uuid__":"cbYL61johC3aOlHzJuM58O"},"fileId":"79fm8HAkNNkJjYwNth2S7X"},"_contentSize":{"__type__":"cc.Size","width":679,"height":75},"_anchorPoint":{"__type__":"cc.Vec2","y":0.5},"_position":{"__type__":"cc.Vec3","x":-340},"_scale":{"__type__":"cc.Vec3","x":1,"y":1,"z":1}},{"__type__":"cc.Node","_name":"New Sprite(Splash)","_parent":{"__id__":2},"_children":[{"__id__":4},{"__id__":6}],"_level":3,"_components":[{"__type__":"cc.Sprite","node":{"__id__":3},"_spriteFrame":{"__uuid__":"a2MjXRFdtLlYQ5ouAFv/+R"},"_sizeMode":0}],"_prefab":{"__type__":"cc.PrefabInfo","root":{"__id__":1},"asset":{"__uuid__":"cbYL61johC3aOlHzJuM58O"},"fileId":"41rO/m/ZxDmpTY63xSauYX"},"_contentSize":{"__type__":"cc.Size","width":65,"height":65},"_position":{"__type__":"cc.Vec3","x":42.5},"_scale":{"__type__":"cc.Vec3","x":1,"y":1,"z":1}},{"__type__":"cc.Node","_name":"head","_parent":{"__id__":3},"_level":4,"_components":[{"__id__":5}],"_prefab":{"__type__":"cc.PrefabInfo","root":{"__id__":1},"asset":{"__uuid__":"cbYL61johC3aOlHzJuM58O"},"fileId":"fbNF2MQS5JOJefQnavxaKA"},"_contentSize":{"__type__":"cc.Size","width":65,"height":65},"_scale":{"__type__":"cc.Vec3","x":1,"y":1,"z":1}},{"__type__":"cc.Sprite","node":{"__id__":4},"_sizeMode":0},{"__type__":"cc.Node","_name":"New Node","_parent":{"__id__":3},"_children":[{"__id__":7},{"__id__":8}],"_level":4,"_prefab":{"__type__":"cc.PrefabInfo","root":{"__id__":1},"asset":{"__uuid__":"cbYL61johC3aOlHzJuM58O"},"fileId":"e2u6T6A/lLsZud3Fk9w3dS"},"_contentSize":{"__type__":"cc.Size","width":65,"height":65},"_scale":{"__type__":"cc.Vec3","x":1,"y":1,"z":1}},{"__type__":"cc.Node","_name":"lock","_parent":{"__id__":6},"_level":5,"_components":[{"__type__":"cc.Sprite","node":{"__id__":7},"_spriteFrame":{"__uuid__":"a6cM4wfGpFi4rDaNsvem4u"},"_sizeMode":0}],"_prefab":{"__type__":"cc.PrefabInfo","root":{"__id__":1},"asset":{"__uuid__":"cbYL61johC3aOlHzJuM58O"},"fileId":"2c+gwVJ5ZD4p0PybCZaWaG"},"_opacity":180,"_color":{"__type__":"cc.Color"},"_contentSize":{"__type__":"cc.Size","width":65,"height":65},"_scale":{"__type__":"cc.Vec3","x":1,"y":1,"z":1}},{"__type__":"cc.Node","_name":"New Layout","_parent":{"__id__":6},"_children":[{"__id__":9},{"__id__":10}],"_level":5,"_components":[{"__type__":"cc.Layout","node":{"__id__":8},"_layoutSize":{"__type__":"cc.Size","width":43,"height":43},"_N$layoutType":2,"_N$paddingTop":4,"_N$paddingBottom":2},{"__type__":"cc.Widget","node":{"__id__":8},"_alignFlags":16}],"_prefab":{"__type__":"cc.PrefabInfo","root":{"__id__":1},"asset":{"__uuid__":"cbYL61johC3aOlHzJuM58O"},"fileId":"b4gJbgvw1M9o+qTIr6hXXA"},"_contentSize":{"__type__":"cc.Size","width":43,"height":43},"_scale":{"__type__":"cc.Vec3","x":1,"y":1,"z":1}},{"__type__":"cc.Node","_name":"New Label","_parent":{"__id__":8},"_level":4,"_components":[{"__type__":"cc.Label","node":{"__id__":9},"_srcBlendFactor":1,"_useOriginalSize":false,"_string":"解锁","_N$string":"解锁","_fontSize":20,"_lineHeight":22,"_N$horizontalAlign":1,"_N$verticalAlign":1,"_N$fontFamily":"苹方"}],"_prefab":{"__type__":"cc.PrefabInfo","root":{"__id__":1},"asset":{"__uuid__":"cbYL61johC3aOlHzJuM58O"},"fileId":"7bd+XAPvpC7oXoVog8vST0"},"_contentSize":{"__type__":"cc.Size","width":40,"height":22},"_position":{"__type__":"cc.Vec3","y":6.5},"_scale":{"__type__":"cc.Vec3","x":1,"y":1,"z":1}},{"__type__":"cc.Node","_name":"New Layout","_parent":{"__id__":8},"_children":[{"__id__":11},{"__id__":12}],"_level":4,"_components":[{"__type__":"cc.Layout","node":{"__id__":10},"_layoutSize":{"__type__":"cc.Size","width":52.69,"height":17},"_resize":1,"_N$layoutType":1},{"__type__":"cc.Widget","node":{"__id__":10},"_alignFlags":16}],"_prefab":{"__type__":"cc.PrefabInfo","root":{"__id__":1},"asset":{"__uuid__":"cbYL61johC3aOlHzJuM58O"},"fileId":"995RSPou9DXokH1bm02/B0"},"_contentSize":{"__type__":"cc.Size","width":52.69,"height":17},"_position":{"__type__":"cc.Vec3","y":-13},"_scale":{"__type__":"cc.Vec3","x":1,"y":1,"z":1}},{"__type__":"cc.Node","_name":"New Label","_parent":{"__id__":10},"_level":5,"_components":[{"__type__":"cc.Label","node":{"__id__":11},"_srcBlendFactor":1,"_useOriginalSize":false,"_string":"LV.","_N$string":"LV.","_fontSize":15,"_lineHeight":17,"_N$horizontalAlign":1,"_N$verticalAlign":1,"_N$fontFamily":"苹方"}],"_prefab":{"__type__":"cc.PrefabInfo","root":{"__id__":1},"asset":{"__uuid__":"cbYL61johC3aOlHzJuM58O"},"fileId":"f8DgAJtwNCQ4oR1cMptzqO"},"_contentSize":{"__type__":"cc.Size","width":20.69,"height":17},"_position":{"__type__":"cc.Vec3","x":-15.999999999999998},"_scale":{"__type__":"cc.Vec3","x":1,"y":1,"z":1}},{"__type__":"cc.Node","_name":"level","_parent":{"__id__":10},"_level":5,"_components":[{"__id__":13}],"_prefab":{"__type__":"cc.PrefabInfo","root":{"__id__":1},"asset":{"__uuid__":"cbYL61johC3aOlHzJuM58O"},"fileId":"c0cs4MbuZEBoBY2lIBvAW8"},"_color":{"__type__":"cc.Color","r":214,"g":255},"_contentSize":{"__type__":"cc.Size","width":32,"height":17},"_anchorPoint":{"__type__":"cc.Vec2","y":0.5},"_position":{"__type__":"cc.Vec3","x":-5.654999999999998},"_scale":{"__type__":"cc.Vec3","x":1,"y":1,"z":1}},{"__type__":"cc.Label","node":{"__id__":12},"_srcBlendFactor":1,"_useOriginalSize":false,"_string":"1440","_N$string":"1440","_fontSize":15,"_lineHeight":17,"_N$horizontalAlign":1,"_N$verticalAlign":1,"_N$fontFamily":"苹方"},{"__type__":"cc.Node","_name":"New Layout","_parent":{"__id__":2},"_children":[{"__id__":15},{"__id__":17}],"_level":3,"_components":[{"__type__":"cc.Layout","node":{"__id__":14},"_layoutSize":{"__type__":"cc.Size","width":200,"height":46},"_resize":1,"_N$layoutType":2}],"_prefab":{"__type__":"cc.PrefabInfo","root":{"__id__":1},"asset":{"__uuid__":"cbYL61johC3aOlHzJuM58O"},"fileId":"13Mo8oHP5OO5QOQK/1SRFA"},"_contentSize":{"__type__":"cc.Size","width":200,"height":46},"_anchorPoint":{"__type__":"cc.Vec2","y":0.5},"_position":{"__type__":"cc.Vec3","x":85},"_scale":{"__type__":"cc.Vec3","x":1,"y":1,"z":1}},{"__type__":"cc.Node","_name":"name","_parent":{"__id__":14},"_level":4,"_components":[{"__id__":16}],"_prefab":{"__type__":"cc.PrefabInfo","root":{"__id__":1},"asset":{"__uuid__":"cbYL61johC3aOlHzJuM58O"},"fileId":"caw7L0h8RAJ7W7diioobPn"},"_contentSize":{"__type__":"cc.Size","width":58.72,"height":26},"_anchorPoint":{"__type__":"cc.Vec2","y":0.5},"_position":{"__type__":"cc.Vec3","y":10},"_scale":{"__type__":"cc.Vec3","x":1,"y":1,"z":1}},{"__type__":"cc.Label","node":{"__id__":15},"_srcBlendFactor":1,"_useOriginalSize":false,"_string":"Label","_N$string":"Label","_fontSize":24,"_lineHeight":26,"_N$horizontalAlign":1,"_N$verticalAlign":1},{"__type__":"cc.Node","_name":"desc","_parent":{"__id__":14},"_level":4,"_components":[{"__id__":18}],"_prefab":{"__type__":"cc.PrefabInfo","root":{"__id__":1},"asset":{"__uuid__":"cbYL61johC3aOlHzJuM58O"},"fileId":"dbMwSwnCpGcIkaKqkUfU/R"},"_color":{"__type__":"cc.Color","r":173,"g":177,"b":202},"_contentSize":{"__type__":"cc.Size","width":44.04,"height":20},"_anchorPoint":{"__type__":"cc.Vec2","y":0.5},"_position":{"__type__":"cc.Vec3","y":-13},"_scale":{"__type__":"cc.Vec3","x":1,"y":1,"z":1}},{"__type__":"cc.Label","node":{"__id__":17},"_srcBlendFactor":1,"_useOriginalSize":false,"_string":"Label","_N$string":"Label","_fontSize":18,"_lineHeight":20,"_N$horizontalAlign":1,"_N$verticalAlign":1}]]