[{"__type__":"cc.SpriteFrame","content":{"name":"9001","texture":"04OjbgoiVNAJ6CVOqkon7M","rect":[1319,10,249,250],"offset":[0,0],"originalSize":[249,250],"capInsets":[0,0,0,0]}},{"__type__":"cc.SpriteFrame","content":{"name":"9021","texture":"04OjbgoiVNAJ6CVOqkon7M","rect":[10,882,246,250],"offset":[0,0],"originalSize":[246,250],"capInsets":[0,0,0,0]}},{"__type__":"cc.SpriteFrame","content":{"name":"9027","texture":"04OjbgoiVNAJ6CVOqkon7M","rect":[1056,979,239,245],"offset":[0,0],"originalSize":[239,245],"rotated":1,"capInsets":[0,0,0,0]}},{"__type__":"cc.SpriteFrame","content":{"name":"9004","texture":"04OjbgoiVNAJ6CVOqkon7M","rect":[531,536,183,250],"offset":[0,0],"originalSize":[183,250],"rotated":1,"capInsets":[0,0,0,0]}},{"__type__":"cc.SpriteFrame","content":{"name":"9013","texture":"04OjbgoiVNAJ6CVOqkon7M","rect":[1324,769,240,241],"offset":[0,0],"originalSize":[240,241],"rotated":1,"capInsets":[0,0,0,0]}},{"__type__":"cc.SpriteFrame","content":{"name":"9003","texture":"04OjbgoiVNAJ6CVOqkon7M","rect":[1061,531,197,250],"offset":[0,0],"originalSize":[197,250],"rotated":1,"capInsets":[0,0,0,0]}},{"__type__":"cc.SpriteFrame","content":{"name":"9002","texture":"04OjbgoiVNAJ6CVOqkon7M","rect":[796,533,180,250],"offset":[0,0],"originalSize":[180,250],"rotated":1,"capInsets":[0,0,0,0]}},{"__type__":"cc.SpriteFrame","content":{"name":"9007","texture":"04OjbgoiVNAJ6CVOqkon7M","rect":[529,992,223,250],"offset":[0,0],"originalSize":[223,250],"rotated":1,"capInsets":[0,0,0,0]}},{"__type__":"cc.SpriteFrame","content":{"name":"9025","texture":"04OjbgoiVNAJ6CVOqkon7M","rect":[1590,540,208,245],"offset":[0,0],"originalSize":[208,245],"capInsets":[0,0,0,0]}},{"__type__":"cc.SpriteFrame","content":{"name":"9008","texture":"04OjbgoiVNAJ6CVOqkon7M","rect":[524,10,250,250],"offset":[0,0],"originalSize":[250,250],"capInsets":[0,0,0,0]}},{"__type__":"cc.SpriteAtlas","_name":"card.plist","_spriteFrames":{"9000":{"__uuid__":"f5tqhIeoNJgo+4M0EQkoMo"},"9001":{"__uuid__":"02SZLiJGNNBq9xbVF6xrKS"},"9002":{"__uuid__":"20+nq6mrpNPLpA2yR9051Q"},"9003":{"__uuid__":"1e0abEHcBCTr8dy1LxrgWW"},"9004":{"__uuid__":"149auno3JN+Jc2UjHGbqVg"},"9005":{"__uuid__":"f9UEPrbz9L9a3chzRLRPw1"},"9006":{"__uuid__":"e1zAZHfOBLN7KwxDARB5wa"},"9007":{"__uuid__":"26cPcvKqBC/JjCkzs+4yxj"},"9008":{"__uuid__":"43b1MxOp9IQaiePpKUQe3W"},"9009":{"__uuid__":"c1KtarZS9K4amvTiHOApVF"},"9010":{"__uuid__":"faQGB1dzNL451OO1uzAeEO"},"9011":{"__uuid__":"f022DPkU9C7KdQ67kFExpm"},"9012":{"__uuid__":"bcWMb9yUFJcrEEygAcYSJa"},"9013":{"__uuid__":"1b5qh5GWdDo45e71P3qMdC"},"9014":{"__uuid__":"92feaoaVBBfquSXB6J9cuQ"},"9015":{"__uuid__":"79tUgjNYpBS6D7eZd929eq"},"9016":{"__uuid__":"b8RAztB6dJqLBWYrOe8gV/"},"9017":{"__uuid__":"f8I9tVlv5HaKUhY7gp7CrR"},"9018":{"__uuid__":"easyNvXMlBuoB/o0TIOXRj"},"9019":{"__uuid__":"6aZdRQSvRNIZdB0hOFxVDf"},"9020":{"__uuid__":"adIAoMTOxM+Zqmrz07jnLu"},"9021":{"__uuid__":"04Pc2WHSpC9oUK5B03cERV"},"9022":{"__uuid__":"b6QlyvddtJsryudJS+EfGt"},"9023":{"__uuid__":"9ea4ckl7hF+LDIjGfkAk4r"},"9024":{"__uuid__":"dauGQRT5hGvKX8Hn89UVg6"},"9025":{"__uuid__":"33GxVbn5JAcr2VEFgT0Gvj"},"9026":{"__uuid__":"9c15TE0plEZKyqcu/dpOki"},"9027":{"__uuid__":"14gFgahblC/JGPRJIijp+y"},"9028":{"__uuid__":"b444pRm+5CVIl4vYQB6UI0"},"9029":{"__uuid__":"d7eLAptYVH0KGu+JvFUfrC"},"bg":{"__uuid__":"d1Jh0kpu9Azbv/Mwj2Q2Ib"},"jiantou":{"__uuid__":"e08piuodVJ1JWdQqGsBxCn"}}},{"__type__":"cc.SpriteFrame","content":{"name":"9019","texture":"04OjbgoiVNAJ6CVOqkon7M","rect":[531,275,250,246],"offset":[0,0],"originalSize":[250,246],"capInsets":[0,0,0,0]}},{"__type__":"cc.SpriteFrame","content":{"name":"9015","texture":"04OjbgoiVNAJ6CVOqkon7M","rect":[1590,275,218,250],"offset":[0,0],"originalSize":[218,250],"capInsets":[0,0,0,0]}},{"__type__":"cc.SpriteFrame","content":{"name":"9014","texture":"04OjbgoiVNAJ6CVOqkon7M","rect":[529,734,245,243],"offset":[0,0],"originalSize":[245,243],"capInsets":[0,0,0,0]}},{"__type__":"cc.SpriteFrame","content":{"name":"9026","texture":"04OjbgoiVNAJ6CVOqkon7M","rect":[266,275,250,248],"offset":[0,0],"originalSize":[250,248],"capInsets":[0,0,0,0]}},{"__type__":"cc.SpriteFrame","content":{"name":"9023","texture":"04OjbgoiVNAJ6CVOqkon7M","rect":[796,275,243,250],"offset":[0,0],"originalSize":[243,250],"rotated":1,"capInsets":[0,0,0,0]}},{"__type__":"cc.SpriteFrame","content":{"name":"9020","texture":"04OjbgoiVNAJ6CVOqkon7M","rect":[1061,275,241,250],"offset":[0,0],"originalSize":[241,250],"rotated":1,"capInsets":[0,0,0,0]}},{"__type__":"cc.SpriteFrame","content":{"name":"9028","texture":"04OjbgoiVNAJ6CVOqkon7M","rect":[1583,10,224,250],"offset":[0,0],"originalSize":[224,250],"capInsets":[0,0,0,0]}},{"__type__":"cc.SpriteFrame","content":{"name":"9022","texture":"04OjbgoiVNAJ6CVOqkon7M","rect":[1326,275,241,249],"offset":[0,0],"originalSize":[241,249],"rotated":1,"capInsets":[0,0,0,0]}},{"__type__":"cc.SpriteFrame","content":{"name":"9016","texture":"04OjbgoiVNAJ6CVOqkon7M","rect":[10,617,241,250],"offset":[0,0],"originalSize":[241,250],"capInsets":[0,0,0,0]}},{"__type__":"cc.SpriteFrame","content":{"name":"9012","texture":"04OjbgoiVNAJ6CVOqkon7M","rect":[789,10,250,250],"offset":[0,0],"originalSize":[250,250],"capInsets":[0,0,0,0]}},{"__type__":"cc.SpriteFrame","content":{"name":"9009","texture":"04OjbgoiVNAJ6CVOqkon7M","rect":[1061,743,221,248],"offset":[0,0],"originalSize":[221,248],"rotated":1,"capInsets":[0,0,0,0]}},{"__type__":"cc.SpriteFrame","content":{"name":"bg","texture":"04OjbgoiVNAJ6CVOqkon7M","rect":[10,10,234,327],"offset":[0,0],"originalSize":[234,327],"capInsets":[0,0,0,0]}},{"__type__":"cc.SpriteFrame","content":{"name":"9029","texture":"04OjbgoiVNAJ6CVOqkon7M","rect":[266,538,248,250],"offset":[0,0],"originalSize":[248,250],"capInsets":[0,0,0,0]}},{"__type__":"cc.SpriteFrame","content":{"name":"9024","texture":"04OjbgoiVNAJ6CVOqkon7M","rect":[1054,10,250,250],"offset":[0,0],"originalSize":[250,250],"capInsets":[0,0,0,0]}},{"__type__":"cc.SpriteFrame","content":{"name":"jiantou","texture":"04OjbgoiVNAJ6CVOqkon7M","rect":[10,1147,75,47],"offset":[0,0],"originalSize":[75,47],"capInsets":[0,0,0,0]}},{"__type__":"cc.SpriteFrame","content":{"name":"9006","texture":"04OjbgoiVNAJ6CVOqkon7M","rect":[1316,1024,178,243],"offset":[0,0],"originalSize":[178,243],"rotated":1,"capInsets":[0,0,0,0]}},{"__type__":"cc.SpriteFrame","content":{"name":"9018","texture":"04OjbgoiVNAJ6CVOqkon7M","rect":[271,803,247,243],"offset":[0,0],"originalSize":[247,243],"rotated":1,"capInsets":[0,0,0,0]}},{"__type__":"cc.SpriteFrame","content":{"name":"9011","texture":"04OjbgoiVNAJ6CVOqkon7M","rect":[796,728,234,250],"offset":[0,0],"originalSize":[234,250],"rotated":1,"capInsets":[0,0,0,0]}},{"__type__":"cc.SpriteFrame","content":{"name":"9000","texture":"04OjbgoiVNAJ6CVOqkon7M","rect":[10,352,241,250],"offset":[0,0],"originalSize":[241,250],"capInsets":[0,0,0,0]}},{"__type__":"cc.SpriteFrame","content":{"name":"9017","texture":"04OjbgoiVNAJ6CVOqkon7M","rect":[794,977,247,241],"offset":[0,0],"originalSize":[247,241],"capInsets":[0,0,0,0]}},{"__type__":"cc.SpriteFrame","content":{"name":"9005","texture":"04OjbgoiVNAJ6CVOqkon7M","rect":[259,10,250,250],"offset":[0,0],"originalSize":[250,250],"capInsets":[0,0,0,0]}},{"__type__":"cc.SpriteFrame","content":{"name":"9010","texture":"04OjbgoiVNAJ6CVOqkon7M","rect":[1326,531,223,249],"offset":[0,0],"originalSize":[223,249],"rotated":1,"capInsets":[0,0,0,0]}}]