[{"__type__":"cc.SpriteFrame","content":{"name":"default_btn_disabled","texture":"71VhFCTINJM6/Ky3oX9nBT","rect":[0,0,40,40],"offset":[0,0],"originalSize":[40,40],"capInsets":[12,12,12,12]}},[{"__type__":"cc.Prefab","_name":"item","data":{"__id__":1}},{"__type__":"cc.Node","_name":"item","_children":[{"__id__":2}],"_level":1,"_components":[{"__type__":"8d0c4A5FulOdY+KlyL+7kbZ","node":{"__id__":1},"gem":{"__id__":5},"img":{"__id__":10},"coin":{"__id__":13},"buy":{"__id__":11},"newimg":{"__id__":7}}],"_prefab":{"__type__":"cc.PrefabInfo","root":{"__id__":1},"asset":{"__uuid__":"3bW1CEQh5JS7onzJhTtTAF"},"fileId":"8cT4ShZ3VAvaZV8GTb4QoZ"},"_color":{"__type__":"cc.Color","r":44,"g":44,"b":44},"_contentSize":{"__type__":"cc.Size","width":231,"height":250},"_scale":{"__type__":"cc.Vec3","x":1,"y":1,"z":1}},{"__type__":"cc.Node","_name":"New Sprite(Splash)","_parent":{"__id__":1},"_children":[{"__id__":3},{"__id__":8}],"_level":2,"_components":[{"__id__":15},{"__type__":"32540GFq4FAT5ZSyUpi/XyW","node":{"__id__":2},"img":{"__id__":15},"url":"texture/store/storebg.png"}],"_prefab":{"__type__":"cc.PrefabInfo","root":{"__id__":1},"asset":{"__uuid__":"3bW1CEQh5JS7onzJhTtTAF"},"fileId":"c5SxkLmtRBHpqMQYaY6+pa"},"_contentSize":{"__type__":"cc.Size","width":231,"height":250},"_scale":{"__type__":"cc.Vec3","x":1,"y":1,"z":1}},{"__type__":"cc.Node","_name":"New Node","_parent":{"__id__":2},"_children":[{"__id__":4},{"__id__":6}],"_level":3,"_prefab":{"__type__":"cc.PrefabInfo","root":{"__id__":1},"asset":{"__uuid__":"3bW1CEQh5JS7onzJhTtTAF"},"fileId":"f9ERo/9+hKE5xku2ynAZBn"},"_contentSize":{"__type__":"cc.Size","width":220,"height":45},"_position":{"__type__":"cc.Vec3","y":96.4},"_scale":{"__type__":"cc.Vec3","x":1,"y":1,"z":1}},{"__type__":"cc.Node","_name":"gem","_parent":{"__id__":3},"_level":4,"_components":[{"__id__":5}],"_prefab":{"__type__":"cc.PrefabInfo","root":{"__id__":1},"asset":{"__uuid__":"3bW1CEQh5JS7onzJhTtTAF"},"fileId":"12hAYmtoBIfJVTKUh4NdRe"},"_contentSize":{"__type__":"cc.Size","width":99.05,"height":30},"_scale":{"__type__":"cc.Vec3","x":1,"y":1,"z":1}},{"__type__":"cc.Label","node":{"__id__":4},"_srcBlendFactor":1,"_useOriginalSize":false,"_string":"180钻石","_N$string":"180钻石","_fontSize":27,"_lineHeight":30,"_N$horizontalAlign":1,"_N$verticalAlign":1},{"__type__":"cc.Node","_name":"New Sprite(Splash)","_parent":{"__id__":3},"_level":4,"_components":[{"__id__":7},{"__type__":"cc.Widget","node":{"__id__":6},"_alignFlags":33,"_right":-5,"_top":-30}],"_prefab":{"__type__":"cc.PrefabInfo","root":{"__id__":1},"asset":{"__uuid__":"3bW1CEQh5JS7onzJhTtTAF"},"fileId":"ccGGvdqHFJxZyo69qkoRfs"},"_contentSize":{"__type__":"cc.Size","width":70,"height":70},"_position":{"__type__":"cc.Vec3","x":80,"y":17.5},"_scale":{"__type__":"cc.Vec3","x":1,"y":1,"z":1}},{"__type__":"cc.Sprite","node":{"__id__":6},"_sizeMode":0},{"__type__":"cc.Node","_name":"New Node","_parent":{"__id__":2},"_children":[{"__id__":9},{"__id__":11}],"_level":3,"_prefab":{"__type__":"cc.PrefabInfo","root":{"__id__":1},"asset":{"__uuid__":"3bW1CEQh5JS7onzJhTtTAF"},"fileId":"0dfMlVc4hHMrwBk3nldsLW"},"_contentSize":{"__type__":"cc.Size","width":210,"height":175},"_position":{"__type__":"cc.Vec3","y":-23},"_scale":{"__type__":"cc.Vec3","x":1,"y":1,"z":1}},{"__type__":"cc.Node","_name":"img","_parent":{"__id__":8},"_level":4,"_components":[{"__id__":10}],"_prefab":{"__type__":"cc.PrefabInfo","root":{"__id__":1},"asset":{"__uuid__":"3bW1CEQh5JS7onzJhTtTAF"},"fileId":"1aJvC3j1dGg7olUF7jvH6r"},"_contentSize":{"__type__":"cc.Size","width":200,"height":120},"_position":{"__type__":"cc.Vec3","y":27.5},"_scale":{"__type__":"cc.Vec3","x":1,"y":1,"z":1}},{"__type__":"cc.Sprite","node":{"__id__":9},"_sizeMode":0},{"__type__":"cc.Node","_name":"New Button","_parent":{"__id__":8},"_children":[{"__id__":12}],"_level":4,"_components":[{"__id__":14},{"__type__":"cc.Button","node":{"__id__":11},"_N$transition":3,"transition":3,"_N$normalColor":{"__type__":"cc.Color","r":255,"g":255,"b":255},"_N$pressedColor":{"__type__":"cc.Color","r":255,"g":255,"b":255},"pressedColor":{"__type__":"cc.Color","r":255,"g":255,"b":255},"_N$disabledColor":{"__type__":"cc.Color","r":255,"g":255,"b":255},"_N$pressedSprite":{"__uuid__":"e97GVMl6JHh5Ml5qEDdSGa"},"pressedSprite":{"__uuid__":"e97GVMl6JHh5Ml5qEDdSGa"},"_N$hoverSprite":{"__uuid__":"f0BIwQ8D5Ml7nTNQbh1YlS"},"hoverSprite":{"__uuid__":"f0BIwQ8D5Ml7nTNQbh1YlS"},"_N$disabledSprite":{"__uuid__":"29FYIk+N1GYaeWH/q1NxQO"},"_N$target":{"__id__":11}},{"__type__":"32540GFq4FAT5ZSyUpi/XyW","node":{"__id__":11},"img":{"__id__":14},"url":"texture/store/storebt.png"}],"_prefab":{"__type__":"cc.PrefabInfo","root":{"__id__":1},"asset":{"__uuid__":"3bW1CEQh5JS7onzJhTtTAF"},"fileId":"045wv6NNhCpowjm+8SCiwV"},"_contentSize":{"__type__":"cc.Size","width":170,"height":45},"_position":{"__type__":"cc.Vec3","y":-65},"_scale":{"__type__":"cc.Vec3","x":1,"y":1,"z":1}},{"__type__":"cc.Node","_name":"coin","_parent":{"__id__":11},"_components":[{"__id__":13}],"_prefab":{"__type__":"cc.PrefabInfo","root":{"__id__":1},"asset":{"__uuid__":"3bW1CEQh5JS7onzJhTtTAF"},"fileId":"1d3iGDvh5BSbs6Vyunok6O"},"_contentSize":{"__type__":"cc.Size","width":100,"height":40},"_scale":{"__type__":"cc.Vec3","x":1,"y":1,"z":1}},{"__type__":"cc.Label","node":{"__id__":12},"_srcBlendFactor":1,"_useOriginalSize":false,"_string":"button","_N$string":"button","_fontSize":34,"_lineHeight":36,"_enableWrapText":false,"_N$horizontalAlign":1,"_N$verticalAlign":1,"_N$overflow":1},{"__type__":"cc.Sprite","node":{"__id__":11},"_type":1,"_sizeMode":0},{"__type__":"cc.Sprite","node":{"__id__":2},"_sizeMode":0}],{"__type__":"cc.SpriteFrame","content":{"name":"default_btn_pressed","texture":"b4P/PCArtIdIH38t6mlw8Y","rect":[0,0,40,40],"offset":[0,0],"originalSize":[40,40],"capInsets":[12,12,12,12]}},{"__type__":"cc.SpriteFrame","content":{"name":"default_btn_normal","texture":"e8Ueib+qJEhL6mXAHdnwbi","rect":[0,0,40,40],"offset":[0,0],"originalSize":[40,40],"capInsets":[12,12,12,12]}}]