[[{"__type__":"cc.Prefab","_name":"Course","data":{"__id__":1}},{"__type__":"cc.Node","_name":"course","_children":[{"__id__":2},{"__id__":3}],"_level":1,"_components":[{"__type__":"f5219R4o+FIypDBX3/9qxOo","node":{"__id__":1},"itemcontet":{"__id__":10},"item":{"__uuid__":"d9gMERbn9IzKxNsgR6aE+T"},"close":{"__id__":5},"title":{"__id__":4},"layout":{"__id__":3}}],"_prefab":{"__type__":"cc.PrefabInfo","root":{"__id__":1},"asset":{"__uuid__":"23RUcQBPBGo5jqOeYWOpmi"},"fileId":"636UANh6NMJb48aUBTLqHR"},"_contentSize":{"__type__":"cc.Size","width":750,"height":1334},"_position":{"__type__":"cc.Vec3","x":375,"y":667},"_scale":{"__type__":"cc.Vec3","x":1,"y":1,"z":1}},{"__type__":"cc.Node","_name":"New Sprite(Splash)","_parent":{"__id__":1},"_level":2,"_components":[{"__type__":"cc.Sprite","node":{"__id__":2},"_spriteFrame":{"__uuid__":"a2MjXRFdtLlYQ5ouAFv/+R"},"_sizeMode":0}],"_prefab":{"__type__":"cc.PrefabInfo","root":{"__id__":1},"asset":{"__uuid__":"23RUcQBPBGo5jqOeYWOpmi"},"fileId":"744kh72+xH6IzTdbaFLyWR"},"_opacity":161.415,"_color":{"__type__":"cc.Color"},"_contentSize":{"__type__":"cc.Size","width":750,"height":1334},"_scale":{"__type__":"cc.Vec3","x":1,"y":1,"z":1}},{"__type__":"cc.Node","_name":"layout","_parent":{"__id__":1},"_children":[{"__id__":4},{"__id__":8}],"_level":2,"_components":[{"__type__":"cc.Layout","node":{"__id__":3},"_layoutSize":{"__type__":"cc.Size","width":750,"height":1334},"_N$layoutType":2}],"_prefab":{"__type__":"cc.PrefabInfo","root":{"__id__":1},"asset":{"__uuid__":"23RUcQBPBGo5jqOeYWOpmi"},"fileId":"d1Tss/YLVGnYpgTLxFYwKG"},"_contentSize":{"__type__":"cc.Size","width":750,"height":1334},"_scale":{"__type__":"cc.Vec3","x":1,"y":1,"z":1}},{"__type__":"cc.Node","_name":"title","_parent":{"__id__":3},"_children":[{"__id__":5}],"_level":3,"_components":[{"__id__":7},{"__type__":"32540GFq4FAT5ZSyUpi/XyW","node":{"__id__":4},"img":{"__id__":7},"url":"texture/setting/title.png"}],"_prefab":{"__type__":"cc.PrefabInfo","root":{"__id__":1},"asset":{"__uuid__":"23RUcQBPBGo5jqOeYWOpmi"},"fileId":"17pKUXAvtDYLLDb8q/77Ed"},"_contentSize":{"__type__":"cc.Size","width":750,"height":66},"_position":{"__type__":"cc.Vec3","x":5.684341886080802e-14,"y":634},"_scale":{"__type__":"cc.Vec3","x":1,"y":1,"z":1}},{"__type__":"cc.Node","_name":"New Node","_parent":{"__id__":4},"_children":[{"__id__":6}],"_level":4,"_components":[{"__type__":"cc.Button","node":{"__id__":5},"_N$transition":3,"transition":3,"_N$target":{"__id__":5}},{"__type__":"cc.Widget","node":{"__id__":5},"_alignFlags":9}],"_prefab":{"__type__":"cc.PrefabInfo","root":{"__id__":1},"asset":{"__uuid__":"23RUcQBPBGo5jqOeYWOpmi"},"fileId":"desecZJ/VJHbfB6iuF+ot7"},"_contentSize":{"__type__":"cc.Size","width":66,"height":66},"_position":{"__type__":"cc.Vec3","x":-342},"_scale":{"__type__":"cc.Vec3","x":1,"y":1,"z":1}},{"__type__":"cc.Node","_name":"close","_parent":{"__id__":5},"_level":5,"_components":[{"__type__":"cc.Sprite","node":{"__id__":6},"_spriteFrame":{"__uuid__":"33DcKl9v5Ef6qoSRMZ5ejJ"},"_sizeMode":0}],"_prefab":{"__type__":"cc.PrefabInfo","root":{"__id__":1},"asset":{"__uuid__":"23RUcQBPBGo5jqOeYWOpmi"},"fileId":"56jKAVihRL5olUlnu/2GYS"},"_contentSize":{"__type__":"cc.Size","width":40,"height":40},"_scale":{"__type__":"cc.Vec3","x":1,"y":1,"z":1}},{"__type__":"cc.Sprite","node":{"__id__":4},"_sizeMode":0},{"__type__":"cc.Node","_name":"scllveiw","_parent":{"__id__":3},"_children":[{"__id__":9}],"_level":3,"_components":[{"__type__":"cc.Sprite","node":{"__id__":8},"_type":1,"_sizeMode":0},{"__type__":"cc.ScrollView","node":{"__id__":8},"horizontal":false,"brake":0.75,"bounceDuration":0.23,"_N$content":{"__id__":10},"content":{"__id__":10},"_N$horizontalScrollBar":null,"_N$verticalScrollBar":null}],"_prefab":{"__type__":"cc.PrefabInfo","root":{"__id__":1},"asset":{"__uuid__":"23RUcQBPBGo5jqOeYWOpmi"},"fileId":"e0UxuxZVpGOosDoWb8/4t8"},"_contentSize":{"__type__":"cc.Size","width":750,"height":1268},"_position":{"__type__":"cc.Vec3","y":-33},"_scale":{"__type__":"cc.Vec3","x":1,"y":1,"z":1}},{"__type__":"cc.Node","_name":"view","_parent":{"__id__":8},"_children":[{"__id__":10}],"_components":[{"__type__":"cc.Mask","node":{"__id__":9}},{"__type__":"cc.Widget","node":{"__id__":9},"_alignFlags":45,"_originalWidth":240,"_originalHeight":250}],"_prefab":{"__type__":"cc.PrefabInfo","root":{"__id__":1},"asset":{"__uuid__":"23RUcQBPBGo5jqOeYWOpmi"},"fileId":"c1kY74b+NDYJu5siUM8TF4"},"_contentSize":{"__type__":"cc.Size","width":750,"height":1268},"_scale":{"__type__":"cc.Vec3","x":1,"y":1,"z":1}},{"__type__":"cc.Node","_name":"content","_parent":{"__id__":9},"_components":[{"__type__":"cc.Layout","node":{"__id__":10},"_layoutSize":{"__type__":"cc.Size","width":750,"height":166},"_resize":1,"_N$layoutType":2,"_N$paddingBottom":100}],"_prefab":{"__type__":"cc.PrefabInfo","root":{"__id__":1},"asset":{"__uuid__":"23RUcQBPBGo5jqOeYWOpmi"},"fileId":"52cYs874ZBspuD7VgPyEKw"},"_contentSize":{"__type__":"cc.Size","width":750,"height":166},"_anchorPoint":{"__type__":"cc.Vec2","x":0.5,"y":1},"_position":{"__type__":"cc.Vec3","y":634},"_scale":{"__type__":"cc.Vec3","x":1,"y":1,"z":1}}],{"__type__":"cc.SpriteFrame","content":{"name":"close (2)","texture":"a1kFce2/xNx60AtnsccfV2","rect":[383,897,28,27],"offset":[0,0],"originalSize":[28,27],"capInsets":[0,0,0,0]}},{"__type__":"cc.SpriteFrame","content":{"name":"default_sprite_splash","texture":"02delMVqdBD70a/HSD99FK","rect":[0,0,2,2],"offset":[0,0],"originalSize":[2,2],"capInsets":[0,0,0,0]}},[{"__type__":"cc.Prefab","_name":"bg","data":{"__id__":1}},{"__type__":"cc.Node","_name":"bg","_level":1,"_components":[{"__type__":"cc.Sprite","node":{"__id__":1}},{"__type__":"4f017jg44ZKH4JGjJeHLL4T","node":{"__id__":1}}],"_prefab":{"__type__":"cc.PrefabInfo","root":{"__id__":1},"asset":{"__uuid__":"d9gMERbn9IzKxNsgR6aE+T"},"fileId":"90qO8zmGlMTYIKqho7eRtE"},"_contentSize":{"__type__":"cc.Size","width":750,"height":400},"_anchorPoint":{"__type__":"cc.Vec2","x":0.5,"y":1},"_position":{"__type__":"cc.Vec3","y":1334},"_scale":{"__type__":"cc.Vec3","x":1,"y":1,"z":1}}]]