[{"__type__":"cc.SpriteFrame","content":{"name":"vip","texture":"a1kFce2/xNx60AtnsccfV2","rect":[841,182,37,114],"offset":[0,0],"originalSize":[37,114],"capInsets":[0,0,0,0]}},{"__type__":"cc.SpriteFrame","content":{"name":"lock","texture":"d2mZm4YZ1NYqPd05Z8hLBU","rect":[261,249,90,90],"offset":[0,0],"originalSize":[90,90],"capInsets":[0,0,0,0]}},{"__type__":"cc.SpriteFrame","content":{"name":"juse","texture":"a1kFce2/xNx60AtnsccfV2","rect":[545,572,192,96],"offset":[0,0],"originalSize":[192,96],"capInsets":[0,0,0,0]}},{"__type__":"cc.SpriteFrame","content":{"name":"jinbikaobei","texture":"a1kFce2/xNx60AtnsccfV2","rect":[930,979,35,36],"offset":[0,0],"originalSize":[35,36],"capInsets":[0,0,0,0]}},{"__type__":"cc.SpriteFrame","content":{"name":"putong","texture":"a1kFce2/xNx60AtnsccfV2","rect":[62,0,750,114],"offset":[0,0],"originalSize":[750,114],"capInsets":[0,0,0,0]}},{"__type__":"cc.SpriteFrame","content":{"name":"default_sprite_splash","texture":"02delMVqdBD70a/HSD99FK","rect":[0,0,2,2],"offset":[0,0],"originalSize":[2,2],"capInsets":[0,0,0,0]}},[{"__type__":"cc.Prefab","_name":"elseitem","data":{"__id__":1}},{"__type__":"cc.Node","_name":"item","_children":[{"__id__":2}],"_level":1,"_components":[{"__type__":"bf1281yOtpH25cAKBMivG+n","node":{"__id__":1},"head":{"__id__":9},"heroname":{"__id__":14},"livesize":{"__id__":21},"skillnode":{"__id__":22},"dps":{"__id__":40},"jinbi":{"__id__":27},"textBt":{"__id__":31},"okBt":{"__id__":36},"nextdps":{"__id__":33},"levelain":{"__id__":6},"item":{"__uuid__":"0c4yx5qSRHEJP8mS9rcdOr"},"carusenumber":{"__id__":17},"bg":{"__id__":41},"vipbg":{"__uuid__":"35OHzz4s5C9IfzeQiHW4sD"},"putong":{"__uuid__":"88CNDsqApDTqps5c7V/Mbz"},"dongkuang":{"__id__":7},"newdata":{"__id__":34},"lock":{"__id__":8}},{"__type__":"b1886Niq/5GlJhGE0V4eta5","node":{"__id__":1},"_enabled":false}],"_prefab":{"__type__":"cc.PrefabInfo","root":{"__id__":1},"asset":{"__uuid__":"c1lFfTbLpDuaK9RHDKJWkK"},"fileId":"eaege6CopCb6bP1WqQTXv5"},"_contentSize":{"__type__":"cc.Size","width":750,"height":114},"_anchorPoint":{"__type__":"cc.Vec2","x":0.5,"y":1},"_position":{"__type__":"cc.Vec3","y":-667},"_scale":{"__type__":"cc.Vec3","x":1,"y":1,"z":1}},{"__type__":"cc.Node","_name":"bg","_parent":{"__id__":1},"_children":[{"__id__":3},{"__id__":23},{"__id__":37}],"_level":2,"_components":[{"__id__":41}],"_prefab":{"__type__":"cc.PrefabInfo","root":{"__id__":1},"asset":{"__uuid__":"c1lFfTbLpDuaK9RHDKJWkK"},"fileId":"07WRNry6hL9ZfdybUh5EO8"},"_contentSize":{"__type__":"cc.Size","width":750,"height":114},"_position":{"__type__":"cc.Vec3","y":-57},"_scale":{"__type__":"cc.Vec3","x":1,"y":1,"z":1}},{"__type__":"cc.Node","_name":"info","_parent":{"__id__":2},"_children":[{"__id__":4},{"__id__":10}],"_level":3,"_components":[{"__type__":"cc.Layout","node":{"__id__":3},"_layoutSize":{"__type__":"cc.Size","width":300,"height":114},"_resize":1,"_N$layoutType":1,"_N$spacingX":10},{"__type__":"cc.Widget","node":{"__id__":3},"_alignFlags":8,"_left":10}],"_prefab":{"__type__":"cc.PrefabInfo","root":{"__id__":1},"asset":{"__uuid__":"c1lFfTbLpDuaK9RHDKJWkK"},"fileId":"55/rYu775AzbYOnYDP2mRl"},"_contentSize":{"__type__":"cc.Size","width":300,"height":114},"_position":{"__type__":"cc.Vec3","x":-215},"_scale":{"__type__":"cc.Vec3","x":1,"y":1,"z":1}},{"__type__":"cc.Node","_name":"New Sprite","_parent":{"__id__":3},"_children":[{"__id__":5},{"__id__":7},{"__id__":8}],"_level":4,"_components":[{"__id__":9}],"_prefab":{"__type__":"cc.PrefabInfo","root":{"__id__":1},"asset":{"__uuid__":"c1lFfTbLpDuaK9RHDKJWkK"},"fileId":"07LcWNSwNNfZr5o8gfjQ6C"},"_contentSize":{"__type__":"cc.Size","width":90,"height":90},"_position":{"__type__":"cc.Vec3","x":-105},"_scale":{"__type__":"cc.Vec3","x":1,"y":1,"z":1}},{"__type__":"cc.Node","_name":"up","_parent":{"__id__":4},"_active":false,"_level":5,"_components":[{"__id__":6}],"_prefab":{"__type__":"cc.PrefabInfo","root":{"__id__":1},"asset":{"__uuid__":"c1lFfTbLpDuaK9RHDKJWkK"},"fileId":"4dZ4hMIVpHNo3MlWZYkibK"},"_contentSize":{"__type__":"cc.Size","width":180,"height":180},"_scale":{"__type__":"cc.Vec3","x":1,"y":1,"z":1}},{"__type__":"sp.Skeleton","node":{"__id__":5},"defaultAnimation":"up","loop":false,"premultipliedAlpha":false,"_N$skeletonData":{"__uuid__":"82zScqv5ZAPrXjlJzHEPqy"}},{"__type__":"cc.Node","_name":"vipain","_parent":{"__id__":4},"_active":false,"_level":5,"_components":[{"__type__":"cc.Sprite","node":{"__id__":7},"_spriteFrame":{"__uuid__":"a2MjXRFdtLlYQ5ouAFv/+R"},"_sizeMode":0}],"_prefab":{"__type__":"cc.PrefabInfo","root":{"__id__":1},"asset":{"__uuid__":"c1lFfTbLpDuaK9RHDKJWkK"},"fileId":"27sOAoK2FFU6iD2xLKbQhi"},"_contentSize":{"__type__":"cc.Size","width":100,"height":100},"_scale":{"__type__":"cc.Vec3","x":1,"y":1,"z":1}},{"__type__":"cc.Node","_name":"lock","_parent":{"__id__":4},"_active":false,"_level":5,"_components":[{"__type__":"cc.Sprite","node":{"__id__":8},"_spriteFrame":{"__uuid__":"74tn1DPapIvpav8k2Cws8L"},"_sizeMode":0}],"_prefab":{"__type__":"cc.PrefabInfo","root":{"__id__":1},"asset":{"__uuid__":"c1lFfTbLpDuaK9RHDKJWkK"},"fileId":"adUYERZ79P4YDADPtDbAoK"},"_contentSize":{"__type__":"cc.Size","width":100,"height":100},"_scale":{"__type__":"cc.Vec3","x":1,"y":1,"z":1}},{"__type__":"cc.Sprite","node":{"__id__":4},"_sizeMode":0},{"__type__":"cc.Node","_name":"textinfo","_parent":{"__id__":3},"_children":[{"__id__":11},{"__id__":22}],"_level":4,"_prefab":{"__type__":"cc.PrefabInfo","root":{"__id__":1},"asset":{"__uuid__":"c1lFfTbLpDuaK9RHDKJWkK"},"fileId":"7dbupu1IJLgYCDh94iAg1H"},"_contentSize":{"__type__":"cc.Size","width":200,"height":114},"_position":{"__type__":"cc.Vec3","x":50},"_scale":{"__type__":"cc.Vec3","x":1,"y":1,"z":1}},{"__type__":"cc.Node","_name":"New Layout","_parent":{"__id__":10},"_children":[{"__id__":12},{"__id__":18}],"_level":5,"_components":[{"__type__":"cc.Layout","node":{"__id__":11},"_layoutSize":{"__type__":"cc.Size","width":120,"height":44},"_resize":1,"_N$layoutType":2},{"__type__":"cc.Widget","node":{"__id__":11},"_alignFlags":9,"_top":10}],"_prefab":{"__type__":"cc.PrefabInfo","root":{"__id__":1},"asset":{"__uuid__":"c1lFfTbLpDuaK9RHDKJWkK"},"fileId":"f8EI10LT9ODJqz/i1U6Vhm"},"_contentSize":{"__type__":"cc.Size","width":120,"height":44},"_anchorPoint":{"__type__":"cc.Vec2","y":1},"_position":{"__type__":"cc.Vec3","x":-100,"y":47},"_scale":{"__type__":"cc.Vec3","x":1,"y":1,"z":1}},{"__type__":"cc.Node","_name":"New Layout","_parent":{"__id__":11},"_children":[{"__id__":13},{"__id__":15}],"_level":6,"_components":[{"__type__":"cc.Layout","node":{"__id__":12},"_layoutSize":{"__type__":"cc.Size","width":162,"height":26},"_resize":1,"_N$layoutType":1,"_N$spacingX":10},{"__type__":"cc.Widget","node":{"__id__":12},"_alignFlags":8}],"_prefab":{"__type__":"cc.PrefabInfo","root":{"__id__":1},"asset":{"__uuid__":"c1lFfTbLpDuaK9RHDKJWkK"},"fileId":"71RzMood9PjYvfQw6iK1Zy"},"_contentSize":{"__type__":"cc.Size","width":162,"height":26},"_anchorPoint":{"__type__":"cc.Vec2","y":0.5},"_position":{"__type__":"cc.Vec3","y":-13},"_scale":{"__type__":"cc.Vec3","x":1,"y":1,"z":1}},{"__type__":"cc.Node","_name":"heroname","_parent":{"__id__":12},"_level":7,"_components":[{"__id__":14},{"__type__":"cc.Widget","node":{"__id__":13},"_alignFlags":8}],"_prefab":{"__type__":"cc.PrefabInfo","root":{"__id__":1},"asset":{"__uuid__":"c1lFfTbLpDuaK9RHDKJWkK"},"fileId":"c8Anz+DvFFeJzt+Lf+WmM5"},"_contentSize":{"__type__":"cc.Size","width":120,"height":26},"_anchorPoint":{"__type__":"cc.Vec2","y":0.5},"_scale":{"__type__":"cc.Vec3","x":1,"y":1,"z":1}},{"__type__":"cc.Label","node":{"__id__":13},"_srcBlendFactor":1,"_useOriginalSize":false,"_string":"红铠甲骑士","_N$string":"红铠甲骑士","_fontSize":24,"_lineHeight":26,"_N$horizontalAlign":1,"_N$verticalAlign":1,"_N$fontFamily":"苹方"},{"__type__":"cc.Node","_name":"卡牌icon@2x","_parent":{"__id__":12},"_children":[{"__id__":16}],"_level":7,"_components":[{"__type__":"cc.Sprite","node":{"__id__":15},"_spriteFrame":{"__uuid__":"d6vK0Qv/ZCX75ibNRWzPGE"}},{"__type__":"cc.Widget","node":{"__id__":15},"_alignFlags":1}],"_prefab":{"__type__":"cc.PrefabInfo","root":{"__id__":1},"asset":{"__uuid__":"c1lFfTbLpDuaK9RHDKJWkK"},"fileId":"bctzTSJBNNfYuDotTsklBk"},"_contentSize":{"__type__":"cc.Size","width":32,"height":38},"_position":{"__type__":"cc.Vec3","x":146,"y":-6},"_scale":{"__type__":"cc.Vec3","x":1,"y":1,"z":1}},{"__type__":"cc.Node","_name":"New Label","_parent":{"__id__":15},"_level":7,"_components":[{"__id__":17}],"_prefab":{"__type__":"cc.PrefabInfo","root":{"__id__":1},"asset":{"__uuid__":"c1lFfTbLpDuaK9RHDKJWkK"},"fileId":"90wea8mH1FSrHopu1t8Fk9"},"_contentSize":{"__type__":"cc.Size","width":11.12,"height":22},"_scale":{"__type__":"cc.Vec3","x":1,"y":1,"z":1}},{"__type__":"cc.Label","node":{"__id__":16},"_srcBlendFactor":1,"_useOriginalSize":false,"_string":"0","_N$string":"0","_fontSize":20,"_lineHeight":22,"_N$horizontalAlign":1,"_N$verticalAlign":1},{"__type__":"cc.Node","_name":"New Layout","_parent":{"__id__":11},"_children":[{"__id__":19},{"__id__":20}],"_level":6,"_components":[{"__type__":"cc.Layout","node":{"__id__":18},"_layoutSize":{"__type__":"cc.Size","width":34.04,"height":18},"_resize":1,"_N$layoutType":1},{"__type__":"cc.Widget","node":{"__id__":18},"_alignFlags":8}],"_prefab":{"__type__":"cc.PrefabInfo","root":{"__id__":1},"asset":{"__uuid__":"c1lFfTbLpDuaK9RHDKJWkK"},"fileId":"98JmIsECtEuZv/piZiCI5u"},"_contentSize":{"__type__":"cc.Size","width":34.04,"height":18},"_anchorPoint":{"__type__":"cc.Vec2","y":0.5},"_position":{"__type__":"cc.Vec3","y":-35},"_scale":{"__type__":"cc.Vec3","x":1,"y":1,"z":1}},{"__type__":"cc.Node","_name":"live","_parent":{"__id__":18},"_level":7,"_components":[{"__type__":"cc.Label","node":{"__id__":19},"_srcBlendFactor":1,"_useOriginalSize":false,"_string":"LV.","_N$string":"LV.","_fontSize":18,"_lineHeight":20,"_N$horizontalAlign":1,"_N$verticalAlign":1}],"_prefab":{"__type__":"cc.PrefabInfo","root":{"__id__":1},"asset":{"__uuid__":"c1lFfTbLpDuaK9RHDKJWkK"},"fileId":"4aoltl/5NEv61z/h0GCkp5"},"_color":{"__type__":"cc.Color","r":173,"g":177,"b":202},"_contentSize":{"__type__":"cc.Size","width":24.03,"height":20},"_position":{"__type__":"cc.Vec3","x":12.015},"_scale":{"__type__":"cc.Vec3","x":1,"y":1,"z":1}},{"__type__":"cc.Node","_name":"livenumber","_parent":{"__id__":18},"_level":7,"_components":[{"__id__":21}],"_prefab":{"__type__":"cc.PrefabInfo","root":{"__id__":1},"asset":{"__uuid__":"c1lFfTbLpDuaK9RHDKJWkK"},"fileId":"98re0DA9BKyoKPWi+cVzFf"},"_color":{"__type__":"cc.Color","r":82,"g":255},"_contentSize":{"__type__":"cc.Size","width":10.01,"height":20},"_anchorPoint":{"__type__":"cc.Vec2","y":0.5},"_position":{"__type__":"cc.Vec3","x":24.03},"_scale":{"__type__":"cc.Vec3","x":1,"y":1,"z":1}},{"__type__":"cc.Label","node":{"__id__":20},"_srcBlendFactor":1,"_useOriginalSize":false,"_string":"2","_N$string":"2","_fontSize":18,"_lineHeight":20,"_N$horizontalAlign":1,"_N$verticalAlign":1},{"__type__":"cc.Node","_name":"attack","_parent":{"__id__":10},"_level":5,"_components":[{"__type__":"cc.Widget","node":{"__id__":22},"_alignFlags":12,"_bottom":21},{"__type__":"cc.Layout","node":{"__id__":22},"_layoutSize":{"__type__":"cc.Size","width":139,"height":20},"_resize":1,"_N$layoutType":1,"_N$spacingX":5}],"_prefab":{"__type__":"cc.PrefabInfo","root":{"__id__":1},"asset":{"__uuid__":"c1lFfTbLpDuaK9RHDKJWkK"},"fileId":"6a8oVNjfJJbY3Op+FGqCOX"},"_color":{"__type__":"cc.Color","r":173,"g":177,"b":202},"_contentSize":{"__type__":"cc.Size","width":139,"height":20},"_anchorPoint":{"__type__":"cc.Vec2","y":0.5},"_position":{"__type__":"cc.Vec3","x":-100,"y":-26},"_scale":{"__type__":"cc.Vec3","x":1,"y":1,"z":1}},{"__type__":"cc.Node","_name":"livebt","_parent":{"__id__":2},"_children":[{"__id__":24},{"__id__":28},{"__id__":34}],"_level":3,"_components":[{"__id__":36},{"__type__":"cc.Widget","node":{"__id__":23},"_alignFlags":32,"_right":15},{"__type__":"cc.Button","node":{"__id__":23},"_N$transition":1,"transition":1,"_N$normalColor":{"__type__":"cc.Color","r":255,"g":255,"b":255},"_N$target":{"__id__":23}}],"_prefab":{"__type__":"cc.PrefabInfo","root":{"__id__":1},"asset":{"__uuid__":"c1lFfTbLpDuaK9RHDKJWkK"},"fileId":"07dat5jr5AGZCViPOpVgyk"},"_contentSize":{"__type__":"cc.Size","width":192,"height":96},"_position":{"__type__":"cc.Vec3","x":264},"_scale":{"__type__":"cc.Vec3","x":1,"y":1,"z":1}},{"__type__":"cc.Node","_name":"numnode","_parent":{"__id__":23},"_children":[{"__id__":25},{"__id__":26}],"_level":4,"_components":[{"__type__":"cc.Layout","node":{"__id__":24},"_layoutSize":{"__type__":"cc.Size","width":80.62,"height":32},"_resize":1,"_N$layoutType":1}],"_prefab":{"__type__":"cc.PrefabInfo","root":{"__id__":1},"asset":{"__uuid__":"c1lFfTbLpDuaK9RHDKJWkK"},"fileId":"44gexsb2lLPLvXYIbQrLbB"},"_contentSize":{"__type__":"cc.Size","width":80.62,"height":32},"_position":{"__type__":"cc.Vec3","y":29},"_scale":{"__type__":"cc.Vec3","x":1,"y":1,"z":1}},{"__type__":"cc.Node","_name":"jinbi","_parent":{"__id__":24},"_level":5,"_components":[{"__type__":"cc.Sprite","node":{"__id__":25},"_spriteFrame":{"__uuid__":"758LlCmBtGkoDRCn15LdzW"},"_sizeMode":0}],"_prefab":{"__type__":"cc.PrefabInfo","root":{"__id__":1},"asset":{"__uuid__":"c1lFfTbLpDuaK9RHDKJWkK"},"fileId":"9ekJCgQVtKfL7hJbV9hSHZ"},"_contentSize":{"__type__":"cc.Size","width":25,"height":25},"_position":{"__type__":"cc.Vec3","x":-27.810000000000002,"y":-1},"_scale":{"__type__":"cc.Vec3","x":1,"y":1,"z":1}},{"__type__":"cc.Node","_name":"cost","_parent":{"__id__":24},"_level":5,"_components":[{"__id__":27}],"_prefab":{"__type__":"cc.PrefabInfo","root":{"__id__":1},"asset":{"__uuid__":"c1lFfTbLpDuaK9RHDKJWkK"},"fileId":"0b6ykMXRZBepC2ZsyngboT"},"_contentSize":{"__type__":"cc.Size","width":55.62,"height":27},"_position":{"__type__":"cc.Vec3","x":12.499999999999996,"y":-0.9},"_scale":{"__type__":"cc.Vec3","x":1,"y":1,"z":1}},{"__type__":"cc.Label","node":{"__id__":26},"_srcBlendFactor":1,"_useOriginalSize":false,"_string":"1000","_N$string":"1000","_fontSize":25,"_lineHeight":27,"_N$horizontalAlign":1,"_N$verticalAlign":1},{"__type__":"cc.Node","_name":"textnode","_parent":{"__id__":23},"_children":[{"__id__":29}],"_level":4,"_prefab":{"__type__":"cc.PrefabInfo","root":{"__id__":1},"asset":{"__uuid__":"c1lFfTbLpDuaK9RHDKJWkK"},"fileId":"9a7R+qYbRC36N/9eGIjUdY"},"_contentSize":{"__type__":"cc.Size","width":180,"height":50},"_position":{"__type__":"cc.Vec3","y":-14},"_scale":{"__type__":"cc.Vec3","x":1,"y":1,"z":1}},{"__type__":"cc.Node","_name":"resnode","_parent":{"__id__":28},"_children":[{"__id__":30},{"__id__":32}],"_level":5,"_components":[{"__type__":"cc.Layout","node":{"__id__":29},"_layoutSize":{"__type__":"cc.Size","width":180,"height":46},"_resize":1,"_N$layoutType":2}],"_prefab":{"__type__":"cc.PrefabInfo","root":{"__id__":1},"asset":{"__uuid__":"c1lFfTbLpDuaK9RHDKJWkK"},"fileId":"a48xG0vxlPoKVXX9yykLV7"},"_contentSize":{"__type__":"cc.Size","width":180,"height":46},"_scale":{"__type__":"cc.Vec3","x":1,"y":1,"z":1}},{"__type__":"cc.Node","_name":"livetop","_parent":{"__id__":29},"_level":6,"_components":[{"__id__":31}],"_prefab":{"__type__":"cc.PrefabInfo","root":{"__id__":1},"asset":{"__uuid__":"c1lFfTbLpDuaK9RHDKJWkK"},"fileId":"61VH7KcLVJd5c9umCEwv1p"},"_contentSize":{"__type__":"cc.Size","width":123.69,"height":23},"_position":{"__type__":"cc.Vec3","y":11.5},"_scale":{"__type__":"cc.Vec3","x":1,"y":1,"z":1}},{"__type__":"cc.Label","node":{"__id__":30},"_srcBlendFactor":1,"_useOriginalSize":false,"_string":"等级提升 x80","_N$string":"等级提升 x80","_fontSize":21,"_lineHeight":23,"_N$horizontalAlign":1,"_N$verticalAlign":1},{"__type__":"cc.Node","_name":"adddps","_parent":{"__id__":29},"_level":6,"_components":[{"__id__":33}],"_prefab":{"__type__":"cc.PrefabInfo","root":{"__id__":1},"asset":{"__uuid__":"c1lFfTbLpDuaK9RHDKJWkK"},"fileId":"59mhRSLABLV6hzHKwSOdDv"},"_color":{"__type__":"cc.Color","r":195,"g":90,"b":5},"_contentSize":{"__type__":"cc.Size","width":92.83,"height":23},"_position":{"__type__":"cc.Vec3","y":-11.5},"_scale":{"__type__":"cc.Vec3","x":1,"y":1,"z":1}},{"__type__":"cc.Label","node":{"__id__":32},"_srcBlendFactor":1,"_useOriginalSize":false,"_string":"+5.66 dps","_N$string":"+5.66 dps","_fontSize":21,"_lineHeight":23,"_N$horizontalAlign":1,"_N$verticalAlign":1},{"__type__":"cc.Node","_name":"newdata","_parent":{"__id__":23},"_children":[{"__id__":35}],"_active":false,"_level":4,"_components":[{"__type__":"cc.Sprite","node":{"__id__":34},"_spriteFrame":{"__uuid__":"feneBpRqdJCKkZJU3JeSj5"}},{"__type__":"cc.Widget","node":{"__id__":34},"_alignFlags":9,"_left":-10,"_top":-5},{"__type__":"c32d3/RV3xNvKlWl8y5Qfpd","node":{"__id__":34}}],"_prefab":{"__type__":"cc.PrefabInfo","root":{"__id__":1},"asset":{"__uuid__":"c1lFfTbLpDuaK9RHDKJWkK"},"fileId":"b23YDdn29GPIittXOEwaKy"},"_contentSize":{"__type__":"cc.Size","width":33,"height":33},"_position":{"__type__":"cc.Vec3","x":-89.5,"y":36.5},"_scale":{"__type__":"cc.Vec3","x":1,"y":1,"z":1}},{"__type__":"cc.Node","_name":"New Label","_parent":{"__id__":34},"_level":5,"_components":[{"__type__":"cc.Label","node":{"__id__":35},"_srcBlendFactor":1,"_useOriginalSize":false,"_string":"新","_N$string":"新","_fontSize":20,"_lineHeight":22,"_N$horizontalAlign":1,"_N$verticalAlign":1}],"_prefab":{"__type__":"cc.PrefabInfo","root":{"__id__":1},"asset":{"__uuid__":"c1lFfTbLpDuaK9RHDKJWkK"},"fileId":"d83jPXIatHta7+1ql2PYHa"},"_contentSize":{"__type__":"cc.Size","width":20,"height":22},"_scale":{"__type__":"cc.Vec3","x":1,"y":1,"z":1}},{"__type__":"cc.Sprite","node":{"__id__":23},"_spriteFrame":{"__uuid__":"75g/YViOlLwpft+QSeCKg6"}},{"__type__":"cc.Node","_name":"dps","_parent":{"__id__":2},"_children":[{"__id__":38},{"__id__":39}],"_level":3,"_components":[{"__type__":"cc.Layout","node":{"__id__":37},"_layoutSize":{"__type__":"cc.Size","width":69.37,"height":25},"_resize":1,"_N$layoutType":1},{"__type__":"cc.Widget","node":{"__id__":37},"_alignFlags":33,"_right":295.83,"_top":15.5}],"_prefab":{"__type__":"cc.PrefabInfo","root":{"__id__":1},"asset":{"__uuid__":"c1lFfTbLpDuaK9RHDKJWkK"},"fileId":"d9EbmxYcpMhIOPbuycq66q"},"_contentSize":{"__type__":"cc.Size","width":69.37,"height":25},"_anchorPoint":{"__type__":"cc.Vec2","y":0.5},"_position":{"__type__":"cc.Vec3","x":9.800000000000011,"y":29},"_scale":{"__type__":"cc.Vec3","x":1,"y":1,"z":1}},{"__type__":"cc.Node","_name":"New Label","_parent":{"__id__":37},"_level":4,"_components":[{"__type__":"cc.Label","node":{"__id__":38},"_srcBlendFactor":1,"_useOriginalSize":false,"_string":"DPS:","_N$string":"DPS:","_fontSize":24,"_lineHeight":26,"_N$horizontalAlign":1,"_N$verticalAlign":1}],"_prefab":{"__type__":"cc.PrefabInfo","root":{"__id__":1},"asset":{"__uuid__":"c1lFfTbLpDuaK9RHDKJWkK"},"fileId":"25NWgFivVNIrFsC5q/oXIy"},"_color":{"__type__":"cc.Color","r":173,"g":177,"b":202},"_contentSize":{"__type__":"cc.Size","width":56.02,"height":26},"_position":{"__type__":"cc.Vec3","x":28.01},"_scale":{"__type__":"cc.Vec3","x":1,"y":1,"z":1}},{"__type__":"cc.Node","_name":"dps","_parent":{"__id__":37},"_level":4,"_components":[{"__id__":40}],"_prefab":{"__type__":"cc.PrefabInfo","root":{"__id__":1},"asset":{"__uuid__":"c1lFfTbLpDuaK9RHDKJWkK"},"fileId":"eegOv9Q95NTI/IZ6hNonpB"},"_color":{"__type__":"cc.Color","r":102,"g":255},"_contentSize":{"__type__":"cc.Size","width":13.35,"height":26},"_anchorPoint":{"__type__":"cc.Vec2","y":0.5},"_position":{"__type__":"cc.Vec3","x":56.02},"_scale":{"__type__":"cc.Vec3","x":1,"y":1,"z":1}},{"__type__":"cc.Label","node":{"__id__":39},"_srcBlendFactor":1,"_useOriginalSize":false,"_string":"0","_N$string":"0","_fontSize":24,"_lineHeight":26,"_N$horizontalAlign":1,"_N$verticalAlign":1},{"__type__":"cc.Sprite","node":{"__id__":2},"_spriteFrame":{"__uuid__":"88CNDsqApDTqps5c7V/Mbz"},"_sizeMode":0}],{"__type__":"cc.SpriteFrame","content":{"name":"kapai","texture":"a1kFce2/xNx60AtnsccfV2","rect":[379,929,32,38],"offset":[0,0],"originalSize":[32,38],"capInsets":[0,0,0,0]}},{"__type__":"cc.SpriteFrame","content":{"name":"redttoast","texture":"a1kFce2/xNx60AtnsccfV2","rect":[930,1020,33,33],"offset":[0,0],"originalSize":[33,33],"capInsets":[0,0,0,0]}}]