[{"__type__":"cc.SpriteFrame","content":{"name":"game_title","texture":"d2mZm4YZ1NYqPd05Z8hLBU","rect":[100,387,548,200],"offset":[0,0],"originalSize":[548,200],"capInsets":[0,0,0,0]}},{"__type__":"cc.SpriteFrame","content":{"name":"green","texture":"d2mZm4YZ1NYqPd05Z8hLBU","rect":[648,387,256,256],"offset":[0,0],"originalSize":[256,256],"capInsets":[0,0,0,0]}},{"__type__":"cc.SpriteFrame","content":{"name":"vip","texture":"d2mZm4YZ1NYqPd05Z8hLBU","rect":[619,0,71,38],"offset":[0,0],"originalSize":[71,38],"capInsets":[0,0,0,0]}},{"__type__":"cc.SpriteFrame","content":{"name":"myBg","texture":"d2mZm4YZ1NYqPd05Z8hLBU","rect":[144,103,661,73],"offset":[0,0],"originalSize":[661,73],"capInsets":[0,0,0,0]}},{"__type__":"cc.SpriteFrame","content":{"name":"question","texture":"d2mZm4YZ1NYqPd05Z8hLBU","rect":[828,0,47,47],"offset":[0,0],"originalSize":[47,47],"capInsets":[0,0,0,0]}},{"__type__":"cc.SpriteFrame","content":{"name":"close","texture":"d2mZm4YZ1NYqPd05Z8hLBU","rect":[591,0,28,27],"offset":[0,0],"originalSize":[28,27],"capInsets":[0,0,0,0]}},{"__type__":"cc.SpriteFrame","content":{"name":"3","texture":"d2mZm4YZ1NYqPd05Z8hLBU","rect":[333,47,91,51],"offset":[0,0],"originalSize":[91,51],"capInsets":[0,0,0,0]}},{"__type__":"cc.SpriteFrame","content":{"name":"unout","texture":"d2mZm4YZ1NYqPd05Z8hLBU","rect":[0,387,100,165],"offset":[0,0],"originalSize":[100,165],"capInsets":[17,29,26,38]}},{"__type__":"cc.SpriteFrame","content":{"name":"gou","texture":"d2mZm4YZ1NYqPd05Z8hLBU","rect":[566,0,25,25],"offset":[0,0],"originalSize":[25,25],"capInsets":[0,0,0,0]}},{"__type__":"cc.SpriteFrame","content":{"name":"rank1","texture":"d2mZm4YZ1NYqPd05Z8hLBU","rect":[96,103,48,59],"offset":[0,0],"originalSize":[48,59],"capInsets":[0,0,0,0]}},{"__type__":"cc.SpriteFrame","content":{"name":"1","texture":"d2mZm4YZ1NYqPd05Z8hLBU","rect":[60,47,91,51],"offset":[0,0],"originalSize":[91,51],"capInsets":[0,0,0,0]}},{"__type__":"cc.SpriteFrame","content":{"name":"juse","texture":"d2mZm4YZ1NYqPd05Z8hLBU","rect":[0,249,261,84],"offset":[0,0],"originalSize":[261,84],"capInsets":[0,0,0,0]}},{"__type__":"cc.SpriteFrame","content":{"name":"title","texture":"d2mZm4YZ1NYqPd05Z8hLBU","rect":[351,249,538,138],"offset":[0,0],"originalSize":[538,138],"capInsets":[0,0,0,0]}},{"__type__":"cc.SpriteFrame","content":{"name":"rank2","texture":"d2mZm4YZ1NYqPd05Z8hLBU","rect":[0,103,48,58],"offset":[0,0],"originalSize":[48,58],"capInsets":[0,0,0,0]}},{"__type__":"cc.SpriteFrame","content":{"name":"lock","texture":"d2mZm4YZ1NYqPd05Z8hLBU","rect":[261,249,90,90],"offset":[0,0],"originalSize":[90,90],"capInsets":[0,0,0,0]}},{"__type__":"cc.SpriteFrame","content":{"name":"otherBg","texture":"d2mZm4YZ1NYqPd05Z8hLBU","rect":[0,176,661,73],"offset":[0,0],"originalSize":[661,73],"capInsets":[0,0,0,0]}},{"__type__":"cc.SpriteFrame","content":{"name":"line","texture":"d2mZm4YZ1NYqPd05Z8hLBU","rect":[0,0,544,2],"offset":[0,0],"originalSize":[544,2],"capInsets":[0,0,0,0]}},{"__type__":"cc.SpriteFrame","content":{"name":"5","texture":"d2mZm4YZ1NYqPd05Z8hLBU","rect":[242,47,91,51],"offset":[0,0],"originalSize":[91,51],"capInsets":[0,0,0,0]}},{"__type__":"cc.SpriteFrame","content":{"name":"herobook","texture":"d2mZm4YZ1NYqPd05Z8hLBU","rect":[0,47,60,50],"offset":[0,0],"originalSize":[60,50],"capInsets":[0,0,0,0]}},{"__type__":"cc.SpriteFrame","content":{"name":"ranbg","texture":"d2mZm4YZ1NYqPd05Z8hLBU","rect":[0,643,697,828],"offset":[0,0],"originalSize":[697,828],"capInsets":[156,180,111,160]}},{"__type__":"cc.SpriteFrame","content":{"name":"textbg","texture":"d2mZm4YZ1NYqPd05Z8hLBU","rect":[606,47,257,56],"offset":[0,0],"originalSize":[257,56],"capInsets":[0,0,0,0]}},{"__type__":"cc.SpriteFrame","content":{"name":"2","texture":"d2mZm4YZ1NYqPd05Z8hLBU","rect":[151,47,91,51],"offset":[0,0],"originalSize":[91,51],"capInsets":[0,0,0,0]}},{"__type__":"cc.SpriteFrame","content":{"name":"6","texture":"d2mZm4YZ1NYqPd05Z8hLBU","rect":[424,47,91,51],"offset":[0,0],"originalSize":[91,51],"capInsets":[0,0,0,0]}},{"__type__":"cc.SpriteFrame","content":{"name":"4","texture":"d2mZm4YZ1NYqPd05Z8hLBU","rect":[515,47,91,51],"offset":[0,0],"originalSize":[91,51],"capInsets":[0,0,0,0]}},{"__type__":"cc.SpriteAtlas","_name":"rank.plist","_spriteFrames":{"1":{"__uuid__":"3akbVrpMJJdYlAwqzLsI3e"},"2":{"__uuid__":"d8xK1/bN1BYKEl60z2rOln"},"3":{"__uuid__":"21DTjMJddJa6VnbiJK50nQ"},"4":{"__uuid__":"deMSlN+fJJ4pf9xmm3G7fj"},"5":{"__uuid__":"91NiK21KdFLYukRDnmampI"},"6":{"__uuid__":"daiIMCxk5EsYKEhL5xX0JV"},"close":{"__uuid__":"17vc7fi1BAb5EmLKZOEJIg"},"game_title":{"__uuid__":"04aV5axOJMCKrQ5KHZasCu"},"gou":{"__uuid__":"2ehx+/WPdNXYcXxIg3rMXd"},"green":{"__uuid__":"09Qax3CgJFGLWEi/7PuT2d"},"herobook":{"__uuid__":"a6fjsKSs5K15Rp9usGm6ly"},"juse":{"__uuid__":"44g0UVRJ9GbKsO3olnybmd"},"line":{"__uuid__":"8ceNOKfstEAaPI9gVxslOk"},"lock":{"__uuid__":"74tn1DPapIvpav8k2Cws8L"},"myBg":{"__uuid__":"0drGBaelBNlICvDz3ADIT0"},"otherBg":{"__uuid__":"746FkM4+FIIbWKGTsZPnYq"},"question":{"__uuid__":"0fvN9FuF1BbpYsSs/LNqtt"},"ranbg":{"__uuid__":"bcD/kPgfdHxbyOJ77cXmJN"},"rank1":{"__uuid__":"32SI4HPBFLvoiasl+mFh5Z"},"rank2":{"__uuid__":"56cBF23lJCpZfUPvYFtr/8"},"rank3":{"__uuid__":"f81y1Bt15Cy524TmmunNyo"},"send":{"__uuid__":"f5Y8AdYe1Cw6gy+6hjXGgd"},"textbg":{"__uuid__":"d5sDlOH1ZIcLSasGaXIcDD"},"title":{"__uuid__":"4do7LuPbBAsbRkJu8Pkbgz"},"ungou":{"__uuid__":"e4oWcb8lJLq5Kwarha/74E"},"unout":{"__uuid__":"23iEDXax9E340a4qV736oL"},"vip":{"__uuid__":"09fWtSPWxKeIUS5dwCCW0u"}}},{"__type__":"cc.SpriteFrame","content":{"name":"ungou","texture":"d2mZm4YZ1NYqPd05Z8hLBU","rect":[544,0,22,22],"offset":[0,0],"originalSize":[22,22],"capInsets":[0,0,0,0]}},{"__type__":"cc.SpriteFrame","content":{"name":"send","texture":"d2mZm4YZ1NYqPd05Z8hLBU","rect":[690,0,138,41],"offset":[0,0],"originalSize":[138,41],"capInsets":[0,0,0,0]}},{"__type__":"cc.SpriteFrame","content":{"name":"rank3","texture":"d2mZm4YZ1NYqPd05Z8hLBU","rect":[48,103,48,58],"offset":[0,0],"originalSize":[48,58],"capInsets":[0,0,0,0]}}]