[{"__type__":"cc.SpriteFrame","content":{"name":"vip","texture":"d2mZm4YZ1NYqPd05Z8hLBU","rect":[619,0,71,38],"offset":[0,0],"originalSize":[71,38],"capInsets":[0,0,0,0]}},{"__type__":"cc.SpriteFrame","content":{"name":"question","texture":"d2mZm4YZ1NYqPd05Z8hLBU","rect":[828,0,47,47],"offset":[0,0],"originalSize":[47,47],"capInsets":[0,0,0,0]}},{"__type__":"cc.SpriteFrame","content":{"name":"rank1","texture":"d2mZm4YZ1NYqPd05Z8hLBU","rect":[96,103,48,59],"offset":[0,0],"originalSize":[48,59],"capInsets":[0,0,0,0]}},{"__type__":"cc.SpriteFrame","content":{"name":"close (2)","texture":"a1kFce2/xNx60AtnsccfV2","rect":[383,897,28,27],"offset":[0,0],"originalSize":[28,27],"capInsets":[0,0,0,0]}},{"__type__":"cc.SpriteFrame","content":{"name":"rank2","texture":"d2mZm4YZ1NYqPd05Z8hLBU","rect":[0,103,48,58],"offset":[0,0],"originalSize":[48,58],"capInsets":[0,0,0,0]}},[{"__type__":"cc.Prefab","_name":"Rank","data":{"__id__":1}},{"__type__":"cc.Node","_name":"rank","_children":[{"__id__":2},{"__id__":3},{"__id__":49}],"_level":1,"_components":[{"__type__":"af646t3DSJNSLukW7yBalqA","node":{"__id__":1},"close":{"__id__":5},"itemlayout":{"__id__":28},"count":{"__id__":34},"head":{"__id__":39},"myname":{"__id__":41},"size":{"__id__":43},"rank":{"__id__":36},"tab":{"__id__":24},"rankimg":[{"__uuid__":"32SI4HPBFLvoiasl+mFh5Z"},{"__uuid__":"56cBF23lJCpZfUPvYFtr/8"},{"__uuid__":"f81y1Bt15Cy524TmmunNyo"}],"seans":{"__id__":10},"rankSp":{"__id__":49},"view":{"__id__":27},"scrllview":{"__id__":26},"rankinfo":{"__id__":7},"myVip":{"__id__":38},"layout":{"__id__":3}}],"_prefab":{"__type__":"cc.PrefabInfo","root":{"__id__":1},"asset":{"__uuid__":"81RMnTOwdCcZb8ZVmYwzMf"},"fileId":"c5rkEbfJpNbbRqA7UQ0Rv4"},"_contentSize":{"__type__":"cc.Size","width":750,"height":1334},"_scale":{"__type__":"cc.Vec3","x":1,"y":1,"z":1}},{"__type__":"cc.Node","_name":"New Sprite(Splash)","_parent":{"__id__":1},"_active":false,"_level":2,"_components":[{"__type__":"cc.Sprite","node":{"__id__":2},"_spriteFrame":{"__uuid__":"a2MjXRFdtLlYQ5ouAFv/+R"},"_sizeMode":0}],"_prefab":{"__type__":"cc.PrefabInfo","root":{"__id__":1},"asset":{"__uuid__":"81RMnTOwdCcZb8ZVmYwzMf"},"fileId":"99EwGY9alHjrwX0kNO1k/b"},"_contentSize":{"__type__":"cc.Size","width":750,"height":1334},"_scale":{"__type__":"cc.Vec3","x":1,"y":1,"z":1}},{"__type__":"cc.Node","_name":"allcontent","_parent":{"__id__":1},"_children":[{"__id__":4},{"__id__":12},{"__id__":25}],"_level":2,"_components":[{"__type__":"cc.Sprite","node":{"__id__":3},"_spriteFrame":{"__uuid__":"bcD/kPgfdHxbyOJ77cXmJN"},"_type":1,"_sizeMode":0}],"_prefab":{"__type__":"cc.PrefabInfo","root":{"__id__":1},"asset":{"__uuid__":"81RMnTOwdCcZb8ZVmYwzMf"},"fileId":"a5cFwyJWxNv704oyuVRi3r"},"_contentSize":{"__type__":"cc.Size","width":697,"height":1200},"_scale":{"__type__":"cc.Vec3","x":1,"y":1,"z":1}},{"__type__":"cc.Node","_name":"title","_parent":{"__id__":3},"_children":[{"__id__":5},{"__id__":7},{"__id__":8}],"_level":3,"_components":[{"__type__":"cc.Widget","node":{"__id__":4},"_alignFlags":1,"_top":10}],"_prefab":{"__type__":"cc.PrefabInfo","root":{"__id__":1},"asset":{"__uuid__":"81RMnTOwdCcZb8ZVmYwzMf"},"fileId":"366E0gFrtGorxxaJ9UGv2M"},"_contentSize":{"__type__":"cc.Size","width":680,"height":60},"_position":{"__type__":"cc.Vec3","y":560},"_scale":{"__type__":"cc.Vec3","x":1,"y":1,"z":1}},{"__type__":"cc.Node","_name":"close","_parent":{"__id__":4},"_children":[{"__id__":6}],"_level":4,"_components":[{"__type__":"cc.Widget","node":{"__id__":5},"_alignFlags":32},{"__type__":"cc.Button","node":{"__id__":5},"_N$transition":3,"transition":3,"_N$target":{"__id__":5}}],"_prefab":{"__type__":"cc.PrefabInfo","root":{"__id__":1},"asset":{"__uuid__":"81RMnTOwdCcZb8ZVmYwzMf"},"fileId":"5b78ncPQNF9ZQp7um+DBV9"},"_contentSize":{"__type__":"cc.Size","width":70,"height":70},"_position":{"__type__":"cc.Vec3","x":305},"_scale":{"__type__":"cc.Vec3","x":1,"y":1,"z":1}},{"__type__":"cc.Node","_name":"closeimg","_parent":{"__id__":5},"_level":6,"_components":[{"__type__":"cc.Sprite","node":{"__id__":6},"_spriteFrame":{"__uuid__":"33DcKl9v5Ef6qoSRMZ5ejJ"},"_sizeMode":0}],"_prefab":{"__type__":"cc.PrefabInfo","root":{"__id__":1},"asset":{"__uuid__":"81RMnTOwdCcZb8ZVmYwzMf"},"fileId":"0eYKP5/9RCCo4N+mUrOgqq"},"_contentSize":{"__type__":"cc.Size","width":28,"height":27},"_scale":{"__type__":"cc.Vec3","x":1,"y":1,"z":1}},{"__type__":"cc.Node","_name":"question","_parent":{"__id__":4},"_level":4,"_components":[{"__type__":"cc.Sprite","node":{"__id__":7},"_spriteFrame":{"__uuid__":"0fvN9FuF1BbpYsSs/LNqtt"}},{"__type__":"cc.Widget","node":{"__id__":7},"_alignFlags":8,"_left":20},{"__type__":"cc.Button","node":{"__id__":7},"_N$transition":3,"transition":3,"_N$target":{"__id__":7}}],"_prefab":{"__type__":"cc.PrefabInfo","root":{"__id__":1},"asset":{"__uuid__":"81RMnTOwdCcZb8ZVmYwzMf"},"fileId":"61YTndOMJGOZtImuxyYSm4"},"_contentSize":{"__type__":"cc.Size","width":47,"height":47},"_position":{"__type__":"cc.Vec3","x":-296.5},"_scale":{"__type__":"cc.Vec3","x":1,"y":1,"z":1}},{"__type__":"cc.Node","_name":"New Layout","_parent":{"__id__":4},"_children":[{"__id__":9},{"__id__":11}],"_level":4,"_components":[{"__type__":"cc.Sprite","node":{"__id__":8},"_type":1,"_sizeMode":0},{"__type__":"cc.Layout","node":{"__id__":8},"_layoutSize":{"__type__":"cc.Size","width":251,"height":150},"_resize":1,"_N$layoutType":1}],"_prefab":{"__type__":"cc.PrefabInfo","root":{"__id__":1},"asset":{"__uuid__":"81RMnTOwdCcZb8ZVmYwzMf"},"fileId":"16Z7JqS+FMyazupPG5ai70"},"_contentSize":{"__type__":"cc.Size","width":251,"height":150},"_scale":{"__type__":"cc.Vec3","x":1,"y":1,"z":1}},{"__type__":"cc.Node","_name":"seane","_parent":{"__id__":8},"_level":5,"_components":[{"__id__":10}],"_prefab":{"__type__":"cc.PrefabInfo","root":{"__id__":1},"asset":{"__uuid__":"81RMnTOwdCcZb8ZVmYwzMf"},"fileId":"88NNfraeZCTol2ZR0NCp3C"},"_contentSize":{"__type__":"cc.Size","width":91,"height":51},"_position":{"__type__":"cc.Vec3","x":-80},"_scale":{"__type__":"cc.Vec3","x":1,"y":1,"z":1}},{"__type__":"cc.Sprite","node":{"__id__":9}},{"__type__":"cc.Node","_name":"text","_parent":{"__id__":8},"_level":5,"_components":[{"__type__":"cc.Label","node":{"__id__":11},"_srcBlendFactor":1,"_useOriginalSize":false,"_string":"赛季排行","_N$string":"赛季排行","_N$horizontalAlign":1,"_N$verticalAlign":1,"_N$fontFamily":"苹方"}],"_prefab":{"__type__":"cc.PrefabInfo","root":{"__id__":1},"asset":{"__uuid__":"81RMnTOwdCcZb8ZVmYwzMf"},"fileId":"a38KtmzQBIl7xFTLJbi9GX"},"_color":{"__type__":"cc.Color","r":236,"g":188},"_contentSize":{"__type__":"cc.Size","width":160,"height":40},"_position":{"__type__":"cc.Vec3","x":45.5},"_scale":{"__type__":"cc.Vec3","x":1,"y":1,"z":1}},{"__type__":"cc.Node","_name":"New Node","_parent":{"__id__":3},"_children":[{"__id__":13}],"_level":3,"_prefab":{"__type__":"cc.PrefabInfo","root":{"__id__":1},"asset":{"__uuid__":"81RMnTOwdCcZb8ZVmYwzMf"},"fileId":"c0FqY2ukVBLb5hR72efF7j"},"_contentSize":{"__type__":"cc.Size","width":555,"height":70},"_position":{"__type__":"cc.Vec3","y":491},"_scale":{"__type__":"cc.Vec3","x":1,"y":1,"z":1}},{"__type__":"cc.Node","_name":"tab","_parent":{"__id__":12},"_children":[{"__id__":14},{"__id__":19}],"_level":4,"_components":[{"__id__":24},{"__type__":"cc.Layout","node":{"__id__":13},"_layoutSize":{"__type__":"cc.Size","width":554,"height":70},"_resize":1,"_N$layoutType":1},{"__type__":"cc.Widget","node":{"__id__":13},"_alignFlags":45,"_left":0.5000000000000284,"_right":0.4999999999999716,"_top":2,"_bottom":-2,"_originalWidth":254.66666666666666,"_originalHeight":71}],"_prefab":{"__type__":"cc.PrefabInfo","root":{"__id__":1},"asset":{"__uuid__":"81RMnTOwdCcZb8ZVmYwzMf"},"fileId":"bf3TPCbalCWYdWTCKjNzLm"},"_contentSize":{"__type__":"cc.Size","width":554,"height":70},"_position":{"__type__":"cc.Vec3","y":-2},"_scale":{"__type__":"cc.Vec3","x":1,"y":1,"z":1}},{"__type__":"cc.Node","_name":"toggle1","_parent":{"__id__":13},"_children":[{"__id__":15},{"__id__":17}],"_components":[{"__type__":"cc.Toggle","node":{"__id__":14},"_N$target":{"__id__":14},"checkMark":{"__id__":18}}],"_prefab":{"__type__":"cc.PrefabInfo","root":{"__id__":1},"asset":{"__uuid__":"81RMnTOwdCcZb8ZVmYwzMf"},"fileId":"ed6b4I9i9LmpClCIikWuP4"},"_contentSize":{"__type__":"cc.Size","width":277,"height":71},"_position":{"__type__":"cc.Vec3","x":-138.5},"_scale":{"__type__":"cc.Vec3","x":1,"y":1,"z":1}},{"__type__":"cc.Node","_name":"Background","_parent":{"__id__":14},"_components":[{"__id__":16},{"__type__":"32540GFq4FAT5ZSyUpi/XyW","node":{"__id__":15},"img":{"__id__":16},"url":"texture/rank/btn2_0.png"}],"_prefab":{"__type__":"cc.PrefabInfo","root":{"__id__":1},"asset":{"__uuid__":"81RMnTOwdCcZb8ZVmYwzMf"},"fileId":"5e3NK2W3xFMrRXbD2UVTYD"},"_contentSize":{"__type__":"cc.Size","width":270,"height":61},"_scale":{"__type__":"cc.Vec3","x":1,"y":1,"z":1}},{"__type__":"cc.Sprite","node":{"__id__":15},"_sizeMode":2,"_isTrimmedMode":false},{"__type__":"cc.Node","_name":"checkmark","_parent":{"__id__":14},"_components":[{"__id__":18},{"__type__":"32540GFq4FAT5ZSyUpi/XyW","node":{"__id__":17},"img":{"__id__":18},"url":"texture/rank/btn2_1.png"}],"_prefab":{"__type__":"cc.PrefabInfo","root":{"__id__":1},"asset":{"__uuid__":"81RMnTOwdCcZb8ZVmYwzMf"},"fileId":"a1lN7xbBJPx6NLv0L9P+Pr"},"_contentSize":{"__type__":"cc.Size","width":270,"height":61},"_scale":{"__type__":"cc.Vec3","x":1,"y":1,"z":1}},{"__type__":"cc.Sprite","node":{"__id__":17},"_sizeMode":2,"_isTrimmedMode":false},{"__type__":"cc.Node","_name":"toggle2","_parent":{"__id__":13},"_children":[{"__id__":20},{"__id__":22}],"_components":[{"__type__":"cc.Toggle","node":{"__id__":19},"_N$target":{"__id__":19},"_N$isChecked":false,"checkMark":{"__id__":23}}],"_prefab":{"__type__":"cc.PrefabInfo","root":{"__id__":1},"asset":{"__uuid__":"81RMnTOwdCcZb8ZVmYwzMf"},"fileId":"8bHzK1xsRPMKkxHRAKZxJA"},"_contentSize":{"__type__":"cc.Size","width":277,"height":71},"_position":{"__type__":"cc.Vec3","x":138.5},"_scale":{"__type__":"cc.Vec3","x":1,"y":1,"z":1}},{"__type__":"cc.Node","_name":"Background","_parent":{"__id__":19},"_components":[{"__id__":21},{"__type__":"32540GFq4FAT5ZSyUpi/XyW","node":{"__id__":20},"img":{"__id__":21},"url":"texture/rank/btn1_0.png"}],"_prefab":{"__type__":"cc.PrefabInfo","root":{"__id__":1},"asset":{"__uuid__":"81RMnTOwdCcZb8ZVmYwzMf"},"fileId":"63z0iCEqBD5KeMp48zOXE4"},"_contentSize":{"__type__":"cc.Size","width":270,"height":61},"_scale":{"__type__":"cc.Vec3","x":1,"y":1,"z":1}},{"__type__":"cc.Sprite","node":{"__id__":20},"_sizeMode":2,"_isTrimmedMode":false},{"__type__":"cc.Node","_name":"checkmark","_parent":{"__id__":19},"_active":false,"_components":[{"__id__":23},{"__type__":"32540GFq4FAT5ZSyUpi/XyW","node":{"__id__":22},"img":{"__id__":23},"url":"texture/rank/btn1_1.png"}],"_prefab":{"__type__":"cc.PrefabInfo","root":{"__id__":1},"asset":{"__uuid__":"81RMnTOwdCcZb8ZVmYwzMf"},"fileId":"6dAuTfJhJIC4w+m4/7jDSf"},"_contentSize":{"__type__":"cc.Size","width":270,"height":61},"_scale":{"__type__":"cc.Vec3","x":1,"y":1,"z":1}},{"__type__":"cc.Sprite","node":{"__id__":22},"_sizeMode":2,"_isTrimmedMode":false},{"__type__":"cc.ToggleContainer","node":{"__id__":13}},{"__type__":"cc.Node","_name":"word","_parent":{"__id__":3},"_children":[{"__id__":26},{"__id__":29},{"__id__":45}],"_level":3,"_prefab":{"__type__":"cc.PrefabInfo","root":{"__id__":1},"asset":{"__uuid__":"81RMnTOwdCcZb8ZVmYwzMf"},"fileId":"a1H5vsbdFIHr68/RhfqAf+"},"_contentSize":{"__type__":"cc.Size","width":680,"height":1050},"_position":{"__type__":"cc.Vec3","y":-77},"_scale":{"__type__":"cc.Vec3","x":1,"y":1,"z":1}},{"__type__":"cc.Node","_name":"New ScrollView","_parent":{"__id__":25},"_children":[{"__id__":27}],"_level":4,"_components":[{"__type__":"cc.ScrollView","node":{"__id__":26},"horizontal":false,"brake":0.75,"bounceDuration":0.23,"_N$content":{"__id__":28},"content":{"__id__":28},"_N$horizontalScrollBar":null,"_N$verticalScrollBar":null},{"__type__":"cc.Widget","node":{"__id__":26},"_alignFlags":41,"_top":50,"_originalWidth":240}],"_prefab":{"__type__":"cc.PrefabInfo","root":{"__id__":1},"asset":{"__uuid__":"81RMnTOwdCcZb8ZVmYwzMf"},"fileId":"1cunPTAJ9NnLIPdGjs6xm1"},"_contentSize":{"__type__":"cc.Size","width":680,"height":900},"_position":{"__type__":"cc.Vec3","y":25},"_scale":{"__type__":"cc.Vec3","x":1,"y":1,"z":1}},{"__type__":"cc.Node","_name":"view","_parent":{"__id__":26},"_children":[{"__id__":28}],"_components":[{"__type__":"cc.Mask","node":{"__id__":27}},{"__type__":"cc.Widget","node":{"__id__":27},"_alignFlags":45,"_originalWidth":240,"_originalHeight":250}],"_prefab":{"__type__":"cc.PrefabInfo","root":{"__id__":1},"asset":{"__uuid__":"81RMnTOwdCcZb8ZVmYwzMf"},"fileId":"adloJ2lLxFhLlUpgaZ96rN"},"_contentSize":{"__type__":"cc.Size","width":680,"height":900},"_scale":{"__type__":"cc.Vec3","x":1,"y":1,"z":1}},{"__type__":"cc.Node","_name":"content","_parent":{"__id__":27},"_components":[{"__type__":"9d0e7m7cpNFR7fqfXi8JcMs","node":{"__id__":28},"rendererPrefab":{"__uuid__":"609xMTIDFCzpFXnG+3QYxW"}}],"_prefab":{"__type__":"cc.PrefabInfo","root":{"__id__":1},"asset":{"__uuid__":"81RMnTOwdCcZb8ZVmYwzMf"},"fileId":"afQ6Ck2JtAgY63CJ1JGvcD"},"_contentSize":{"__type__":"cc.Size","width":661,"height":400},"_anchorPoint":{"__type__":"cc.Vec2","x":0.5,"y":1},"_position":{"__type__":"cc.Vec3","y":450},"_scale":{"__type__":"cc.Vec3","x":1,"y":1,"z":1}},{"__type__":"cc.Node","_name":"myinfo","_parent":{"__id__":25},"_children":[{"__id__":30}],"_level":4,"_prefab":{"__type__":"cc.PrefabInfo","root":{"__id__":1},"asset":{"__uuid__":"81RMnTOwdCcZb8ZVmYwzMf"},"fileId":"7eQr9QyPJEtJ+EhdjT5dE9"},"_position":{"__type__":"cc.Vec3","y":-476},"_scale":{"__type__":"cc.Vec3","x":1,"y":1,"z":1}},{"__type__":"cc.Node","_name":"item","_parent":{"__id__":29},"_children":[{"__id__":31},{"__id__":42}],"_level":5,"_components":[{"__id__":44},{"__type__":"65bcdfRnV5JDqiFMWKCVjNo","node":{"__id__":30},"count":{"__id__":34},"head":{"__id__":39},"myname":{"__id__":41},"size":{"__id__":43},"rank":{"__id__":36}},{"__type__":"32540GFq4FAT5ZSyUpi/XyW","node":{"__id__":30},"img":{"__id__":44},"url":"texture/rank/myBg.png"}],"_prefab":{"__type__":"cc.PrefabInfo","root":{"__id__":1},"asset":{"__uuid__":"81RMnTOwdCcZb8ZVmYwzMf"},"fileId":"f8VDsSOHtCYZL67y2uSbnp"},"_contentSize":{"__type__":"cc.Size","width":661,"height":73},"_scale":{"__type__":"cc.Vec3","x":1,"y":1,"z":1}},{"__type__":"cc.Node","_name":"New Layout","_parent":{"__id__":30},"_children":[{"__id__":32},{"__id__":37},{"__id__":40}],"_level":6,"_components":[{"__type__":"cc.Widget","node":{"__id__":31},"_alignFlags":8,"_left":20}],"_prefab":{"__type__":"cc.PrefabInfo","root":{"__id__":1},"asset":{"__uuid__":"81RMnTOwdCcZb8ZVmYwzMf"},"fileId":"719gCkCd5Bi5FSkkp7P3wW"},"_contentSize":{"__type__":"cc.Size","width":400,"height":150},"_anchorPoint":{"__type__":"cc.Vec2","y":0.5},"_position":{"__type__":"cc.Vec3","x":-310.5},"_scale":{"__type__":"cc.Vec3","x":1,"y":1,"z":1}},{"__type__":"cc.Node","_name":"New Node","_parent":{"__id__":31},"_children":[{"__id__":33},{"__id__":35}],"_level":7,"_prefab":{"__type__":"cc.PrefabInfo","root":{"__id__":1},"asset":{"__uuid__":"81RMnTOwdCcZb8ZVmYwzMf"},"fileId":"dcAl5eVGFKappGU+WDgHdJ"},"_contentSize":{"__type__":"cc.Size","width":48,"height":59},"_position":{"__type__":"cc.Vec3","x":21},"_scale":{"__type__":"cc.Vec3","x":1,"y":1,"z":1}},{"__type__":"cc.Node","_name":"count","_parent":{"__id__":32},"_level":8,"_components":[{"__id__":34},{"__type__":"cc.Widget","node":{"__id__":33},"_alignFlags":8,"_left":-11}],"_prefab":{"__type__":"cc.PrefabInfo","root":{"__id__":1},"asset":{"__uuid__":"81RMnTOwdCcZb8ZVmYwzMf"},"fileId":"e00685DeRFkIuAqjEHqkuI"},"_contentSize":{"__type__":"cc.Size","width":130,"height":40},"_position":{"__type__":"cc.Vec3","x":30},"_scale":{"__type__":"cc.Vec3","x":1,"y":1,"z":1}},{"__type__":"cc.Label","node":{"__id__":33},"_srcBlendFactor":1,"_useOriginalSize":false,"_fontSize":28,"_lineHeight":30,"_enableWrapText":false,"_N$horizontalAlign":1,"_N$verticalAlign":1,"_N$fontFamily":"苹方","_N$overflow":1},{"__type__":"cc.Node","_name":"countmax","_parent":{"__id__":32},"_active":false,"_level":8,"_components":[{"__id__":36}],"_prefab":{"__type__":"cc.PrefabInfo","root":{"__id__":1},"asset":{"__uuid__":"81RMnTOwdCcZb8ZVmYwzMf"},"fileId":"b9TGJuQYZB65gZkHiJ2XW4"},"_contentSize":{"__type__":"cc.Size","width":48,"height":59},"_position":{"__type__":"cc.Vec3","x":30},"_scale":{"__type__":"cc.Vec3","x":1,"y":1,"z":1}},{"__type__":"cc.Sprite","node":{"__id__":35},"_sizeMode":0},{"__type__":"cc.Node","_name":"head","_parent":{"__id__":31},"_children":[{"__id__":38}],"_level":7,"_components":[{"__id__":39}],"_prefab":{"__type__":"cc.PrefabInfo","root":{"__id__":1},"asset":{"__uuid__":"81RMnTOwdCcZb8ZVmYwzMf"},"fileId":"e8jLJ1HJxKXaSxcKbWWTlN"},"_contentSize":{"__type__":"cc.Size","width":65,"height":65},"_position":{"__type__":"cc.Vec3","x":164},"_scale":{"__type__":"cc.Vec3","x":1,"y":1,"z":1}},{"__type__":"cc.Node","_name":"vip","_parent":{"__id__":37},"_active":false,"_level":8,"_components":[{"__type__":"cc.Sprite","node":{"__id__":38},"_spriteFrame":{"__uuid__":"09fWtSPWxKeIUS5dwCCW0u"},"_sizeMode":0},{"__type__":"cc.Widget","node":{"__id__":38},"_alignFlags":9,"_left":-20,"_top":-2.5}],"_prefab":{"__type__":"cc.PrefabInfo","root":{"__id__":1},"asset":{"__uuid__":"81RMnTOwdCcZb8ZVmYwzMf"},"fileId":"e5iP2lo7VGSYzFbHB8YdSk"},"_contentSize":{"__type__":"cc.Size","width":40,"height":20},"_position":{"__type__":"cc.Vec3","x":-32.5,"y":25},"_scale":{"__type__":"cc.Vec3","x":1,"y":1,"z":1}},{"__type__":"cc.Sprite","node":{"__id__":37},"_sizeMode":0},{"__type__":"cc.Node","_name":"name","_parent":{"__id__":31},"_level":7,"_components":[{"__id__":41},{"__type__":"cc.Widget","node":{"__id__":40},"_alignFlags":2}],"_prefab":{"__type__":"cc.PrefabInfo","root":{"__id__":1},"asset":{"__uuid__":"81RMnTOwdCcZb8ZVmYwzMf"},"fileId":"deb6HletdDW4pPApr4oYlE"},"_contentSize":{"__type__":"cc.Size","height":30},"_anchorPoint":{"__type__":"cc.Vec2","y":0.5},"_position":{"__type__":"cc.Vec3","x":228},"_scale":{"__type__":"cc.Vec3","x":1,"y":1,"z":1}},{"__type__":"cc.Label","node":{"__id__":40},"_srcBlendFactor":1,"_useOriginalSize":false,"_fontSize":28,"_lineHeight":30,"_enableWrapText":false,"_N$verticalAlign":1,"_N$fontFamily":"苹方"},{"__type__":"cc.Node","_name":"size","_parent":{"__id__":30},"_level":6,"_components":[{"__id__":43},{"__type__":"cc.Widget","node":{"__id__":42},"_alignFlags":32,"_right":20}],"_prefab":{"__type__":"cc.PrefabInfo","root":{"__id__":1},"asset":{"__uuid__":"81RMnTOwdCcZb8ZVmYwzMf"},"fileId":"0bMAgrv8VEXaVtP0p/LTt+"},"_contentSize":{"__type__":"cc.Size","height":30},"_anchorPoint":{"__type__":"cc.Vec2","x":1,"y":0.5},"_position":{"__type__":"cc.Vec3","x":310.5},"_scale":{"__type__":"cc.Vec3","x":1,"y":1,"z":1}},{"__type__":"cc.Label","node":{"__id__":42},"_srcBlendFactor":1,"_useOriginalSize":false,"_fontSize":28,"_lineHeight":30,"_N$horizontalAlign":1,"_N$verticalAlign":1,"_N$fontFamily":"苹方"},{"__type__":"cc.Sprite","node":{"__id__":30},"_sizeMode":0},{"__type__":"cc.Node","_name":"title","_parent":{"__id__":25},"_children":[{"__id__":46},{"__id__":47},{"__id__":48}],"_level":4,"_components":[{"__type__":"cc.Sprite","node":{"__id__":45},"_type":1,"_sizeMode":0},{"__type__":"cc.Layout","node":{"__id__":45},"_layoutSize":{"__type__":"cc.Size","width":680,"height":50}},{"__type__":"cc.Widget","node":{"__id__":45},"_alignFlags":1}],"_prefab":{"__type__":"cc.PrefabInfo","root":{"__id__":1},"asset":{"__uuid__":"81RMnTOwdCcZb8ZVmYwzMf"},"fileId":"fcswf0KHxA+KzsXmTg07op"},"_contentSize":{"__type__":"cc.Size","width":680,"height":50},"_position":{"__type__":"cc.Vec3","y":500},"_scale":{"__type__":"cc.Vec3","x":1,"y":1,"z":1}},{"__type__":"cc.Node","_name":"count","_parent":{"__id__":45},"_level":5,"_components":[{"__type__":"cc.Label","node":{"__id__":46},"_srcBlendFactor":1,"_useOriginalSize":false,"_string":"名次","_N$string":"名次","_fontSize":30,"_lineHeight":32,"_N$horizontalAlign":1,"_N$verticalAlign":1,"_N$fontFamily":"苹方"},{"__type__":"cc.Widget","node":{"__id__":46},"_alignFlags":8,"_left":48}],"_prefab":{"__type__":"cc.PrefabInfo","root":{"__id__":1},"asset":{"__uuid__":"81RMnTOwdCcZb8ZVmYwzMf"},"fileId":"dexfln10lOJbong7iT9Qoq"},"_color":{"__type__":"cc.Color","r":61,"g":175,"b":255},"_contentSize":{"__type__":"cc.Size","width":60,"height":32},"_position":{"__type__":"cc.Vec3","x":-262},"_scale":{"__type__":"cc.Vec3","x":1,"y":1,"z":1}},{"__type__":"cc.Node","_name":"name","_parent":{"__id__":45},"_level":5,"_components":[{"__type__":"cc.Label","node":{"__id__":47},"_srcBlendFactor":1,"_useOriginalSize":false,"_string":"玩家","_N$string":"玩家","_fontSize":30,"_lineHeight":32,"_N$horizontalAlign":1,"_N$verticalAlign":1,"_N$fontFamily":"苹方"},{"__type__":"cc.Widget","node":{"__id__":47},"_alignFlags":8,"_left":255.99999999999997}],"_prefab":{"__type__":"cc.PrefabInfo","root":{"__id__":1},"asset":{"__uuid__":"81RMnTOwdCcZb8ZVmYwzMf"},"fileId":"97TGuLzpJBnKj55sGT4nOU"},"_color":{"__type__":"cc.Color","r":61,"g":175,"b":255},"_contentSize":{"__type__":"cc.Size","width":60,"height":32},"_position":{"__type__":"cc.Vec3","x":-54.00000000000003},"_scale":{"__type__":"cc.Vec3","x":1,"y":1,"z":1}},{"__type__":"cc.Node","_name":"size","_parent":{"__id__":45},"_level":5,"_components":[{"__type__":"cc.Label","node":{"__id__":48},"_srcBlendFactor":1,"_useOriginalSize":false,"_string":"Stage","_N$string":"Stage","_fontSize":30,"_lineHeight":32,"_N$horizontalAlign":1,"_N$verticalAlign":1,"_N$fontFamily":"苹方"},{"__type__":"cc.Widget","node":{"__id__":48},"_alignFlags":8,"_left":593.675}],"_prefab":{"__type__":"cc.PrefabInfo","root":{"__id__":1},"asset":{"__uuid__":"81RMnTOwdCcZb8ZVmYwzMf"},"fileId":"f5fSOcP4pDFKnlIIg6l/FL"},"_color":{"__type__":"cc.Color","r":61,"g":175,"b":255},"_contentSize":{"__type__":"cc.Size","width":66.65,"height":32},"_position":{"__type__":"cc.Vec3","x":286.99999999999994},"_scale":{"__type__":"cc.Vec3","x":1,"y":1,"z":1}},{"__type__":"cc.Node","_name":"rankSp","_parent":{"__id__":1},"_level":2,"_components":[{"__type__":"cc.WXSubContextView","node":{"__id__":49}},{"__type__":"cc.Widget","node":{"__id__":49},"_alignFlags":45,"_originalWidth":500,"_originalHeight":600}],"_prefab":{"__type__":"cc.PrefabInfo","root":{"__id__":1},"asset":{"__uuid__":"81RMnTOwdCcZb8ZVmYwzMf"},"fileId":"17UjOEo0NAh5SBRY4Tmifb"},"_contentSize":{"__type__":"cc.Size","width":750,"height":1334},"_scale":{"__type__":"cc.Vec3","x":1,"y":1,"z":1}}],{"__type__":"cc.SpriteFrame","content":{"name":"default_sprite_splash","texture":"02delMVqdBD70a/HSD99FK","rect":[0,0,2,2],"offset":[0,0],"originalSize":[2,2],"capInsets":[0,0,0,0]}},{"__type__":"cc.SpriteFrame","content":{"name":"ranbg","texture":"d2mZm4YZ1NYqPd05Z8hLBU","rect":[0,643,697,828],"offset":[0,0],"originalSize":[697,828],"capInsets":[156,180,111,160]}},{"__type__":"cc.SpriteFrame","content":{"name":"rank3","texture":"d2mZm4YZ1NYqPd05Z8hLBU","rect":[48,103,48,58],"offset":[0,0],"originalSize":[48,58],"capInsets":[0,0,0,0]}}]