[{"__type__":"cc.SpriteFrame","content":{"name":"vip","texture":"a1kFce2/xNx60AtnsccfV2","rect":[841,182,37,114],"offset":[0,0],"originalSize":[37,114],"capInsets":[0,0,0,0]}},{"__type__":"cc.SpriteFrame","content":{"name":"juse","texture":"a1kFce2/xNx60AtnsccfV2","rect":[545,572,192,96],"offset":[0,0],"originalSize":[192,96],"capInsets":[0,0,0,0]}},{"__type__":"cc.SpriteFrame","content":{"name":"jinbikaobei","texture":"a1kFce2/xNx60AtnsccfV2","rect":[930,979,35,36],"offset":[0,0],"originalSize":[35,36],"capInsets":[0,0,0,0]}},[{"__type__":"cc.Prefab","_name":"item","data":{"__id__":1}},{"__type__":"cc.Node","_name":"item","_children":[{"__id__":2}],"_level":1,"_components":[{"__type__":"105abBxkntF/Kp2yT+bMyTN","node":{"__id__":1},"head":{"__id__":8},"heroname":{"__id__":12},"level":{"__id__":16},"damage":{"__id__":18},"coin":{"__id__":24},"levelnode":{"__id__":13},"okBt":{"__id__":35},"textBt":{"__id__":27},"jinbi":{"__id__":22},"const":{"__id__":20},"ain":{"__id__":6},"username":{"__id__":37},"bg":{"__id__":38},"vipbg":{"__uuid__":"35OHzz4s5C9IfzeQiHW4sD"},"dongbg":{"__id__":7},"newicon":{"__id__":33},"resnode":{"__id__":28},"reslevel":{"__id__":30},"resdima":{"__id__":32}},{"__type__":"cc.Button","node":{"__id__":1},"_N$transition":1,"transition":1,"_N$normalColor":{"__type__":"cc.Color","r":255,"g":255,"b":255},"_N$pressedColor":{"__type__":"cc.Color","r":153,"g":144,"b":144},"pressedColor":{"__type__":"cc.Color","r":153,"g":144,"b":144},"_N$target":{"__id__":1}}],"_prefab":{"__type__":"cc.PrefabInfo","root":{"__id__":1},"asset":{"__uuid__":"97KnEx0RVE8ZhDpFq3gHMz"},"fileId":"eaege6CopCb6bP1WqQTXv5"},"_contentSize":{"__type__":"cc.Size","width":750,"height":114},"_anchorPoint":{"__type__":"cc.Vec2","x":0.5,"y":1},"_position":{"__type__":"cc.Vec3","y":-667},"_scale":{"__type__":"cc.Vec3","x":1,"y":1,"z":1}},{"__type__":"cc.Node","_name":"bg","_parent":{"__id__":1},"_children":[{"__id__":3},{"__id__":19},{"__id__":36}],"_level":2,"_components":[{"__id__":38}],"_prefab":{"__type__":"cc.PrefabInfo","root":{"__id__":1},"asset":{"__uuid__":"97KnEx0RVE8ZhDpFq3gHMz"},"fileId":"07WRNry6hL9ZfdybUh5EO8"},"_contentSize":{"__type__":"cc.Size","width":750,"height":114},"_position":{"__type__":"cc.Vec3","y":-57},"_scale":{"__type__":"cc.Vec3","x":1,"y":1,"z":1}},{"__type__":"cc.Node","_name":"info","_parent":{"__id__":2},"_children":[{"__id__":4},{"__id__":9}],"_level":3,"_components":[{"__type__":"cc.Layout","node":{"__id__":3},"_layoutSize":{"__type__":"cc.Size","width":300,"height":114},"_resize":1,"_N$layoutType":1},{"__type__":"cc.Widget","node":{"__id__":3},"_alignFlags":8,"_left":10}],"_prefab":{"__type__":"cc.PrefabInfo","root":{"__id__":1},"asset":{"__uuid__":"97KnEx0RVE8ZhDpFq3gHMz"},"fileId":"55/rYu775AzbYOnYDP2mRl"},"_contentSize":{"__type__":"cc.Size","width":300,"height":114},"_position":{"__type__":"cc.Vec3","x":-215},"_scale":{"__type__":"cc.Vec3","x":1,"y":1,"z":1}},{"__type__":"cc.Node","_name":"head","_parent":{"__id__":3},"_children":[{"__id__":5},{"__id__":7}],"_level":4,"_components":[{"__id__":8}],"_prefab":{"__type__":"cc.PrefabInfo","root":{"__id__":1},"asset":{"__uuid__":"97KnEx0RVE8ZhDpFq3gHMz"},"fileId":"2d6zAv+I5MBqviwnJaeIz4"},"_contentSize":{"__type__":"cc.Size","width":100,"height":100},"_position":{"__type__":"cc.Vec3","x":-100},"_scale":{"__type__":"cc.Vec3","x":1,"y":1,"z":1}},{"__type__":"cc.Node","_name":"up","_parent":{"__id__":4},"_active":false,"_level":5,"_components":[{"__id__":6}],"_prefab":{"__type__":"cc.PrefabInfo","root":{"__id__":1},"asset":{"__uuid__":"97KnEx0RVE8ZhDpFq3gHMz"},"fileId":"34xcyFAyREvafibelx5K3t"},"_contentSize":{"__type__":"cc.Size","width":180,"height":180},"_scale":{"__type__":"cc.Vec3","x":1,"y":1,"z":1}},{"__type__":"sp.Skeleton","node":{"__id__":5},"defaultAnimation":"up","loop":false,"premultipliedAlpha":false,"_N$skeletonData":{"__uuid__":"82zScqv5ZAPrXjlJzHEPqy"}},{"__type__":"cc.Node","_name":"New Sprite(Splash)","_parent":{"__id__":4},"_active":false,"_level":5,"_components":[{"__type__":"cc.Sprite","node":{"__id__":7},"_spriteFrame":{"__uuid__":"a2MjXRFdtLlYQ5ouAFv/+R"},"_sizeMode":0}],"_prefab":{"__type__":"cc.PrefabInfo","root":{"__id__":1},"asset":{"__uuid__":"97KnEx0RVE8ZhDpFq3gHMz"},"fileId":"f85usjix9O/o4NZO2XXCdH"},"_contentSize":{"__type__":"cc.Size","width":100,"height":100},"_scale":{"__type__":"cc.Vec3","x":1,"y":1,"z":1}},{"__type__":"cc.Sprite","node":{"__id__":4},"_spriteFrame":{"__uuid__":"d5u9sX2ExD6b4YIMG0Yq11"},"_sizeMode":0},{"__type__":"cc.Node","_name":"textinfo","_parent":{"__id__":3},"_children":[{"__id__":10},{"__id__":17}],"_level":4,"_components":[{"__type__":"cc.Widget","node":{"__id__":9},"_alignFlags":1,"_top":5}],"_prefab":{"__type__":"cc.PrefabInfo","root":{"__id__":1},"asset":{"__uuid__":"97KnEx0RVE8ZhDpFq3gHMz"},"fileId":"7dbupu1IJLgYCDh94iAg1H"},"_contentSize":{"__type__":"cc.Size","width":200,"height":114},"_position":{"__type__":"cc.Vec3","x":50,"y":-5},"_scale":{"__type__":"cc.Vec3","x":1,"y":1,"z":1}},{"__type__":"cc.Node","_name":"New Layout","_parent":{"__id__":9},"_children":[{"__id__":11},{"__id__":13}],"_level":5,"_components":[{"__type__":"cc.Layout","node":{"__id__":10},"_layoutSize":{"__type__":"cc.Size","width":200,"height":49},"_resize":1,"_N$layoutType":2,"_N$spacingY":5},{"__type__":"cc.Widget","node":{"__id__":10},"_alignFlags":9,"_left":15,"_top":10}],"_prefab":{"__type__":"cc.PrefabInfo","root":{"__id__":1},"asset":{"__uuid__":"97KnEx0RVE8ZhDpFq3gHMz"},"fileId":"deZjn4XHtIwY787WPI1/Kz"},"_contentSize":{"__type__":"cc.Size","width":200,"height":49},"_anchorPoint":{"__type__":"cc.Vec2","x":0.5},"_position":{"__type__":"cc.Vec3","x":15,"y":-2},"_scale":{"__type__":"cc.Vec3","x":1,"y":1,"z":1}},{"__type__":"cc.Node","_name":"heroname","_parent":{"__id__":10},"_level":6,"_components":[{"__id__":12},{"__type__":"cc.Widget","node":{"__id__":11},"_alignFlags":8}],"_prefab":{"__type__":"cc.PrefabInfo","root":{"__id__":1},"asset":{"__uuid__":"97KnEx0RVE8ZhDpFq3gHMz"},"fileId":"53ge6jYQlGILU+w4bC1I7z"},"_contentSize":{"__type__":"cc.Size","width":135.32,"height":26},"_anchorPoint":{"__type__":"cc.Vec2","y":0.5},"_position":{"__type__":"cc.Vec3","x":-100,"y":36},"_scale":{"__type__":"cc.Vec3","x":1,"y":1,"z":1}},{"__type__":"cc.Label","node":{"__id__":11},"_srcBlendFactor":1,"_useOriginalSize":false,"_string":"Sword Master","_N$string":"Sword Master","_fontSize":24,"_lineHeight":26,"_N$horizontalAlign":1,"_N$verticalAlign":1,"_N$fontFamily":"苹方"},{"__type__":"cc.Node","_name":"livenode","_parent":{"__id__":10},"_children":[{"__id__":14},{"__id__":15}],"_level":6,"_components":[{"__type__":"cc.Layout","node":{"__id__":13},"_layoutSize":{"__type__":"cc.Size","width":34.04,"height":18},"_resize":1,"_N$layoutType":1},{"__type__":"cc.Widget","node":{"__id__":13},"_alignFlags":8}],"_prefab":{"__type__":"cc.PrefabInfo","root":{"__id__":1},"asset":{"__uuid__":"97KnEx0RVE8ZhDpFq3gHMz"},"fileId":"34Glqiur9AObW8MbSA+0nQ"},"_contentSize":{"__type__":"cc.Size","width":34.04,"height":18},"_anchorPoint":{"__type__":"cc.Vec2","y":0.5},"_position":{"__type__":"cc.Vec3","x":-100,"y":9},"_scale":{"__type__":"cc.Vec3","x":1,"y":1,"z":1}},{"__type__":"cc.Node","_name":"live","_parent":{"__id__":13},"_level":7,"_components":[{"__type__":"cc.Label","node":{"__id__":14},"_srcBlendFactor":1,"_useOriginalSize":false,"_string":"LV.","_N$string":"LV.","_fontSize":18,"_lineHeight":20,"_N$horizontalAlign":1,"_N$verticalAlign":1}],"_prefab":{"__type__":"cc.PrefabInfo","root":{"__id__":1},"asset":{"__uuid__":"97KnEx0RVE8ZhDpFq3gHMz"},"fileId":"27PGQ2sGZL77zP+4wUxd2g"},"_color":{"__type__":"cc.Color","r":173,"g":177,"b":202},"_contentSize":{"__type__":"cc.Size","width":24.03,"height":20},"_position":{"__type__":"cc.Vec3","x":12.015},"_scale":{"__type__":"cc.Vec3","x":1,"y":1,"z":1}},{"__type__":"cc.Node","_name":"livenumber","_parent":{"__id__":13},"_level":7,"_components":[{"__id__":16}],"_prefab":{"__type__":"cc.PrefabInfo","root":{"__id__":1},"asset":{"__uuid__":"97KnEx0RVE8ZhDpFq3gHMz"},"fileId":"41QQzttqJI8KKBNRdDDPvS"},"_color":{"__type__":"cc.Color","r":82,"g":255},"_contentSize":{"__type__":"cc.Size","width":10.01,"height":20},"_position":{"__type__":"cc.Vec3","x":29.035},"_scale":{"__type__":"cc.Vec3","x":1,"y":1,"z":1}},{"__type__":"cc.Label","node":{"__id__":15},"_srcBlendFactor":1,"_useOriginalSize":false,"_string":"0","_N$string":"0","_fontSize":18,"_lineHeight":20,"_N$horizontalAlign":1,"_N$verticalAlign":1},{"__type__":"cc.Node","_name":"attack","_parent":{"__id__":9},"_level":5,"_components":[{"__id__":18},{"__type__":"cc.Widget","node":{"__id__":17},"_alignFlags":12,"_left":15,"_bottom":21}],"_prefab":{"__type__":"cc.PrefabInfo","root":{"__id__":1},"asset":{"__uuid__":"97KnEx0RVE8ZhDpFq3gHMz"},"fileId":"6a8oVNjfJJbY3Op+FGqCOX"},"_color":{"__type__":"cc.Color","r":173,"g":177,"b":202},"_contentSize":{"__type__":"cc.Size","width":150.98,"height":20},"_anchorPoint":{"__type__":"cc.Vec2","y":1},"_position":{"__type__":"cc.Vec3","x":-85,"y":-16},"_scale":{"__type__":"cc.Vec3","x":1,"y":1,"z":1}},{"__type__":"cc.Label","node":{"__id__":17},"_srcBlendFactor":1,"_useOriginalSize":false,"_string":"点击攻击力：199ac","_N$string":"点击攻击力：199ac","_fontSize":18,"_lineHeight":20,"_N$horizontalAlign":1,"_N$verticalAlign":1,"_N$fontFamily":"苹方"},{"__type__":"cc.Node","_name":"livebt","_parent":{"__id__":2},"_children":[{"__id__":20},{"__id__":25},{"__id__":33}],"_level":3,"_components":[{"__id__":35},{"__type__":"cc.Widget","node":{"__id__":19},"_alignFlags":32,"_right":15},{"__type__":"cc.Button","node":{"__id__":19},"_N$transition":1,"transition":1,"_N$normalColor":{"__type__":"cc.Color","r":255,"g":255,"b":255},"_N$target":{"__id__":19}}],"_prefab":{"__type__":"cc.PrefabInfo","root":{"__id__":1},"asset":{"__uuid__":"97KnEx0RVE8ZhDpFq3gHMz"},"fileId":"07dat5jr5AGZCViPOpVgyk"},"_contentSize":{"__type__":"cc.Size","width":192,"height":96},"_position":{"__type__":"cc.Vec3","x":264},"_scale":{"__type__":"cc.Vec3","x":1,"y":1,"z":1}},{"__type__":"cc.Node","_name":"numnode","_parent":{"__id__":19},"_children":[{"__id__":21},{"__id__":23}],"_level":4,"_components":[{"__type__":"cc.Layout","node":{"__id__":20},"_layoutSize":{"__type__":"cc.Size","width":85.62,"height":32},"_resize":1,"_N$layoutType":1,"_N$spacingX":5}],"_prefab":{"__type__":"cc.PrefabInfo","root":{"__id__":1},"asset":{"__uuid__":"97KnEx0RVE8ZhDpFq3gHMz"},"fileId":"44gexsb2lLPLvXYIbQrLbB"},"_contentSize":{"__type__":"cc.Size","width":85.62,"height":32},"_position":{"__type__":"cc.Vec3","y":29},"_scale":{"__type__":"cc.Vec3","x":1,"y":1,"z":1}},{"__type__":"cc.Node","_name":"jinbi","_parent":{"__id__":20},"_level":5,"_components":[{"__id__":22}],"_prefab":{"__type__":"cc.PrefabInfo","root":{"__id__":1},"asset":{"__uuid__":"97KnEx0RVE8ZhDpFq3gHMz"},"fileId":"9ekJCgQVtKfL7hJbV9hSHZ"},"_contentSize":{"__type__":"cc.Size","width":25,"height":25},"_position":{"__type__":"cc.Vec3","x":-30.310000000000002,"y":-0.7},"_scale":{"__type__":"cc.Vec3","x":1,"y":1,"z":1}},{"__type__":"cc.Sprite","node":{"__id__":21},"_spriteFrame":{"__uuid__":"758LlCmBtGkoDRCn15LdzW"},"_sizeMode":0},{"__type__":"cc.Node","_name":"cost","_parent":{"__id__":20},"_level":5,"_components":[{"__id__":24}],"_prefab":{"__type__":"cc.PrefabInfo","root":{"__id__":1},"asset":{"__uuid__":"97KnEx0RVE8ZhDpFq3gHMz"},"fileId":"0b6ykMXRZBepC2ZsyngboT"},"_contentSize":{"__type__":"cc.Size","width":55.62,"height":26},"_position":{"__type__":"cc.Vec3","x":14.999999999999996,"y":-2},"_scale":{"__type__":"cc.Vec3","x":1,"y":1,"z":1}},{"__type__":"cc.Label","node":{"__id__":23},"_srcBlendFactor":1,"_useOriginalSize":false,"_string":"1000","_N$string":"1000","_fontSize":25,"_lineHeight":26,"_N$horizontalAlign":1,"_N$verticalAlign":1},{"__type__":"cc.Node","_name":"textnode","_parent":{"__id__":19},"_children":[{"__id__":26},{"__id__":28}],"_level":4,"_prefab":{"__type__":"cc.PrefabInfo","root":{"__id__":1},"asset":{"__uuid__":"97KnEx0RVE8ZhDpFq3gHMz"},"fileId":"9a7R+qYbRC36N/9eGIjUdY"},"_contentSize":{"__type__":"cc.Size","width":180,"height":50},"_position":{"__type__":"cc.Vec3","y":-14},"_scale":{"__type__":"cc.Vec3","x":1,"y":1,"z":1}},{"__type__":"cc.Node","_name":"typetext","_parent":{"__id__":25},"_level":5,"_components":[{"__id__":27}],"_prefab":{"__type__":"cc.PrefabInfo","root":{"__id__":1},"asset":{"__uuid__":"97KnEx0RVE8ZhDpFq3gHMz"},"fileId":"55X9Utu4hOdqisg0qELUNw"},"_contentSize":{"__type__":"cc.Size","width":180,"height":32},"_scale":{"__type__":"cc.Vec3","x":1,"y":1,"z":1}},{"__type__":"cc.Label","node":{"__id__":26},"_srcBlendFactor":1,"_useOriginalSize":false,"_string":"升级","_N$string":"升级","_fontSize":30,"_lineHeight":32,"_N$horizontalAlign":1,"_N$verticalAlign":1,"_N$overflow":2},{"__type__":"cc.Node","_name":"resnode","_parent":{"__id__":25},"_children":[{"__id__":29},{"__id__":31}],"_level":5,"_components":[{"__type__":"cc.Layout","node":{"__id__":28},"_layoutSize":{"__type__":"cc.Size","width":180,"height":46},"_resize":1,"_N$layoutType":2}],"_prefab":{"__type__":"cc.PrefabInfo","root":{"__id__":1},"asset":{"__uuid__":"97KnEx0RVE8ZhDpFq3gHMz"},"fileId":"a48xG0vxlPoKVXX9yykLV7"},"_contentSize":{"__type__":"cc.Size","width":180,"height":46},"_scale":{"__type__":"cc.Vec3","x":1,"y":1,"z":1}},{"__type__":"cc.Node","_name":"livetop","_parent":{"__id__":28},"_level":6,"_components":[{"__id__":30}],"_prefab":{"__type__":"cc.PrefabInfo","root":{"__id__":1},"asset":{"__uuid__":"97KnEx0RVE8ZhDpFq3gHMz"},"fileId":"61VH7KcLVJd5c9umCEwv1p"},"_contentSize":{"__type__":"cc.Size","width":123.69,"height":23},"_position":{"__type__":"cc.Vec3","y":11.5},"_scale":{"__type__":"cc.Vec3","x":1,"y":1,"z":1}},{"__type__":"cc.Label","node":{"__id__":29},"_srcBlendFactor":1,"_useOriginalSize":false,"_string":"等级提升 x80","_N$string":"等级提升 x80","_fontSize":21,"_lineHeight":23,"_N$horizontalAlign":1,"_N$verticalAlign":1},{"__type__":"cc.Node","_name":"adddps","_parent":{"__id__":28},"_level":6,"_components":[{"__id__":32}],"_prefab":{"__type__":"cc.PrefabInfo","root":{"__id__":1},"asset":{"__uuid__":"97KnEx0RVE8ZhDpFq3gHMz"},"fileId":"59mhRSLABLV6hzHKwSOdDv"},"_color":{"__type__":"cc.Color","r":195,"g":90,"b":5},"_contentSize":{"__type__":"cc.Size","width":92.83,"height":23},"_position":{"__type__":"cc.Vec3","y":-11.5},"_scale":{"__type__":"cc.Vec3","x":1,"y":1,"z":1}},{"__type__":"cc.Label","node":{"__id__":31},"_srcBlendFactor":1,"_useOriginalSize":false,"_string":"+5.66 dps","_N$string":"+5.66 dps","_fontSize":21,"_lineHeight":23,"_N$horizontalAlign":1,"_N$verticalAlign":1},{"__type__":"cc.Node","_name":"newdata","_parent":{"__id__":19},"_children":[{"__id__":34}],"_active":false,"_level":4,"_components":[{"__type__":"cc.Sprite","node":{"__id__":33},"_spriteFrame":{"__uuid__":"feneBpRqdJCKkZJU3JeSj5"}},{"__type__":"cc.Widget","node":{"__id__":33},"_alignFlags":9,"_left":-10,"_top":-5},{"__type__":"c32d3/RV3xNvKlWl8y5Qfpd","node":{"__id__":33}}],"_prefab":{"__type__":"cc.PrefabInfo","root":{"__id__":1},"asset":{"__uuid__":"97KnEx0RVE8ZhDpFq3gHMz"},"fileId":"83gWYP10FICJnp1KyHL6Z1"},"_contentSize":{"__type__":"cc.Size","width":33,"height":33},"_position":{"__type__":"cc.Vec3","x":-89.5,"y":36.5},"_scale":{"__type__":"cc.Vec3","x":1,"y":1,"z":1}},{"__type__":"cc.Node","_name":"New Label","_parent":{"__id__":33},"_level":5,"_components":[{"__type__":"cc.Label","node":{"__id__":34},"_srcBlendFactor":1,"_useOriginalSize":false,"_string":"新","_N$string":"新","_fontSize":20,"_lineHeight":22,"_N$horizontalAlign":1,"_N$verticalAlign":1}],"_prefab":{"__type__":"cc.PrefabInfo","root":{"__id__":1},"asset":{"__uuid__":"97KnEx0RVE8ZhDpFq3gHMz"},"fileId":"cd3PrfgkRIvq8v44G81s+A"},"_contentSize":{"__type__":"cc.Size","width":20,"height":22},"_scale":{"__type__":"cc.Vec3","x":1,"y":1,"z":1}},{"__type__":"cc.Sprite","node":{"__id__":19},"_spriteFrame":{"__uuid__":"75g/YViOlLwpft+QSeCKg6"}},{"__type__":"cc.Node","_name":"userid","_parent":{"__id__":2},"_level":3,"_components":[{"__id__":37},{"__type__":"cc.Widget","node":{"__id__":36},"_alignFlags":32,"_right":229.2}],"_prefab":{"__type__":"cc.PrefabInfo","root":{"__id__":1},"asset":{"__uuid__":"97KnEx0RVE8ZhDpFq3gHMz"},"fileId":"69rismujdA7I0Glgf5OXKt"},"_contentSize":{"__type__":"cc.Size","width":132,"height":24},"_anchorPoint":{"__type__":"cc.Vec2","x":1,"y":0.5},"_position":{"__type__":"cc.Vec3","x":145.8,"y":25},"_scale":{"__type__":"cc.Vec3","x":1,"y":1,"z":1}},{"__type__":"cc.Label","node":{"__id__":36},"_srcBlendFactor":1,"_useOriginalSize":false,"_fontSize":22,"_lineHeight":24,"_enableWrapText":false,"_N$verticalAlign":1,"_N$fontFamily":"苹方","_N$overflow":1},{"__type__":"cc.Sprite","node":{"__id__":2},"_spriteFrame":{"__uuid__":"aeaXg6eipEMr1WUC02PxSD"},"_sizeMode":0}],{"__type__":"cc.SpriteFrame","content":{"name":"default_sprite_splash","texture":"02delMVqdBD70a/HSD99FK","rect":[0,0,2,2],"offset":[0,0],"originalSize":[2,2],"capInsets":[0,0,0,0]}},{"__type__":"cc.SpriteFrame","content":{"name":"bgtongyong","texture":"a1kFce2/xNx60AtnsccfV2","rect":[62,119,685,137],"offset":[0,0],"originalSize":[685,137],"capInsets":[0,0,0,0]}},{"__type__":"cc.SpriteFrame","content":{"name":"head","texture":"a1kFce2/xNx60AtnsccfV2","rect":[894,1214,63,64],"offset":[0,0],"originalSize":[63,64],"capInsets":[0,0,0,0]}},{"__type__":"cc.SpriteFrame","content":{"name":"redttoast","texture":"a1kFce2/xNx60AtnsccfV2","rect":[930,1020,33,33],"offset":[0,0],"originalSize":[33,33],"capInsets":[0,0,0,0]}}]