[{"__type__":"cc.SpriteFrame","content":{"name":"chunjie_8","texture":"ca1/kUpvdMfZvyVXA2yvCt","rect":[0,0,104,104],"offset":[0,0],"originalSize":[104,104],"capInsets":[0,0,0,0]}},[{"__type__":"cc.Prefab","_name":"chunjie_8","data":{"__id__":1}},{"__type__":"cc.Node","_name":"chunjie_8","_components":[{"__type__":"cc.Sprite","node":{"__id__":1},"_spriteFrame":{"__uuid__":"11Z3Q96pRD2YhTg6IM1c3b"},"_sizeMode":0},{"__type__":"cc.RigidBody","node":{"__id__":1},"enabledContactListener":true},{"__type__":"cc.PhysicsBoxCollider","node":{"__id__":1},"_size":{"__type__":"cc.Size","width":96,"height":96}},{"__type__":"a058dD7mZpHmIw83dheUpZy","node":{"__id__":1},"shapeType":2}],"_prefab":{"__type__":"cc.PrefabInfo","root":{"__id__":1},"asset":{"__uuid__":"30TeAXhnVBvYq/H5cyXiNy"},"fileId":"93CyKFy8BGWYxlEqk1xGXk"},"_contentSize":{"__type__":"cc.Size","width":96,"height":96},"_position":{"__type__":"cc.Vec3","x":-320,"y":-568},"_scaleX":1,"_scaleY":1,"_scale":{"__type__":"cc.Vec3","x":1,"y":1,"z":1}}]]