[{"__type__":"cc.SpriteFrame","content":{"name":"2","texture":"b7YUZxtVdHoZu30gteoQOU","rect":[0,0,96,96],"offset":[0,0],"originalSize":[96,96],"capInsets":[0,0,0,0]}},[{"__type__":"cc.Prefab","_name":"1-2","data":{"__id__":1}},{"__type__":"cc.Node","_name":"2","_components":[{"__type__":"cc.Sprite","node":{"__id__":1},"_spriteFrame":{"__uuid__":"4fF94VPFtKQ7CvlYO8x3SF"}},{"__type__":"cc.RigidBody","node":{"__id__":1},"enabledContactListener":true},{"__type__":"cc.PhysicsBoxCollider","node":{"__id__":1},"_restitution":0.1,"_size":{"__type__":"cc.Size","width":96,"height":96}},{"__type__":"a058dD7mZpHmIw83dheUpZy","node":{"__id__":1}}],"_prefab":{"__type__":"cc.PrefabInfo","root":{"__id__":1},"asset":{"__uuid__":"d5m6LrW1xD2oNn8Mr69mGt"},"fileId":"93CyKFy8BGWYxlEqk1xGXk"},"_contentSize":{"__type__":"cc.Size","width":96,"height":96},"_position":{"__type__":"cc.Vec3","x":-320,"y":-568},"_scaleX":1,"_scaleY":1,"_scale":{"__type__":"cc.Vec3","x":1,"y":1,"z":1}}]]