[[{"__type__":"cc.Prefab","_name":"laodongjie_9","data":{"__id__":1}},{"__type__":"cc.Node","_name":"laodingjie_9","_level":1,"_components":[{"__type__":"cc.Sprite","node":{"__id__":1},"_spriteFrame":{"__uuid__":"99HeDkCv5OpImKirPGPAfv"},"_sizeMode":0},{"__type__":"cc.RigidBody","node":{"__id__":1},"enabledContactListener":true},{"__type__":"cc.PhysicsBoxCollider","node":{"__id__":1},"_size":{"__type__":"cc.Size","width":99,"height":128}},{"__type__":"a058dD7mZpHmIw83dheUpZy","node":{"__id__":1},"shapeType":2}],"_prefab":{"__type__":"cc.PrefabInfo","root":{"__id__":1},"asset":{"__uuid__":"90Txy9PK9IFqh/bM9G7vi+"},"fileId":"93CyKFy8BGWYxlEqk1xGXk"},"_contentSize":{"__type__":"cc.Size","width":99,"height":128},"_position":{"__type__":"cc.Vec3","x":-320,"y":-566.3},"_scale":{"__type__":"cc.Vec3","x":1,"y":1,"z":1}}],{"__type__":"cc.SpriteFrame","content":{"name":"laodongjie_9","texture":"21uwJPM9tMnK7hX+vhXE7b","rect":[0,0,99,128],"offset":[0,0],"originalSize":[99,128],"capInsets":[0,0,0,0]}}]