[{"__type__":"cc.SpriteFrame","content":{"name":"normal_3","texture":"52VBRbdkND/pLbyeL/mjxM","rect":[0,0,158,160],"offset":[0,0],"originalSize":[158,160],"capInsets":[0,0,0,0]}},[{"__type__":"cc.Prefab","_name":"normal_3","data":{"__id__":1}},{"__type__":"cc.Node","_name":"normal_3","_components":[{"__type__":"cc.Sprite","node":{"__id__":1},"_spriteFrame":{"__uuid__":"99+yJX0jlF2pRQ2ZfBoUwq"},"_sizeMode":0},{"__type__":"cc.RigidBody","node":{"__id__":1},"enabledContactListener":true},{"__type__":"cc.PhysicsPolygonCollider","node":{"__id__":1},"points":[{"__type__":"cc.Vec2","x":-34,"y":80},{"__type__":"cc.Vec2","x":-54,"y":12},{"__type__":"cc.Vec2","x":-73,"y":12},{"__type__":"cc.Vec2","x":-79,"y":6},{"__type__":"cc.Vec2","x":-79,"y":-73},{"__type__":"cc.Vec2","x":-72,"y":-80},{"__type__":"cc.Vec2","x":72,"y":-80},{"__type__":"cc.Vec2","x":79,"y":-73},{"__type__":"cc.Vec2","x":79,"y":6},{"__type__":"cc.Vec2","x":73,"y":12},{"__type__":"cc.Vec2","x":57,"y":12},{"__type__":"cc.Vec2","x":76.1,"y":39},{"__type__":"cc.Vec2","x":25,"y":77},{"__type__":"cc.Vec2","x":16.5,"y":66}]},{"__type__":"a058dD7mZpHmIw83dheUpZy","node":{"__id__":1},"shapeType":2}],"_prefab":{"__type__":"cc.PrefabInfo","root":{"__id__":1},"asset":{"__uuid__":"e13XvnXNpHBafYFUQiX37I"},"fileId":"93CyKFy8BGWYxlEqk1xGXk"},"_contentSize":{"__type__":"cc.Size","width":158,"height":160},"_scaleX":1,"_scaleY":1,"_scale":{"__type__":"cc.Vec3","x":1,"y":1,"z":1}}]]