[[{"__type__":"cc.Prefab","_name":"chunyou_0","data":{"__id__":1}},{"__type__":"cc.Node","_name":"chunyou_0","_level":1,"_components":[{"__type__":"cc.Sprite","node":{"__id__":1},"_spriteFrame":{"__uuid__":"ceawlbHBxI7aJhOyE38Dif"},"_sizeMode":0},{"__type__":"cc.RigidBody","node":{"__id__":1},"enabledContactListener":true},{"__type__":"a058dD7mZpHmIw83dheUpZy","node":{"__id__":1},"shapeType":2},{"__type__":"cc.PhysicsPolygonCollider","node":{"__id__":1},"points":[{"__type__":"cc.Vec2","x":11,"y":33.5},{"__type__":"cc.Vec2","x":-6,"y":28.5},{"__type__":"cc.Vec2","x":-10,"y":22.5},{"__type__":"cc.Vec2","x":-64,"y":21.5},{"__type__":"cc.Vec2","x":-64.1,"y":13.1},{"__type__":"cc.Vec2","x":-7,"y":13.5},{"__type__":"cc.Vec2","x":-7.2,"y":-33.7},{"__type__":"cc.Vec2","x":60,"y":-33.5},{"__type__":"cc.Vec2","x":61,"y":13.5},{"__type__":"cc.Vec2","x":64,"y":15.5},{"__type__":"cc.Vec2","x":64,"y":24.5},{"__type__":"cc.Vec2","x":58,"y":29.5},{"__type__":"cc.Vec2","x":43,"y":33.5}]}],"_prefab":{"__type__":"cc.PrefabInfo","root":{"__id__":1},"asset":{"__uuid__":"27qQhpo5VJppdyrvbGpoe7"},"fileId":"93CyKFy8BGWYxlEqk1xGXk"},"_contentSize":{"__type__":"cc.Size","width":128,"height":67},"_position":{"__type__":"cc.Vec3","x":-320,"y":-568},"_scale":{"__type__":"cc.Vec3","x":1,"y":1,"z":1}}],{"__type__":"cc.SpriteFrame","content":{"name":"chunyou_0","texture":"d4S+EOVJ5Ms5a7hVgwodp8","rect":[0,0,128,67],"offset":[0,0],"originalSize":[128,67],"capInsets":[0,0,0,0]}}]