[{"__type__":"cc.SpriteFrame","content":{"name":"gift","texture":"092RORpdFPkbKTdj21M5pw","rect":[0,0,105,113],"offset":[0,0],"originalSize":[105,113],"capInsets":[0,0,0,0]}},[{"__type__":"cc.Prefab","_name":"hotAdsPanel","data":{"__id__":1}},{"__type__":"cc.Node","_name":"hotAdsPanel","_children":[{"__id__":2},{"__id__":3}],"_level":1,"_components":[{"__type__":"9013bQ5Ur9GeKJbY38ZxwPN","node":{"__id__":1},"adSprite":{"__id__":5}},{"__type__":"cc.Widget","node":{"__id__":1},"alignMode":0,"_alignFlags":32,"_right":1}],"_prefab":{"__type__":"cc.PrefabInfo","root":{"__id__":1},"asset":{"__uuid__":"56qSe0BjREur4OCvtlpCSz"},"fileId":"c4pdWENadHObyA4LsZmwoY"},"_contentSize":{"__type__":"cc.Size","width":129,"height":161},"_position":{"__type__":"cc.Vec3","x":684.5,"y":119.5},"_scale":{"__type__":"cc.Vec3","x":1,"y":1,"z":1}},{"__type__":"cc.Node","_name":"bg","_parent":{"__id__":1},"_components":[{"__type__":"cc.Sprite","node":{"__id__":2},"_spriteFrame":{"__uuid__":"59Ez0NzNpMhp+V07CZSRqf"}}],"_prefab":{"__type__":"cc.PrefabInfo","root":{"__id__":1},"asset":{"__uuid__":"56qSe0BjREur4OCvtlpCSz"},"fileId":"f6gKAWBDBOBrj5JJoPpVOm"},"_contentSize":{"__type__":"cc.Size","width":129,"height":161},"_scale":{"__type__":"cc.Vec3","x":1,"y":1,"z":1}},{"__type__":"cc.Node","_name":"imagemasker","_parent":{"__id__":1},"_children":[{"__id__":4}],"_components":[{"__type__":"cc.Mask","node":{"__id__":3},"_type":2,"_N$alphaThreshold":1}],"_prefab":{"__type__":"cc.PrefabInfo","root":{"__id__":1},"asset":{"__uuid__":"56qSe0BjREur4OCvtlpCSz"},"fileId":"41OiyANQpArYdAhkbMT+he"},"_contentSize":{"__type__":"cc.Size","width":113,"height":113},"_position":{"__type__":"cc.Vec3","y":16},"_scale":{"__type__":"cc.Vec3","x":1,"y":1,"z":1}},{"__type__":"cc.Node","_name":"image","_parent":{"__id__":3},"_components":[{"__id__":5},{"__type__":"cc.Widget","node":{"__id__":4},"alignMode":0,"_alignFlags":45,"_originalWidth":106,"_originalHeight":148}],"_prefab":{"__type__":"cc.PrefabInfo","root":{"__id__":1},"asset":{"__uuid__":"56qSe0BjREur4OCvtlpCSz"},"fileId":"5cLXjCRS1JZqNXQ9fXCThP"},"_contentSize":{"__type__":"cc.Size","width":113,"height":113},"_scale":{"__type__":"cc.Vec3","x":1,"y":1,"z":1}},{"__type__":"cc.Sprite","node":{"__id__":4},"_sizeMode":0}],{"__type__":"cc.SpriteFrame","content":{"name":"hotadsbg","texture":"bepAf/x2RM7Li9cGrM09/u","rect":[0,0,129,161],"offset":[0,0],"originalSize":[129,161],"capInsets":[0,0,0,0]}},{"__type__":"cc.SpriteFrame","content":{"name":"cloud","texture":"5407h9MKNJkZTU+j4liQ6N","rect":[0,0,212,71],"offset":[0,0],"originalSize":[212,71],"capInsets":[0,0,0,0]}},{"__type__":"cc.SpriteFrame","content":{"name":"waiting","texture":"e6TwdivLBO1baWf2PL2mRX","rect":[0,0,74,74],"offset":[0,0],"originalSize":[74,74],"capInsets":[0,0,0,0]}},[{"__type__":"cc.Prefab","_name":"waitingPanel","data":{"__id__":1}},{"__type__":"cc.Node","_name":"waitingPanel","_children":[{"__id__":2},{"__id__":3},{"__id__":5}],"_level":3,"_components":[{"__type__":"cc.Button","node":{"__id__":1}},{"__type__":"e8850KcPRpI4Zy4gl0P21Gj","node":{"__id__":1},"infoLabel":{"__id__":4},"timerLabel":{"__id__":6},"needConfirm":true}],"_prefab":{"__type__":"cc.PrefabInfo","root":{"__id__":1},"asset":{"__uuid__":"f6ilDAN1BFx6BHLSguiYwB"},"fileId":"cacf5II9lJXaAMTGNu3Stn"},"_contentSize":{"__type__":"cc.Size","width":120,"height":140},"_position":{"__type__":"cc.Vec3","y":-247},"_scale":{"__type__":"cc.Vec3","x":1,"y":1,"z":1}},{"__type__":"cc.Node","_name":"waiting","_parent":{"__id__":1},"_level":2,"_components":[{"__type__":"cc.Sprite","node":{"__id__":2},"_spriteFrame":{"__uuid__":"da4soDAwVOvZN0couG8vKb"}}],"_prefab":{"__type__":"cc.PrefabInfo","root":{"__id__":1},"asset":{"__uuid__":"f6ilDAN1BFx6BHLSguiYwB"},"fileId":"7cwy515flHQIE8n8Di+G8b"},"_contentSize":{"__type__":"cc.Size","width":74,"height":74},"_position":{"__type__":"cc.Vec3","y":28},"_scale":{"__type__":"cc.Vec3","x":1,"y":1,"z":1}},{"__type__":"cc.Node","_name":"info","_parent":{"__id__":1},"_level":2,"_components":[{"__id__":4}],"_prefab":{"__type__":"cc.PrefabInfo","root":{"__id__":1},"asset":{"__uuid__":"f6ilDAN1BFx6BHLSguiYwB"},"fileId":"e52TFEgPBBlb9aau4q9flg"},"_color":{"__type__":"cc.Color","r":248,"g":220,"b":74},"_contentSize":{"__type__":"cc.Size","width":60,"height":23},"_position":{"__type__":"cc.Vec3","y":-23},"_scale":{"__type__":"cc.Vec3","x":1,"y":1,"z":1}},{"__type__":"cc.Label","node":{"__id__":3},"_srcBlendFactor":1,"_useOriginalSize":false,"_string":"等待中","_N$string":"等待中","_fontSize":20,"_lineHeight":23,"_N$horizontalAlign":1,"_N$verticalAlign":1},{"__type__":"cc.Node","_name":"timer","_parent":{"__id__":1},"_level":4,"_components":[{"__id__":6},{"__type__":"cc.LabelOutline","node":{"__id__":5},"_color":{"__type__":"cc.Color"}}],"_prefab":{"__type__":"cc.PrefabInfo","root":{"__id__":1},"asset":{"__uuid__":"f6ilDAN1BFx6BHLSguiYwB"},"fileId":"e7oNydxbpARZ1SJ9gM0e9O"},"_opacity":125,"_contentSize":{"__type__":"cc.Size","width":60,"height":50},"_position":{"__type__":"cc.Vec3","y":28},"_scale":{"__type__":"cc.Vec3","x":1,"y":1,"z":1}},{"__type__":"cc.Label","node":{"__id__":5},"_srcBlendFactor":1,"_useOriginalSize":false,"_string":"60","_N$string":"60","_lineHeight":50,"_N$horizontalAlign":1,"_N$verticalAlign":1,"_N$overflow":2}]]