[[{"__type__":"cc.Prefab","_name":"valentine_10","data":{"__id__":1}},{"__type__":"cc.Node","_name":"valentine_10","_components":[{"__type__":"cc.Sprite","node":{"__id__":1},"_spriteFrame":{"__uuid__":"adXsllvBNEPKK47zLT4rz+"},"_sizeMode":0},{"__type__":"cc.RigidBody","node":{"__id__":1},"enabledContactListener":true},{"__type__":"cc.PhysicsBoxCollider","node":{"__id__":1},"_size":{"__type__":"cc.Size","width":128,"height":58}},{"__type__":"a058dD7mZpHmIw83dheUpZy","node":{"__id__":1},"shapeType":2}],"_prefab":{"__type__":"cc.PrefabInfo","root":{"__id__":1},"asset":{"__uuid__":"197ggMwP5N4pMjNCBEu26K"},"fileId":"93CyKFy8BGWYxlEqk1xGXk"},"_contentSize":{"__type__":"cc.Size","width":128,"height":58},"_scaleX":1,"_scaleY":1,"_scale":{"__type__":"cc.Vec3","x":1,"y":1,"z":1}}],{"__type__":"cc.SpriteFrame","content":{"name":"valentine_10","texture":"11RhMoGUFGEqt3Ik4uOncx","rect":[0,0,128,58],"offset":[0,0],"originalSize":[128,58],"capInsets":[0,0,0,0]}}]