[{"__type__":"cc.SpriteFrame","content":{"name":"laodongjie_2","texture":"a8tVxuhIFKTYwraYJDHuBs","rect":[0,0,128,98],"offset":[0,0],"originalSize":[128,98],"capInsets":[0,0,0,0]}},[{"__type__":"cc.Prefab","_name":"laodongjie_2","data":{"__id__":1}},{"__type__":"cc.Node","_name":"laodingjie_2","_level":1,"_components":[{"__type__":"cc.Sprite","node":{"__id__":1},"_spriteFrame":{"__uuid__":"26kKlat4NE/L47b1ynlnru"},"_sizeMode":0},{"__type__":"cc.RigidBody","node":{"__id__":1},"enabledContactListener":true},{"__type__":"cc.PhysicsPolygonCollider","node":{"__id__":1},"points":[{"__type__":"cc.Vec2","x":-11,"y":49},{"__type__":"cc.Vec2","x":-11,"y":42},{"__type__":"cc.Vec2","x":-33,"y":34},{"__type__":"cc.Vec2","x":-51,"y":16},{"__type__":"cc.Vec2","x":-60,"y":-7},{"__type__":"cc.Vec2","x":-64,"y":-42},{"__type__":"cc.Vec2","x":64,"y":-42},{"__type__":"cc.Vec2","x":58,"y":1},{"__type__":"cc.Vec2","x":48,"y":20},{"__type__":"cc.Vec2","x":33,"y":34},{"__type__":"cc.Vec2","x":11,"y":42},{"__type__":"cc.Vec2","x":11,"y":48.8}]},{"__type__":"a058dD7mZpHmIw83dheUpZy","node":{"__id__":1},"shapeType":2}],"_prefab":{"__type__":"cc.PrefabInfo","root":{"__id__":1},"asset":{"__uuid__":"77qrVauLxHkJl/cd1KaDKx"},"fileId":"93CyKFy8BGWYxlEqk1xGXk"},"_contentSize":{"__type__":"cc.Size","width":128,"height":98},"_position":{"__type__":"cc.Vec3","x":-320,"y":-566.3},"_scale":{"__type__":"cc.Vec3","x":1,"y":1,"z":1}}]]