[[{"__type__":"cc.Prefab","_name":"valentine_8","data":{"__id__":1}},{"__type__":"cc.Node","_name":"valentine_8","_components":[{"__type__":"cc.Sprite","node":{"__id__":1},"_spriteFrame":{"__uuid__":"f3IKl/D9RCDo6f5J1I7eeN"},"_sizeMode":0},{"__type__":"cc.RigidBody","node":{"__id__":1},"enabledContactListener":true},{"__type__":"cc.PhysicsPolygonCollider","node":{"__id__":1},"points":[{"__type__":"cc.Vec2","x":-51.5,"y":61},{"__type__":"cc.Vec2","x":-39.5,"y":45},{"__type__":"cc.Vec2","x":-32.5,"y":43},{"__type__":"cc.Vec2","x":-32.5,"y":-34},{"__type__":"cc.Vec2","x":-42.5,"y":-40},{"__type__":"cc.Vec2","x":-50.5,"y":-54},{"__type__":"cc.Vec2","x":-53.5,"y":-64},{"__type__":"cc.Vec2","x":42.5,"y":-64},{"__type__":"cc.Vec2","x":39.5,"y":-54},{"__type__":"cc.Vec2","x":18.5,"y":-54},{"__type__":"cc.Vec2","x":10.5,"y":-50},{"__type__":"cc.Vec2","x":5.5,"y":-41},{"__type__":"cc.Vec2","x":5.5,"y":-29},{"__type__":"cc.Vec2","x":22.5,"y":-26},{"__type__":"cc.Vec2","x":34.5,"y":-21},{"__type__":"cc.Vec2","x":48.5,"y":-9},{"__type__":"cc.Vec2","x":53.5,"y":2},{"__type__":"cc.Vec2","x":53.5,"y":19},{"__type__":"cc.Vec2","x":46.5,"y":36},{"__type__":"cc.Vec2","x":32.5,"y":52},{"__type__":"cc.Vec2","x":22.5,"y":59},{"__type__":"cc.Vec2","x":13.5,"y":62},{"__type__":"cc.Vec2","x":1.5,"y":62},{"__type__":"cc.Vec2","x":-14.5,"y":57},{"__type__":"cc.Vec2","x":-32.5,"y":57},{"__type__":"cc.Vec2","x":-39.5,"y":59},{"__type__":"cc.Vec2","x":-47.5,"y":64.6}]},{"__type__":"a058dD7mZpHmIw83dheUpZy","node":{"__id__":1},"shapeType":2}],"_prefab":{"__type__":"cc.PrefabInfo","root":{"__id__":1},"asset":{"__uuid__":"93aM7i6SZMtbXXgp//lzcM"},"fileId":"93CyKFy8BGWYxlEqk1xGXk"},"_contentSize":{"__type__":"cc.Size","width":107,"height":128},"_scaleX":1,"_scaleY":1,"_scale":{"__type__":"cc.Vec3","x":1,"y":1,"z":1}}],{"__type__":"cc.SpriteFrame","content":{"name":"valentine_8","texture":"7c0y0Q91VEgovP7srTr76Q","rect":[0,0,107,128],"offset":[0,0],"originalSize":[107,128],"capInsets":[0,0,0,0]}}]