[[{"__type__":"cc.Prefab","_name":"2-1","data":{"__id__":1}},{"__type__":"cc.Node","_name":"2-1","_components":[{"__type__":"cc.Sprite","node":{"__id__":1},"_spriteFrame":{"__uuid__":"94X4Y9uuNBvJREdv59qboY"}},{"__type__":"cc.RigidBody","node":{"__id__":1},"enabledContactListener":true},{"__type__":"cc.PhysicsPolygonCollider","node":{"__id__":1},"points":[{"__type__":"cc.Vec2","x":-16,"y":32},{"__type__":"cc.Vec2","x":-16},{"__type__":"cc.Vec2","x":-48},{"__type__":"cc.Vec2","x":-48,"y":-32},{"__type__":"cc.Vec2","x":16,"y":-32},{"__type__":"cc.Vec2","x":16},{"__type__":"cc.Vec2","x":48},{"__type__":"cc.Vec2","x":48,"y":32}]},{"__type__":"a058dD7mZpHmIw83dheUpZy","node":{"__id__":1}}],"_prefab":{"__type__":"cc.PrefabInfo","root":{"__id__":1},"asset":{"__uuid__":"1b4WwxmYhOrrAuuKsgKTFP"},"fileId":"4fvBASBlxKLrmXLweim4ZU"},"_contentSize":{"__type__":"cc.Size","width":96,"height":64},"_scaleX":1,"_scaleY":1,"_scale":{"__type__":"cc.Vec3","x":1,"y":1,"z":1}}],{"__type__":"cc.SpriteFrame","content":{"name":"2-1","texture":"a68gOiyptElbVBFhTWDELI","rect":[0,0,96,64],"offset":[0,0],"originalSize":[96,64],"capInsets":[0,0,0,0]}}]