[{"__type__":"cc.SpriteFrame","content":{"name":"02","texture":"91VO5Glm1PnIC+TapILJyA","rect":[0,0,310,110],"offset":[0,0],"originalSize":[310,110],"capInsets":[0,0,0,0]}},{"__type__":"cc.SpriteFrame","content":{"name":"08","texture":"90ZXrfGhlEwqvhgS03aCN2","rect":[0,0,310,110],"offset":[0,0],"originalSize":[310,110],"capInsets":[0,0,0,0]}},{"__type__":"cc.SpriteFrame","content":{"name":"01","texture":"69jcHg97JP2KfZRpHHy27A","rect":[0,0,310,110],"offset":[0,0],"originalSize":[310,110],"capInsets":[0,0,0,0]}},{"__type__":"cc.SpriteFrame","content":{"name":"06","texture":"f6LoQikulPRba00hQyimCj","rect":[0,0,310,110],"offset":[0,0],"originalSize":[310,110],"capInsets":[0,0,0,0]}},{"__type__":"cc.SpriteFrame","content":{"name":"07","texture":"aawOXyIuhGbrpUWhFi0NDj","rect":[0,0,310,110],"offset":[0,0],"originalSize":[310,110],"capInsets":[0,0,0,0]}},{"__type__":"cc.SpriteFrame","content":{"name":"03","texture":"f1lBgy3HVEhrMR+KynyHoF","rect":[0,0,310,110],"offset":[0,0],"originalSize":[310,110],"capInsets":[0,0,0,0]}},{"__type__":"cc.SpriteFrame","content":{"name":"04","texture":"41Sxt9ZXNB15FIgglxLaJy","rect":[0,0,310,110],"offset":[0,0],"originalSize":[310,110],"capInsets":[0,0,0,0]}},{"__type__":"cc.SpriteFrame","content":{"name":"09","texture":"0cwBGJrdNKyILe++mHbhs9","rect":[0,0,310,110],"offset":[0,0],"originalSize":[310,110],"capInsets":[0,0,0,0]}},{"__type__":"cc.SpriteFrame","content":{"name":"00","texture":"cctk7Km9JNHb4WTUoKh12u","rect":[0,0,310,110],"offset":[0,0],"originalSize":[310,110],"capInsets":[0,0,0,0]}},{"__type__":"cc.SpriteFrame","content":{"name":"05","texture":"f8W9LEMdVGMbRHjG4wwYir","rect":[0,0,310,110],"offset":[0,0],"originalSize":[310,110],"capInsets":[0,0,0,0]}},{"__type__":"cc.AnimationClip","_name":"button310x110","_duration":0.8333333333333334,"sample":12,"speed":0.5,"wrapMode":"2","curveData":{"comps":{"cc.Sprite":{"spriteFrame":[{"frame":0,"value":{"__uuid__":"bemFvun+BK2ornq7Rdf4OL"}},{"frame":0.08333333333333333,"value":{"__uuid__":"07C2ADMbhHvbgV67zOA3sb"}},{"frame":0.16666666666666666,"value":{"__uuid__":"03fAlCcB9FkpjPykEdJgzJ"}},{"frame":0.25,"value":{"__uuid__":"52IeWvGmBARJ9GYbgqhPbK"}},{"frame":0.3333333333333333,"value":{"__uuid__":"6aj+u3kqxPBJsm57XKvPWB"}},{"frame":0.4166666666666667,"value":{"__uuid__":"f1FR8T7YlHtIvMohmZD5pn"}},{"frame":0.5,"value":{"__uuid__":"2fqFDMPhNJr5yRaRw1I5VK"}},{"frame":0.5833333333333334,"value":{"__uuid__":"4eV3a5+CxC3I0EunrAnv1V"}},{"frame":0.6666666666666666,"value":{"__uuid__":"06wmn5QeRI3b1M+gsCCDE+"}},{"frame":0.75,"value":{"__uuid__":"a1oGvpM7dCerMoAn7+3XIn"}}]}}}}]