[[{"__type__":"cc.Prefab","_name":"giftbox","data":{"__id__":1}},{"__type__":"cc.Node","_name":"2","_components":[{"__type__":"cc.Sprite","node":{"__id__":1},"_spriteFrame":{"__uuid__":"e99b4FCRJCzbbzWDi4NpQ8"},"_sizeMode":0},{"__type__":"cc.RigidBody","node":{"__id__":1},"enabledContactListener":true},{"__type__":"cc.PhysicsBoxCollider","node":{"__id__":1},"_restitution":0.1,"_size":{"__type__":"cc.Size","width":96,"height":96}},{"__type__":"a058dD7mZpHmIw83dheUpZy","node":{"__id__":1},"shapeType":1}],"_prefab":{"__type__":"cc.PrefabInfo","root":{"__id__":1},"asset":{"__uuid__":"36/NGruNlIYYMhNkozuysf"},"fileId":"93CyKFy8BGWYxlEqk1xGXk"},"_contentSize":{"__type__":"cc.Size","width":96,"height":96},"_position":{"__type__":"cc.Vec3","x":-320,"y":-568},"_scaleX":1,"_scaleY":1,"_scale":{"__type__":"cc.Vec3","x":1,"y":1,"z":1}}],{"__type__":"cc.SpriteFrame","content":{"name":"giftBox","texture":"d8X767wUxLaoCRytAlnPOv","rect":[0,0,96,94],"offset":[0,0],"originalSize":[96,94],"capInsets":[0,0,0,0]}}]