[[{"__type__":"cc.Prefab","_name":"laodongjie_10","data":{"__id__":1}},{"__type__":"cc.Node","_name":"laodingjie_10","_level":1,"_components":[{"__type__":"cc.Sprite","node":{"__id__":1},"_spriteFrame":{"__uuid__":"c05AoGB+dKsbE/GFM4HEVR"},"_sizeMode":0},{"__type__":"cc.RigidBody","node":{"__id__":1},"enabledContactListener":true},{"__type__":"cc.PhysicsPolygonCollider","node":{"__id__":1},"points":[{"__type__":"cc.Vec2","x":-59,"y":39},{"__type__":"cc.Vec2","x":-64,"y":30},{"__type__":"cc.Vec2","x":-42,"y":15},{"__type__":"cc.Vec2","x":-49,"y":5},{"__type__":"cc.Vec2","x":-48,"y":-8},{"__type__":"cc.Vec2","x":-35.8,"y":-23.8},{"__type__":"cc.Vec2","x":-20,"y":-31},{"__type__":"cc.Vec2","x":-20,"y":-39},{"__type__":"cc.Vec2","x":35,"y":-39},{"__type__":"cc.Vec2","x":35,"y":-31},{"__type__":"cc.Vec2","x":51,"y":-23},{"__type__":"cc.Vec2","x":64,"y":-6},{"__type__":"cc.Vec2","x":63.4,"y":16},{"__type__":"cc.Vec2","x":-28,"y":16}]},{"__type__":"a058dD7mZpHmIw83dheUpZy","node":{"__id__":1},"shapeType":2}],"_prefab":{"__type__":"cc.PrefabInfo","root":{"__id__":1},"asset":{"__uuid__":"61jeHXwUxMM6V3ytV1pgKk"},"fileId":"93CyKFy8BGWYxlEqk1xGXk"},"_contentSize":{"__type__":"cc.Size","width":128,"height":78},"_position":{"__type__":"cc.Vec3","x":-320,"y":-566.3},"_scale":{"__type__":"cc.Vec3","x":1,"y":1,"z":1}}],{"__type__":"cc.SpriteFrame","content":{"name":"laodongjie_10","texture":"2aIk4KZ6lNkYjvCWb0hfeS","rect":[0,0,128,78],"offset":[0,0],"originalSize":[128,78],"capInsets":[0,0,0,0]}}]