[[{"__type__":"cc.Prefab","_name":"laodongjie_5","data":{"__id__":1}},{"__type__":"cc.Node","_name":"laodingjie_5","_level":1,"_components":[{"__type__":"cc.Sprite","node":{"__id__":1},"_spriteFrame":{"__uuid__":"d0wxEMSuxPrrk+vH7UBgpO"},"_sizeMode":0},{"__type__":"cc.RigidBody","node":{"__id__":1},"enabledContactListener":true},{"__type__":"cc.PhysicsPolygonCollider","node":{"__id__":1},"points":[{"__type__":"cc.Vec2","x":-39,"y":48.5},{"__type__":"cc.Vec2","x":-63,"y":28.5},{"__type__":"cc.Vec2","x":-50,"y":11.5},{"__type__":"cc.Vec2","x":-42,"y":14.5},{"__type__":"cc.Vec2","x":-42,"y":-48.5},{"__type__":"cc.Vec2","x":42,"y":-48.5},{"__type__":"cc.Vec2","x":42,"y":14.5},{"__type__":"cc.Vec2","x":51,"y":10.5},{"__type__":"cc.Vec2","x":62,"y":25.5},{"__type__":"cc.Vec2","x":37,"y":48.5}]},{"__type__":"a058dD7mZpHmIw83dheUpZy","node":{"__id__":1},"shapeType":2}],"_prefab":{"__type__":"cc.PrefabInfo","root":{"__id__":1},"asset":{"__uuid__":"77Lz7kZTpM46zMxIS5QAu2"},"fileId":"93CyKFy8BGWYxlEqk1xGXk"},"_contentSize":{"__type__":"cc.Size","width":128,"height":97},"_scale":{"__type__":"cc.Vec3","x":1,"y":1,"z":1}}],{"__type__":"cc.SpriteFrame","content":{"name":"laodongjie_5","texture":"76OP0eO+NMFYw+yNrMPvbo","rect":[0,0,128,97],"offset":[0,0],"originalSize":[128,97],"capInsets":[0,0,0,0]}}]