[{"__type__":"cc.SpriteFrame","content":{"name":"valentine_1","texture":"2cuqAHGzBDF57TRIS6P1Dy","rect":[0,0,128,69],"offset":[0,0],"originalSize":[128,69],"capInsets":[0,0,0,0]}},[{"__type__":"cc.Prefab","_name":"valentine_1","data":{"__id__":1}},{"__type__":"cc.Node","_name":"valentine_1","_components":[{"__type__":"cc.Sprite","node":{"__id__":1},"_spriteFrame":{"__uuid__":"3107tE3OtGcbO8Q5YXXWzf"},"_sizeMode":0},{"__type__":"cc.RigidBody","node":{"__id__":1},"enabledContactListener":true},{"__type__":"cc.PhysicsPolygonCollider","node":{"__id__":1},"points":[{"__type__":"cc.Vec2","x":-28,"y":34.5},{"__type__":"cc.Vec2","x":-34.3,"y":29.9},{"__type__":"cc.Vec2","x":-41,"y":19.5},{"__type__":"cc.Vec2","x":-53,"y":15.5},{"__type__":"cc.Vec2","x":-63,"y":15.5},{"__type__":"cc.Vec2","x":-64,"y":10.5},{"__type__":"cc.Vec2","x":-48.5,"y":-1.8},{"__type__":"cc.Vec2","x":-32.5,"y":0.6},{"__type__":"cc.Vec2","x":-26.4,"y":-2.1},{"__type__":"cc.Vec2","x":-27,"y":-8.5},{"__type__":"cc.Vec2","x":-23,"y":-11.5},{"__type__":"cc.Vec2","x":-21,"y":-33.5},{"__type__":"cc.Vec2","x":-18,"y":-33.5},{"__type__":"cc.Vec2","x":-13,"y":-24.5},{"__type__":"cc.Vec2","x":-6,"y":-21.5},{"__type__":"cc.Vec2","x":17,"y":-21.5},{"__type__":"cc.Vec2","x":40,"y":-25.5},{"__type__":"cc.Vec2","x":47,"y":-27.5},{"__type__":"cc.Vec2","x":51,"y":-34.5},{"__type__":"cc.Vec2","x":54.1,"y":-34.3},{"__type__":"cc.Vec2","x":56.7,"y":-26.4},{"__type__":"cc.Vec2","x":64,"y":-25.5},{"__type__":"cc.Vec2","x":64,"y":-18.5},{"__type__":"cc.Vec2","x":62,"y":-13.5},{"__type__":"cc.Vec2","x":52,"y":-3.5},{"__type__":"cc.Vec2","x":41,"y":-0.5},{"__type__":"cc.Vec2","x":7,"y":1.5},{"__type__":"cc.Vec2","x":-1,"y":3.5},{"__type__":"cc.Vec2","x":-4.9,"y":9.4},{"__type__":"cc.Vec2","x":-9,"y":7.5},{"__type__":"cc.Vec2","x":-15,"y":30.5},{"__type__":"cc.Vec2","x":-20,"y":34.5}]},{"__type__":"a058dD7mZpHmIw83dheUpZy","node":{"__id__":1},"shapeType":2}],"_prefab":{"__type__":"cc.PrefabInfo","root":{"__id__":1},"asset":{"__uuid__":"9dK90Sz5hE4IcQ8e344LFq"},"fileId":"93CyKFy8BGWYxlEqk1xGXk"},"_contentSize":{"__type__":"cc.Size","width":128,"height":69},"_scaleX":1,"_scaleY":1,"_scale":{"__type__":"cc.Vec3","x":1,"y":1,"z":1}}]]