[{"__type__":"cc.SpriteFrame","content":{"name":"chunjie_2","texture":"67ijcCYA1BdI3Xw9D0oCKy","rect":[0,0,76,128],"offset":[0,0],"originalSize":[76,128],"capInsets":[0,0,0,0]}},[{"__type__":"cc.Prefab","_name":"chunjie_2","data":{"__id__":1}},{"__type__":"cc.Node","_name":"chunjie_2","_components":[{"__type__":"cc.Sprite","node":{"__id__":1},"_spriteFrame":{"__uuid__":"1547blO8hAN7epyXvurUCT"},"_sizeMode":0},{"__type__":"cc.RigidBody","node":{"__id__":1},"enabledContactListener":true},{"__type__":"cc.PhysicsBoxCollider","node":{"__id__":1},"_size":{"__type__":"cc.Size","width":76,"height":128}},{"__type__":"a058dD7mZpHmIw83dheUpZy","node":{"__id__":1},"shapeType":2}],"_prefab":{"__type__":"cc.PrefabInfo","root":{"__id__":1},"asset":{"__uuid__":"5f1eBxQcJHyr/202najD/U"},"fileId":"93CyKFy8BGWYxlEqk1xGXk"},"_contentSize":{"__type__":"cc.Size","width":76,"height":128},"_position":{"__type__":"cc.Vec3","x":-320,"y":-568},"_scaleX":1,"_scaleY":1,"_scale":{"__type__":"cc.Vec3","x":1,"y":1,"z":1}}]]