[{"__type__":"cc.SpriteFrame","content":{"name":"normal_9","texture":"fdmbH3KQhMyL7DotsaadAI","rect":[0,0,138,161],"offset":[0,0],"originalSize":[138,161],"capInsets":[0,0,0,0]}},[{"__type__":"cc.Prefab","_name":"normal_9","data":{"__id__":1}},{"__type__":"cc.Node","_name":"normal_9","_components":[{"__type__":"cc.Sprite","node":{"__id__":1},"_spriteFrame":{"__uuid__":"58Pl7BXfVEMZGCgnvmvU1S"},"_sizeMode":0},{"__type__":"cc.RigidBody","node":{"__id__":1},"enabledContactListener":true},{"__type__":"cc.PhysicsPolygonCollider","node":{"__id__":1},"points":[{"__type__":"cc.Vec2","x":-51,"y":80.5},{"__type__":"cc.Vec2","x":-56,"y":66.5},{"__type__":"cc.Vec2","x":-64,"y":64.5},{"__type__":"cc.Vec2","x":-68,"y":59.5},{"__type__":"cc.Vec2","x":-68.3,"y":41.8},{"__type__":"cc.Vec2","x":-49,"y":18.5},{"__type__":"cc.Vec2","x":-48,"y":8.5},{"__type__":"cc.Vec2","x":-43.6,"y":4.8},{"__type__":"cc.Vec2","x":-20,"y":6.5},{"__type__":"cc.Vec2","x":-5,"y":1.5},{"__type__":"cc.Vec2","x":-12,"y":-18},{"__type__":"cc.Vec2","x":-23,"y":-31.5},{"__type__":"cc.Vec2","x":-34,"y":-31.5},{"__type__":"cc.Vec2","x":-34,"y":-69.5},{"__type__":"cc.Vec2","x":-39,"y":-71.5},{"__type__":"cc.Vec2","x":-39,"y":-80.5},{"__type__":"cc.Vec2","x":38,"y":-80.5},{"__type__":"cc.Vec2","x":38,"y":-71.5},{"__type__":"cc.Vec2","x":33,"y":-69.5},{"__type__":"cc.Vec2","x":33,"y":-31.5},{"__type__":"cc.Vec2","x":23,"y":-31.5},{"__type__":"cc.Vec2","x":11,"y":-20.5},{"__type__":"cc.Vec2","x":5,"y":1.5},{"__type__":"cc.Vec2","x":9,"y":1.5},{"__type__":"cc.Vec2","x":37,"y":4.5},{"__type__":"cc.Vec2","x":45,"y":5.5},{"__type__":"cc.Vec2","x":49,"y":17.5},{"__type__":"cc.Vec2","x":67.9,"y":43},{"__type__":"cc.Vec2","x":68,"y":59.5},{"__type__":"cc.Vec2","x":64,"y":64.5},{"__type__":"cc.Vec2","x":56,"y":66.5},{"__type__":"cc.Vec2","x":50,"y":80.5}]},{"__type__":"a058dD7mZpHmIw83dheUpZy","node":{"__id__":1},"shapeType":2}],"_prefab":{"__type__":"cc.PrefabInfo","root":{"__id__":1},"asset":{"__uuid__":"d15GaMUBtPfoQFm8nSDfGA"},"fileId":"93CyKFy8BGWYxlEqk1xGXk"},"_contentSize":{"__type__":"cc.Size","width":138,"height":161},"_position":{"__type__":"cc.Vec3","x":-320,"y":-568},"_scaleX":1,"_scaleY":1,"_scale":{"__type__":"cc.Vec3","x":1,"y":1,"z":1}}]]