[{"__type__":"cc.SpriteFrame","content":{"name":"rainbowItem","texture":"59QqEWatZPyI1AeWFkM8Ip","rect":[1,1,184,184],"offset":[0,0],"originalSize":[186,186],"capInsets":[0,0,0,0]}},[{"__type__":"cc.Prefab","_name":"newItemPanel","data":{"__id__":1}},{"__type__":"cc.Node","_name":"newItemPanel","_children":[{"__id__":2},{"__id__":3},{"__id__":4},{"__id__":5},{"__id__":9},{"__id__":11},{"__id__":13}],"_level":1,"_components":[{"__type__":"2c5afgcIbBFF5GRsURPtD+f","node":{"__id__":1},"claimBtn":{"__id__":11},"closeBtn":{"__id__":13},"descLabel":{"__id__":10},"lightNode":{"__id__":6},"iconSprite":{"__id__":8},"rainbowSF":{"__uuid__":"25LS/p4NdLd5SKVFvZbH+n"},"deleteSF":{"__uuid__":"7bvHMHpE9HxKfpoB4jjj4Q"},"rotateSF":{"__uuid__":"d80eRYXlhN9pBM4nr8UcCU"},"lifeSF":{"__uuid__":"baAfc3YqZFI7490+Jwm/bt"},"doubleStarSF":{"__uuid__":"cf6hddxgNGhL/0UWcaO3wj"}}],"_prefab":{"__type__":"cc.PrefabInfo","root":{"__id__":1},"asset":{"__uuid__":"50wM+ZGYVJbKEIBn5bsXDq"},"fileId":"c9Bhaq7/5NMrwAyABi8/0J"},"_contentSize":{"__type__":"cc.Size","width":510,"height":600},"_scale":{"__type__":"cc.Vec3","x":1,"y":1,"z":1}},{"__type__":"cc.Node","_name":"bg","_parent":{"__id__":1},"_components":[{"__type__":"cc.Sprite","node":{"__id__":2},"_spriteFrame":{"__uuid__":"90gRbnddJGc7qR9iPrh9jh"},"_sizeMode":0}],"_prefab":{"__type__":"cc.PrefabInfo","root":{"__id__":1},"asset":{"__uuid__":"50wM+ZGYVJbKEIBn5bsXDq"},"fileId":"c198KrMBZPaboYpNojbNim"},"_contentSize":{"__type__":"cc.Size","width":510,"height":600},"_scale":{"__type__":"cc.Vec3","x":1,"y":1,"z":1}},{"__type__":"cc.Node","_name":"close","_parent":{"__id__":1},"_active":false,"_components":[{"__type__":"cc.Sprite","node":{"__id__":3},"_spriteFrame":{"__uuid__":"7f0Q4s/4FIi5/vjSE+q9Uz"}},{"__type__":"cc.Widget","node":{"__id__":3},"alignMode":0,"_alignFlags":33,"_right":-20,"_top":-20}],"_prefab":{"__type__":"cc.PrefabInfo","root":{"__id__":1},"asset":{"__uuid__":"50wM+ZGYVJbKEIBn5bsXDq"},"fileId":"4d/6aJ8j9NpZLWnVLbZysH"},"_contentSize":{"__type__":"cc.Size","width":45,"height":45},"_position":{"__type__":"cc.Vec3","x":252.5,"y":297.5},"_scale":{"__type__":"cc.Vec3","x":1,"y":1,"z":1}},{"__type__":"cc.Node","_name":"title","_parent":{"__id__":1},"_components":[{"__type__":"cc.Label","node":{"__id__":4},"_srcBlendFactor":1,"_useOriginalSize":false,"_string":"恭喜获得","_N$string":"恭喜获得","_lineHeight":46,"_N$horizontalAlign":1,"_N$verticalAlign":1,"_N$fontFamily":"苹方"}],"_prefab":{"__type__":"cc.PrefabInfo","root":{"__id__":1},"asset":{"__uuid__":"50wM+ZGYVJbKEIBn5bsXDq"},"fileId":"5dGmESEyhIYYmh9BT/X3i5"},"_color":{"__type__":"cc.Color","r":244,"g":226,"b":32},"_contentSize":{"__type__":"cc.Size","width":160,"height":46},"_position":{"__type__":"cc.Vec3","y":256},"_scale":{"__type__":"cc.Vec3","x":1,"y":1,"z":1}},{"__type__":"cc.Node","_name":"content","_parent":{"__id__":1},"_children":[{"__id__":6},{"__id__":7}],"_prefab":{"__type__":"cc.PrefabInfo","root":{"__id__":1},"asset":{"__uuid__":"50wM+ZGYVJbKEIBn5bsXDq"},"fileId":"76jVUNfaxNIIlMGVNynupp"},"_position":{"__type__":"cc.Vec3","y":60},"_scale":{"__type__":"cc.Vec3","x":1,"y":1,"z":1}},{"__type__":"cc.Node","_name":"light","_parent":{"__id__":5},"_components":[{"__type__":"cc.Sprite","node":{"__id__":6},"_spriteFrame":{"__uuid__":"67aXj+aD5K2pJFkd1vVjJh"}}],"_prefab":{"__type__":"cc.PrefabInfo","root":{"__id__":1},"asset":{"__uuid__":"50wM+ZGYVJbKEIBn5bsXDq"},"fileId":"d3hHJ3Cc1MkZJOlCMi7Dye"},"_contentSize":{"__type__":"cc.Size","width":351,"height":352},"_scale":{"__type__":"cc.Vec3","x":1,"y":1,"z":1}},{"__type__":"cc.Node","_name":"icon","_parent":{"__id__":5},"_level":1,"_components":[{"__id__":8}],"_prefab":{"__type__":"cc.PrefabInfo","root":{"__id__":1},"asset":{"__uuid__":"50wM+ZGYVJbKEIBn5bsXDq"},"fileId":"6ak4QWNdtP/Zob6lsvwN/d"},"_contentSize":{"__type__":"cc.Size","width":180,"height":180},"_scale":{"__type__":"cc.Vec3","x":1,"y":1,"z":1}},{"__type__":"cc.Sprite","node":{"__id__":7}},{"__type__":"cc.Node","_name":"desc","_parent":{"__id__":1},"_components":[{"__id__":10}],"_prefab":{"__type__":"cc.PrefabInfo","root":{"__id__":1},"asset":{"__uuid__":"50wM+ZGYVJbKEIBn5bsXDq"},"fileId":"cd/oLjugRDUbAmbBykRCx1"},"_contentSize":{"__type__":"cc.Size","width":31.92,"height":34},"_position":{"__type__":"cc.Vec3","y":-123},"_scale":{"__type__":"cc.Vec3","x":1,"y":1,"z":1}},{"__type__":"cc.Label","node":{"__id__":9},"_srcBlendFactor":1,"_useOriginalSize":false,"_string":"×2","_N$string":"×2","_fontSize":30,"_lineHeight":34,"_N$horizontalAlign":1,"_N$verticalAlign":1,"_N$fontFamily":"苹方"},{"__type__":"cc.Node","_name":"claim","_parent":{"__id__":1},"_children":[{"__id__":12}],"_components":[{"__type__":"cc.Sprite","node":{"__id__":11},"_spriteFrame":{"__uuid__":"cdXTXhvARGPpFPVuuUL/OJ"},"_sizeMode":0},{"__type__":"cc.Button","node":{"__id__":11},"zoomScale":0.9,"_N$transition":3,"transition":3,"_N$target":{"__id__":11}}],"_prefab":{"__type__":"cc.PrefabInfo","root":{"__id__":1},"asset":{"__uuid__":"50wM+ZGYVJbKEIBn5bsXDq"},"fileId":"800wHm4cdC9KKUCYLyg3g6"},"_contentSize":{"__type__":"cc.Size","width":302,"height":110},"_position":{"__type__":"cc.Vec3","y":-203},"_scale":{"__type__":"cc.Vec3","x":1,"y":1,"z":1}},{"__type__":"cc.Node","_name":"button310x110","_parent":{"__id__":11},"_level":1,"_components":[{"__type__":"cc.Sprite","node":{"__id__":12}},{"__type__":"cc.Animation","node":{"__id__":12},"_defaultClip":{"__uuid__":"f14mlcmJhImITvOq5VyA9i"},"_clips":[{"__uuid__":"f14mlcmJhImITvOq5VyA9i"}],"playOnLoad":true}],"_prefab":{"__type__":"cc.PrefabInfo","root":{"__id__":1},"asset":{"__uuid__":"50wM+ZGYVJbKEIBn5bsXDq"},"fileId":"18d6Y6a29JGZv5Oe4bOZ4u"},"_contentSize":{"__type__":"cc.Size","width":310,"height":110},"_scale":{"__type__":"cc.Vec3","x":1,"y":1,"z":1}},{"__type__":"cc.Node","_name":"暂不考虑","_parent":{"__id__":1},"_level":2,"_components":[{"__type__":"cc.Label","node":{"__id__":13},"_srcBlendFactor":1,"_useOriginalSize":false,"_string":"暂不考虑","_N$string":"暂不考虑","_fontSize":30,"_lineHeight":36,"_N$horizontalAlign":1,"_N$verticalAlign":1},{"__type__":"a63afjOB4RIM47OPW3iazWj","node":{"__id__":13},"distanceToAd":5}],"_prefab":{"__type__":"cc.PrefabInfo","root":{"__id__":1},"asset":{"__uuid__":"50wM+ZGYVJbKEIBn5bsXDq"},"fileId":"14R6viefNBp5jSt+6uTP0/"},"_color":{"__type__":"cc.Color","r":170,"g":170,"b":170},"_contentSize":{"__type__":"cc.Size","width":120,"height":36},"_position":{"__type__":"cc.Vec3","y":-404},"_scale":{"__type__":"cc.Vec3","x":1,"y":1,"z":1}}],{"__type__":"cc.SpriteFrame","content":{"name":"deleteItem","texture":"dd4379+NVLoKgJpZPVCW1g","rect":[1,1,184,184],"offset":[0,0],"originalSize":[186,186],"capInsets":[0,0,0,0]}},{"__type__":"cc.SpriteFrame","content":{"name":"lifeItem","texture":"adTQi9uKtB8aZedHPPM4I/","rect":[0,0,173,173],"offset":[0,0],"originalSize":[173,173],"capInsets":[0,0,0,0]}},{"__type__":"cc.SpriteFrame","content":{"name":"claim","texture":"60nL9NJlFEkLkPIWspHoun","rect":[0,0,296,105],"offset":[0,0],"originalSize":[296,105],"capInsets":[0,0,0,0]}},{"__type__":"cc.SpriteFrame","content":{"name":"doubleStarItem","texture":"2eGpSbaldP0YR2TxzgvDXD","rect":[0,0,173,173],"offset":[0,0],"originalSize":[173,173],"capInsets":[0,0,0,0]}},{"__type__":"cc.SpriteFrame","content":{"name":"rotateItem","texture":"00EUI5fj9BoLKEYVmoaEP3","rect":[0,0,186,186],"offset":[0,0],"originalSize":[186,186],"capInsets":[0,0,0,0]}}]