[[{"__type__":"cc.Prefab","_name":"3-3","data":{"__id__":1}},{"__type__":"cc.Node","_name":"3-3","_components":[{"__type__":"cc.Sprite","node":{"__id__":1},"_spriteFrame":{"__uuid__":"72NsQkQspO05BvpX/k/ctJ"}},{"__type__":"cc.RigidBody","node":{"__id__":1},"enabledContactListener":true},{"__type__":"cc.PhysicsPolygonCollider","node":{"__id__":1},"points":[{"__type__":"cc.Vec2","x":-16,"y":48},{"__type__":"cc.Vec2","x":-16,"y":16},{"__type__":"cc.Vec2","x":-48,"y":16},{"__type__":"cc.Vec2","x":-48,"y":-48},{"__type__":"cc.Vec2","x":-16,"y":-48},{"__type__":"cc.Vec2","x":-16,"y":-16},{"__type__":"cc.Vec2","x":16,"y":-16},{"__type__":"cc.Vec2","x":16,"y":16},{"__type__":"cc.Vec2","x":48,"y":16},{"__type__":"cc.Vec2","x":48,"y":48}]},{"__type__":"a058dD7mZpHmIw83dheUpZy","node":{"__id__":1}}],"_prefab":{"__type__":"cc.PrefabInfo","root":{"__id__":1},"asset":{"__uuid__":"1aMc5ZOjtKVLT7p89rhIL/"},"fileId":"12pCMKaixPg7tenAkY+mfp"},"_contentSize":{"__type__":"cc.Size","width":96,"height":96},"_scaleX":1,"_scaleY":1,"_scale":{"__type__":"cc.Vec3","x":1,"y":1,"z":1}}],{"__type__":"cc.SpriteFrame","content":{"name":"3-3","texture":"15gf/76YJCALIPHVIMNWfF","rect":[0,0,96,96],"offset":[0,0],"originalSize":[96,96],"capInsets":[0,0,0,0]}}]