[{"__type__":"cc.SpriteFrame","content":{"name":"laodongjie_1","texture":"7cZ1j1dbFCJ4RmFgGpOpAP","rect":[0,0,119,128],"offset":[0,0],"originalSize":[119,128],"capInsets":[0,0,0,0]}},[{"__type__":"cc.Prefab","_name":"laodongjie_1","data":{"__id__":1}},{"__type__":"cc.Node","_name":"laodingjie_1","_level":1,"_components":[{"__type__":"cc.Sprite","node":{"__id__":1},"_spriteFrame":{"__uuid__":"5az/uY9zNDRpFcVb/yZsmP"},"_sizeMode":0},{"__type__":"cc.RigidBody","node":{"__id__":1},"enabledContactListener":true},{"__type__":"cc.PhysicsPolygonCollider","node":{"__id__":1},"points":[{"__type__":"cc.Vec2","x":-8.5,"y":64},{"__type__":"cc.Vec2","x":-11.5,"y":57},{"__type__":"cc.Vec2","x":-59.5,"y":46},{"__type__":"cc.Vec2","x":-57.5,"y":41},{"__type__":"cc.Vec2","x":-8.5,"y":37},{"__type__":"cc.Vec2","x":-8.5,"y":-64},{"__type__":"cc.Vec2","x":8.5,"y":-64},{"__type__":"cc.Vec2","x":8.5,"y":37},{"__type__":"cc.Vec2","x":59.5,"y":42},{"__type__":"cc.Vec2","x":42.5,"y":52},{"__type__":"cc.Vec2","x":12.5,"y":56},{"__type__":"cc.Vec2","x":8.5,"y":64}]},{"__type__":"a058dD7mZpHmIw83dheUpZy","node":{"__id__":1},"shapeType":2}],"_prefab":{"__type__":"cc.PrefabInfo","root":{"__id__":1},"asset":{"__uuid__":"7b5vuowPlL4IP3T67j403Q"},"fileId":"93CyKFy8BGWYxlEqk1xGXk"},"_contentSize":{"__type__":"cc.Size","width":119,"height":128},"_position":{"__type__":"cc.Vec3","x":-320,"y":-566.3},"_scale":{"__type__":"cc.Vec3","x":1,"y":1,"z":1}}]]