[{"__type__":"cc.SpriteFrame","content":{"name":"laodongjie_7","texture":"1bW6Y9r6pLlZXROLHrvnOV","rect":[0,0,128,91],"offset":[0,0],"originalSize":[128,91],"capInsets":[0,0,0,0]}},[{"__type__":"cc.Prefab","_name":"laodongjie_7","data":{"__id__":1}},{"__type__":"cc.Node","_name":"laodingjie_7","_level":1,"_components":[{"__type__":"cc.Sprite","node":{"__id__":1},"_spriteFrame":{"__uuid__":"519TgnCvJIfZrTRet57xZF"},"_sizeMode":0},{"__type__":"cc.RigidBody","node":{"__id__":1},"enabledContactListener":true},{"__type__":"cc.PhysicsBoxCollider","node":{"__id__":1},"_size":{"__type__":"cc.Size","width":128,"height":91}},{"__type__":"a058dD7mZpHmIw83dheUpZy","node":{"__id__":1},"shapeType":2}],"_prefab":{"__type__":"cc.PrefabInfo","root":{"__id__":1},"asset":{"__uuid__":"64aDpdgr9JmI9W6amazcA5"},"fileId":"93CyKFy8BGWYxlEqk1xGXk"},"_contentSize":{"__type__":"cc.Size","width":128,"height":91},"_position":{"__type__":"cc.Vec3","x":-320,"y":-566.3},"_scale":{"__type__":"cc.Vec3","x":1,"y":1,"z":1}}]]