[{"__type__":"cc.SpriteFrame","content":{"name":"role0_stand_03","texture":"2eXvRQGd5LkZBFhJ02+M9t","rect":[948,1059,311,348],"offset":[0,0],"originalSize":[311,348],"capInsets":[0,0,0,0]}},{"__type__":"cc.SpriteFrame","content":{"name":"role0_run_1","texture":"2eXvRQGd5LkZBFhJ02+M9t","rect":[1264,1412,311,348],"offset":[0,0],"originalSize":[311,348],"capInsets":[0,0,0,0]}},{"__type__":"cc.SpriteFrame","content":{"name":"role0_dead_3","texture":"2eXvRQGd5LkZBFhJ02+M9t","rect":[0,353,311,348],"offset":[0,0],"originalSize":[311,348],"capInsets":[0,0,0,0]}},{"__type__":"cc.SpriteFrame","content":{"name":"role0_run_4","texture":"2eXvRQGd5LkZBFhJ02+M9t","rect":[1264,706,311,348],"offset":[0,0],"originalSize":[311,348],"capInsets":[0,0,0,0]}},{"__type__":"cc.SpriteFrame","content":{"name":"role0_ready_2","texture":"2eXvRQGd5LkZBFhJ02+M9t","rect":[632,0,311,348],"offset":[0,0],"originalSize":[311,348],"capInsets":[0,0,0,0]}},{"__type__":"cc.SpriteFrame","content":{"name":"role0_stand_04","texture":"2eXvRQGd5LkZBFhJ02+M9t","rect":[1264,1059,311,348],"offset":[0,0],"originalSize":[311,348],"capInsets":[0,0,0,0]}},{"__type__":"cc.SpriteFrame","content":{"name":"role0_dead_0","texture":"2eXvRQGd5LkZBFhJ02+M9t","rect":[632,706,311,348],"offset":[0,0],"originalSize":[311,348],"capInsets":[0,0,0,0]}},{"__type__":"cc.SpriteFrame","content":{"name":"role0_dead_5","texture":"2eXvRQGd5LkZBFhJ02+M9t","rect":[0,0,311,348],"offset":[0,0],"originalSize":[311,348],"capInsets":[0,0,0,0]}},{"__type__":"cc.SpriteFrame","content":{"name":"role0_attack_1","texture":"2eXvRQGd5LkZBFhJ02+M9t","rect":[316,706,311,348],"offset":[0,0],"originalSize":[311,348],"capInsets":[0,0,0,0]}},{"__type__":"cc.SpriteFrame","content":{"name":"role0_run_0","texture":"2eXvRQGd5LkZBFhJ02+M9t","rect":[316,1412,311,348],"offset":[0,0],"originalSize":[311,348],"capInsets":[0,0,0,0]}},{"__type__":"cc.SpriteFrame","content":{"name":"role0_ready_4","texture":"2eXvRQGd5LkZBFhJ02+M9t","rect":[316,1059,311,348],"offset":[0,0],"originalSize":[311,348],"capInsets":[0,0,0,0]}},{"__type__":"cc.SpriteFrame","content":{"name":"role0_stand_05","texture":"2eXvRQGd5LkZBFhJ02+M9t","rect":[1580,0,311,348],"offset":[0,0],"originalSize":[311,348],"capInsets":[0,0,0,0]}},{"__type__":"cc.SpriteFrame","content":{"name":"role0_ready_6","texture":"2eXvRQGd5LkZBFhJ02+M9t","rect":[948,1412,311,348],"offset":[0,0],"originalSize":[311,348],"capInsets":[0,0,0,0]}},{"__type__":"cc.SpriteFrame","content":{"name":"role0_run_3","texture":"2eXvRQGd5LkZBFhJ02+M9t","rect":[0,1412,311,348],"offset":[0,0],"originalSize":[311,348],"capInsets":[0,0,0,0]}},{"__type__":"cc.SpriteFrame","content":{"name":"role0_run_2","texture":"2eXvRQGd5LkZBFhJ02+M9t","rect":[1580,353,311,348],"offset":[0,0],"originalSize":[311,348],"capInsets":[0,0,0,0]}},{"__type__":"cc.SpriteFrame","content":{"name":"role0_attack_2","texture":"2eXvRQGd5LkZBFhJ02+M9t","rect":[948,0,311,348],"offset":[0,0],"originalSize":[311,348],"capInsets":[0,0,0,0]}},{"__type__":"cc.SpriteFrame","content":{"name":"role0_run_5","texture":"2eXvRQGd5LkZBFhJ02+M9t","rect":[948,706,311,348],"offset":[0,0],"originalSize":[311,348],"capInsets":[0,0,0,0]}},[{"__type__":"cc.Prefab","_name":"ArrowTail","data":{"__id__":1}},{"__type__":"cc.Node","_name":"ArrowTail","_children":[{"__id__":2}],"_level":1,"_components":[{"__type__":"80432BzpCpOVr1lHPW0LgYl","node":{"__id__":1}}],"_prefab":{"__type__":"cc.PrefabInfo","root":{"__id__":1},"asset":{"__uuid__":"69IEDrw7JPFakUQiW45bLs"},"fileId":"67O6z/dsBBXIGYgLqwFpjg"},"_scale":{"__type__":"cc.Vec3","x":1,"y":1,"z":1}},{"__type__":"cc.Node","_name":"tail","_parent":{"__id__":1},"_level":2,"_components":[{"__type__":"cc.Sprite","node":{"__id__":2},"_spriteFrame":{"__uuid__":"a2MjXRFdtLlYQ5ouAFv/+R"},"_sizeMode":0}],"_prefab":{"__type__":"cc.PrefabInfo","root":{"__id__":1},"asset":{"__uuid__":"69IEDrw7JPFakUQiW45bLs"},"fileId":"5bELiwmEtMa5kZOQ0Fe2Zz"},"_contentSize":{"__type__":"cc.Size","width":10,"height":20},"_position":{"__type__":"cc.Vec3","y":50},"_scale":{"__type__":"cc.Vec3","x":1,"y":1,"z":1}}],{"__type__":"cc.SpriteFrame","content":{"name":"role0_stand_01","texture":"2eXvRQGd5LkZBFhJ02+M9t","rect":[1264,353,311,348],"offset":[0,0],"originalSize":[311,348],"capInsets":[0,0,0,0]}},{"__type__":"cc.SpriteFrame","content":{"name":"role0_dead_4","texture":"2eXvRQGd5LkZBFhJ02+M9t","rect":[316,0,311,348],"offset":[0,0],"originalSize":[311,348],"capInsets":[0,0,0,0]}},{"__type__":"cc.SpriteFrame","content":{"name":"role0_attack_0","texture":"2eXvRQGd5LkZBFhJ02+M9t","rect":[1264,0,311,348],"offset":[0,0],"originalSize":[311,348],"capInsets":[0,0,0,0]}},{"__type__":"cc.SpriteFrame","content":{"name":"role0_stand_00","texture":"2eXvRQGd5LkZBFhJ02+M9t","rect":[632,706,311,348],"offset":[0,0],"originalSize":[311,348],"capInsets":[0,0,0,0]}},{"__type__":"cc.SpriteFrame","content":{"name":"role0_ready_0","texture":"2eXvRQGd5LkZBFhJ02+M9t","rect":[632,706,311,348],"offset":[0,0],"originalSize":[311,348],"capInsets":[0,0,0,0]}},{"__type__":"cc.SpriteFrame","content":{"name":"role0_stand_02","texture":"2eXvRQGd5LkZBFhJ02+M9t","rect":[632,1059,311,348],"offset":[0,0],"originalSize":[311,348],"capInsets":[0,0,0,0]}},{"__type__":"cc.SpriteFrame","content":{"name":"role0_attack_3","texture":"2eXvRQGd5LkZBFhJ02+M9t","rect":[632,353,311,348],"offset":[0,0],"originalSize":[311,348],"capInsets":[0,0,0,0]}},{"__type__":"cc.SpriteAtlas","_name":"role.plist","_spriteFrames":{"role0_attack_0":{"__uuid__":"8119GeJZRBTIJf8AISt1jO"},"role0_attack_1":{"__uuid__":"3f/LRx/U9FdrWSP5U+zSYG"},"role0_attack_2":{"__uuid__":"65W+PjA7lKDIUFcjvOureu"},"role0_attack_3":{"__uuid__":"9bLCEVssRN2JFC0urX4E9j"},"role0_dead_0":{"__uuid__":"2e5sUtgjBGUYkIjv1AAiBF"},"role0_dead_1":{"__uuid__":"b8S2y5j7lNwYeqv2YGDVVD"},"role0_dead_2":{"__uuid__":"d7vsmFmY5AIJpLkrWOfM99"},"role0_dead_3":{"__uuid__":"16XaAeUA5P5JovMHrPpYlZ"},"role0_dead_4":{"__uuid__":"76uwuFalJJkrH4iJdQoK9V"},"role0_dead_5":{"__uuid__":"37HnZcXUpNDpQy66IAKOYj"},"role0_ready_0":{"__uuid__":"93x0xhRVJGdpLok0CnNaND"},"role0_ready_1":{"__uuid__":"c0q7wXm8JOP7RsNL3BBovY"},"role0_ready_2":{"__uuid__":"1ak3GMrdhEcrsKS/YzhcTF"},"role0_ready_3":{"__uuid__":"e1/1bTb7JFyJpVWh1bBj84"},"role0_ready_4":{"__uuid__":"46Odp8Yd5HlZrYG2wHd4hh"},"role0_ready_5":{"__uuid__":"ebPLkzBTJEUaFslIfmT5VK"},"role0_ready_6":{"__uuid__":"51sW5JX+VDL4AS7wxEppp3"},"role0_run_0":{"__uuid__":"40Ab0znFlMjKjFxOdyYe6Z"},"role0_run_1":{"__uuid__":"13IiTPBatHxL0ioFvpMjnq"},"role0_run_2":{"__uuid__":"65Oi/Kk5BGQbOO4X47zqlA"},"role0_run_3":{"__uuid__":"62TYHd4sdLBosfOlXQfmky"},"role0_run_4":{"__uuid__":"19aBeSCANBbKHPOWFiCzNd"},"role0_run_5":{"__uuid__":"67NVTBYMBIZ5vtrpnhgy48"},"role0_stand_00":{"__uuid__":"8aY13jrURC9oPJDwH5CAol"},"role0_stand_01":{"__uuid__":"69kFdFRs5NI4d0JFdI+69I"},"role0_stand_02":{"__uuid__":"98hM2PB1RKR6HcE8eEpYTg"},"role0_stand_03":{"__uuid__":"0b/179CGJBxJB0EWCmALy8"},"role0_stand_04":{"__uuid__":"2cH/Fsg9hFKqAF2+Y4DSMl"},"role0_stand_05":{"__uuid__":"4fMFL2wQpF4LJHaMyl0nk7"}}},{"__type__":"cc.SpriteFrame","content":{"name":"default_sprite_splash","texture":"02delMVqdBD70a/HSD99FK","rect":[0,0,2,2],"offset":[0,0],"originalSize":[2,2],"capInsets":[0,0,0,0]}},{"__type__":"cc.SpriteFrame","content":{"name":"role0_dead_1","texture":"2eXvRQGd5LkZBFhJ02+M9t","rect":[316,353,311,348],"offset":[0,0],"originalSize":[311,348],"capInsets":[0,0,0,0]}},{"__type__":"cc.SpriteFrame","content":{"name":"role0_ready_1","texture":"2eXvRQGd5LkZBFhJ02+M9t","rect":[0,706,311,348],"offset":[0,0],"originalSize":[311,348],"capInsets":[0,0,0,0]}},{"__type__":"cc.AnimationClip","_name":"role0_stand","_duration":0.5,"sample":12,"wrapMode":"2","curveData":{"comps":{"cc.Sprite":{"spriteFrame":[{"frame":0,"value":{"__uuid__":"8aY13jrURC9oPJDwH5CAol"}},{"frame":0.08333333333333333,"value":{"__uuid__":"69kFdFRs5NI4d0JFdI+69I"}},{"frame":0.16666666666666666,"value":{"__uuid__":"98hM2PB1RKR6HcE8eEpYTg"}},{"frame":0.25,"value":{"__uuid__":"0b/179CGJBxJB0EWCmALy8"}},{"frame":0.3333333333333333,"value":{"__uuid__":"2cH/Fsg9hFKqAF2+Y4DSMl"}},{"frame":0.4166666666666667,"value":{"__uuid__":"4fMFL2wQpF4LJHaMyl0nk7"}}]}}}},{"__type__":"cc.SpriteFrame","content":{"name":"role0_dead_2","texture":"2eXvRQGd5LkZBFhJ02+M9t","rect":[0,1059,311,348],"offset":[0,0],"originalSize":[311,348],"capInsets":[0,0,0,0]}},{"__type__":"cc.SpriteFrame","content":{"name":"role0_ready_3","texture":"2eXvRQGd5LkZBFhJ02+M9t","rect":[948,353,311,348],"offset":[0,0],"originalSize":[311,348],"capInsets":[0,0,0,0]}},{"__type__":"cc.SpriteFrame","content":{"name":"role0_ready_5","texture":"2eXvRQGd5LkZBFhJ02+M9t","rect":[632,1412,311,348],"offset":[0,0],"originalSize":[311,348],"capInsets":[0,0,0,0]}}]