[{"__type__":"cc.SpriteFrame","content":{"name":"juse","texture":"a1kFce2/xNx60AtnsccfV2","rect":[545,572,192,96],"offset":[0,0],"originalSize":[192,96],"capInsets":[0,0,0,0]}},{"__type__":"cc.SpriteFrame","content":{"name":"por","texture":"a1kFce2/xNx60AtnsccfV2","rect":[471,1100,190,27],"offset":[0,0],"originalSize":[190,27],"capInsets":[0,0,0,0]}},{"__type__":"cc.SpriteFrame","content":{"name":"putong","texture":"a1kFce2/xNx60AtnsccfV2","rect":[62,0,750,114],"offset":[0,0],"originalSize":[750,114],"capInsets":[0,0,0,0]}},[{"__type__":"cc.Prefab","_name":"item","data":{"__id__":1}},{"__type__":"cc.Node","_name":"item","_children":[{"__id__":2}],"_level":1,"_components":[{"__type__":"a1e9fx+wzxPkp8xXtyzOHAE","node":{"__id__":1},"head":{"__id__":6},"tankname":{"__id__":11},"proger":{"__id__":17},"tabs":[{"__id__":20},{"__id__":22},{"__id__":24},{"__id__":26},{"__id__":28}],"okBt":{"__id__":40},"okstate":{"__id__":36},"cost":{"__id__":33},"progertext":{"__id__":16},"newnode":{"__id__":38}}],"_prefab":{"__type__":"cc.PrefabInfo","root":{"__id__":1},"asset":{"__uuid__":"d14xLiMxtP8qjSuA/nPiW/"},"fileId":"509/grKB9Mco44rJZWJ4zd"},"_contentSize":{"__type__":"cc.Size","width":680,"height":114},"_position":{"__type__":"cc.Vec3","y":1334},"_scale":{"__type__":"cc.Vec3","x":1,"y":1,"z":1}},{"__type__":"cc.Node","_name":"bg","_parent":{"__id__":1},"_children":[{"__id__":3},{"__id__":29}],"_level":2,"_components":[{"__type__":"cc.Sprite","node":{"__id__":2},"_spriteFrame":{"__uuid__":"88CNDsqApDTqps5c7V/Mbz"},"_sizeMode":0}],"_prefab":{"__type__":"cc.PrefabInfo","root":{"__id__":1},"asset":{"__uuid__":"d14xLiMxtP8qjSuA/nPiW/"},"fileId":"6d69mX6llIroyhGnJgL3Z+"},"_contentSize":{"__type__":"cc.Size","width":680,"height":130},"_scale":{"__type__":"cc.Vec3","x":1,"y":1,"z":1}},{"__type__":"cc.Node","_name":"info","_parent":{"__id__":2},"_children":[{"__id__":4},{"__id__":7}],"_level":3,"_components":[{"__type__":"cc.Layout","node":{"__id__":3},"_layoutSize":{"__type__":"cc.Size","width":325,"height":114},"_resize":1,"_N$layoutType":1,"_N$paddingLeft":10,"_N$spacingX":10},{"__type__":"cc.Widget","node":{"__id__":3},"_alignFlags":8,"_left":-2.5}],"_prefab":{"__type__":"cc.PrefabInfo","root":{"__id__":1},"asset":{"__uuid__":"d14xLiMxtP8qjSuA/nPiW/"},"fileId":"8fvV9+sMtEeZYQhDB9cpbl"},"_contentSize":{"__type__":"cc.Size","width":325,"height":114},"_position":{"__type__":"cc.Vec3","x":-180},"_scale":{"__type__":"cc.Vec3","x":1,"y":1,"z":1}},{"__type__":"cc.Node","_name":"New Sprite","_parent":{"__id__":3},"_children":[{"__id__":5}],"_level":4,"_components":[{"__id__":6}],"_prefab":{"__type__":"cc.PrefabInfo","root":{"__id__":1},"asset":{"__uuid__":"d14xLiMxtP8qjSuA/nPiW/"},"fileId":"7fHv6p+SZEfpRweCBjgTzV"},"_contentSize":{"__type__":"cc.Size","width":105,"height":105},"_position":{"__type__":"cc.Vec3","x":-100},"_scale":{"__type__":"cc.Vec3","x":1,"y":1,"z":1}},{"__type__":"cc.Node","_name":"up","_parent":{"__id__":4},"_active":false,"_level":5,"_components":[{"__type__":"sp.Skeleton","node":{"__id__":5},"defaultAnimation":"up","loop":false,"premultipliedAlpha":false,"_N$skeletonData":{"__uuid__":"82zScqv5ZAPrXjlJzHEPqy"}}],"_prefab":{"__type__":"cc.PrefabInfo","root":{"__id__":1},"asset":{"__uuid__":"d14xLiMxtP8qjSuA/nPiW/"},"fileId":"f99y3DrNRLWpTNxRosUMZq"},"_contentSize":{"__type__":"cc.Size","width":180,"height":180},"_scale":{"__type__":"cc.Vec3","x":1,"y":1,"z":1}},{"__type__":"cc.Sprite","node":{"__id__":4},"_sizeMode":0},{"__type__":"cc.Node","_name":"textinfo","_parent":{"__id__":3},"_children":[{"__id__":8},{"__id__":18}],"_level":4,"_prefab":{"__type__":"cc.PrefabInfo","root":{"__id__":1},"asset":{"__uuid__":"d14xLiMxtP8qjSuA/nPiW/"},"fileId":"7a1I44usFAOJdmMpSD24z+"},"_contentSize":{"__type__":"cc.Size","width":200,"height":114},"_position":{"__type__":"cc.Vec3","x":62.5},"_scale":{"__type__":"cc.Vec3","x":1,"y":1,"z":1}},{"__type__":"cc.Node","_name":"New Layout","_parent":{"__id__":7},"_children":[{"__id__":9},{"__id__":12}],"_level":5,"_components":[{"__type__":"cc.Layout","node":{"__id__":8},"_layoutSize":{"__type__":"cc.Size","width":120,"height":53},"_resize":1,"_N$layoutType":2},{"__type__":"cc.Widget","node":{"__id__":8},"_alignFlags":9,"_top":10}],"_prefab":{"__type__":"cc.PrefabInfo","root":{"__id__":1},"asset":{"__uuid__":"d14xLiMxtP8qjSuA/nPiW/"},"fileId":"88tvf9DYRHEKam0KdsuHLo"},"_contentSize":{"__type__":"cc.Size","width":120,"height":53},"_anchorPoint":{"__type__":"cc.Vec2","y":1},"_position":{"__type__":"cc.Vec3","x":-100,"y":47},"_scale":{"__type__":"cc.Vec3","x":1,"y":1,"z":1}},{"__type__":"cc.Node","_name":"New Layout","_parent":{"__id__":8},"_children":[{"__id__":10}],"_level":6,"_components":[{"__type__":"cc.Layout","node":{"__id__":9},"_layoutSize":{"__type__":"cc.Size","height":26},"_resize":1,"_N$layoutType":1,"_N$spacingX":10},{"__type__":"cc.Widget","node":{"__id__":9},"_alignFlags":8}],"_prefab":{"__type__":"cc.PrefabInfo","root":{"__id__":1},"asset":{"__uuid__":"d14xLiMxtP8qjSuA/nPiW/"},"fileId":"c5fjU7actNe6GTILLlJh8W"},"_contentSize":{"__type__":"cc.Size","height":26},"_anchorPoint":{"__type__":"cc.Vec2","y":0.5},"_position":{"__type__":"cc.Vec3","y":-13},"_scale":{"__type__":"cc.Vec3","x":1,"y":1,"z":1}},{"__type__":"cc.Node","_name":"heroname","_parent":{"__id__":9},"_level":7,"_components":[{"__id__":11},{"__type__":"cc.Widget","node":{"__id__":10},"_alignFlags":8}],"_prefab":{"__type__":"cc.PrefabInfo","root":{"__id__":1},"asset":{"__uuid__":"d14xLiMxtP8qjSuA/nPiW/"},"fileId":"df3rUsI09CubLs4//ND17f"},"_contentSize":{"__type__":"cc.Size","height":25},"_anchorPoint":{"__type__":"cc.Vec2","y":0.5},"_scale":{"__type__":"cc.Vec3","x":1,"y":1,"z":1}},{"__type__":"cc.Label","node":{"__id__":10},"_srcBlendFactor":1,"_useOriginalSize":false,"_fontSize":23,"_lineHeight":25,"_N$horizontalAlign":1,"_N$verticalAlign":1,"_N$fontFamily":"苹方"},{"__type__":"cc.Node","_name":"progers","_parent":{"__id__":8},"_children":[{"__id__":13},{"__id__":15}],"_level":6,"_components":[{"__type__":"cc.Widget","node":{"__id__":12},"_alignFlags":8},{"__id__":17},{"__type__":"cc.Sprite","node":{"__id__":12},"_spriteFrame":{"__uuid__":"f305ifCw5BHrTyJsShteht"},"_sizeMode":0}],"_prefab":{"__type__":"cc.PrefabInfo","root":{"__id__":1},"asset":{"__uuid__":"d14xLiMxtP8qjSuA/nPiW/"},"fileId":"60vq5/H3tOHLomvCKwrR6b"},"_contentSize":{"__type__":"cc.Size","width":299,"height":27},"_anchorPoint":{"__type__":"cc.Vec2","y":0.5},"_position":{"__type__":"cc.Vec3","y":-39.5},"_scale":{"__type__":"cc.Vec3","x":1,"y":1,"z":1}},{"__type__":"cc.Node","_name":"New Sprite(Splash)","_parent":{"__id__":12},"_level":7,"_components":[{"__id__":14}],"_prefab":{"__type__":"cc.PrefabInfo","root":{"__id__":1},"asset":{"__uuid__":"d14xLiMxtP8qjSuA/nPiW/"},"fileId":"c2sS88tdxP+qTWU75uPAux"},"_contentSize":{"__type__":"cc.Size","width":89.70000000000002,"height":27},"_anchorPoint":{"__type__":"cc.Vec2","y":0.5},"_scale":{"__type__":"cc.Vec3","x":1,"y":1,"z":1}},{"__type__":"cc.Sprite","node":{"__id__":13},"_spriteFrame":{"__uuid__":"7fEQI72Z9K16kxCm/qtm0d"},"_sizeMode":0},{"__type__":"cc.Node","_name":"New Label","_parent":{"__id__":12},"_level":7,"_components":[{"__id__":16},{"__type__":"cc.Widget","node":{"__id__":15},"_alignFlags":8,"_left":5}],"_prefab":{"__type__":"cc.PrefabInfo","root":{"__id__":1},"asset":{"__uuid__":"d14xLiMxtP8qjSuA/nPiW/"},"fileId":"b4tromwW5N+KlaqhThuhVC"},"_contentSize":{"__type__":"cc.Size","width":83.42,"height":22},"_anchorPoint":{"__type__":"cc.Vec2","y":0.5},"_position":{"__type__":"cc.Vec3","x":5},"_scale":{"__type__":"cc.Vec3","x":1,"y":1,"z":1}},{"__type__":"cc.Label","node":{"__id__":15},"_srcBlendFactor":1,"_useOriginalSize":false,"_string":"40/50000","_N$string":"40/50000","_fontSize":20,"_lineHeight":22,"_N$horizontalAlign":1,"_N$verticalAlign":1},{"__type__":"cc.ProgressBar","node":{"__id__":12},"_N$totalLength":299,"_N$barSprite":{"__id__":14},"_N$progress":0.30000000000000004},{"__type__":"cc.Node","_name":"starlevel","_parent":{"__id__":7},"_children":[{"__id__":19},{"__id__":21},{"__id__":23},{"__id__":25},{"__id__":27}],"_level":5,"_components":[{"__type__":"cc.Widget","node":{"__id__":18},"_alignFlags":12,"_bottom":21},{"__type__":"cc.Layout","node":{"__id__":18},"_layoutSize":{"__type__":"cc.Size","width":195,"height":20},"_resize":1,"_N$layoutType":1,"_N$spacingX":5}],"_prefab":{"__type__":"cc.PrefabInfo","root":{"__id__":1},"asset":{"__uuid__":"d14xLiMxtP8qjSuA/nPiW/"},"fileId":"d8yG7y8X9IxpoG2wNwn2d6"},"_color":{"__type__":"cc.Color","r":173,"g":177,"b":202},"_contentSize":{"__type__":"cc.Size","width":195,"height":20},"_anchorPoint":{"__type__":"cc.Vec2","y":0.5},"_position":{"__type__":"cc.Vec3","x":-100,"y":-26},"_scale":{"__type__":"cc.Vec3","x":1,"y":1,"z":1}},{"__type__":"cc.Node","_name":"stat","_parent":{"__id__":18},"_level":6,"_components":[{"__id__":20}],"_prefab":{"__type__":"cc.PrefabInfo","root":{"__id__":1},"asset":{"__uuid__":"d14xLiMxtP8qjSuA/nPiW/"},"fileId":"93oZuX9fxNHpylUPkSImcP"},"_contentSize":{"__type__":"cc.Size","width":35,"height":33},"_position":{"__type__":"cc.Vec3","x":17.5},"_scale":{"__type__":"cc.Vec3","x":1,"y":1,"z":1}},{"__type__":"cc.Sprite","node":{"__id__":19}},{"__type__":"cc.Node","_name":"stat","_parent":{"__id__":18},"_level":6,"_components":[{"__id__":22}],"_prefab":{"__type__":"cc.PrefabInfo","root":{"__id__":1},"asset":{"__uuid__":"d14xLiMxtP8qjSuA/nPiW/"},"fileId":"a3HKKFlxtJnIzDu002Vi3F"},"_contentSize":{"__type__":"cc.Size","width":35,"height":33},"_position":{"__type__":"cc.Vec3","x":57.5},"_scale":{"__type__":"cc.Vec3","x":1,"y":1,"z":1}},{"__type__":"cc.Sprite","node":{"__id__":21}},{"__type__":"cc.Node","_name":"stat","_parent":{"__id__":18},"_level":6,"_components":[{"__id__":24}],"_prefab":{"__type__":"cc.PrefabInfo","root":{"__id__":1},"asset":{"__uuid__":"d14xLiMxtP8qjSuA/nPiW/"},"fileId":"36BjzLtuhGro0rAqt0bHkz"},"_contentSize":{"__type__":"cc.Size","width":35,"height":33},"_position":{"__type__":"cc.Vec3","x":97.5},"_scale":{"__type__":"cc.Vec3","x":1,"y":1,"z":1}},{"__type__":"cc.Sprite","node":{"__id__":23}},{"__type__":"cc.Node","_name":"stat","_parent":{"__id__":18},"_level":6,"_components":[{"__id__":26}],"_prefab":{"__type__":"cc.PrefabInfo","root":{"__id__":1},"asset":{"__uuid__":"d14xLiMxtP8qjSuA/nPiW/"},"fileId":"45TfyNhDhE74F1F5+BKA4u"},"_contentSize":{"__type__":"cc.Size","width":35,"height":33},"_position":{"__type__":"cc.Vec3","x":137.5},"_scale":{"__type__":"cc.Vec3","x":1,"y":1,"z":1}},{"__type__":"cc.Sprite","node":{"__id__":25}},{"__type__":"cc.Node","_name":"stat","_parent":{"__id__":18},"_level":6,"_components":[{"__id__":28}],"_prefab":{"__type__":"cc.PrefabInfo","root":{"__id__":1},"asset":{"__uuid__":"d14xLiMxtP8qjSuA/nPiW/"},"fileId":"6cO0lNku5CS6H6ohCARWzm"},"_contentSize":{"__type__":"cc.Size","width":35,"height":33},"_position":{"__type__":"cc.Vec3","x":177.5},"_scale":{"__type__":"cc.Vec3","x":1,"y":1,"z":1}},{"__type__":"cc.Sprite","node":{"__id__":27}},{"__type__":"cc.Node","_name":"livebt","_parent":{"__id__":2},"_children":[{"__id__":30},{"__id__":34},{"__id__":37}],"_level":3,"_components":[{"__id__":40},{"__type__":"cc.Widget","node":{"__id__":29},"_alignFlags":32,"_right":15},{"__type__":"cc.Button","node":{"__id__":29},"_N$transition":1,"transition":1,"_N$normalColor":{"__type__":"cc.Color","r":255,"g":255,"b":255},"_N$target":{"__id__":29}}],"_prefab":{"__type__":"cc.PrefabInfo","root":{"__id__":1},"asset":{"__uuid__":"d14xLiMxtP8qjSuA/nPiW/"},"fileId":"f9Lnoit+hCtIWjE/qPw/xb"},"_contentSize":{"__type__":"cc.Size","width":192,"height":96},"_position":{"__type__":"cc.Vec3","x":229},"_scale":{"__type__":"cc.Vec3","x":1,"y":1,"z":1}},{"__type__":"cc.Node","_name":"numnode","_parent":{"__id__":29},"_children":[{"__id__":31},{"__id__":32}],"_level":4,"_components":[{"__type__":"cc.Layout","node":{"__id__":30},"_layoutSize":{"__type__":"cc.Size","width":42.79,"height":32},"_resize":1,"_N$layoutType":1},{"__type__":"cc.Widget","node":{"__id__":30},"_alignFlags":32,"_right":28.915000000000003}],"_prefab":{"__type__":"cc.PrefabInfo","root":{"__id__":1},"asset":{"__uuid__":"d14xLiMxtP8qjSuA/nPiW/"},"fileId":"14Hmz9nx5KTK1aoOerMPwj"},"_contentSize":{"__type__":"cc.Size","width":42.79,"height":32},"_position":{"__type__":"cc.Vec3","x":45.69,"y":29},"_scale":{"__type__":"cc.Vec3","x":1,"y":1,"z":1}},{"__type__":"cc.Node","_name":"jinbi","_parent":{"__id__":30},"_level":5,"_components":[{"__type__":"cc.Sprite","node":{"__id__":31},"_spriteFrame":{"__uuid__":"de0JHSRvpF/p6Fu3WSBcG6"},"_sizeMode":0}],"_prefab":{"__type__":"cc.PrefabInfo","root":{"__id__":1},"asset":{"__uuid__":"d14xLiMxtP8qjSuA/nPiW/"},"fileId":"f2sOW0Sa9D4KojdJI0QWmT"},"_contentSize":{"__type__":"cc.Size","width":30,"height":25},"_position":{"__type__":"cc.Vec3","x":-6.395},"_scale":{"__type__":"cc.Vec3","x":1,"y":1,"z":1}},{"__type__":"cc.Node","_name":"cost","_parent":{"__id__":30},"_level":5,"_components":[{"__id__":33}],"_prefab":{"__type__":"cc.PrefabInfo","root":{"__id__":1},"asset":{"__uuid__":"d14xLiMxtP8qjSuA/nPiW/"},"fileId":"81CYheGfVGNJ6aSMiI0lxJ"},"_contentSize":{"__type__":"cc.Size","width":12.79,"height":25},"_position":{"__type__":"cc.Vec3","x":15},"_scale":{"__type__":"cc.Vec3","x":1,"y":1,"z":1}},{"__type__":"cc.Label","node":{"__id__":32},"_srcBlendFactor":1,"_useOriginalSize":false,"_string":"0","_N$string":"0","_fontSize":23,"_lineHeight":25,"_N$horizontalAlign":1,"_N$verticalAlign":1},{"__type__":"cc.Node","_name":"textnode","_parent":{"__id__":29},"_children":[{"__id__":35}],"_level":4,"_prefab":{"__type__":"cc.PrefabInfo","root":{"__id__":1},"asset":{"__uuid__":"d14xLiMxtP8qjSuA/nPiW/"},"fileId":"53PB9SdvBH75ac0tk3miNT"},"_contentSize":{"__type__":"cc.Size","width":180,"height":50},"_position":{"__type__":"cc.Vec3","y":-14},"_scale":{"__type__":"cc.Vec3","x":1,"y":1,"z":1}},{"__type__":"cc.Node","_name":"New Label","_parent":{"__id__":34},"_level":5,"_components":[{"__id__":36}],"_prefab":{"__type__":"cc.PrefabInfo","root":{"__id__":1},"asset":{"__uuid__":"d14xLiMxtP8qjSuA/nPiW/"},"fileId":"63jayWs01LWLJZqw8XkdgO"},"_contentSize":{"__type__":"cc.Size","width":60,"height":32},"_scale":{"__type__":"cc.Vec3","x":1,"y":1,"z":1}},{"__type__":"cc.Label","node":{"__id__":35},"_srcBlendFactor":1,"_useOriginalSize":false,"_string":"奖励","_N$string":"奖励","_fontSize":30,"_lineHeight":32,"_N$horizontalAlign":1,"_N$verticalAlign":1},{"__type__":"cc.Node","_name":"New Node","_parent":{"__id__":29},"_children":[{"__id__":38}],"_level":4,"_components":[{"__type__":"cc.Widget","node":{"__id__":37},"_alignFlags":9,"_left":-10,"_top":-10,"_originalWidth":33},{"__type__":"c32d3/RV3xNvKlWl8y5Qfpd","node":{"__id__":37}}],"_prefab":{"__type__":"cc.PrefabInfo","root":{"__id__":1},"asset":{"__uuid__":"d14xLiMxtP8qjSuA/nPiW/"},"fileId":"034ET1xZZJPoVyAK1oTytR"},"_contentSize":{"__type__":"cc.Size","width":33,"height":33},"_position":{"__type__":"cc.Vec3","x":-89.5,"y":41.5},"_scale":{"__type__":"cc.Vec3","x":1,"y":1,"z":1}},{"__type__":"cc.Node","_name":"New Sprite(Splash)","_parent":{"__id__":37},"_children":[{"__id__":39}],"_active":false,"_level":2,"_components":[{"__type__":"cc.Sprite","node":{"__id__":38},"_spriteFrame":{"__uuid__":"feneBpRqdJCKkZJU3JeSj5"}}],"_prefab":{"__type__":"cc.PrefabInfo","root":{"__id__":1},"asset":{"__uuid__":"d14xLiMxtP8qjSuA/nPiW/"},"fileId":"d9Hd531lFBa6ttfDBFeQTG"},"_contentSize":{"__type__":"cc.Size","width":33,"height":33},"_scale":{"__type__":"cc.Vec3","x":1,"y":1,"z":1}},{"__type__":"cc.Node","_name":"New Label","_parent":{"__id__":38},"_level":2,"_components":[{"__type__":"cc.Label","node":{"__id__":39},"_srcBlendFactor":1,"_useOriginalSize":false,"_string":"新","_N$string":"新","_fontSize":20,"_lineHeight":22,"_N$horizontalAlign":1,"_N$verticalAlign":1}],"_prefab":{"__type__":"cc.PrefabInfo","root":{"__id__":1},"asset":{"__uuid__":"d14xLiMxtP8qjSuA/nPiW/"},"fileId":"97eZUoqspO/ImufT02dtXl"},"_contentSize":{"__type__":"cc.Size","width":20,"height":22},"_scale":{"__type__":"cc.Vec3","x":1,"y":1,"z":1}},{"__type__":"cc.Sprite","node":{"__id__":29},"_spriteFrame":{"__uuid__":"75g/YViOlLwpft+QSeCKg6"}}],{"__type__":"cc.SpriteFrame","content":{"name":"zhuanshi","texture":"a1kFce2/xNx60AtnsccfV2","rect":[363,1035,41,32],"offset":[0,0],"originalSize":[41,32],"capInsets":[0,0,0,0]}},{"__type__":"cc.SpriteFrame","content":{"name":"porno","texture":"a1kFce2/xNx60AtnsccfV2","rect":[112,972,299,27],"offset":[0,0],"originalSize":[299,27],"capInsets":[0,0,0,0]}},{"__type__":"cc.SpriteFrame","content":{"name":"redttoast","texture":"a1kFce2/xNx60AtnsccfV2","rect":[930,1020,33,33],"offset":[0,0],"originalSize":[33,33],"capInsets":[0,0,0,0]}}]