[{"__type__":"cc.SpriteFrame","content":{"name":"default_btn_disabled","texture":"71VhFCTINJM6/Ky3oX9nBT","rect":[0,0,40,40],"offset":[0,0],"originalSize":[40,40],"capInsets":[12,12,12,12]}},{"__type__":"cc.SpriteFrame","content":{"name":"close (2)","texture":"a1kFce2/xNx60AtnsccfV2","rect":[383,897,28,27],"offset":[0,0],"originalSize":[28,27],"capInsets":[0,0,0,0]}},{"__type__":"cc.SpriteFrame","content":{"name":"tanchuangtongyon","texture":"a1kFce2/xNx60AtnsccfV2","rect":[112,794,261,84],"offset":[0,0],"originalSize":[261,84],"capInsets":[0,0,0,0]}},{"__type__":"cc.SpriteFrame","content":{"name":"tanchuanbg","texture":"a1kFce2/xNx60AtnsccfV2","rect":[821,756,80,78],"offset":[0,0],"originalSize":[80,78],"capInsets":[11,11,11,10]}},{"__type__":"cc.SpriteFrame","content":{"name":"default_sprite_splash","texture":"02delMVqdBD70a/HSD99FK","rect":[0,0,2,2],"offset":[0,0],"originalSize":[2,2],"capInsets":[0,0,0,0]}},{"__type__":"cc.SpriteFrame","content":{"name":"shangcehng","texture":"a1kFce2/xNx60AtnsccfV2","rect":[62,412,679,59],"offset":[0,0],"originalSize":[679,59],"capInsets":[0,0,0,0]}},[{"__type__":"cc.Prefab","_name":"ChangeAlert","data":{"__id__":1}},{"__type__":"cc.Node","_name":"content","_children":[{"__id__":2}],"_level":1,"_components":[{"__type__":"83743BdC4JP7r/ZHMaIRNoz","node":{"__id__":1},"close":{"__id__":6},"tuibian":{"__id__":21},"valueTxt":{"__id__":18}}],"_prefab":{"__type__":"cc.PrefabInfo","root":{"__id__":1},"asset":{"__uuid__":"c1sYJ6/+hOK4PkNM+hZqr5"},"fileId":"78p4wesEVGHb1ql7KgeGBL"},"_contentSize":{"__type__":"cc.Size","width":750,"height":1334},"_scale":{"__type__":"cc.Vec3","x":1,"y":1,"z":1}},{"__type__":"cc.Node","_name":"bg","_parent":{"__id__":1},"_children":[{"__id__":3}],"_level":2,"_components":[{"__type__":"cc.Sprite","node":{"__id__":2},"_spriteFrame":{"__uuid__":"510X4D6aFPGa9wjpS7Ot5t"},"_type":1,"_sizeMode":0}],"_prefab":{"__type__":"cc.PrefabInfo","root":{"__id__":1},"asset":{"__uuid__":"c1sYJ6/+hOK4PkNM+hZqr5"},"fileId":"ecgxXNLnhCXZt/aPTZjuAK"},"_contentSize":{"__type__":"cc.Size","width":699,"height":920},"_scale":{"__type__":"cc.Vec3","x":1,"y":1,"z":1}},{"__type__":"cc.Node","_name":"New Node","_parent":{"__id__":2},"_children":[{"__id__":4},{"__id__":8},{"__id__":10},{"__id__":11},{"__id__":20}],"_level":3,"_prefab":{"__type__":"cc.PrefabInfo","root":{"__id__":1},"asset":{"__uuid__":"c1sYJ6/+hOK4PkNM+hZqr5"},"fileId":"49aoeDajZOpr7ipSd96+Cy"},"_contentSize":{"__type__":"cc.Size","width":680,"height":900},"_position":{"__type__":"cc.Vec3","y":5.684341886080802e-14},"_scale":{"__type__":"cc.Vec3","x":1,"y":1,"z":1}},{"__type__":"cc.Node","_name":"title","_parent":{"__id__":3},"_children":[{"__id__":5},{"__id__":6}],"_level":4,"_components":[{"__type__":"cc.Sprite","node":{"__id__":4},"_spriteFrame":{"__uuid__":"b3CLDo9FhEhpyt697OG5HT"},"_sizeMode":0},{"__type__":"cc.Widget","node":{"__id__":4},"_alignFlags":41,"_originalWidth":680}],"_prefab":{"__type__":"cc.PrefabInfo","root":{"__id__":1},"asset":{"__uuid__":"c1sYJ6/+hOK4PkNM+hZqr5"},"fileId":"845tN1+cZL84Fc0/5Sc6lj"},"_contentSize":{"__type__":"cc.Size","width":680,"height":59},"_position":{"__type__":"cc.Vec3","y":420.5},"_scale":{"__type__":"cc.Vec3","x":1,"y":1,"z":1}},{"__type__":"cc.Node","_name":"New Label","_parent":{"__id__":4},"_level":4,"_components":[{"__type__":"cc.Label","node":{"__id__":5},"_srcBlendFactor":1,"_useOriginalSize":false,"_string":"转生","_N$string":"转生","_N$horizontalAlign":1,"_N$verticalAlign":1,"_N$fontFamily":"苹方","_N$overflow":1},{"__type__":"cc.Widget","node":{"__id__":5},"_alignFlags":18}],"_prefab":{"__type__":"cc.PrefabInfo","root":{"__id__":1},"asset":{"__uuid__":"c1sYJ6/+hOK4PkNM+hZqr5"},"fileId":"29z8o4VENLmaje/+UxR/q5"},"_contentSize":{"__type__":"cc.Size","width":500,"height":40},"_scale":{"__type__":"cc.Vec3","x":1,"y":1,"z":1}},{"__type__":"cc.Node","_name":"close","_parent":{"__id__":4},"_children":[{"__id__":7}],"_level":5,"_components":[{"__type__":"cc.Widget","node":{"__id__":6},"_alignFlags":32},{"__type__":"cc.Button","node":{"__id__":6},"_N$transition":3,"transition":3,"_N$target":{"__id__":6}}],"_prefab":{"__type__":"cc.PrefabInfo","root":{"__id__":1},"asset":{"__uuid__":"c1sYJ6/+hOK4PkNM+hZqr5"},"fileId":"606NmvPbRFfb1xt9PJkjEv"},"_contentSize":{"__type__":"cc.Size","width":70,"height":70},"_position":{"__type__":"cc.Vec3","x":305},"_scale":{"__type__":"cc.Vec3","x":1,"y":1,"z":1}},{"__type__":"cc.Node","_name":"New Sprite(Splash)","_parent":{"__id__":6},"_level":6,"_components":[{"__type__":"cc.Sprite","node":{"__id__":7},"_spriteFrame":{"__uuid__":"33DcKl9v5Ef6qoSRMZ5ejJ"},"_sizeMode":0}],"_prefab":{"__type__":"cc.PrefabInfo","root":{"__id__":1},"asset":{"__uuid__":"c1sYJ6/+hOK4PkNM+hZqr5"},"fileId":"e76WA69PpLZJIpMUfwxX8i"},"_contentSize":{"__type__":"cc.Size","width":28,"height":27},"_scale":{"__type__":"cc.Vec3","x":1,"y":1,"z":1}},{"__type__":"cc.Node","_name":"img","_parent":{"__id__":3},"_level":4,"_components":[{"__id__":9},{"__type__":"32540GFq4FAT5ZSyUpi/XyW","node":{"__id__":8},"img":{"__id__":9},"url":"texture/myhero/tuibianmax.png"}],"_prefab":{"__type__":"cc.PrefabInfo","root":{"__id__":1},"asset":{"__uuid__":"c1sYJ6/+hOK4PkNM+hZqr5"},"fileId":"44ycJ+e1dIKIx7gdjhOGcy"},"_contentSize":{"__type__":"cc.Size","width":678,"height":490},"_position":{"__type__":"cc.Vec3","y":146},"_scale":{"__type__":"cc.Vec3","x":1,"y":1,"z":1}},{"__type__":"cc.Sprite","node":{"__id__":8}},{"__type__":"cc.Node","_name":"New Label","_parent":{"__id__":3},"_level":4,"_components":[{"__type__":"cc.Label","node":{"__id__":10},"_srcBlendFactor":1,"_useOriginalSize":false,"_string":"你可以牺牲你现有的所有进度，来交换宝贵的圣物并且重新开始你的任务，而且会变得比以往更加强大","_N$string":"你可以牺牲你现有的所有进度，来交换宝贵的圣物并且重新开始你的任务，而且会变得比以往更加强大","_fontSize":24,"_lineHeight":26,"_N$verticalAlign":1,"_N$overflow":3}],"_prefab":{"__type__":"cc.PrefabInfo","root":{"__id__":1},"asset":{"__uuid__":"c1sYJ6/+hOK4PkNM+hZqr5"},"fileId":"119mj1vQFC74A4F5wGv7bK"},"_contentSize":{"__type__":"cc.Size","width":680,"height":52},"_position":{"__type__":"cc.Vec3","y":-135},"_scale":{"__type__":"cc.Vec3","x":1,"y":1,"z":1}},{"__type__":"cc.Node","_name":"tuibian","_parent":{"__id__":3},"_children":[{"__id__":12},{"__id__":14}],"_level":4,"_components":[{"__id__":19},{"__type__":"32540GFq4FAT5ZSyUpi/XyW","node":{"__id__":11},"img":{"__id__":19},"url":"texture/myhero/tuibiancontent.png"}],"_prefab":{"__type__":"cc.PrefabInfo","root":{"__id__":1},"asset":{"__uuid__":"c1sYJ6/+hOK4PkNM+hZqr5"},"fileId":"00Bke7Y31KYbmXZQH/uLnz"},"_contentSize":{"__type__":"cc.Size","width":398,"height":147},"_position":{"__type__":"cc.Vec3","y":-249.5},"_scale":{"__type__":"cc.Vec3","x":1,"y":1,"z":1}},{"__type__":"cc.Node","_name":"New Node","_parent":{"__id__":11},"_children":[{"__id__":13}],"_level":5,"_prefab":{"__type__":"cc.PrefabInfo","root":{"__id__":1},"asset":{"__uuid__":"c1sYJ6/+hOK4PkNM+hZqr5"},"fileId":"5ceNb19ypLM4vi4XIWNDHI"},"_contentSize":{"__type__":"cc.Size","width":398,"height":44},"_position":{"__type__":"cc.Vec3","y":52.2},"_scale":{"__type__":"cc.Vec3","x":1,"y":1,"z":1}},{"__type__":"cc.Node","_name":"New Label","_parent":{"__id__":12},"_level":6,"_components":[{"__type__":"cc.Label","node":{"__id__":13},"_srcBlendFactor":1,"_useOriginalSize":false,"_string":"转生奖励","_N$string":"转生奖励","_fontSize":30,"_lineHeight":32,"_N$horizontalAlign":1,"_N$verticalAlign":1,"_N$fontFamily":"苹方"}],"_prefab":{"__type__":"cc.PrefabInfo","root":{"__id__":1},"asset":{"__uuid__":"c1sYJ6/+hOK4PkNM+hZqr5"},"fileId":"8fop0atN9Nir08a/NqG+Tr"},"_color":{"__type__":"cc.Color","r":241,"g":205,"b":7},"_contentSize":{"__type__":"cc.Size","width":120,"height":32},"_scale":{"__type__":"cc.Vec3","x":1,"y":1,"z":1}},{"__type__":"cc.Node","_name":"New Node","_parent":{"__id__":11},"_children":[{"__id__":15},{"__id__":17}],"_level":5,"_components":[{"__type__":"cc.Layout","node":{"__id__":14},"_layoutSize":{"__type__":"cc.Size","width":252.25,"height":100},"_resize":1,"_N$layoutType":1,"_N$spacingX":20}],"_prefab":{"__type__":"cc.PrefabInfo","root":{"__id__":1},"asset":{"__uuid__":"c1sYJ6/+hOK4PkNM+hZqr5"},"fileId":"11rEBR1SxF8YQfHEBU64vP"},"_contentSize":{"__type__":"cc.Size","width":252.25,"height":100},"_position":{"__type__":"cc.Vec3","y":-20},"_scale":{"__type__":"cc.Vec3","x":1,"y":1,"z":1}},{"__type__":"cc.Node","_name":"baoshi","_parent":{"__id__":14},"_level":6,"_components":[{"__id__":16},{"__type__":"32540GFq4FAT5ZSyUpi/XyW","node":{"__id__":15},"img":{"__id__":16},"url":"texture/myhero/baoshi.png"}],"_prefab":{"__type__":"cc.PrefabInfo","root":{"__id__":1},"asset":{"__uuid__":"c1sYJ6/+hOK4PkNM+hZqr5"},"fileId":"948uXv8xhDdLGOli+cVvGq"},"_contentSize":{"__type__":"cc.Size","width":90,"height":100},"_position":{"__type__":"cc.Vec3","x":-81.125},"_scale":{"__type__":"cc.Vec3","x":1,"y":1,"z":1}},{"__type__":"cc.Sprite","node":{"__id__":15},"_sizeMode":0},{"__type__":"cc.Node","_name":"New Label","_parent":{"__id__":14},"_level":6,"_components":[{"__id__":18}],"_prefab":{"__type__":"cc.PrefabInfo","root":{"__id__":1},"asset":{"__uuid__":"c1sYJ6/+hOK4PkNM+hZqr5"},"fileId":"840wM8tvJMip39e2hdRJ1w"},"_contentSize":{"__type__":"cc.Size","width":142.25,"height":40},"_position":{"__type__":"cc.Vec3","x":55},"_scale":{"__type__":"cc.Vec3","x":1,"y":1,"z":1}},{"__type__":"cc.Label","node":{"__id__":17},"_srcBlendFactor":1,"_useOriginalSize":false,"_string":"1个符石","_N$string":"1个符石","_N$horizontalAlign":1,"_N$verticalAlign":1},{"__type__":"cc.Sprite","node":{"__id__":11}},{"__type__":"cc.Node","_name":"New Sprite(Splash)","_parent":{"__id__":3},"_children":[{"__id__":21}],"_level":4,"_components":[{"__type__":"cc.Sprite","node":{"__id__":20},"_spriteFrame":{"__uuid__":"a2MjXRFdtLlYQ5ouAFv/+R"},"_sizeMode":0},{"__type__":"cc.Widget","node":{"__id__":20},"_alignFlags":4,"_bottom":-2},{"__type__":"cc.Button","node":{"__id__":20},"_N$transition":3,"transition":3,"_N$target":{"__id__":20}}],"_prefab":{"__type__":"cc.PrefabInfo","root":{"__id__":1},"asset":{"__uuid__":"c1sYJ6/+hOK4PkNM+hZqr5"},"fileId":"c98sKNOFhCw4Kl+sfS7X5r"},"_color":{"__type__":"cc.Color","r":64,"g":72,"b":88},"_contentSize":{"__type__":"cc.Size","width":680,"height":100},"_position":{"__type__":"cc.Vec3","y":-402},"_scale":{"__type__":"cc.Vec3","x":1,"y":1,"z":1}},{"__type__":"cc.Node","_name":"New Button","_parent":{"__id__":20},"_children":[{"__id__":22}],"_level":5,"_components":[{"__type__":"cc.Sprite","node":{"__id__":21},"_spriteFrame":{"__uuid__":"39PxN1FxBCxLjMGmRJhgVO"},"_type":1,"_sizeMode":0},{"__type__":"cc.Button","node":{"__id__":21},"_N$transition":2,"transition":2,"_N$normalColor":{"__type__":"cc.Color","r":255,"g":255,"b":255},"_N$pressedColor":{"__type__":"cc.Color","r":255,"g":255,"b":255},"pressedColor":{"__type__":"cc.Color","r":255,"g":255,"b":255},"_N$disabledColor":{"__type__":"cc.Color","r":255,"g":255,"b":255},"_N$normalSprite":{"__uuid__":"39PxN1FxBCxLjMGmRJhgVO"},"_N$pressedSprite":{"__uuid__":"e97GVMl6JHh5Ml5qEDdSGa"},"pressedSprite":{"__uuid__":"e97GVMl6JHh5Ml5qEDdSGa"},"_N$hoverSprite":{"__uuid__":"f0BIwQ8D5Ml7nTNQbh1YlS"},"hoverSprite":{"__uuid__":"f0BIwQ8D5Ml7nTNQbh1YlS"},"_N$disabledSprite":{"__uuid__":"29FYIk+N1GYaeWH/q1NxQO"},"_N$target":{"__id__":21}}],"_prefab":{"__type__":"cc.PrefabInfo","root":{"__id__":1},"asset":{"__uuid__":"c1sYJ6/+hOK4PkNM+hZqr5"},"fileId":"dd3k4vR+lM94aryondGCZt"},"_contentSize":{"__type__":"cc.Size","width":192,"height":63},"_scale":{"__type__":"cc.Vec3","x":1,"y":1,"z":1}},{"__type__":"cc.Node","_name":"Label","_parent":{"__id__":21},"_components":[{"__type__":"cc.Label","node":{"__id__":22},"_srcBlendFactor":1,"_useOriginalSize":false,"_string":"转生","_N$string":"转生","_fontSize":30,"_lineHeight":32,"_enableWrapText":false,"_N$horizontalAlign":1,"_N$verticalAlign":1,"_N$overflow":1}],"_prefab":{"__type__":"cc.PrefabInfo","root":{"__id__":1},"asset":{"__uuid__":"c1sYJ6/+hOK4PkNM+hZqr5"},"fileId":"b16YnmCJhDu5CGUX7rPk5u"},"_contentSize":{"__type__":"cc.Size","width":100,"height":40},"_scale":{"__type__":"cc.Vec3","x":1,"y":1,"z":1}}],{"__type__":"cc.SpriteFrame","content":{"name":"default_btn_pressed","texture":"b4P/PCArtIdIH38t6mlw8Y","rect":[0,0,40,40],"offset":[0,0],"originalSize":[40,40],"capInsets":[12,12,12,12]}},{"__type__":"cc.SpriteFrame","content":{"name":"default_btn_normal","texture":"e8Ueib+qJEhL6mXAHdnwbi","rect":[0,0,40,40],"offset":[0,0],"originalSize":[40,40],"capInsets":[12,12,12,12]}}]