[{"__type__":"cc.SpriteFrame","content":{"name":"default_btn_disabled","texture":"71VhFCTINJM6/Ky3oX9nBT","rect":[0,0,40,40],"offset":[0,0],"originalSize":[40,40],"capInsets":[12,12,12,12]}},{"__type__":"cc.SpriteFrame","content":{"name":"close (2)","texture":"a1kFce2/xNx60AtnsccfV2","rect":[383,897,28,27],"offset":[0,0],"originalSize":[28,27],"capInsets":[0,0,0,0]}},{"__type__":"cc.SpriteFrame","content":{"name":"tanchuangtongyon","texture":"a1kFce2/xNx60AtnsccfV2","rect":[112,794,261,84],"offset":[0,0],"originalSize":[261,84],"capInsets":[0,0,0,0]}},{"__type__":"cc.SpriteFrame","content":{"name":"lanse","texture":"a1kFce2/xNx60AtnsccfV2","rect":[149,1193,192,96],"offset":[0,0],"originalSize":[192,96],"capInsets":[0,0,0,0]}},{"__type__":"cc.SpriteFrame","content":{"name":"tanchuanbg","texture":"a1kFce2/xNx60AtnsccfV2","rect":[821,756,80,78],"offset":[0,0],"originalSize":[80,78],"capInsets":[11,11,11,10]}},[{"__type__":"cc.Prefab","_name":"ArchiveInfo","data":{"__id__":1}},{"__type__":"cc.Node","_name":"archiveinfo","_children":[{"__id__":2},{"__id__":3},{"__id__":7},{"__id__":19},{"__id__":24},{"__id__":31},{"__id__":33}],"_level":1,"_components":[{"__type__":"21f3dVnLxtDJIrTn4h4bU6F","node":{"__id__":1},"close":{"__id__":4},"img":{"__id__":9},"level":{"__id__":16},"artifaname":{"__id__":12},"desc":{"__id__":18},"artifadesc":{"__id__":21},"artifadesc1":{"__id__":23},"nextlevel":{"__id__":26},"nextartifadesc":{"__id__":28},"nextartifadesc1":{"__id__":30},"okBt":{"__id__":38},"shareBt":{"__id__":31},"gemaward":{"__id__":37},"coint":{"__id__":43},"allnode":{"__id__":33}}],"_prefab":{"__type__":"cc.PrefabInfo","root":{"__id__":1},"asset":{"__uuid__":"653l5PsetI3ZLDW8tU6oOk"},"fileId":"34skxWTFNH/rVp3jYAMIXy"},"_contentSize":{"__type__":"cc.Size","width":699,"height":572},"_position":{"__type__":"cc.Vec3","y":-11},"_scale":{"__type__":"cc.Vec3","x":1,"y":1,"z":1}},{"__type__":"cc.Node","_name":"alert-tanchuanbg","_parent":{"__id__":1},"_level":2,"_components":[{"__type__":"cc.Sprite","node":{"__id__":2},"_spriteFrame":{"__uuid__":"510X4D6aFPGa9wjpS7Ot5t"},"_type":1,"_sizeMode":0}],"_prefab":{"__type__":"cc.PrefabInfo","root":{"__id__":1},"asset":{"__uuid__":"653l5PsetI3ZLDW8tU6oOk"},"fileId":"ae8snolUhCzoTZyCvi15nW"},"_contentSize":{"__type__":"cc.Size","width":699,"height":572},"_scale":{"__type__":"cc.Vec3","x":1,"y":1,"z":1}},{"__type__":"cc.Node","_name":"alert-shangcehng","_parent":{"__id__":1},"_children":[{"__id__":4},{"__id__":6}],"_level":2,"_components":[{"__type__":"cc.Sprite","node":{"__id__":3},"_spriteFrame":{"__uuid__":"b3CLDo9FhEhpyt697OG5HT"},"_sizeMode":0},{"__type__":"cc.Widget","node":{"__id__":3},"_alignFlags":1,"_top":9.5}],"_prefab":{"__type__":"cc.PrefabInfo","root":{"__id__":1},"asset":{"__uuid__":"653l5PsetI3ZLDW8tU6oOk"},"fileId":"5ebdTveGtCRoEBvOeECdRW"},"_contentSize":{"__type__":"cc.Size","width":680,"height":59},"_position":{"__type__":"cc.Vec3","y":247},"_scale":{"__type__":"cc.Vec3","x":1,"y":1,"z":1}},{"__type__":"cc.Node","_name":"cocle","_parent":{"__id__":3},"_children":[{"__id__":5}],"_level":3,"_components":[{"__type__":"cc.Widget","node":{"__id__":4},"_alignFlags":32},{"__type__":"cc.Button","node":{"__id__":4},"_N$transition":3,"transition":3,"_N$target":{"__id__":4}}],"_prefab":{"__type__":"cc.PrefabInfo","root":{"__id__":1},"asset":{"__uuid__":"653l5PsetI3ZLDW8tU6oOk"},"fileId":"27gMHkwaBFXbcSVkxfHmQ+"},"_contentSize":{"__type__":"cc.Size","width":70,"height":70},"_position":{"__type__":"cc.Vec3","x":305},"_scale":{"__type__":"cc.Vec3","x":1,"y":1,"z":1}},{"__type__":"cc.Node","_name":"New Sprite(Splash)","_parent":{"__id__":4},"_level":4,"_components":[{"__type__":"cc.Sprite","node":{"__id__":5},"_spriteFrame":{"__uuid__":"33DcKl9v5Ef6qoSRMZ5ejJ"}}],"_prefab":{"__type__":"cc.PrefabInfo","root":{"__id__":1},"asset":{"__uuid__":"653l5PsetI3ZLDW8tU6oOk"},"fileId":"c5mFyQ3OdAY7YLCUrib3te"},"_contentSize":{"__type__":"cc.Size","width":28,"height":27},"_scale":{"__type__":"cc.Vec3","x":1,"y":1,"z":1}},{"__type__":"cc.Node","_name":"New Label","_parent":{"__id__":3},"_level":3,"_components":[{"__type__":"cc.Label","node":{"__id__":6},"_srcBlendFactor":1,"_useOriginalSize":false,"_string":"神器信息","_N$string":"神器信息","_N$horizontalAlign":1,"_N$verticalAlign":1}],"_prefab":{"__type__":"cc.PrefabInfo","root":{"__id__":1},"asset":{"__uuid__":"653l5PsetI3ZLDW8tU6oOk"},"fileId":"b2T8eaLxxF/6p37Usgmtgl"},"_contentSize":{"__type__":"cc.Size","width":160,"height":40},"_scale":{"__type__":"cc.Vec3","x":1,"y":1,"z":1}},{"__type__":"cc.Node","_name":"alert-bgtongyong","_parent":{"__id__":1},"_children":[{"__id__":8},{"__id__":10},{"__id__":17}],"_level":2,"_components":[{"__type__":"cc.Sprite","node":{"__id__":7},"_spriteFrame":{"__uuid__":"aeaXg6eipEMr1WUC02PxSD"}},{"__type__":"cc.Widget","node":{"__id__":7},"_alignFlags":1,"_top":93.5}],"_prefab":{"__type__":"cc.PrefabInfo","root":{"__id__":1},"asset":{"__uuid__":"653l5PsetI3ZLDW8tU6oOk"},"fileId":"dcUE7epulLCbytr3HTcZ06"},"_contentSize":{"__type__":"cc.Size","width":685,"height":137},"_position":{"__type__":"cc.Vec3","y":124},"_scale":{"__type__":"cc.Vec3","x":1,"y":1,"z":1}},{"__type__":"cc.Node","_name":"New Sprite(Splash)","_parent":{"__id__":7},"_level":3,"_components":[{"__id__":9},{"__type__":"cc.Widget","node":{"__id__":8},"_alignFlags":8,"_left":10}],"_prefab":{"__type__":"cc.PrefabInfo","root":{"__id__":1},"asset":{"__uuid__":"653l5PsetI3ZLDW8tU6oOk"},"fileId":"adfg0uFItLl7/SmHeB0MEz"},"_contentSize":{"__type__":"cc.Size","width":110,"height":110},"_position":{"__type__":"cc.Vec3","x":-277.5},"_scale":{"__type__":"cc.Vec3","x":1,"y":1,"z":1}},{"__type__":"cc.Sprite","node":{"__id__":8},"_spriteFrame":{"__uuid__":"a2MjXRFdtLlYQ5ouAFv/+R"},"_sizeMode":0},{"__type__":"cc.Node","_name":"New Layout","_parent":{"__id__":7},"_children":[{"__id__":11},{"__id__":13}],"_level":3,"_components":[{"__type__":"cc.Sprite","node":{"__id__":10},"_type":1,"_sizeMode":0},{"__type__":"cc.Layout","node":{"__id__":10},"_layoutSize":{"__type__":"cc.Size","width":200,"height":52},"_resize":1,"_N$layoutType":2},{"__type__":"cc.Widget","node":{"__id__":10},"_alignFlags":9,"_left":138.5,"_top":24.5}],"_prefab":{"__type__":"cc.PrefabInfo","root":{"__id__":1},"asset":{"__uuid__":"653l5PsetI3ZLDW8tU6oOk"},"fileId":"b3Y+8qb9dBuoIiUGaqPKz8"},"_contentSize":{"__type__":"cc.Size","width":200,"height":52},"_anchorPoint":{"__type__":"cc.Vec2","y":0.5},"_position":{"__type__":"cc.Vec3","x":-204,"y":18},"_scale":{"__type__":"cc.Vec3","x":1,"y":1,"z":1}},{"__type__":"cc.Node","_name":"name","_parent":{"__id__":10},"_level":4,"_components":[{"__id__":12}],"_prefab":{"__type__":"cc.PrefabInfo","root":{"__id__":1},"asset":{"__uuid__":"653l5PsetI3ZLDW8tU6oOk"},"fileId":"cdtN42EB9I6rER4wL+2AFy"},"_contentSize":{"__type__":"cc.Size","width":96,"height":26},"_anchorPoint":{"__type__":"cc.Vec2","y":0.5},"_position":{"__type__":"cc.Vec3","y":13},"_scale":{"__type__":"cc.Vec3","x":1,"y":1,"z":1}},{"__type__":"cc.Label","node":{"__id__":11},"_srcBlendFactor":1,"_useOriginalSize":false,"_string":"致命打击","_N$string":"致命打击","_fontSize":24,"_lineHeight":26,"_N$horizontalAlign":1,"_N$verticalAlign":1,"_N$fontFamily":"苹方"},{"__type__":"cc.Node","_name":"New Layout","_parent":{"__id__":10},"_children":[{"__id__":14},{"__id__":15}],"_level":4,"_components":[{"__type__":"cc.Sprite","node":{"__id__":13},"_type":1,"_sizeMode":0},{"__type__":"cc.Layout","node":{"__id__":13},"_layoutSize":{"__type__":"cc.Size","width":43.1,"height":26},"_resize":1,"_N$layoutType":1}],"_prefab":{"__type__":"cc.PrefabInfo","root":{"__id__":1},"asset":{"__uuid__":"653l5PsetI3ZLDW8tU6oOk"},"fileId":"b39fL8l35DWZlJORkxEibk"},"_contentSize":{"__type__":"cc.Size","width":43.1,"height":26},"_anchorPoint":{"__type__":"cc.Vec2","y":0.5},"_position":{"__type__":"cc.Vec3","y":-13},"_scale":{"__type__":"cc.Vec3","x":1,"y":1,"z":1}},{"__type__":"cc.Node","_name":"New Label","_parent":{"__id__":13},"_level":5,"_components":[{"__type__":"cc.Label","node":{"__id__":14},"_srcBlendFactor":1,"_useOriginalSize":false,"_string":"Lv.","_N$string":"Lv.","_fontSize":24,"_lineHeight":26,"_N$horizontalAlign":1,"_N$verticalAlign":1,"_N$fontFamily":"苹方"}],"_prefab":{"__type__":"cc.PrefabInfo","root":{"__id__":1},"asset":{"__uuid__":"653l5PsetI3ZLDW8tU6oOk"},"fileId":"d6aKVXb9ZECo+QJABY8d98"},"_contentSize":{"__type__":"cc.Size","width":31.1,"height":26},"_position":{"__type__":"cc.Vec3","x":15.55},"_scale":{"__type__":"cc.Vec3","x":1,"y":1,"z":1}},{"__type__":"cc.Node","_name":"level","_parent":{"__id__":13},"_level":5,"_components":[{"__id__":16}],"_prefab":{"__type__":"cc.PrefabInfo","root":{"__id__":1},"asset":{"__uuid__":"653l5PsetI3ZLDW8tU6oOk"},"fileId":"52srVpxUVBq4if9ttGNQ02"},"_color":{"__type__":"cc.Color","r":244,"g":184,"b":39},"_contentSize":{"__type__":"cc.Size","width":12,"height":26},"_position":{"__type__":"cc.Vec3","x":37.1,"y":-1.1368683772161603e-13},"_scale":{"__type__":"cc.Vec3","x":1,"y":1,"z":1}},{"__type__":"cc.Label","node":{"__id__":15},"_srcBlendFactor":1,"_useOriginalSize":false,"_string":"2","_N$string":"2","_fontSize":24,"_lineHeight":26,"_N$horizontalAlign":1,"_N$verticalAlign":1,"_N$fontFamily":"苹方"},{"__type__":"cc.Node","_name":"desc","_parent":{"__id__":7},"_level":3,"_components":[{"__id__":18},{"__type__":"cc.Widget","node":{"__id__":17},"_alignFlags":12,"_left":138,"_bottom":17.5}],"_prefab":{"__type__":"cc.PrefabInfo","root":{"__id__":1},"asset":{"__uuid__":"653l5PsetI3ZLDW8tU6oOk"},"fileId":"c1JJOMNBlHy7/yKSs81HTm"},"_color":{"__type__":"cc.Color","r":173,"g":177,"b":203},"_contentSize":{"__type__":"cc.Size","width":540,"height":40},"_anchorPoint":{"__type__":"cc.Vec2","y":0.5},"_position":{"__type__":"cc.Vec3","x":-204.5,"y":-31},"_scale":{"__type__":"cc.Vec3","x":1,"y":1,"z":1}},{"__type__":"cc.Label","node":{"__id__":17},"_srcBlendFactor":1,"_useOriginalSize":false,"_string":"收水电费水电费水电费水电费水电费水电费水电费水电费手动阀发大水电费是否水电费水电费","_N$string":"收水电费水电费水电费水电费水电费水电费水电费水电费手动阀发大水电费是否水电费水电费","_fontSize":18,"_lineHeight":20,"_N$verticalAlign":1,"_N$fontFamily":"苹方","_N$overflow":3},{"__type__":"cc.Node","_name":"New Node","_parent":{"__id__":1},"_children":[{"__id__":20},{"__id__":22}],"_level":2,"_components":[{"__type__":"cc.Layout","node":{"__id__":19},"_layoutSize":{"__type__":"cc.Size","width":300,"height":52},"_resize":1,"_N$layoutType":2},{"__type__":"cc.Widget","node":{"__id__":19},"_alignFlags":9,"_left":19.5,"_top":244}],"_prefab":{"__type__":"cc.PrefabInfo","root":{"__id__":1},"asset":{"__uuid__":"653l5PsetI3ZLDW8tU6oOk"},"fileId":"23RwaOP6lO+Iada1ImM0pn"},"_contentSize":{"__type__":"cc.Size","width":300,"height":52},"_anchorPoint":{"__type__":"cc.Vec2","y":0.5},"_position":{"__type__":"cc.Vec3","x":-330,"y":16},"_scale":{"__type__":"cc.Vec3","x":1,"y":1,"z":1}},{"__type__":"cc.Node","_name":"dem1","_parent":{"__id__":19},"_level":3,"_components":[{"__id__":21}],"_prefab":{"__type__":"cc.PrefabInfo","root":{"__id__":1},"asset":{"__uuid__":"653l5PsetI3ZLDW8tU6oOk"},"fileId":"87I1Bok6xL+pS6jTnCI/bh"},"_contentSize":{"__type__":"cc.Size","width":153.53,"height":26},"_anchorPoint":{"__type__":"cc.Vec2","y":0.5},"_position":{"__type__":"cc.Vec3","y":13},"_scale":{"__type__":"cc.Vec3","x":1,"y":1,"z":1}},{"__type__":"cc.Label","node":{"__id__":20},"_srcBlendFactor":1,"_useOriginalSize":false,"_string":"+90%神器伤害","_N$string":"+90%神器伤害","_fontSize":24,"_lineHeight":26,"_N$horizontalAlign":1,"_N$verticalAlign":1,"_N$fontFamily":"苹方"},{"__type__":"cc.Node","_name":"dem2","_parent":{"__id__":19},"_level":3,"_components":[{"__id__":23}],"_prefab":{"__type__":"cc.PrefabInfo","root":{"__id__":1},"asset":{"__uuid__":"653l5PsetI3ZLDW8tU6oOk"},"fileId":"eeFdiRhQhB8aT3zzleSWZE"},"_contentSize":{"__type__":"cc.Size","width":138,"height":26},"_anchorPoint":{"__type__":"cc.Vec2","y":0.5},"_position":{"__type__":"cc.Vec3","y":-13},"_scale":{"__type__":"cc.Vec3","x":1,"y":1,"z":1}},{"__type__":"cc.Label","node":{"__id__":22},"_srcBlendFactor":1,"_useOriginalSize":false,"_string":"x1.6所有黄金","_N$string":"x1.6所有黄金","_fontSize":24,"_lineHeight":26,"_N$horizontalAlign":1,"_N$verticalAlign":1,"_N$fontFamily":"苹方"},{"__type__":"cc.Node","_name":"New Node","_parent":{"__id__":1},"_children":[{"__id__":25},{"__id__":27},{"__id__":29}],"_level":2,"_components":[{"__type__":"cc.Layout","node":{"__id__":24},"_layoutSize":{"__type__":"cc.Size","width":300,"height":76},"_resize":1,"_N$layoutType":2,"_N$spacingY":5},{"__type__":"cc.Widget","node":{"__id__":24},"_alignFlags":9,"_left":19.5,"_top":360}],"_prefab":{"__type__":"cc.PrefabInfo","root":{"__id__":1},"asset":{"__uuid__":"653l5PsetI3ZLDW8tU6oOk"},"fileId":"d84bpBgedBVqMPm7TBewZW"},"_contentSize":{"__type__":"cc.Size","width":300,"height":76},"_anchorPoint":{"__type__":"cc.Vec2","y":0.5},"_position":{"__type__":"cc.Vec3","x":-330,"y":-112},"_scale":{"__type__":"cc.Vec3","x":1,"y":1,"z":1}},{"__type__":"cc.Node","_name":"nextlevel","_parent":{"__id__":24},"_level":3,"_components":[{"__id__":26}],"_prefab":{"__type__":"cc.PrefabInfo","root":{"__id__":1},"asset":{"__uuid__":"653l5PsetI3ZLDW8tU6oOk"},"fileId":"8dxGtEzMlAv7n6IGn2PtUq"},"_color":{"__type__":"cc.Color","r":244,"g":184,"b":39},"_contentSize":{"__type__":"cc.Size","width":105,"height":22},"_anchorPoint":{"__type__":"cc.Vec2","y":0.5},"_position":{"__type__":"cc.Vec3","y":27},"_scale":{"__type__":"cc.Vec3","x":1,"y":1,"z":1}},{"__type__":"cc.Label","node":{"__id__":25},"_srcBlendFactor":1,"_useOriginalSize":false,"_string":"下个等级   8","_N$string":"下个等级   8","_fontSize":20,"_lineHeight":22,"_N$horizontalAlign":1,"_N$verticalAlign":1,"_N$fontFamily":"苹方"},{"__type__":"cc.Node","_name":"nextdem1","_parent":{"__id__":24},"_level":3,"_components":[{"__id__":28}],"_prefab":{"__type__":"cc.PrefabInfo","root":{"__id__":1},"asset":{"__uuid__":"653l5PsetI3ZLDW8tU6oOk"},"fileId":"22SJQ/JtBJ74IsdZ8AUK1F"},"_color":{"__type__":"cc.Color","r":173,"g":177,"b":203},"_contentSize":{"__type__":"cc.Size","width":71.28,"height":22},"_anchorPoint":{"__type__":"cc.Vec2","y":0.5},"_scale":{"__type__":"cc.Vec3","x":1,"y":1,"z":1}},{"__type__":"cc.Label","node":{"__id__":27},"_srcBlendFactor":1,"_useOriginalSize":false,"_string":"+50伤害","_N$string":"+50伤害","_fontSize":20,"_lineHeight":22,"_N$horizontalAlign":1,"_N$verticalAlign":1,"_N$fontFamily":"苹方"},{"__type__":"cc.Node","_name":"nextdem2","_parent":{"__id__":24},"_level":3,"_components":[{"__id__":30}],"_prefab":{"__type__":"cc.PrefabInfo","root":{"__id__":1},"asset":{"__uuid__":"653l5PsetI3ZLDW8tU6oOk"},"fileId":"aa/PMPRhVB47bFmm2KX1Og"},"_color":{"__type__":"cc.Color","r":173,"g":177,"b":203},"_contentSize":{"__type__":"cc.Size","width":115,"height":22},"_anchorPoint":{"__type__":"cc.Vec2","y":0.5},"_position":{"__type__":"cc.Vec3","y":-27},"_scale":{"__type__":"cc.Vec3","x":1,"y":1,"z":1}},{"__type__":"cc.Label","node":{"__id__":29},"_srcBlendFactor":1,"_useOriginalSize":false,"_string":"x1.8所有黄金","_N$string":"x1.8所有黄金","_fontSize":20,"_lineHeight":22,"_N$horizontalAlign":1,"_N$verticalAlign":1,"_N$fontFamily":"苹方"},{"__type__":"cc.Node","_name":"tanchuangtongyon","_parent":{"__id__":1},"_children":[{"__id__":32}],"_level":2,"_components":[{"__type__":"cc.Sprite","node":{"__id__":31},"_spriteFrame":{"__uuid__":"39PxN1FxBCxLjMGmRJhgVO"}},{"__type__":"cc.Button","node":{"__id__":31},"_N$transition":3,"transition":3,"_N$target":{"__id__":31}}],"_prefab":{"__type__":"cc.PrefabInfo","root":{"__id__":1},"asset":{"__uuid__":"653l5PsetI3ZLDW8tU6oOk"},"fileId":"ddR6eIoQlOT6prtFahpHtg"},"_contentSize":{"__type__":"cc.Size","width":261,"height":84},"_position":{"__type__":"cc.Vec3","y":-360},"_scale":{"__type__":"cc.Vec3","x":1,"y":1,"z":1}},{"__type__":"cc.Node","_name":"New Label","_parent":{"__id__":31},"_level":3,"_components":[{"__type__":"cc.Label","node":{"__id__":32},"_srcBlendFactor":1,"_useOriginalSize":false,"_string":"分享","_N$string":"分享","_fontSize":30,"_lineHeight":32,"_N$horizontalAlign":1,"_N$verticalAlign":1}],"_prefab":{"__type__":"cc.PrefabInfo","root":{"__id__":1},"asset":{"__uuid__":"653l5PsetI3ZLDW8tU6oOk"},"fileId":"aaqcEY6gtBAJbS0220qyWH"},"_contentSize":{"__type__":"cc.Size","width":60,"height":32},"_scale":{"__type__":"cc.Vec3","x":1,"y":1,"z":1}},{"__type__":"cc.Node","_name":"New Node","_parent":{"__id__":1},"_children":[{"__id__":34},{"__id__":38}],"_level":2,"_prefab":{"__type__":"cc.PrefabInfo","root":{"__id__":1},"asset":{"__uuid__":"653l5PsetI3ZLDW8tU6oOk"},"fileId":"ebyK6SGMlO7r7r3pMn5Toy"},"_scale":{"__type__":"cc.Vec3","x":1,"y":1,"z":1}},{"__type__":"cc.Node","_name":"New Node","_parent":{"__id__":33},"_children":[{"__id__":35},{"__id__":36}],"_level":3,"_components":[{"__type__":"cc.Layout","node":{"__id__":34},"_layoutSize":{"__type__":"cc.Size","width":300,"height":44},"_resize":1,"_N$layoutType":2},{"__type__":"cc.Widget","node":{"__id__":34},"_alignFlags":12,"_left":-332,"_bottom":-246}],"_prefab":{"__type__":"cc.PrefabInfo","root":{"__id__":1},"asset":{"__uuid__":"653l5PsetI3ZLDW8tU6oOk"},"fileId":"2aDSXM93lMMrjTVPWsj4rn"},"_contentSize":{"__type__":"cc.Size","width":300,"height":44},"_anchorPoint":{"__type__":"cc.Vec2","y":0.5},"_position":{"__type__":"cc.Vec3","x":-332,"y":-224},"_scale":{"__type__":"cc.Vec3","x":1,"y":1,"z":1}},{"__type__":"cc.Node","_name":"title","_parent":{"__id__":34},"_level":3,"_components":[{"__type__":"cc.Label","node":{"__id__":35},"_srcBlendFactor":1,"_useOriginalSize":false,"_string":"重新利用","_N$string":"重新利用","_fontSize":20,"_lineHeight":22,"_N$horizontalAlign":1,"_N$verticalAlign":1,"_N$fontFamily":"苹方"}],"_prefab":{"__type__":"cc.PrefabInfo","root":{"__id__":1},"asset":{"__uuid__":"653l5PsetI3ZLDW8tU6oOk"},"fileId":"f6ePTgwzxPQYP/0QYgWfYK"},"_color":{"__type__":"cc.Color","r":72,"g":157,"b":243},"_contentSize":{"__type__":"cc.Size","width":80,"height":22},"_anchorPoint":{"__type__":"cc.Vec2","y":0.5},"_position":{"__type__":"cc.Vec3","y":11},"_scale":{"__type__":"cc.Vec3","x":1,"y":1,"z":1}},{"__type__":"cc.Node","_name":"gem","_parent":{"__id__":34},"_level":3,"_components":[{"__id__":37}],"_prefab":{"__type__":"cc.PrefabInfo","root":{"__id__":1},"asset":{"__uuid__":"653l5PsetI3ZLDW8tU6oOk"},"fileId":"58Qjjepf1NPppH9BrBtPj8"},"_contentSize":{"__type__":"cc.Size","height":22},"_anchorPoint":{"__type__":"cc.Vec2","y":0.5},"_position":{"__type__":"cc.Vec3","y":-11},"_scale":{"__type__":"cc.Vec3","x":1,"y":1,"z":1}},{"__type__":"cc.RichText","node":{"__id__":36},"_N$string":"","_N$fontSize":20,"_N$lineHeight":22},{"__type__":"cc.Node","_name":"New Button","_parent":{"__id__":33},"_children":[{"__id__":39},{"__id__":40}],"_level":3,"_components":[{"__type__":"cc.Button","node":{"__id__":38},"_N$transition":3,"transition":3,"_N$normalColor":{"__type__":"cc.Color","r":255,"g":255,"b":255},"_N$pressedColor":{"__type__":"cc.Color","r":255,"g":255,"b":255},"pressedColor":{"__type__":"cc.Color","r":255,"g":255,"b":255},"_N$disabledColor":{"__type__":"cc.Color","r":255,"g":255,"b":255},"_N$pressedSprite":{"__uuid__":"e97GVMl6JHh5Ml5qEDdSGa"},"pressedSprite":{"__uuid__":"e97GVMl6JHh5Ml5qEDdSGa"},"_N$hoverSprite":{"__uuid__":"f0BIwQ8D5Ml7nTNQbh1YlS"},"hoverSprite":{"__uuid__":"f0BIwQ8D5Ml7nTNQbh1YlS"},"_N$disabledSprite":{"__uuid__":"29FYIk+N1GYaeWH/q1NxQO"},"_N$target":{"__id__":38}},{"__type__":"cc.Widget","node":{"__id__":38},"_alignFlags":33,"_right":-323,"_top":174},{"__type__":"cc.Sprite","node":{"__id__":38},"_spriteFrame":{"__uuid__":"4bqNIeoa1H7rm6POkRee/Y"}}],"_prefab":{"__type__":"cc.PrefabInfo","root":{"__id__":1},"asset":{"__uuid__":"653l5PsetI3ZLDW8tU6oOk"},"fileId":"2e29VKj4pLMqcgepGVqjc0"},"_contentSize":{"__type__":"cc.Size","width":192,"height":96},"_position":{"__type__":"cc.Vec3","x":227,"y":-222},"_scale":{"__type__":"cc.Vec3","x":1,"y":1,"z":1}},{"__type__":"cc.Node","_name":"Label","_parent":{"__id__":38},"_components":[{"__type__":"cc.Label","node":{"__id__":39},"_srcBlendFactor":1,"_useOriginalSize":false,"_string":"重新利用","_N$string":"重新利用","_fontSize":30,"_lineHeight":32,"_enableWrapText":false,"_N$horizontalAlign":1,"_N$verticalAlign":1,"_N$overflow":1}],"_prefab":{"__type__":"cc.PrefabInfo","root":{"__id__":1},"asset":{"__uuid__":"653l5PsetI3ZLDW8tU6oOk"},"fileId":"17PWO8UbRG5pESq34BYTRv"},"_contentSize":{"__type__":"cc.Size","width":200,"height":40},"_position":{"__type__":"cc.Vec3","y":-13},"_scale":{"__type__":"cc.Vec3","x":1,"y":1,"z":1}},{"__type__":"cc.Node","_name":"New Layout","_parent":{"__id__":38},"_children":[{"__id__":41},{"__id__":42}],"_level":3,"_components":[{"__type__":"cc.Sprite","node":{"__id__":40},"_type":1,"_sizeMode":0},{"__type__":"cc.Layout","node":{"__id__":40},"_layoutSize":{"__type__":"cc.Size","width":69.37,"height":50},"_resize":1,"_N$layoutType":1,"_N$spacingX":5},{"__type__":"cc.Widget","node":{"__id__":40},"_alignFlags":33,"_right":9.29999999999999,"_top":-5.699999999999999}],"_prefab":{"__type__":"cc.PrefabInfo","root":{"__id__":1},"asset":{"__uuid__":"653l5PsetI3ZLDW8tU6oOk"},"fileId":"adCYA26bxM8aziCLUmXWit"},"_contentSize":{"__type__":"cc.Size","width":69.37,"height":50},"_anchorPoint":{"__type__":"cc.Vec2","x":1,"y":0.5},"_position":{"__type__":"cc.Vec3","x":86.70000000000002,"y":28.700000000000003},"_scale":{"__type__":"cc.Vec3","x":1,"y":1,"z":1}},{"__type__":"cc.Node","_name":"zhuanshi","_parent":{"__id__":40},"_level":4,"_components":[{"__type__":"cc.Sprite","node":{"__id__":41},"_spriteFrame":{"__uuid__":"de0JHSRvpF/p6Fu3WSBcG6"},"_sizeMode":0}],"_prefab":{"__type__":"cc.PrefabInfo","root":{"__id__":1},"asset":{"__uuid__":"653l5PsetI3ZLDW8tU6oOk"},"fileId":"2bdjhnF7pPC47fzlGiGbCr"},"_contentSize":{"__type__":"cc.Size","width":31,"height":25},"_position":{"__type__":"cc.Vec3","x":-53.870000000000005},"_scale":{"__type__":"cc.Vec3","x":1,"y":1,"z":1}},{"__type__":"cc.Node","_name":"New Label","_parent":{"__id__":40},"_level":4,"_components":[{"__id__":43}],"_prefab":{"__type__":"cc.PrefabInfo","root":{"__id__":1},"asset":{"__uuid__":"653l5PsetI3ZLDW8tU6oOk"},"fileId":"575aAJ0TVBxrShMevKF4Vs"},"_contentSize":{"__type__":"cc.Size","width":33.37,"height":22},"_anchorPoint":{"__type__":"cc.Vec2","x":1,"y":0.5},"_position":{"__type__":"cc.Vec3","x":-7.105427357601002e-15,"y":-1.3},"_scale":{"__type__":"cc.Vec3","x":1,"y":1,"z":1}},{"__type__":"cc.Label","node":{"__id__":42},"_srcBlendFactor":1,"_useOriginalSize":false,"_string":"100","_N$string":"100","_fontSize":20,"_lineHeight":22,"_N$horizontalAlign":1,"_N$verticalAlign":1}],{"__type__":"cc.SpriteFrame","content":{"name":"default_sprite_splash","texture":"02delMVqdBD70a/HSD99FK","rect":[0,0,2,2],"offset":[0,0],"originalSize":[2,2],"capInsets":[0,0,0,0]}},{"__type__":"cc.SpriteFrame","content":{"name":"bgtongyong","texture":"a1kFce2/xNx60AtnsccfV2","rect":[62,119,685,137],"offset":[0,0],"originalSize":[685,137],"capInsets":[0,0,0,0]}},{"__type__":"cc.SpriteFrame","content":{"name":"shangcehng","texture":"a1kFce2/xNx60AtnsccfV2","rect":[62,412,679,59],"offset":[0,0],"originalSize":[679,59],"capInsets":[0,0,0,0]}},{"__type__":"cc.SpriteFrame","content":{"name":"zhuanshi","texture":"a1kFce2/xNx60AtnsccfV2","rect":[363,1035,41,32],"offset":[0,0],"originalSize":[41,32],"capInsets":[0,0,0,0]}},{"__type__":"cc.SpriteFrame","content":{"name":"default_btn_pressed","texture":"b4P/PCArtIdIH38t6mlw8Y","rect":[0,0,40,40],"offset":[0,0],"originalSize":[40,40],"capInsets":[12,12,12,12]}},{"__type__":"cc.SpriteFrame","content":{"name":"default_btn_normal","texture":"e8Ueib+qJEhL6mXAHdnwbi","rect":[0,0,40,40],"offset":[0,0],"originalSize":[40,40],"capInsets":[12,12,12,12]}}]