[{"__type__":"cc.SpriteFrame","content":{"name":"bg32","texture":"4eD/aCmg1LgIcL7IwCiaX/","rect":[939,654,132,72],"offset":[0,0],"originalSize":[132,72],"rotated":1,"capInsets":[0,0,0,0]}},{"__type__":"cc.SpriteFrame","content":{"name":"bg21","texture":"4eD/aCmg1LgIcL7IwCiaX/","rect":[775,654,149,130],"offset":[0,0],"originalSize":[149,130],"capInsets":[0,0,0,0]}},{"__type__":"cc.SpriteFrame","content":{"name":"bg31","texture":"4eD/aCmg1LgIcL7IwCiaX/","rect":[939,801,136,69],"offset":[0,0],"originalSize":[136,69],"rotated":1,"capInsets":[0,0,0,0]}},{"__type__":"cc.SpriteFrame","content":{"name":"bg12","texture":"4eD/aCmg1LgIcL7IwCiaX/","rect":[775,476,169,163],"offset":[0,0],"originalSize":[169,163],"capInsets":[0,0,0,0]}},{"__type__":"cc.SpriteFrame","content":{"name":"bg00","texture":"4eD/aCmg1LgIcL7IwCiaX/","rect":[775,10,273,237],"offset":[0,0],"originalSize":[273,237],"rotated":1,"capInsets":[0,0,0,0]}},{"__type__":"cc.SpriteFrame","content":{"name":"bg22","texture":"4eD/aCmg1LgIcL7IwCiaX/","rect":[775,799,149,130],"offset":[0,0],"originalSize":[149,130],"capInsets":[0,0,0,0]}},{"__type__":"cc.SpriteFrame","content":{"name":"bg01","texture":"4eD/aCmg1LgIcL7IwCiaX/","rect":[10,10,750,750],"offset":[0,0],"originalSize":[750,750],"capInsets":[0,0,0,0]}},{"__type__":"cc.SpriteFrame","content":{"name":"bg11","texture":"4eD/aCmg1LgIcL7IwCiaX/","rect":[775,298,169,163],"offset":[0,0],"originalSize":[169,163],"capInsets":[0,0,0,0]}},{"__type__":"cc.SpriteFrame","content":{"name":"bg02","texture":"4eD/aCmg1LgIcL7IwCiaX/","rect":[10,775,750,584],"offset":[0,0],"originalSize":[750,584],"capInsets":[0,0,0,0]}},{"__type__":"cc.SpriteAtlas","_name":"101.plist","_spriteFrames":{"bg00":{"__uuid__":"809H7aNIVLYqmeMUww4zwd"},"bg01":{"__uuid__":"a9OexNejJALaKBkemH58NU"},"bg02":{"__uuid__":"dev2F91PxFmLgroaYGVT9O"},"bg11":{"__uuid__":"dcAq8lOqVEPIXtSgVXBvH+"},"bg12":{"__uuid__":"6dFvXFgjZCC6o9H2wRJ33h"},"bg21":{"__uuid__":"45B4cE+4JL5rXR0u7dAXhV"},"bg22":{"__uuid__":"89KlfLLctJZI2ZwNZ6TDtH"},"bg31":{"__uuid__":"66AGWtkwhLPrFBKiWrAWvI"},"bg32":{"__uuid__":"11nZj4mLBJbr3fC3/O+F68"}}}]