[{"__type__":"cc.SpriteFrame","content":{"name":"top","texture":"a1kFce2/xNx60AtnsccfV2","rect":[488,1250,137,51],"offset":[0,0],"originalSize":[137,51],"capInsets":[0,0,0,0]}},{"__type__":"cc.SpriteFrame","content":{"name":"offbot","texture":"a1kFce2/xNx60AtnsccfV2","rect":[62,476,45,584],"offset":[0,0],"originalSize":[45,584],"capInsets":[9,76,14,75]}},[{"__type__":"cc.Prefab","_name":"content","data":{"__id__":1}},{"__type__":"cc.Node","_name":"myhero","_children":[{"__id__":2},{"__type__":"cc.Node","_name":"tempNode","_parent":{"__id__":1},"_level":2,"_prefab":{"__type__":"cc.PrefabInfo","root":{"__id__":1},"asset":{"__uuid__":"5acOSMk51H2IzfWNKyOHge"},"fileId":"abqbcQXWVM36Cy6XpVhfgh"},"_scale":{"__type__":"cc.Vec3","x":1,"y":1,"z":1}}],"_level":1,"_components":[{"__type__":"d5ab2GuW8BCaahPvBTJSCYN","node":{"__id__":1},"toporbot":{"__id__":5},"close":{"__id__":6},"content":{"__id__":2},"scllveiwnode":{"__id__":22},"scrolview":{"__id__":53}},{"__type__":"2e68f3YkmhJu7GVmUjKa17A","node":{"__id__":1},"itemlayout":{"__id__":24},"item":{"__uuid__":"97KnEx0RVE8ZhDpFq3gHMz"},"itemtitle":{"__uuid__":"beSrQfC2xPXLiB6f8F1EOA"},"allcoin":{"__id__":16},"myherodsp":{"__id__":12},"achi":{"__id__":26},"diam":{"__id__":20}}],"_prefab":{"__type__":"cc.PrefabInfo","root":{"__id__":1},"asset":{"__uuid__":"5acOSMk51H2IzfWNKyOHge"},"fileId":"653opYxGVBVJAQ7jBIazKj"},"_contentSize":{"__type__":"cc.Size","width":750,"height":1334},"_scale":{"__type__":"cc.Vec3","x":1,"y":1,"z":1}},{"__type__":"cc.Node","_name":"content","_parent":{"__id__":1},"_children":[{"__id__":3},{"__id__":7}],"_active":false,"_level":2,"_components":[{"__type__":"cc.Layout","node":{"__id__":2},"_layoutSize":{"__type__":"cc.Size","width":750,"height":1336},"_resize":1,"_N$layoutType":2}],"_prefab":{"__type__":"cc.PrefabInfo","root":{"__id__":1},"asset":{"__uuid__":"5acOSMk51H2IzfWNKyOHge"},"fileId":"59z98yGoVBsbXylLG4gglj"},"_contentSize":{"__type__":"cc.Size","width":750,"height":1336},"_scale":{"__type__":"cc.Vec3","x":1,"y":1,"z":1}},{"__type__":"cc.Node","_name":"New Layout","_parent":{"__id__":2},"_children":[{"__id__":4},{"__id__":6}],"_level":3,"_components":[{"__type__":"cc.Layout","node":{"__id__":3},"_layoutSize":{"__type__":"cc.Size","width":274,"height":51},"_resize":1,"_N$layoutType":1},{"__type__":"cc.Widget","node":{"__id__":3},"_alignFlags":32}],"_prefab":{"__type__":"cc.PrefabInfo","root":{"__id__":1},"asset":{"__uuid__":"5acOSMk51H2IzfWNKyOHge"},"fileId":"efp5DAl39CE6yv/a9VNNQ9"},"_contentSize":{"__type__":"cc.Size","width":274,"height":51},"_position":{"__type__":"cc.Vec3","x":238,"y":642.5},"_scale":{"__type__":"cc.Vec3","x":1,"y":1,"z":1}},{"__type__":"cc.Node","_name":"toporbot","_parent":{"__id__":3},"_level":4,"_components":[{"__id__":5}],"_prefab":{"__type__":"cc.PrefabInfo","root":{"__id__":1},"asset":{"__uuid__":"5acOSMk51H2IzfWNKyOHge"},"fileId":"994Y1StJpGJoldup+ldIxT"},"_contentSize":{"__type__":"cc.Size","width":137,"height":51},"_position":{"__type__":"cc.Vec3","x":-68.5},"_scale":{"__type__":"cc.Vec3","x":1,"y":1,"z":1}},{"__type__":"cc.Sprite","node":{"__id__":4},"_spriteFrame":{"__uuid__":"12qpKJQ3RCbqrybjtU0rwu"}},{"__type__":"cc.Node","_name":"close","_parent":{"__id__":3},"_level":4,"_components":[{"__type__":"cc.Sprite","node":{"__id__":6},"_spriteFrame":{"__uuid__":"f6QNi/9LlAcoWPPZi1FSJA"}}],"_prefab":{"__type__":"cc.PrefabInfo","root":{"__id__":1},"asset":{"__uuid__":"5acOSMk51H2IzfWNKyOHge"},"fileId":"8bbXELdR9K8pbj7OX9z70W"},"_contentSize":{"__type__":"cc.Size","width":137,"height":51},"_position":{"__type__":"cc.Vec3","x":68.5},"_scale":{"__type__":"cc.Vec3","x":1,"y":1,"z":1}},{"__type__":"cc.Node","_name":"New Sprite(Splash)","_parent":{"__id__":2},"_children":[{"__id__":8},{"__id__":21}],"_level":3,"_components":[{"__type__":"cc.Sprite","node":{"__id__":7},"_spriteFrame":{"__uuid__":"18gvDXhbVPo5ajnO6RQPt2"},"_type":1,"_sizeMode":0},{"__type__":"cc.Layout","node":{"__id__":7},"_N$layoutType":2}],"_prefab":{"__type__":"cc.PrefabInfo","root":{"__id__":1},"asset":{"__uuid__":"5acOSMk51H2IzfWNKyOHge"},"fileId":"b455y9ZJpNEJtr7Ps19r2w"},"_contentSize":{"__type__":"cc.Size","width":750,"height":1285},"_position":{"__type__":"cc.Vec3","y":-25.5},"_scale":{"__type__":"cc.Vec3","x":1,"y":1,"z":1}},{"__type__":"cc.Node","_name":"title","_parent":{"__id__":7},"_children":[{"__id__":9},{"__id__":13},{"__id__":17}],"_level":4,"_components":[{"__type__":"cc.Sprite","node":{"__id__":8},"_sizeMode":0},{"__type__":"cc.BlockInputEvents","node":{"__id__":8}}],"_prefab":{"__type__":"cc.PrefabInfo","root":{"__id__":1},"asset":{"__uuid__":"5acOSMk51H2IzfWNKyOHge"},"fileId":"b6OT5vpPVCUpSrHx5FY2m0"},"_contentSize":{"__type__":"cc.Size","width":750,"height":50},"_position":{"__type__":"cc.Vec3","x":2.2737367544323206e-13,"y":617.5},"_scale":{"__type__":"cc.Vec3","x":1,"y":1,"z":1}},{"__type__":"cc.Node","_name":"New Layout","_parent":{"__id__":8},"_children":[{"__id__":10},{"__id__":11}],"_level":4,"_components":[{"__type__":"cc.Layout","node":{"__id__":9},"_layoutSize":{"__type__":"cc.Size","width":138.35,"height":150},"_resize":1,"_N$layoutType":1},{"__type__":"cc.Widget","node":{"__id__":9},"_alignFlags":8,"_left":41.625}],"_prefab":{"__type__":"cc.PrefabInfo","root":{"__id__":1},"asset":{"__uuid__":"5acOSMk51H2IzfWNKyOHge"},"fileId":"02e7bNuB9NvI+5ZsEfz0WH"},"_contentSize":{"__type__":"cc.Size","width":138.35,"height":150},"_position":{"__type__":"cc.Vec3","x":-264.2},"_scale":{"__type__":"cc.Vec3","x":1,"y":1,"z":1}},{"__type__":"cc.Node","_name":"New Label","_parent":{"__id__":9},"_level":5,"_components":[{"__type__":"cc.Label","node":{"__id__":10},"_srcBlendFactor":1,"_useOriginalSize":false,"_string":"点击攻击力:","_N$string":"点击攻击力:","_fontSize":24,"_lineHeight":26,"_N$horizontalAlign":1,"_N$verticalAlign":1}],"_prefab":{"__type__":"cc.PrefabInfo","root":{"__id__":1},"asset":{"__uuid__":"5acOSMk51H2IzfWNKyOHge"},"fileId":"cadrWTYZJA9ZvnNHuOVDaw"},"_contentSize":{"__type__":"cc.Size","width":126.67,"height":26},"_position":{"__type__":"cc.Vec3","x":-5.839999999999996},"_scale":{"__type__":"cc.Vec3","x":1,"y":1,"z":1}},{"__type__":"cc.Node","_name":"dsp","_parent":{"__id__":9},"_level":5,"_components":[{"__id__":12}],"_prefab":{"__type__":"cc.PrefabInfo","root":{"__id__":1},"asset":{"__uuid__":"5acOSMk51H2IzfWNKyOHge"},"fileId":"64sxNoXGNJS4L1GEf/Xyw7"},"_color":{"__type__":"cc.Color","r":246,"g":208,"b":58},"_contentSize":{"__type__":"cc.Size","width":11.68,"height":23},"_position":{"__type__":"cc.Vec3","x":63.33500000000001},"_scale":{"__type__":"cc.Vec3","x":1,"y":1,"z":1}},{"__type__":"cc.Label","node":{"__id__":11},"_srcBlendFactor":1,"_useOriginalSize":false,"_string":"3","_N$string":"3","_fontSize":21,"_lineHeight":23,"_N$horizontalAlign":1,"_N$verticalAlign":1},{"__type__":"cc.Node","_name":"New Sprite(Splash)","_parent":{"__id__":8},"_children":[{"__id__":14},{"__id__":15}],"_level":4,"_components":[{"__type__":"cc.Sprite","node":{"__id__":13},"_spriteFrame":{"__uuid__":"efZhw4g9lDKYd8Os8FPRZU"},"_type":1,"_sizeMode":0},{"__type__":"cc.Widget","node":{"__id__":13},"_alignFlags":37,"_right":17.69999999999999,"_top":12.5,"_bottom":12.5,"_originalHeight":20}],"_prefab":{"__type__":"cc.PrefabInfo","root":{"__id__":1},"asset":{"__uuid__":"5acOSMk51H2IzfWNKyOHge"},"fileId":"d83nnKGgdHqrCszDhB72yk"},"_color":{"__type__":"cc.Color","r":44,"g":44,"b":36},"_contentSize":{"__type__":"cc.Size","width":110,"height":25},"_anchorPoint":{"__type__":"cc.Vec2","x":1,"y":0.5},"_position":{"__type__":"cc.Vec3","x":357.3},"_scale":{"__type__":"cc.Vec3","x":1,"y":1,"z":1}},{"__type__":"cc.Node","_name":"金币拷贝3@2x","_parent":{"__id__":13},"_level":5,"_components":[{"__type__":"cc.Sprite","node":{"__id__":14},"_spriteFrame":{"__uuid__":"758LlCmBtGkoDRCn15LdzW"},"_sizeMode":0}],"_prefab":{"__type__":"cc.PrefabInfo","root":{"__id__":1},"asset":{"__uuid__":"5acOSMk51H2IzfWNKyOHge"},"fileId":"3cgodYJOxBu5WDjCABBUnP"},"_contentSize":{"__type__":"cc.Size","width":30,"height":30},"_position":{"__type__":"cc.Vec3","x":-101.9},"_scale":{"__type__":"cc.Vec3","x":1,"y":1,"z":1}},{"__type__":"cc.Node","_name":"coin","_parent":{"__id__":13},"_level":5,"_components":[{"__id__":16}],"_prefab":{"__type__":"cc.PrefabInfo","root":{"__id__":1},"asset":{"__uuid__":"5acOSMk51H2IzfWNKyOHge"},"fileId":"2cNrxntnVMbpiguWG1SqYa"},"_contentSize":{"__type__":"cc.Size","width":85,"height":22},"_anchorPoint":{"__type__":"cc.Vec2","x":1,"y":0.5},"_position":{"__type__":"cc.Vec3","x":-0.6000000000000001},"_scale":{"__type__":"cc.Vec3","x":1,"y":1,"z":1}},{"__type__":"cc.Label","node":{"__id__":15},"_srcBlendFactor":1,"_useOriginalSize":false,"_string":"6800000","_N$string":"6800000","_fontSize":20,"_lineHeight":22,"_enableWrapText":false,"_N$verticalAlign":1,"_N$overflow":1},{"__type__":"cc.Node","_name":"New Sprite(Splash)","_parent":{"__id__":8},"_children":[{"__id__":18},{"__id__":19}],"_level":5,"_components":[{"__type__":"cc.Sprite","node":{"__id__":17},"_spriteFrame":{"__uuid__":"efZhw4g9lDKYd8Os8FPRZU"},"_type":1,"_sizeMode":0},{"__type__":"cc.Widget","node":{"__id__":17},"_alignFlags":37,"_right":145.4,"_top":12.5,"_bottom":12.5,"_originalHeight":20}],"_prefab":{"__type__":"cc.PrefabInfo","root":{"__id__":1},"asset":{"__uuid__":"5acOSMk51H2IzfWNKyOHge"},"fileId":"03rLFo4QZGC4lu1rUE6Z+z"},"_color":{"__type__":"cc.Color","r":44,"g":44,"b":36},"_contentSize":{"__type__":"cc.Size","width":110,"height":25},"_anchorPoint":{"__type__":"cc.Vec2","x":1,"y":0.5},"_position":{"__type__":"cc.Vec3","x":229.6},"_scale":{"__type__":"cc.Vec3","x":1,"y":1,"z":1}},{"__type__":"cc.Node","_name":"金币拷贝3@2x","_parent":{"__id__":17},"_level":5,"_components":[{"__type__":"cc.Sprite","node":{"__id__":18},"_spriteFrame":{"__uuid__":"de0JHSRvpF/p6Fu3WSBcG6"},"_sizeMode":0}],"_prefab":{"__type__":"cc.PrefabInfo","root":{"__id__":1},"asset":{"__uuid__":"5acOSMk51H2IzfWNKyOHge"},"fileId":"13hWmiJJpBNKWgdUA6eZ5V"},"_contentSize":{"__type__":"cc.Size","width":35,"height":30},"_position":{"__type__":"cc.Vec3","x":-106},"_scale":{"__type__":"cc.Vec3","x":1,"y":1,"z":1}},{"__type__":"cc.Node","_name":"diamond","_parent":{"__id__":17},"_level":5,"_components":[{"__id__":20}],"_prefab":{"__type__":"cc.PrefabInfo","root":{"__id__":1},"asset":{"__uuid__":"5acOSMk51H2IzfWNKyOHge"},"fileId":"d3ZCNo03hJe58fFt0P+7Ow"},"_contentSize":{"__type__":"cc.Size","width":85,"height":22},"_anchorPoint":{"__type__":"cc.Vec2","x":1,"y":0.5},"_position":{"__type__":"cc.Vec3","x":-2},"_scale":{"__type__":"cc.Vec3","x":1,"y":1,"z":1}},{"__type__":"cc.Label","node":{"__id__":19},"_srcBlendFactor":1,"_useOriginalSize":false,"_string":"333.12JA","_N$string":"333.12JA","_fontSize":20,"_lineHeight":22,"_enableWrapText":false,"_N$verticalAlign":1,"_N$overflow":1},{"__type__":"cc.Node","_name":"New Sprite(Splash)","_parent":{"__id__":7},"_children":[{"__id__":22}],"_level":4,"_prefab":{"__type__":"cc.PrefabInfo","root":{"__id__":1},"asset":{"__uuid__":"5acOSMk51H2IzfWNKyOHge"},"fileId":"704IYgyUpKM4p8Unro+qZA"},"_color":{"__type__":"cc.Color","r":44,"g":44,"b":44},"_contentSize":{"__type__":"cc.Size","width":750,"height":1235},"_position":{"__type__":"cc.Vec3","y":-25},"_scale":{"__type__":"cc.Vec3","x":1,"y":1,"z":1}},{"__type__":"cc.Node","_name":"scrollview","_parent":{"__id__":21},"_children":[{"__id__":23}],"_level":4,"_components":[{"__id__":53},{"__type__":"cc.Widget","node":{"__id__":22},"_alignFlags":1}],"_prefab":{"__type__":"cc.PrefabInfo","root":{"__id__":1},"asset":{"__uuid__":"5acOSMk51H2IzfWNKyOHge"},"fileId":"5cIf3BV51JV6GOUUBOWSid"},"_contentSize":{"__type__":"cc.Size","width":750,"height":667},"_anchorPoint":{"__type__":"cc.Vec2","x":0.5,"y":1},"_position":{"__type__":"cc.Vec3","y":617.5},"_scale":{"__type__":"cc.Vec3","x":1,"y":1,"z":1}},{"__type__":"cc.Node","_name":"view","_parent":{"__id__":22},"_children":[{"__id__":24}],"_components":[{"__type__":"cc.Mask","node":{"__id__":23}},{"__type__":"cc.Widget","node":{"__id__":23},"alignMode":2,"_alignFlags":45,"_originalWidth":750,"_originalHeight":667}],"_prefab":{"__type__":"cc.PrefabInfo","root":{"__id__":1},"asset":{"__uuid__":"5acOSMk51H2IzfWNKyOHge"},"fileId":"20XsWMEU1P7a+v5vLwkoWU"},"_contentSize":{"__type__":"cc.Size","width":750,"height":667},"_anchorPoint":{"__type__":"cc.Vec2","x":0.5,"y":1},"_scale":{"__type__":"cc.Vec3","x":1,"y":1,"z":1}},{"__type__":"cc.Node","_name":"itemcontent","_parent":{"__id__":23},"_children":[{"__id__":25}],"_level":1,"_components":[{"__type__":"cc.Layout","node":{"__id__":24},"_layoutSize":{"__type__":"cc.Size","width":200,"height":400},"_resize":1,"_N$layoutType":2,"_N$paddingBottom":300,"_N$spacingY":5}],"_prefab":{"__type__":"cc.PrefabInfo","root":{"__id__":1},"asset":{"__uuid__":"5acOSMk51H2IzfWNKyOHge"},"fileId":"b3t+Gb1KVA5IrCUYrDianH"},"_color":{"__type__":"cc.Color","r":44,"g":44,"b":44},"_contentSize":{"__type__":"cc.Size","width":200,"height":400},"_anchorPoint":{"__type__":"cc.Vec2","x":0.5,"y":1},"_scale":{"__type__":"cc.Vec3","x":1,"y":1,"z":1}},{"__type__":"cc.Node","_name":"user","_parent":{"__id__":24},"_children":[{"__id__":26},{"__id__":34}],"_level":3,"_components":[{"__type__":"cc.Sprite","node":{"__id__":25},"_sizeMode":0},{"__type__":"b1886Niq/5GlJhGE0V4eta5","node":{"__id__":25}}],"_prefab":{"__type__":"cc.PrefabInfo","root":{"__id__":1},"asset":{"__uuid__":"5acOSMk51H2IzfWNKyOHge"},"fileId":"0cTpXP+RFEqqL7GQUdDhhT"},"_color":{"__type__":"cc.Color","r":44,"g":44,"b":44},"_contentSize":{"__type__":"cc.Size","width":750,"height":100},"_position":{"__type__":"cc.Vec3","y":-50},"_scale":{"__type__":"cc.Vec3","x":1,"y":1,"z":1}},{"__type__":"cc.Node","_name":"achievement","_parent":{"__id__":25},"_children":[{"__id__":27},{"__id__":33}],"_level":4,"_components":[{"__type__":"cc.Layout","node":{"__id__":26},"_layoutSize":{"__type__":"cc.Size","width":60,"height":81},"_resize":1,"_N$layoutType":2},{"__type__":"cc.Widget","node":{"__id__":26},"_alignFlags":8,"_left":19.100000000000023},{"__type__":"cc.Button","node":{"__id__":26},"_N$transition":3,"transition":3,"_N$target":{"__id__":26}}],"_prefab":{"__type__":"cc.PrefabInfo","root":{"__id__":1},"asset":{"__uuid__":"5acOSMk51H2IzfWNKyOHge"},"fileId":"a9kAQZbrtFwqRdibS6s+Ce"},"_contentSize":{"__type__":"cc.Size","width":60,"height":81},"_position":{"__type__":"cc.Vec3","x":-325.9},"_scale":{"__type__":"cc.Vec3","x":1,"y":1,"z":1}},{"__type__":"cc.Node","_name":"achievement ","_parent":{"__id__":26},"_children":[{"__id__":28}],"_level":5,"_components":[{"__id__":32},{"__type__":"32540GFq4FAT5ZSyUpi/XyW","node":{"__id__":27},"img":{"__id__":32},"url":"texture/myhero/chengjiu.png"}],"_prefab":{"__type__":"cc.PrefabInfo","root":{"__id__":1},"asset":{"__uuid__":"5acOSMk51H2IzfWNKyOHge"},"fileId":"5arDyZdDtDoJp2A1o4ZOFI"},"_contentSize":{"__type__":"cc.Size","width":48,"height":59},"_position":{"__type__":"cc.Vec3","y":11},"_scale":{"__type__":"cc.Vec3","x":1,"y":1,"z":1}},{"__type__":"cc.Node","_name":"nownode","_parent":{"__id__":27},"_children":[{"__id__":29}],"_level":6,"_components":[{"__type__":"cc.Widget","node":{"__id__":28},"_alignFlags":33},{"__type__":"e3479iAGVZKSav0YYzE5i1n","node":{"__id__":28},"count":{"__id__":31},"type":5,"bg":{"__id__":29}},{"__type__":"c32d3/RV3xNvKlWl8y5Qfpd","node":{"__id__":28}}],"_prefab":{"__type__":"cc.PrefabInfo","root":{"__id__":1},"asset":{"__uuid__":"5acOSMk51H2IzfWNKyOHge"},"fileId":"11+uEisRdHb6XOxX4lEJKP"},"_contentSize":{"__type__":"cc.Size","width":33,"height":33},"_position":{"__type__":"cc.Vec3","x":7.5,"y":13},"_scale":{"__type__":"cc.Vec3","x":1,"y":1,"z":1}},{"__type__":"cc.Node","_name":"nowimg","_parent":{"__id__":28},"_children":[{"__id__":30}],"_active":false,"_level":2,"_components":[{"__type__":"cc.Sprite","node":{"__id__":29},"_spriteFrame":{"__uuid__":"feneBpRqdJCKkZJU3JeSj5"}}],"_prefab":{"__type__":"cc.PrefabInfo","root":{"__id__":1},"asset":{"__uuid__":"5acOSMk51H2IzfWNKyOHge"},"fileId":"fbECs4NM5Aup6Qh/ziNaEx"},"_contentSize":{"__type__":"cc.Size","width":33,"height":33},"_scale":{"__type__":"cc.Vec3","x":1,"y":1,"z":1}},{"__type__":"cc.Node","_name":"count","_parent":{"__id__":29},"_level":2,"_components":[{"__id__":31}],"_prefab":{"__type__":"cc.PrefabInfo","root":{"__id__":1},"asset":{"__uuid__":"5acOSMk51H2IzfWNKyOHge"},"fileId":"c4g1GVpm5GCLN1M6TjK+M4"},"_contentSize":{"__type__":"cc.Size","width":11.12,"height":22},"_scale":{"__type__":"cc.Vec3","x":1,"y":1,"z":1}},{"__type__":"cc.Label","node":{"__id__":30},"_srcBlendFactor":1,"_useOriginalSize":false,"_string":"1","_N$string":"1","_fontSize":20,"_lineHeight":22,"_N$horizontalAlign":1,"_N$verticalAlign":1},{"__type__":"cc.Sprite","node":{"__id__":27}},{"__type__":"cc.Node","_name":"New Label","_parent":{"__id__":26},"_level":5,"_components":[{"__type__":"cc.Label","node":{"__id__":33},"_srcBlendFactor":1,"_useOriginalSize":false,"_string":"成就","_N$string":"成就","_fontSize":20,"_lineHeight":22,"_N$horizontalAlign":1,"_N$verticalAlign":1}],"_prefab":{"__type__":"cc.PrefabInfo","root":{"__id__":1},"asset":{"__uuid__":"5acOSMk51H2IzfWNKyOHge"},"fileId":"159sDkMC1Nras1Yw7/S2VJ"},"_contentSize":{"__type__":"cc.Size","width":40,"height":22},"_position":{"__type__":"cc.Vec3","y":-29.5},"_scale":{"__type__":"cc.Vec3","x":1,"y":1,"z":1}},{"__type__":"cc.Node","_name":"buylayout","_parent":{"__id__":25},"_children":[{"__id__":35},{"__id__":48},{"__id__":49}],"_level":4,"_components":[{"__type__":"5ff40EGOZtA6LRC4MsOjSaI","node":{"__id__":34},"buystate":{"__id__":49},"multiplayout":{"__id__":35},"showNode":[{"__id__":26}]},{"__type__":"3c769gAzvpNCKKHVkplkBKR","node":{"__id__":34},"multipleBt":[{"__id__":36},{"__id__":39},{"__id__":42},{"__id__":45}],"textmultiple":{"__id__":51},"type":0}],"_prefab":{"__type__":"cc.PrefabInfo","root":{"__id__":1},"asset":{"__uuid__":"5acOSMk51H2IzfWNKyOHge"},"fileId":"a9JObB1XFLu4s7J5XwJ+u0"},"_color":{"__type__":"cc.Color","r":44,"g":44,"b":44},"_contentSize":{"__type__":"cc.Size","width":750,"height":100},"_anchorPoint":{"__type__":"cc.Vec2","x":1,"y":0.5},"_position":{"__type__":"cc.Vec3","x":375},"_scale":{"__type__":"cc.Vec3","x":1,"y":1,"z":1}},{"__type__":"cc.Node","_name":"New Layout","_parent":{"__id__":34},"_children":[{"__id__":36},{"__id__":39},{"__id__":42},{"__id__":45}],"_level":5,"_components":[{"__type__":"cc.Sprite","node":{"__id__":35},"_type":1,"_sizeMode":0},{"__type__":"cc.Layout","node":{"__id__":35},"_layoutSize":{"__type__":"cc.Size","width":527,"height":150},"_resize":1,"_N$layoutType":1,"_N$spacingX":5}],"_prefab":{"__type__":"cc.PrefabInfo","root":{"__id__":1},"asset":{"__uuid__":"5acOSMk51H2IzfWNKyOHge"},"fileId":"8boAGeukhCfKSlqQe+ylKD"},"_color":{"__type__":"cc.Color","r":40,"g":45,"b":48},"_contentSize":{"__type__":"cc.Size","width":527,"height":150},"_position":{"__type__":"cc.Vec3","x":-474,"y":-7},"_scale":{"__type__":"cc.Vec3","x":1,"y":1,"z":1}},{"__type__":"cc.Node","_name":"buymax","_parent":{"__id__":35},"_children":[{"__id__":37}],"_level":6,"_components":[{"__id__":38},{"__type__":"cc.Button","node":{"__id__":36},"_N$transition":3,"transition":3,"_N$target":{"__id__":36}},{"__type__":"32540GFq4FAT5ZSyUpi/XyW","node":{"__id__":36},"img":{"__id__":38},"url":"texture/myhero/countbuylaout.png"}],"_prefab":{"__type__":"cc.PrefabInfo","root":{"__id__":1},"asset":{"__uuid__":"5acOSMk51H2IzfWNKyOHge"},"fileId":"c3444TsSREGK47p/vub368"},"_contentSize":{"__type__":"cc.Size","width":128,"height":60},"_position":{"__type__":"cc.Vec3","x":-199.5},"_scale":{"__type__":"cc.Vec3","x":1,"y":1,"z":1}},{"__type__":"cc.Node","_name":"New Label","_parent":{"__id__":36},"_level":6,"_components":[{"__type__":"cc.Label","node":{"__id__":37},"_srcBlendFactor":1,"_useOriginalSize":false,"_string":"最大","_N$string":"最大","_fontSize":30,"_lineHeight":32,"_N$horizontalAlign":1,"_N$verticalAlign":1}],"_prefab":{"__type__":"cc.PrefabInfo","root":{"__id__":1},"asset":{"__uuid__":"5acOSMk51H2IzfWNKyOHge"},"fileId":"45p1BUlq9C8Ldztb5rmRq1"},"_contentSize":{"__type__":"cc.Size","width":60,"height":32},"_scale":{"__type__":"cc.Vec3","x":1,"y":1,"z":1}},{"__type__":"cc.Sprite","node":{"__id__":36}},{"__type__":"cc.Node","_name":"buytenhu","_parent":{"__id__":35},"_children":[{"__id__":40}],"_level":6,"_components":[{"__id__":41},{"__type__":"cc.Button","node":{"__id__":39},"_N$transition":3,"transition":3,"_N$target":{"__id__":39}},{"__type__":"32540GFq4FAT5ZSyUpi/XyW","node":{"__id__":39},"img":{"__id__":41},"url":"texture/myhero/countbuylaout.png"}],"_prefab":{"__type__":"cc.PrefabInfo","root":{"__id__":1},"asset":{"__uuid__":"5acOSMk51H2IzfWNKyOHge"},"fileId":"23nSV1SVNDnb35p5La9kDs"},"_contentSize":{"__type__":"cc.Size","width":128,"height":60},"_position":{"__type__":"cc.Vec3","x":-66.5},"_scale":{"__type__":"cc.Vec3","x":1,"y":1,"z":1}},{"__type__":"cc.Node","_name":"New Label","_parent":{"__id__":39},"_level":6,"_components":[{"__type__":"cc.Label","node":{"__id__":40},"_srcBlendFactor":1,"_useOriginalSize":false,"_string":"x100","_N$string":"x100","_fontSize":30,"_lineHeight":32,"_N$horizontalAlign":1,"_N$verticalAlign":1}],"_prefab":{"__type__":"cc.PrefabInfo","root":{"__id__":1},"asset":{"__uuid__":"5acOSMk51H2IzfWNKyOHge"},"fileId":"fcYVf7OVhI9aE9rdD3/pmu"},"_contentSize":{"__type__":"cc.Size","width":65.05,"height":32},"_scale":{"__type__":"cc.Vec3","x":1,"y":1,"z":1}},{"__type__":"cc.Sprite","node":{"__id__":39}},{"__type__":"cc.Node","_name":"buyten","_parent":{"__id__":35},"_children":[{"__id__":43}],"_level":6,"_components":[{"__id__":44},{"__type__":"cc.Button","node":{"__id__":42},"_N$transition":3,"transition":3,"_N$target":{"__id__":42}},{"__type__":"32540GFq4FAT5ZSyUpi/XyW","node":{"__id__":42},"img":{"__id__":44},"url":"texture/myhero/countbuylaout.png"}],"_prefab":{"__type__":"cc.PrefabInfo","root":{"__id__":1},"asset":{"__uuid__":"5acOSMk51H2IzfWNKyOHge"},"fileId":"42PdXVqVNJNJzmj5Uq3zhB"},"_contentSize":{"__type__":"cc.Size","width":128,"height":60},"_position":{"__type__":"cc.Vec3","x":66.5},"_scale":{"__type__":"cc.Vec3","x":1,"y":1,"z":1}},{"__type__":"cc.Node","_name":"New Label","_parent":{"__id__":42},"_level":6,"_components":[{"__type__":"cc.Label","node":{"__id__":43},"_srcBlendFactor":1,"_useOriginalSize":false,"_string":"x10","_N$string":"x10","_fontSize":30,"_lineHeight":32,"_N$horizontalAlign":1,"_N$verticalAlign":1}],"_prefab":{"__type__":"cc.PrefabInfo","root":{"__id__":1},"asset":{"__uuid__":"5acOSMk51H2IzfWNKyOHge"},"fileId":"dakFd5rqVIFYKqrfzMUlFi"},"_contentSize":{"__type__":"cc.Size","width":48.37,"height":32},"_scale":{"__type__":"cc.Vec3","x":1,"y":1,"z":1}},{"__type__":"cc.Sprite","node":{"__id__":42}},{"__type__":"cc.Node","_name":"buyone","_parent":{"__id__":35},"_children":[{"__id__":46}],"_level":6,"_components":[{"__id__":47},{"__type__":"cc.Button","node":{"__id__":45},"_N$transition":3,"transition":3,"_N$target":{"__id__":45}},{"__type__":"32540GFq4FAT5ZSyUpi/XyW","node":{"__id__":45},"img":{"__id__":47},"url":"texture/myhero/countbuylaout.png"}],"_prefab":{"__type__":"cc.PrefabInfo","root":{"__id__":1},"asset":{"__uuid__":"5acOSMk51H2IzfWNKyOHge"},"fileId":"fb6v8RSZVMU4xIkeyp1o5p"},"_contentSize":{"__type__":"cc.Size","width":128,"height":60},"_position":{"__type__":"cc.Vec3","x":199.5},"_scale":{"__type__":"cc.Vec3","x":1,"y":1,"z":1}},{"__type__":"cc.Node","_name":"New Label","_parent":{"__id__":45},"_level":6,"_components":[{"__type__":"cc.Label","node":{"__id__":46},"_srcBlendFactor":1,"_useOriginalSize":false,"_string":"x1","_N$string":"x1","_fontSize":30,"_lineHeight":32,"_N$horizontalAlign":1,"_N$verticalAlign":1}],"_prefab":{"__type__":"cc.PrefabInfo","root":{"__id__":1},"asset":{"__uuid__":"5acOSMk51H2IzfWNKyOHge"},"fileId":"6eu87W9tdNHKgZ85hgqwaZ"},"_contentSize":{"__type__":"cc.Size","width":31.68,"height":32},"_scale":{"__type__":"cc.Vec3","x":1,"y":1,"z":1}},{"__type__":"cc.Sprite","node":{"__id__":45}},{"__type__":"cc.Node","_name":"New Sprite(Splash)","_parent":{"__id__":34},"_level":5,"_components":[{"__type__":"cc.Sprite","node":{"__id__":48},"_sizeMode":0},{"__type__":"cc.Widget","node":{"__id__":48},"_alignFlags":32}],"_prefab":{"__type__":"cc.PrefabInfo","root":{"__id__":1},"asset":{"__uuid__":"5acOSMk51H2IzfWNKyOHge"},"fileId":"54qcVu64RLE4ppXoH0P6YF"},"_color":{"__type__":"cc.Color","r":44,"g":44,"b":44},"_contentSize":{"__type__":"cc.Size","width":192,"height":100},"_position":{"__type__":"cc.Vec3","x":-96},"_scale":{"__type__":"cc.Vec3","x":1,"y":1,"z":1}},{"__type__":"cc.Node","_name":"buy","_parent":{"__id__":34},"_children":[{"__id__":50}],"_level":5,"_components":[{"__id__":52},{"__type__":"cc.Widget","node":{"__id__":49},"_alignFlags":33,"_right":10,"_top":27},{"__type__":"cc.Button","node":{"__id__":49},"_N$transition":3,"transition":3,"_N$target":{"__id__":49}},{"__type__":"32540GFq4FAT5ZSyUpi/XyW","node":{"__id__":49},"img":{"__id__":52},"url":"texture/myhero/countbuy.png"}],"_prefab":{"__type__":"cc.PrefabInfo","root":{"__id__":1},"asset":{"__uuid__":"5acOSMk51H2IzfWNKyOHge"},"fileId":"3e3q2q4JNO5riDn4BeZwiX"},"_contentSize":{"__type__":"cc.Size","width":192,"height":60},"_position":{"__type__":"cc.Vec3","x":-106,"y":-7},"_scale":{"__type__":"cc.Vec3","x":1,"y":1,"z":1}},{"__type__":"cc.Node","_name":"buynumber","_parent":{"__id__":49},"_level":6,"_components":[{"__id__":51}],"_prefab":{"__type__":"cc.PrefabInfo","root":{"__id__":1},"asset":{"__uuid__":"5acOSMk51H2IzfWNKyOHge"},"fileId":"5e0SWW86JBF73UTZQPp6ZY"},"_contentSize":{"__type__":"cc.Size","width":91.68,"height":32},"_scale":{"__type__":"cc.Vec3","x":1,"y":1,"z":1}},{"__type__":"cc.Label","node":{"__id__":50},"_srcBlendFactor":1,"_useOriginalSize":false,"_string":"购买x1","_N$string":"购买x1","_fontSize":30,"_lineHeight":32,"_N$horizontalAlign":1,"_N$verticalAlign":1},{"__type__":"cc.Sprite","node":{"__id__":49},"_sizeMode":0},{"__type__":"cc.ScrollView","node":{"__id__":22},"horizontal":false,"brake":0.75,"bounceDuration":0.23,"_N$content":{"__id__":24},"content":{"__id__":24},"_N$horizontalScrollBar":null,"_N$verticalScrollBar":null}],{"__type__":"cc.SpriteFrame","content":{"name":"jinbikaobei","texture":"a1kFce2/xNx60AtnsccfV2","rect":[930,979,35,36],"offset":[0,0],"originalSize":[35,36],"capInsets":[0,0,0,0]}},{"__type__":"cc.SpriteFrame","content":{"name":"zhuanshi","texture":"a1kFce2/xNx60AtnsccfV2","rect":[363,1035,41,32],"offset":[0,0],"originalSize":[41,32],"capInsets":[0,0,0,0]}},{"__type__":"cc.SpriteFrame","content":{"name":"kuang","texture":"a1kFce2/xNx60AtnsccfV2","rect":[914,371,34,76],"offset":[0,0],"originalSize":[34,76],"capInsets":[10,13,10,13]}},{"__type__":"cc.SpriteFrame","content":{"name":"close2","texture":"a1kFce2/xNx60AtnsccfV2","rect":[488,1194,137,51],"offset":[0,0],"originalSize":[137,51],"capInsets":[0,0,0,0]}},{"__type__":"cc.SpriteFrame","content":{"name":"redttoast","texture":"a1kFce2/xNx60AtnsccfV2","rect":[930,1020,33,33],"offset":[0,0],"originalSize":[33,33],"capInsets":[0,0,0,0]}}]