[{"__type__":"cc.SpriteFrame","content":{"name":"close (2)","texture":"a1kFce2/xNx60AtnsccfV2","rect":[383,897,28,27],"offset":[0,0],"originalSize":[28,27],"capInsets":[0,0,0,0]}},{"__type__":"cc.SpriteFrame","content":{"name":"tanchuangtongyon","texture":"a1kFce2/xNx60AtnsccfV2","rect":[112,794,261,84],"offset":[0,0],"originalSize":[261,84],"capInsets":[0,0,0,0]}},{"__type__":"cc.SpriteFrame","content":{"name":"tanchuanbg","texture":"a1kFce2/xNx60AtnsccfV2","rect":[821,756,80,78],"offset":[0,0],"originalSize":[80,78],"capInsets":[11,11,11,10]}},[{"__type__":"cc.Prefab","_name":"AutoShare","data":{"__id__":1}},{"__type__":"cc.Node","_name":"AutoShare","_children":[{"__id__":2}],"_level":1,"_components":[{"__type__":"68ff3a5jGVF7ZVyQSfq2nYb","node":{"__id__":1},"imge":{"__id__":9},"text1":{"__id__":12},"value":{"__id__":14},"text2":{"__id__":16},"diam":{"__id__":26},"share":{"__id__":28},"close":{"__id__":6},"tuibian":{"__id__":19},"shareBtTX":{"__id__":30},"titleTx":{"__id__":5},"contentTx":{"__id__":18},"mesgTx":{"__id__":32}}],"_prefab":{"__type__":"cc.PrefabInfo","root":{"__id__":1},"asset":{"__uuid__":"69YaF9QPpEpb0AC7Ln+rb4"},"fileId":"30KZmyivZBBZ7p7/UCZsGu"},"_contentSize":{"__type__":"cc.Size","width":680,"height":890},"_scale":{"__type__":"cc.Vec3","x":1,"y":1,"z":1}},{"__type__":"cc.Node","_name":"bg","_parent":{"__id__":1},"_children":[{"__id__":3},{"__id__":8},{"__id__":10},{"__id__":17},{"__id__":19},{"__id__":28},{"__id__":31}],"_level":2,"_components":[{"__type__":"cc.Sprite","node":{"__id__":2},"_spriteFrame":{"__uuid__":"510X4D6aFPGa9wjpS7Ot5t"},"_type":1,"_sizeMode":0},{"__type__":"cc.Layout","node":{"__id__":2},"_layoutSize":{"__type__":"cc.Size","width":680,"height":891},"_resize":1,"_N$layoutType":2,"_N$paddingTop":10,"_N$paddingBottom":20,"_N$spacingY":20}],"_prefab":{"__type__":"cc.PrefabInfo","root":{"__id__":1},"asset":{"__uuid__":"69YaF9QPpEpb0AC7Ln+rb4"},"fileId":"7fzFyxPadI7548aCpV+e+u"},"_contentSize":{"__type__":"cc.Size","width":680,"height":891},"_scale":{"__type__":"cc.Vec3","x":1,"y":1,"z":1}},{"__type__":"cc.Node","_name":"shangcehng","_parent":{"__id__":2},"_children":[{"__id__":4},{"__id__":6}],"_level":3,"_components":[{"__type__":"cc.Sprite","node":{"__id__":3},"_spriteFrame":{"__uuid__":"b3CLDo9FhEhpyt697OG5HT"},"_type":1,"_sizeMode":0}],"_prefab":{"__type__":"cc.PrefabInfo","root":{"__id__":1},"asset":{"__uuid__":"69YaF9QPpEpb0AC7Ln+rb4"},"fileId":"3104gERZNDBbFpQ9jIvB/3"},"_contentSize":{"__type__":"cc.Size","width":660,"height":59},"_position":{"__type__":"cc.Vec3","y":406},"_scale":{"__type__":"cc.Vec3","x":1,"y":1,"z":1}},{"__type__":"cc.Node","_name":"title","_parent":{"__id__":3},"_level":4,"_components":[{"__id__":5}],"_prefab":{"__type__":"cc.PrefabInfo","root":{"__id__":1},"asset":{"__uuid__":"69YaF9QPpEpb0AC7Ln+rb4"},"fileId":"21vKyJw6dEobOHwXKSMMko"},"_contentSize":{"__type__":"cc.Size","width":160,"height":40},"_scale":{"__type__":"cc.Vec3","x":1,"y":1,"z":1}},{"__type__":"cc.Label","node":{"__id__":4},"_srcBlendFactor":1,"_useOriginalSize":false,"_string":"分享荣耀","_N$string":"分享荣耀","_N$horizontalAlign":1,"_N$verticalAlign":1,"_N$fontFamily":"苹方"},{"__type__":"cc.Node","_name":"closenode","_parent":{"__id__":3},"_children":[{"__id__":7}],"_level":4,"_components":[{"__type__":"cc.Widget","node":{"__id__":6},"_alignFlags":32,"_right":0.5},{"__type__":"cc.Button","node":{"__id__":6},"_N$transition":3,"transition":3,"_N$target":{"__id__":6}}],"_prefab":{"__type__":"cc.PrefabInfo","root":{"__id__":1},"asset":{"__uuid__":"69YaF9QPpEpb0AC7Ln+rb4"},"fileId":"ccONDR7PNJnKhqvY6tM8Gx"},"_contentSize":{"__type__":"cc.Size","width":70,"height":70},"_position":{"__type__":"cc.Vec3","x":294.5,"y":2},"_scale":{"__type__":"cc.Vec3","x":1,"y":1,"z":1}},{"__type__":"cc.Node","_name":"close (2)","_parent":{"__id__":6},"_level":5,"_components":[{"__type__":"cc.Sprite","node":{"__id__":7},"_spriteFrame":{"__uuid__":"33DcKl9v5Ef6qoSRMZ5ejJ"}}],"_prefab":{"__type__":"cc.PrefabInfo","root":{"__id__":1},"asset":{"__uuid__":"69YaF9QPpEpb0AC7Ln+rb4"},"fileId":"74dq4e6rROYYcjXG7OVFke"},"_contentSize":{"__type__":"cc.Size","width":28,"height":27},"_scale":{"__type__":"cc.Vec3","x":1,"y":1,"z":1}},{"__type__":"cc.Node","_name":"imge","_parent":{"__id__":2},"_level":3,"_components":[{"__id__":9},{"__type__":"cc.Widget","node":{"__id__":8},"_alignFlags":1,"_top":89}],"_prefab":{"__type__":"cc.PrefabInfo","root":{"__id__":1},"asset":{"__uuid__":"69YaF9QPpEpb0AC7Ln+rb4"},"fileId":"7ffbBqvSlARoivCnv7ws4N"},"_contentSize":{"__type__":"cc.Size","width":450,"height":360},"_position":{"__type__":"cc.Vec3","y":176.5},"_scale":{"__type__":"cc.Vec3","x":1,"y":1,"z":1}},{"__type__":"cc.Sprite","node":{"__id__":8},"_sizeMode":0},{"__type__":"cc.Node","_name":"layout","_parent":{"__id__":2},"_children":[{"__id__":11},{"__id__":13},{"__id__":15}],"_level":3,"_components":[{"__type__":"cc.Sprite","node":{"__id__":10},"_type":1,"_sizeMode":0},{"__type__":"cc.Layout","node":{"__id__":10},"_layoutSize":{"__type__":"cc.Size","height":32},"_resize":1,"_N$layoutType":1},{"__type__":"cc.Widget","node":{"__id__":10},"_alignFlags":1,"_top":469}],"_prefab":{"__type__":"cc.PrefabInfo","root":{"__id__":1},"asset":{"__uuid__":"69YaF9QPpEpb0AC7Ln+rb4"},"fileId":"9220B741ZClZGjVlBYLuzX"},"_contentSize":{"__type__":"cc.Size","height":32},"_position":{"__type__":"cc.Vec3","y":-39.5},"_scale":{"__type__":"cc.Vec3","x":1,"y":1,"z":1}},{"__type__":"cc.Node","_name":"content","_parent":{"__id__":10},"_level":4,"_components":[{"__id__":12}],"_prefab":{"__type__":"cc.PrefabInfo","root":{"__id__":1},"asset":{"__uuid__":"69YaF9QPpEpb0AC7Ln+rb4"},"fileId":"22bbTxIKxDY51a8jfJrT5r"},"_contentSize":{"__type__":"cc.Size","height":32},"_scale":{"__type__":"cc.Vec3","x":1,"y":1,"z":1}},{"__type__":"cc.Label","node":{"__id__":11},"_srcBlendFactor":1,"_useOriginalSize":false,"_fontSize":30,"_lineHeight":32,"_N$horizontalAlign":1,"_N$verticalAlign":1},{"__type__":"cc.Node","_name":"value","_parent":{"__id__":10},"_level":4,"_components":[{"__id__":14}],"_prefab":{"__type__":"cc.PrefabInfo","root":{"__id__":1},"asset":{"__uuid__":"69YaF9QPpEpb0AC7Ln+rb4"},"fileId":"88uxF7K8xKCqdNsVHrYgn5"},"_color":{"__type__":"cc.Color","r":246,"g":208,"b":58},"_contentSize":{"__type__":"cc.Size","height":32},"_scale":{"__type__":"cc.Vec3","x":1,"y":1,"z":1}},{"__type__":"cc.Label","node":{"__id__":13},"_srcBlendFactor":1,"_useOriginalSize":false,"_fontSize":30,"_lineHeight":32,"_N$horizontalAlign":1,"_N$verticalAlign":1,"_N$fontFamily":"苹方"},{"__type__":"cc.Node","_name":"text2","_parent":{"__id__":10},"_level":4,"_components":[{"__id__":16}],"_prefab":{"__type__":"cc.PrefabInfo","root":{"__id__":1},"asset":{"__uuid__":"69YaF9QPpEpb0AC7Ln+rb4"},"fileId":"9c4zXG141AtLfDyTXBtuJ4"},"_contentSize":{"__type__":"cc.Size","height":32},"_scale":{"__type__":"cc.Vec3","x":1,"y":1,"z":1}},{"__type__":"cc.Label","node":{"__id__":15},"_srcBlendFactor":1,"_useOriginalSize":false,"_fontSize":30,"_lineHeight":32,"_N$horizontalAlign":1,"_N$verticalAlign":1,"_N$fontFamily":"苹方"},{"__type__":"cc.Node","_name":"sharetext","_parent":{"__id__":2},"_level":3,"_components":[{"__id__":18}],"_prefab":{"__type__":"cc.PrefabInfo","root":{"__id__":1},"asset":{"__uuid__":"69YaF9QPpEpb0AC7Ln+rb4"},"fileId":"4aRExT0K9CHoFq07oNIr1I"},"_contentSize":{"__type__":"cc.Size","width":360,"height":32},"_position":{"__type__":"cc.Vec3","y":-91.5},"_scale":{"__type__":"cc.Vec3","x":1,"y":1,"z":1}},{"__type__":"cc.Label","node":{"__id__":17},"_srcBlendFactor":1,"_useOriginalSize":false,"_string":"分享到群后可领取以下奖励","_N$string":"分享到群后可领取以下奖励","_fontSize":30,"_lineHeight":32.1,"_N$horizontalAlign":1,"_N$verticalAlign":1,"_N$fontFamily":"苹方","_N$overflow":3},{"__type__":"cc.Node","_name":"tuibian","_parent":{"__id__":2},"_children":[{"__id__":20},{"__id__":22}],"_level":3,"_components":[{"__id__":27},{"__type__":"32540GFq4FAT5ZSyUpi/XyW","node":{"__id__":19},"img":{"__id__":27},"url":"texture/myhero/tuibiancontent.png"}],"_prefab":{"__type__":"cc.PrefabInfo","root":{"__id__":1},"asset":{"__uuid__":"69YaF9QPpEpb0AC7Ln+rb4"},"fileId":"ff2i9O6cFEkqzZBwqJuCLx"},"_contentSize":{"__type__":"cc.Size","width":398,"height":147},"_position":{"__type__":"cc.Vec3","y":-201},"_scale":{"__type__":"cc.Vec3","x":1,"y":1,"z":1}},{"__type__":"cc.Node","_name":"titlenode","_parent":{"__id__":19},"_children":[{"__id__":21}],"_level":5,"_prefab":{"__type__":"cc.PrefabInfo","root":{"__id__":1},"asset":{"__uuid__":"69YaF9QPpEpb0AC7Ln+rb4"},"fileId":"86fEVXAt5Ly45e8vDjv2ba"},"_contentSize":{"__type__":"cc.Size","width":398,"height":44},"_position":{"__type__":"cc.Vec3","y":52.2},"_scale":{"__type__":"cc.Vec3","x":1,"y":1,"z":1}},{"__type__":"cc.Node","_name":"title","_parent":{"__id__":20},"_level":6,"_components":[{"__type__":"cc.Label","node":{"__id__":21},"_srcBlendFactor":1,"_useOriginalSize":false,"_string":"分享奖励","_N$string":"分享奖励","_fontSize":30,"_lineHeight":32,"_N$horizontalAlign":1,"_N$verticalAlign":1,"_N$fontFamily":"苹方"}],"_prefab":{"__type__":"cc.PrefabInfo","root":{"__id__":1},"asset":{"__uuid__":"69YaF9QPpEpb0AC7Ln+rb4"},"fileId":"86OL+D+2tDQKpQfOSjSzmX"},"_color":{"__type__":"cc.Color","r":232,"g":139,"b":255},"_contentSize":{"__type__":"cc.Size","width":120,"height":32},"_scale":{"__type__":"cc.Vec3","x":1,"y":1,"z":1}},{"__type__":"cc.Node","_name":"content","_parent":{"__id__":19},"_children":[{"__id__":23},{"__id__":25}],"_level":5,"_components":[{"__type__":"cc.Layout","node":{"__id__":22},"_layoutSize":{"__type__":"cc.Size","width":252.25,"height":100},"_resize":1,"_N$layoutType":1,"_N$spacingX":20}],"_prefab":{"__type__":"cc.PrefabInfo","root":{"__id__":1},"asset":{"__uuid__":"69YaF9QPpEpb0AC7Ln+rb4"},"fileId":"a8GqrYYxVKa7b03/pWEGiG"},"_contentSize":{"__type__":"cc.Size","width":252.25,"height":100},"_position":{"__type__":"cc.Vec3","y":-20},"_scale":{"__type__":"cc.Vec3","x":1,"y":1,"z":1}},{"__type__":"cc.Node","_name":"baoshi","_parent":{"__id__":22},"_level":6,"_components":[{"__id__":24},{"__type__":"32540GFq4FAT5ZSyUpi/XyW","node":{"__id__":23},"img":{"__id__":24},"url":"texture/signin/1.png"}],"_prefab":{"__type__":"cc.PrefabInfo","root":{"__id__":1},"asset":{"__uuid__":"69YaF9QPpEpb0AC7Ln+rb4"},"fileId":"91C3wzL/xNboBMSkyuFV0C"},"_contentSize":{"__type__":"cc.Size","width":75,"height":47},"_position":{"__type__":"cc.Vec3","x":-81.125},"_scale":{"__type__":"cc.Vec3","x":1.2,"y":1.2,"z":1}},{"__type__":"cc.Sprite","node":{"__id__":23},"_sizeMode":0},{"__type__":"cc.Node","_name":"text","_parent":{"__id__":22},"_level":6,"_components":[{"__id__":26}],"_prefab":{"__type__":"cc.PrefabInfo","root":{"__id__":1},"asset":{"__uuid__":"69YaF9QPpEpb0AC7Ln+rb4"},"fileId":"f5Y0dtUkBMc5tibvqrT6F+"},"_contentSize":{"__type__":"cc.Size","width":142.25,"height":40},"_position":{"__type__":"cc.Vec3","x":55},"_scale":{"__type__":"cc.Vec3","x":1,"y":1,"z":1}},{"__type__":"cc.Label","node":{"__id__":25},"_srcBlendFactor":1,"_useOriginalSize":false,"_string":"1个钻石","_N$string":"1个钻石","_N$horizontalAlign":1,"_N$verticalAlign":1},{"__type__":"cc.Sprite","node":{"__id__":19}},{"__type__":"cc.Node","_name":"share","_parent":{"__id__":2},"_children":[{"__id__":29}],"_level":3,"_components":[{"__type__":"cc.Sprite","node":{"__id__":28},"_spriteFrame":{"__uuid__":"39PxN1FxBCxLjMGmRJhgVO"},"_sizeMode":0},{"__type__":"cc.Button","node":{"__id__":28},"_N$transition":3,"transition":3,"_N$target":{"__id__":28}}],"_prefab":{"__type__":"cc.PrefabInfo","root":{"__id__":1},"asset":{"__uuid__":"69YaF9QPpEpb0AC7Ln+rb4"},"fileId":"c6tbhiXAVD6bDqeSJ+d3ic"},"_contentSize":{"__type__":"cc.Size","width":261,"height":84},"_position":{"__type__":"cc.Vec3","y":-336.5},"_scale":{"__type__":"cc.Vec3","x":1,"y":1,"z":1}},{"__type__":"cc.Node","_name":"shareBtTx","_parent":{"__id__":28},"_level":4,"_components":[{"__id__":30}],"_prefab":{"__type__":"cc.PrefabInfo","root":{"__id__":1},"asset":{"__uuid__":"69YaF9QPpEpb0AC7Ln+rb4"},"fileId":"4fDyClhrdNTa6vCu8wMFtd"},"_contentSize":{"__type__":"cc.Size","width":160,"height":40},"_scale":{"__type__":"cc.Vec3","x":1,"y":1,"z":1}},{"__type__":"cc.Label","node":{"__id__":29},"_srcBlendFactor":1,"_useOriginalSize":false,"_string":"领取奖励","_N$string":"领取奖励","_N$horizontalAlign":1,"_N$verticalAlign":1},{"__type__":"cc.Node","_name":"New Label","_parent":{"__id__":2},"_level":3,"_components":[{"__id__":32}],"_prefab":{"__type__":"cc.PrefabInfo","root":{"__id__":1},"asset":{"__uuid__":"69YaF9QPpEpb0AC7Ln+rb4"},"fileId":"a1oeFe5mZMtrwQmCFGlZV1"},"_color":{"__type__":"cc.Color","r":173,"g":177,"b":202},"_contentSize":{"__type__":"cc.Size","width":375,"height":27},"_position":{"__type__":"cc.Vec3","y":-412},"_scale":{"__type__":"cc.Vec3","x":1,"y":1,"z":1}},{"__type__":"cc.Label","node":{"__id__":31},"_srcBlendFactor":1,"_useOriginalSize":false,"_string":"首次解锁分享到群可获得钻石奖励","_N$string":"首次解锁分享到群可获得钻石奖励","_fontSize":25,"_lineHeight":27,"_N$horizontalAlign":1,"_N$verticalAlign":1}],{"__type__":"cc.SpriteFrame","content":{"name":"shangcehng","texture":"a1kFce2/xNx60AtnsccfV2","rect":[62,412,679,59],"offset":[0,0],"originalSize":[679,59],"capInsets":[0,0,0,0]}}]