[{"__type__":"cc.SpriteFrame","content":{"name":"close (2)","texture":"a1kFce2/xNx60AtnsccfV2","rect":[383,897,28,27],"offset":[0,0],"originalSize":[28,27],"capInsets":[0,0,0,0]}},{"__type__":"cc.SpriteFrame","content":{"name":"tanchuangtongyon","texture":"a1kFce2/xNx60AtnsccfV2","rect":[112,794,261,84],"offset":[0,0],"originalSize":[261,84],"capInsets":[0,0,0,0]}},{"__type__":"cc.SpriteFrame","content":{"name":"tanchuanbg","texture":"a1kFce2/xNx60AtnsccfV2","rect":[821,756,80,78],"offset":[0,0],"originalSize":[80,78],"capInsets":[11,11,11,10]}},[{"__type__":"cc.Prefab","_name":"Setting","data":{"__id__":1}},{"__type__":"cc.Node","_name":"setting","_children":[{"__id__":2}],"_level":1,"_components":[{"__type__":"a662378wEdN3pnSZuEvsRVr","node":{"__id__":1},"colse":{"__id__":5},"sound":{"__id__":10},"musie":{"__id__":16},"share":{"__id__":20},"myuserinfo":{"__id__":22},"locksound":{"__id__":11},"lockmusie":{"__id__":17},"course":{"__id__":24}}],"_prefab":{"__type__":"cc.PrefabInfo","root":{"__id__":1},"asset":{"__uuid__":"76McPsLChDdLBhyGvW8puW"},"fileId":"8cIM4bEupMUZSOvd99IwHz"},"_color":{"__type__":"cc.Color","r":110,"g":228,"b":255},"_contentSize":{"__type__":"cc.Size","width":600,"height":550},"_position":{"__type__":"cc.Vec3","y":254},"_scale":{"__type__":"cc.Vec3","x":1,"y":1,"z":1}},{"__type__":"cc.Node","_name":"New Sprite(Splash)","_parent":{"__id__":1},"_children":[{"__id__":3},{"__id__":7},{"__id__":20},{"__id__":22},{"__id__":24}],"_level":2,"_components":[{"__type__":"cc.Sprite","node":{"__id__":2},"_spriteFrame":{"__uuid__":"510X4D6aFPGa9wjpS7Ot5t"},"_type":1,"_sizeMode":0}],"_prefab":{"__type__":"cc.PrefabInfo","root":{"__id__":1},"asset":{"__uuid__":"76McPsLChDdLBhyGvW8puW"},"fileId":"32Y5Z55qJN9JTFIvipwavG"},"_contentSize":{"__type__":"cc.Size","width":500,"height":500},"_scale":{"__type__":"cc.Vec3","x":1,"y":1,"z":1}},{"__type__":"cc.Node","_name":"alert-shangcehng","_parent":{"__id__":2},"_children":[{"__id__":4},{"__id__":5}],"_level":3,"_components":[{"__type__":"cc.Sprite","node":{"__id__":3},"_spriteFrame":{"__uuid__":"b3CLDo9FhEhpyt697OG5HT"},"_type":1,"_sizeMode":0},{"__type__":"cc.Widget","node":{"__id__":3},"_alignFlags":1,"_top":10}],"_prefab":{"__type__":"cc.PrefabInfo","root":{"__id__":1},"asset":{"__uuid__":"76McPsLChDdLBhyGvW8puW"},"fileId":"e3ZJvHCABAr4vOf0M06IQj"},"_contentSize":{"__type__":"cc.Size","width":480,"height":59},"_position":{"__type__":"cc.Vec3","y":210.5},"_scale":{"__type__":"cc.Vec3","x":1,"y":1,"z":1}},{"__type__":"cc.Node","_name":"New Label","_parent":{"__id__":3},"_level":4,"_components":[{"__type__":"cc.Label","node":{"__id__":4},"_srcBlendFactor":1,"_useOriginalSize":false,"_string":"设置","_N$string":"设置","_N$horizontalAlign":1,"_N$verticalAlign":1,"_N$fontFamily":"苹方"}],"_prefab":{"__type__":"cc.PrefabInfo","root":{"__id__":1},"asset":{"__uuid__":"76McPsLChDdLBhyGvW8puW"},"fileId":"a8V87zg3BPsrnPYvsq2r5W"},"_contentSize":{"__type__":"cc.Size","width":80,"height":40},"_scale":{"__type__":"cc.Vec3","x":1,"y":1,"z":1}},{"__type__":"cc.Node","_name":"New Sprite(Splash)","_parent":{"__id__":3},"_children":[{"__id__":6}],"_level":4,"_components":[{"__type__":"cc.Sprite","node":{"__id__":5},"_sizeMode":0},{"__type__":"cc.Widget","node":{"__id__":5},"_alignFlags":32},{"__type__":"cc.Button","node":{"__id__":5},"_N$transition":3,"transition":3,"_N$target":{"__id__":5}}],"_prefab":{"__type__":"cc.PrefabInfo","root":{"__id__":1},"asset":{"__uuid__":"76McPsLChDdLBhyGvW8puW"},"fileId":"0dd1tpfxtCY6tLvtbEq5/Y"},"_contentSize":{"__type__":"cc.Size","width":70,"height":70},"_position":{"__type__":"cc.Vec3","x":205},"_scale":{"__type__":"cc.Vec3","x":1,"y":1,"z":1}},{"__type__":"cc.Node","_name":"New Sprite(Splash)","_parent":{"__id__":5},"_level":5,"_components":[{"__type__":"cc.Sprite","node":{"__id__":6},"_spriteFrame":{"__uuid__":"33DcKl9v5Ef6qoSRMZ5ejJ"}}],"_prefab":{"__type__":"cc.PrefabInfo","root":{"__id__":1},"asset":{"__uuid__":"76McPsLChDdLBhyGvW8puW"},"fileId":"064Yzx9aBBHL/Cw+E1ARXl"},"_contentSize":{"__type__":"cc.Size","width":28,"height":27},"_scale":{"__type__":"cc.Vec3","x":1,"y":1,"z":1}},{"__type__":"cc.Node","_name":"di","_parent":{"__id__":2},"_children":[{"__id__":8},{"__id__":14}],"_level":3,"_components":[{"__type__":"cc.Widget","node":{"__id__":7},"_alignFlags":1,"_top":102},{"__type__":"cc.Sprite","node":{"__id__":7},"_spriteFrame":{"__uuid__":"cdH1MMtBhF2btL6bHCLVCG"},"_type":1,"_sizeMode":0}],"_prefab":{"__type__":"cc.PrefabInfo","root":{"__id__":1},"asset":{"__uuid__":"76McPsLChDdLBhyGvW8puW"},"fileId":"8fBd1/qYVHVah8Hv/kgKZy"},"_contentSize":{"__type__":"cc.Size","width":400,"height":110},"_position":{"__type__":"cc.Vec3","y":93},"_scale":{"__type__":"cc.Vec3","x":1,"y":1,"z":1}},{"__type__":"cc.Node","_name":"New Layout","_parent":{"__id__":7},"_children":[{"__id__":9},{"__id__":10}],"_level":4,"_components":[{"__type__":"cc.Sprite","node":{"__id__":8},"_type":1,"_sizeMode":0},{"__type__":"cc.Layout","node":{"__id__":8},"_layoutSize":{"__type__":"cc.Size","width":100,"height":93},"_resize":1,"_N$layoutType":2},{"__type__":"cc.Widget","node":{"__id__":8},"_alignFlags":10,"_left":70,"_bottom":9.5}],"_prefab":{"__type__":"cc.PrefabInfo","root":{"__id__":1},"asset":{"__uuid__":"76McPsLChDdLBhyGvW8puW"},"fileId":"508O+pUv9F8rAadpAu31+S"},"_contentSize":{"__type__":"cc.Size","width":100,"height":93},"_position":{"__type__":"cc.Vec3","x":-80},"_scale":{"__type__":"cc.Vec3","x":1,"y":1,"z":1}},{"__type__":"cc.Node","_name":"New Label","_parent":{"__id__":8},"_level":5,"_components":[{"__type__":"cc.Label","node":{"__id__":9},"_srcBlendFactor":1,"_useOriginalSize":false,"_string":"声音","_N$string":"声音","_fontSize":24,"_lineHeight":26,"_N$horizontalAlign":1,"_N$verticalAlign":1}],"_prefab":{"__type__":"cc.PrefabInfo","root":{"__id__":1},"asset":{"__uuid__":"76McPsLChDdLBhyGvW8puW"},"fileId":"abolDVR99Chp7Go2b1/ekC"},"_contentSize":{"__type__":"cc.Size","width":48,"height":26},"_position":{"__type__":"cc.Vec3","y":33.5},"_scale":{"__type__":"cc.Vec3","x":1,"y":1,"z":1}},{"__type__":"cc.Node","_name":"sound","_parent":{"__id__":8},"_children":[{"__id__":11}],"_level":5,"_components":[{"__id__":13},{"__type__":"cc.Button","node":{"__id__":10},"_N$transition":3,"transition":3,"_N$target":{"__id__":10}},{"__type__":"32540GFq4FAT5ZSyUpi/XyW","node":{"__id__":10},"img":{"__id__":13},"url":"texture/setting/high-volume@2x.png"}],"_prefab":{"__type__":"cc.PrefabInfo","root":{"__id__":1},"asset":{"__uuid__":"76McPsLChDdLBhyGvW8puW"},"fileId":"a5jBT0Iv1EsZD4BlwHOnFH"},"_contentSize":{"__type__":"cc.Size","width":79,"height":67},"_position":{"__type__":"cc.Vec3","y":-13},"_scale":{"__type__":"cc.Vec3","x":1,"y":1,"z":1}},{"__type__":"cc.Node","_name":"soundlock","_parent":{"__id__":10},"_level":6,"_components":[{"__id__":12},{"__type__":"cc.Widget","node":{"__id__":11},"_alignFlags":36},{"__type__":"32540GFq4FAT5ZSyUpi/XyW","node":{"__id__":11},"img":{"__id__":12},"url":"texture/setting/close.png"}],"_prefab":{"__type__":"cc.PrefabInfo","root":{"__id__":1},"asset":{"__uuid__":"76McPsLChDdLBhyGvW8puW"},"fileId":"092O7lrGFNVpuoXoTuIkS8"},"_contentSize":{"__type__":"cc.Size","width":20,"height":20},"_position":{"__type__":"cc.Vec3","x":29.5,"y":-23.5},"_scale":{"__type__":"cc.Vec3","x":1,"y":1,"z":1}},{"__type__":"cc.Sprite","node":{"__id__":11}},{"__type__":"cc.Sprite","node":{"__id__":10}},{"__type__":"cc.Node","_name":"New Layout","_parent":{"__id__":7},"_children":[{"__id__":15},{"__id__":16}],"_level":4,"_components":[{"__type__":"cc.Sprite","node":{"__id__":14},"_type":1,"_sizeMode":0},{"__type__":"cc.Layout","node":{"__id__":14},"_layoutSize":{"__type__":"cc.Size","width":100,"height":96},"_resize":1,"_N$layoutType":2},{"__type__":"cc.Widget","node":{"__id__":14},"_alignFlags":34,"_right":70}],"_prefab":{"__type__":"cc.PrefabInfo","root":{"__id__":1},"asset":{"__uuid__":"76McPsLChDdLBhyGvW8puW"},"fileId":"dct45SafFFELlsUmMPrQPQ"},"_contentSize":{"__type__":"cc.Size","width":100,"height":96},"_position":{"__type__":"cc.Vec3","x":80},"_scale":{"__type__":"cc.Vec3","x":1,"y":1,"z":1}},{"__type__":"cc.Node","_name":"New Label","_parent":{"__id__":14},"_level":5,"_components":[{"__type__":"cc.Label","node":{"__id__":15},"_srcBlendFactor":1,"_useOriginalSize":false,"_string":"音乐","_N$string":"音乐","_fontSize":24,"_lineHeight":26,"_N$horizontalAlign":1,"_N$verticalAlign":1}],"_prefab":{"__type__":"cc.PrefabInfo","root":{"__id__":1},"asset":{"__uuid__":"76McPsLChDdLBhyGvW8puW"},"fileId":"6emlAXGa1GUr3LwXGkf3LE"},"_contentSize":{"__type__":"cc.Size","width":48,"height":26},"_position":{"__type__":"cc.Vec3","y":35},"_scale":{"__type__":"cc.Vec3","x":1,"y":1,"z":1}},{"__type__":"cc.Node","_name":"musie","_parent":{"__id__":14},"_children":[{"__id__":17}],"_level":5,"_components":[{"__id__":19},{"__type__":"cc.Button","node":{"__id__":16},"_N$transition":3,"transition":3,"_N$target":{"__id__":16}},{"__type__":"32540GFq4FAT5ZSyUpi/XyW","node":{"__id__":16},"img":{"__id__":19},"url":"texture/setting/music@2x.png"}],"_prefab":{"__type__":"cc.PrefabInfo","root":{"__id__":1},"asset":{"__uuid__":"76McPsLChDdLBhyGvW8puW"},"fileId":"25h2DxJrRBJo59QdndsTQg"},"_contentSize":{"__type__":"cc.Size","width":61,"height":70},"_position":{"__type__":"cc.Vec3","y":-13},"_scale":{"__type__":"cc.Vec3","x":1,"y":1,"z":1}},{"__type__":"cc.Node","_name":"musielock","_parent":{"__id__":16},"_level":6,"_components":[{"__id__":18},{"__type__":"cc.Widget","node":{"__id__":17},"_alignFlags":36},{"__type__":"32540GFq4FAT5ZSyUpi/XyW","node":{"__id__":17},"img":{"__id__":18},"url":"texture/setting/close.png"}],"_prefab":{"__type__":"cc.PrefabInfo","root":{"__id__":1},"asset":{"__uuid__":"76McPsLChDdLBhyGvW8puW"},"fileId":"e2Lx4sP3lG+4em41QkKgyn"},"_contentSize":{"__type__":"cc.Size","width":20,"height":20},"_position":{"__type__":"cc.Vec3","x":20.5,"y":-25},"_scale":{"__type__":"cc.Vec3","x":1,"y":1,"z":1}},{"__type__":"cc.Sprite","node":{"__id__":17}},{"__type__":"cc.Sprite","node":{"__id__":16}},{"__type__":"cc.Node","_name":"sharegame","_parent":{"__id__":2},"_children":[{"__id__":21}],"_level":3,"_components":[{"__type__":"cc.Sprite","node":{"__id__":20},"_spriteFrame":{"__uuid__":"39PxN1FxBCxLjMGmRJhgVO"},"_sizeMode":0},{"__type__":"cc.Widget","node":{"__id__":20},"_alignFlags":4,"_bottom":108.5},{"__type__":"cc.Button","node":{"__id__":20},"_N$transition":3,"transition":3,"_N$target":{"__id__":20}}],"_prefab":{"__type__":"cc.PrefabInfo","root":{"__id__":1},"asset":{"__uuid__":"76McPsLChDdLBhyGvW8puW"},"fileId":"ba+M2z7RhEHJcPRDZPCv5d"},"_contentSize":{"__type__":"cc.Size","width":250,"height":70},"_position":{"__type__":"cc.Vec3","y":-106.5},"_scale":{"__type__":"cc.Vec3","x":1,"y":1,"z":1}},{"__type__":"cc.Node","_name":"New Label","_parent":{"__id__":20},"_level":4,"_components":[{"__type__":"cc.Label","node":{"__id__":21},"_srcBlendFactor":1,"_useOriginalSize":false,"_string":"分享游戏","_N$string":"分享游戏","_fontSize":30,"_lineHeight":32,"_N$horizontalAlign":1,"_N$verticalAlign":1}],"_prefab":{"__type__":"cc.PrefabInfo","root":{"__id__":1},"asset":{"__uuid__":"76McPsLChDdLBhyGvW8puW"},"fileId":"972NMa3VlN0JQ2wY40rlJc"},"_contentSize":{"__type__":"cc.Size","width":120,"height":32},"_scale":{"__type__":"cc.Vec3","x":1,"y":1,"z":1}},{"__type__":"cc.Node","_name":"myuserinfo","_parent":{"__id__":2},"_children":[{"__id__":23}],"_level":3,"_components":[{"__type__":"cc.Sprite","node":{"__id__":22},"_spriteFrame":{"__uuid__":"39PxN1FxBCxLjMGmRJhgVO"},"_sizeMode":0},{"__type__":"cc.Widget","node":{"__id__":22},"_alignFlags":4,"_bottom":20.499999999999986},{"__type__":"cc.Button","node":{"__id__":22},"_N$transition":3,"transition":3,"_N$target":{"__id__":22}}],"_prefab":{"__type__":"cc.PrefabInfo","root":{"__id__":1},"asset":{"__uuid__":"76McPsLChDdLBhyGvW8puW"},"fileId":"c1EshihSBHPIePLj0tsKka"},"_contentSize":{"__type__":"cc.Size","width":250,"height":70},"_position":{"__type__":"cc.Vec3","y":-194.5},"_scale":{"__type__":"cc.Vec3","x":1,"y":1,"z":1}},{"__type__":"cc.Node","_name":"New Label","_parent":{"__id__":22},"_level":4,"_components":[{"__type__":"cc.Label","node":{"__id__":23},"_srcBlendFactor":1,"_useOriginalSize":false,"_string":"关于我们","_N$string":"关于我们","_fontSize":30,"_lineHeight":32,"_N$horizontalAlign":1,"_N$verticalAlign":1}],"_prefab":{"__type__":"cc.PrefabInfo","root":{"__id__":1},"asset":{"__uuid__":"76McPsLChDdLBhyGvW8puW"},"fileId":"6cvRpAAExDl501HJ7GS2Fq"},"_contentSize":{"__type__":"cc.Size","width":120,"height":32},"_scale":{"__type__":"cc.Vec3","x":1,"y":1,"z":1}},{"__type__":"cc.Node","_name":"course","_parent":{"__id__":2},"_children":[{"__id__":25}],"_level":3,"_components":[{"__type__":"cc.Sprite","node":{"__id__":24},"_spriteFrame":{"__uuid__":"39PxN1FxBCxLjMGmRJhgVO"},"_sizeMode":0},{"__type__":"cc.Widget","node":{"__id__":24},"_alignFlags":4,"_bottom":192.4},{"__type__":"cc.Button","node":{"__id__":24},"_N$transition":3,"transition":3,"_N$target":{"__id__":24}}],"_prefab":{"__type__":"cc.PrefabInfo","root":{"__id__":1},"asset":{"__uuid__":"76McPsLChDdLBhyGvW8puW"},"fileId":"46xZWUw29C5LklCsYRN+tj"},"_contentSize":{"__type__":"cc.Size","width":250,"height":70},"_position":{"__type__":"cc.Vec3","y":-22.599999999999994},"_scale":{"__type__":"cc.Vec3","x":1,"y":1,"z":1}},{"__type__":"cc.Node","_name":"New Label","_parent":{"__id__":24},"_level":4,"_components":[{"__type__":"cc.Label","node":{"__id__":25},"_srcBlendFactor":1,"_useOriginalSize":false,"_string":"快速入门","_N$string":"快速入门","_fontSize":30,"_lineHeight":32,"_N$horizontalAlign":1,"_N$verticalAlign":1}],"_prefab":{"__type__":"cc.PrefabInfo","root":{"__id__":1},"asset":{"__uuid__":"76McPsLChDdLBhyGvW8puW"},"fileId":"d85P6o56lDjbr6InZAPEDi"},"_contentSize":{"__type__":"cc.Size","width":120,"height":32},"_scale":{"__type__":"cc.Vec3","x":1,"y":1,"z":1}}],{"__type__":"cc.SpriteFrame","content":{"name":"shangcehng","texture":"a1kFce2/xNx60AtnsccfV2","rect":[62,412,679,59],"offset":[0,0],"originalSize":[679,59],"capInsets":[0,0,0,0]}},{"__type__":"cc.SpriteFrame","content":{"name":"bg1","texture":"a1kFce2/xNx60AtnsccfV2","rect":[62,1092,82,214],"offset":[0,0],"originalSize":[82,214],"capInsets":[21,13,15,18]}}]