[{"__type__":"cc.SpriteFrame","content":{"name":"hall_16","texture":"3cyNE3RVFIp6f21rOo5lm3","rect":[601,111,100,100],"offset":[0,0],"originalSize":[100,100],"capInsets":[0,0,0,0]}},{"__type__":"cc.SpriteFrame","content":{"name":"common_1","texture":"8fs7OoLnpP/K7lTM8kKHni","rect":[283,423,123,98],"offset":[0,0],"originalSize":[123,98],"capInsets":[36,36,38,45]}},[{"__type__":"cc.Prefab","_name":"MatchingPop","data":{"__id__":1}},{"__type__":"cc.Node","_name":"MatchingPop","_children":[{"__id__":2}],"_level":1,"_components":[{"__type__":"efd09pxbOFMnaQmjgXyEWcy","node":{"__id__":1},"headers":{"__id__":4}}],"_prefab":{"__type__":"cc.PrefabInfo","root":{"__id__":1},"asset":{"__uuid__":"4dwXiBM+lEM6dzuMHB7Nqq"},"fileId":"0eRitllg5Iw6k+WJfNUuj0"},"_contentSize":{"__type__":"cc.Size","width":750,"height":1334},"_scale":{"__type__":"cc.Vec3","x":1,"y":1,"z":1},"groupIndex":4},{"__type__":"cc.Node","_name":"g1","_parent":{"__id__":1},"_children":[{"__id__":3},{"__id__":4}],"_level":2,"_components":[{"__type__":"cc.Sprite","node":{"__id__":2},"_spriteFrame":{"__uuid__":"2ajsPICAFO74pEuMR2LZT4"},"_type":1,"_sizeMode":0}],"_prefab":{"__type__":"cc.PrefabInfo","root":{"__id__":1},"asset":{"__uuid__":"4dwXiBM+lEM6dzuMHB7Nqq"},"fileId":"f2lBHhtF1Pz4TfqTyHVBPF"},"_contentSize":{"__type__":"cc.Size","width":649,"height":360},"_position":{"__type__":"cc.Vec3","x":-2,"y":46},"_scale":{"__type__":"cc.Vec3","x":1,"y":1,"z":1}},{"__type__":"cc.Node","_name":"hall_14","_parent":{"__id__":2},"_level":3,"_components":[{"__type__":"cc.Sprite","node":{"__id__":3},"_spriteFrame":{"__uuid__":"ef5x85h5FAgrNSMvPhHJrS"}}],"_prefab":{"__type__":"cc.PrefabInfo","root":{"__id__":1},"asset":{"__uuid__":"4dwXiBM+lEM6dzuMHB7Nqq"},"fileId":"2f5VCAi+JDWLPPrIAPRwjP"},"_contentSize":{"__type__":"cc.Size","width":266,"height":43},"_position":{"__type__":"cc.Vec3","y":177},"_scale":{"__type__":"cc.Vec3","x":1,"y":1,"z":1}},{"__type__":"cc.Node","_name":"layout","_parent":{"__id__":2},"_children":[{"__id__":5},{"__id__":9},{"__id__":13},{"__id__":17},{"__id__":21},{"__id__":25},{"__id__":29},{"__id__":33},{"__id__":37},{"__id__":41}],"_level":3,"_components":[{"__type__":"cc.Layout","node":{"__id__":4},"_layoutSize":{"__type__":"cc.Size","width":578,"height":232},"_resize":2,"_N$layoutType":3,"_N$cellSize":{"__type__":"cc.Size","width":106,"height":106},"_N$spacingX":12,"_N$spacingY":20}],"_prefab":{"__type__":"cc.PrefabInfo","root":{"__id__":1},"asset":{"__uuid__":"4dwXiBM+lEM6dzuMHB7Nqq"},"fileId":"30K1aUcH9LB59nYxkwfnVp"},"_contentSize":{"__type__":"cc.Size","width":578,"height":232},"_scale":{"__type__":"cc.Vec3","x":1,"y":1,"z":1}},{"__type__":"cc.Node","_name":"avatar","_parent":{"__id__":4},"_children":[{"__id__":6},{"__id__":8}],"_active":false,"_level":4,"_prefab":{"__type__":"cc.PrefabInfo","root":{"__id__":1},"asset":{"__uuid__":"4dwXiBM+lEM6dzuMHB7Nqq"},"fileId":"09onpcRulDAqBMLVdp6kUu"},"_contentSize":{"__type__":"cc.Size","width":106,"height":106},"_position":{"__type__":"cc.Vec3","x":-236,"y":63},"_scale":{"__type__":"cc.Vec3","x":1,"y":1,"z":1}},{"__type__":"cc.Node","_name":"mask","_parent":{"__id__":5},"_children":[{"__id__":7}],"_level":5,"_components":[{"__type__":"cc.Mask","node":{"__id__":6},"_spriteFrame":{"__uuid__":"0aCePVLOtNSZisJhZNeVjY"},"_type":2}],"_prefab":{"__type__":"cc.PrefabInfo","root":{"__id__":1},"asset":{"__uuid__":"4dwXiBM+lEM6dzuMHB7Nqq"},"fileId":"7f1+vIK4RBVJGHt0WSlrfM"},"_contentSize":{"__type__":"cc.Size","width":100,"height":100},"_scale":{"__type__":"cc.Vec3","x":1,"y":1,"z":1}},{"__type__":"cc.Node","_name":"img","_parent":{"__id__":6},"_level":6,"_components":[{"__type__":"cc.Sprite","node":{"__id__":7},"_spriteFrame":{"__uuid__":"0aCePVLOtNSZisJhZNeVjY"},"_sizeMode":0}],"_prefab":{"__type__":"cc.PrefabInfo","root":{"__id__":1},"asset":{"__uuid__":"4dwXiBM+lEM6dzuMHB7Nqq"},"fileId":"a9nenZYL1Cd4SA3W0BizXo"},"_contentSize":{"__type__":"cc.Size","width":100,"height":100},"_scale":{"__type__":"cc.Vec3","x":1,"y":1,"z":1}},{"__type__":"cc.Node","_name":"frame","_parent":{"__id__":5},"_active":false,"_level":5,"_components":[{"__type__":"cc.Sprite","node":{"__id__":8},"_spriteFrame":{"__uuid__":"eaiPjaX6ZHTp95LqDHq+g6"}}],"_prefab":{"__type__":"cc.PrefabInfo","root":{"__id__":1},"asset":{"__uuid__":"4dwXiBM+lEM6dzuMHB7Nqq"},"fileId":"197YC+DuhBnp0+VJ+4+wiG"},"_contentSize":{"__type__":"cc.Size","width":106,"height":106},"_scale":{"__type__":"cc.Vec3","x":1,"y":1,"z":1}},{"__type__":"cc.Node","_name":"avatar","_parent":{"__id__":4},"_children":[{"__id__":10},{"__id__":12}],"_active":false,"_level":4,"_prefab":{"__type__":"cc.PrefabInfo","root":{"__id__":1},"asset":{"__uuid__":"4dwXiBM+lEM6dzuMHB7Nqq"},"fileId":"314fI7mgFAwr1YNKj2zfL3"},"_contentSize":{"__type__":"cc.Size","width":106,"height":106},"_position":{"__type__":"cc.Vec3","x":-118,"y":63},"_scale":{"__type__":"cc.Vec3","x":1,"y":1,"z":1}},{"__type__":"cc.Node","_name":"mask","_parent":{"__id__":9},"_children":[{"__id__":11}],"_level":5,"_components":[{"__type__":"cc.Mask","node":{"__id__":10},"_spriteFrame":{"__uuid__":"0aCePVLOtNSZisJhZNeVjY"},"_type":2}],"_prefab":{"__type__":"cc.PrefabInfo","root":{"__id__":1},"asset":{"__uuid__":"4dwXiBM+lEM6dzuMHB7Nqq"},"fileId":"b171/YBqdJEK6uwvfDPKI8"},"_contentSize":{"__type__":"cc.Size","width":100,"height":100},"_scale":{"__type__":"cc.Vec3","x":1,"y":1,"z":1}},{"__type__":"cc.Node","_name":"img","_parent":{"__id__":10},"_level":6,"_components":[{"__type__":"cc.Sprite","node":{"__id__":11},"_spriteFrame":{"__uuid__":"0aCePVLOtNSZisJhZNeVjY"},"_sizeMode":0}],"_prefab":{"__type__":"cc.PrefabInfo","root":{"__id__":1},"asset":{"__uuid__":"4dwXiBM+lEM6dzuMHB7Nqq"},"fileId":"14Bbh7KHNBXISdOxq1tclC"},"_contentSize":{"__type__":"cc.Size","width":100,"height":100},"_scale":{"__type__":"cc.Vec3","x":1,"y":1,"z":1}},{"__type__":"cc.Node","_name":"frame","_parent":{"__id__":9},"_active":false,"_level":5,"_components":[{"__type__":"cc.Sprite","node":{"__id__":12},"_spriteFrame":{"__uuid__":"eaiPjaX6ZHTp95LqDHq+g6"}}],"_prefab":{"__type__":"cc.PrefabInfo","root":{"__id__":1},"asset":{"__uuid__":"4dwXiBM+lEM6dzuMHB7Nqq"},"fileId":"8ecHelEHBFt6H8NpHOmNVJ"},"_contentSize":{"__type__":"cc.Size","width":106,"height":106},"_scale":{"__type__":"cc.Vec3","x":1,"y":1,"z":1}},{"__type__":"cc.Node","_name":"avatar","_parent":{"__id__":4},"_children":[{"__id__":14},{"__id__":16}],"_active":false,"_level":4,"_prefab":{"__type__":"cc.PrefabInfo","root":{"__id__":1},"asset":{"__uuid__":"4dwXiBM+lEM6dzuMHB7Nqq"},"fileId":"44YLmylsxFTok4PUbLzNZZ"},"_contentSize":{"__type__":"cc.Size","width":106,"height":106},"_position":{"__type__":"cc.Vec3","y":63},"_scale":{"__type__":"cc.Vec3","x":1,"y":1,"z":1}},{"__type__":"cc.Node","_name":"mask","_parent":{"__id__":13},"_children":[{"__id__":15}],"_level":5,"_components":[{"__type__":"cc.Mask","node":{"__id__":14},"_spriteFrame":{"__uuid__":"0aCePVLOtNSZisJhZNeVjY"},"_type":2}],"_prefab":{"__type__":"cc.PrefabInfo","root":{"__id__":1},"asset":{"__uuid__":"4dwXiBM+lEM6dzuMHB7Nqq"},"fileId":"8b9WwQKNFEfLGb5NnqW7Uf"},"_contentSize":{"__type__":"cc.Size","width":100,"height":100},"_scale":{"__type__":"cc.Vec3","x":1,"y":1,"z":1}},{"__type__":"cc.Node","_name":"img","_parent":{"__id__":14},"_level":6,"_components":[{"__type__":"cc.Sprite","node":{"__id__":15},"_spriteFrame":{"__uuid__":"0aCePVLOtNSZisJhZNeVjY"},"_sizeMode":0}],"_prefab":{"__type__":"cc.PrefabInfo","root":{"__id__":1},"asset":{"__uuid__":"4dwXiBM+lEM6dzuMHB7Nqq"},"fileId":"59DTxoYRlPAIn1nafVHDtR"},"_contentSize":{"__type__":"cc.Size","width":100,"height":100},"_scale":{"__type__":"cc.Vec3","x":1,"y":1,"z":1}},{"__type__":"cc.Node","_name":"frame","_parent":{"__id__":13},"_active":false,"_level":5,"_components":[{"__type__":"cc.Sprite","node":{"__id__":16},"_spriteFrame":{"__uuid__":"eaiPjaX6ZHTp95LqDHq+g6"}}],"_prefab":{"__type__":"cc.PrefabInfo","root":{"__id__":1},"asset":{"__uuid__":"4dwXiBM+lEM6dzuMHB7Nqq"},"fileId":"087WzZeo1PzqLOQ4weL8qX"},"_contentSize":{"__type__":"cc.Size","width":106,"height":106},"_scale":{"__type__":"cc.Vec3","x":1,"y":1,"z":1}},{"__type__":"cc.Node","_name":"avatar","_parent":{"__id__":4},"_children":[{"__id__":18},{"__id__":20}],"_active":false,"_level":4,"_prefab":{"__type__":"cc.PrefabInfo","root":{"__id__":1},"asset":{"__uuid__":"4dwXiBM+lEM6dzuMHB7Nqq"},"fileId":"1bSbn57jVL1K9TJ4ywzy11"},"_contentSize":{"__type__":"cc.Size","width":106,"height":106},"_position":{"__type__":"cc.Vec3","x":118,"y":63},"_scale":{"__type__":"cc.Vec3","x":1,"y":1,"z":1}},{"__type__":"cc.Node","_name":"mask","_parent":{"__id__":17},"_children":[{"__id__":19}],"_level":5,"_components":[{"__type__":"cc.Mask","node":{"__id__":18},"_spriteFrame":{"__uuid__":"0aCePVLOtNSZisJhZNeVjY"},"_type":2}],"_prefab":{"__type__":"cc.PrefabInfo","root":{"__id__":1},"asset":{"__uuid__":"4dwXiBM+lEM6dzuMHB7Nqq"},"fileId":"bf4MC8cgRG17aYm97z/Q/e"},"_contentSize":{"__type__":"cc.Size","width":100,"height":100},"_scale":{"__type__":"cc.Vec3","x":1,"y":1,"z":1}},{"__type__":"cc.Node","_name":"img","_parent":{"__id__":18},"_level":6,"_components":[{"__type__":"cc.Sprite","node":{"__id__":19},"_spriteFrame":{"__uuid__":"0aCePVLOtNSZisJhZNeVjY"},"_sizeMode":0}],"_prefab":{"__type__":"cc.PrefabInfo","root":{"__id__":1},"asset":{"__uuid__":"4dwXiBM+lEM6dzuMHB7Nqq"},"fileId":"a2XB4+Tr1PmLZRCJsAQleV"},"_contentSize":{"__type__":"cc.Size","width":100,"height":100},"_scale":{"__type__":"cc.Vec3","x":1,"y":1,"z":1}},{"__type__":"cc.Node","_name":"frame","_parent":{"__id__":17},"_active":false,"_level":5,"_components":[{"__type__":"cc.Sprite","node":{"__id__":20},"_spriteFrame":{"__uuid__":"eaiPjaX6ZHTp95LqDHq+g6"}}],"_prefab":{"__type__":"cc.PrefabInfo","root":{"__id__":1},"asset":{"__uuid__":"4dwXiBM+lEM6dzuMHB7Nqq"},"fileId":"c27mkoZ7xFOIIPxrcqmaMO"},"_contentSize":{"__type__":"cc.Size","width":106,"height":106},"_scale":{"__type__":"cc.Vec3","x":1,"y":1,"z":1}},{"__type__":"cc.Node","_name":"avatar","_parent":{"__id__":4},"_children":[{"__id__":22},{"__id__":24}],"_active":false,"_level":4,"_prefab":{"__type__":"cc.PrefabInfo","root":{"__id__":1},"asset":{"__uuid__":"4dwXiBM+lEM6dzuMHB7Nqq"},"fileId":"4fHrjEr5pGUI5Mrfe4TDb8"},"_contentSize":{"__type__":"cc.Size","width":106,"height":106},"_position":{"__type__":"cc.Vec3","x":236,"y":63},"_scale":{"__type__":"cc.Vec3","x":1,"y":1,"z":1}},{"__type__":"cc.Node","_name":"mask","_parent":{"__id__":21},"_children":[{"__id__":23}],"_level":5,"_components":[{"__type__":"cc.Mask","node":{"__id__":22},"_spriteFrame":{"__uuid__":"0aCePVLOtNSZisJhZNeVjY"},"_type":2}],"_prefab":{"__type__":"cc.PrefabInfo","root":{"__id__":1},"asset":{"__uuid__":"4dwXiBM+lEM6dzuMHB7Nqq"},"fileId":"4bxi01n1lGO5xDofsaAYWJ"},"_contentSize":{"__type__":"cc.Size","width":100,"height":100},"_scale":{"__type__":"cc.Vec3","x":1,"y":1,"z":1}},{"__type__":"cc.Node","_name":"img","_parent":{"__id__":22},"_level":6,"_components":[{"__type__":"cc.Sprite","node":{"__id__":23},"_spriteFrame":{"__uuid__":"0aCePVLOtNSZisJhZNeVjY"},"_sizeMode":0}],"_prefab":{"__type__":"cc.PrefabInfo","root":{"__id__":1},"asset":{"__uuid__":"4dwXiBM+lEM6dzuMHB7Nqq"},"fileId":"76JhY8RGBM1r5/abGcWF6G"},"_contentSize":{"__type__":"cc.Size","width":100,"height":100},"_scale":{"__type__":"cc.Vec3","x":1,"y":1,"z":1}},{"__type__":"cc.Node","_name":"frame","_parent":{"__id__":21},"_active":false,"_level":5,"_components":[{"__type__":"cc.Sprite","node":{"__id__":24},"_spriteFrame":{"__uuid__":"eaiPjaX6ZHTp95LqDHq+g6"}}],"_prefab":{"__type__":"cc.PrefabInfo","root":{"__id__":1},"asset":{"__uuid__":"4dwXiBM+lEM6dzuMHB7Nqq"},"fileId":"ffhLC62aZJSY9gElFSq+qa"},"_contentSize":{"__type__":"cc.Size","width":106,"height":106},"_scale":{"__type__":"cc.Vec3","x":1,"y":1,"z":1}},{"__type__":"cc.Node","_name":"avatar","_parent":{"__id__":4},"_children":[{"__id__":26},{"__id__":28}],"_active":false,"_level":4,"_prefab":{"__type__":"cc.PrefabInfo","root":{"__id__":1},"asset":{"__uuid__":"4dwXiBM+lEM6dzuMHB7Nqq"},"fileId":"cawO2haIBC+LmQAZzOUP45"},"_contentSize":{"__type__":"cc.Size","width":106,"height":106},"_position":{"__type__":"cc.Vec3","x":-236,"y":-63},"_scale":{"__type__":"cc.Vec3","x":1,"y":1,"z":1}},{"__type__":"cc.Node","_name":"mask","_parent":{"__id__":25},"_children":[{"__id__":27}],"_level":5,"_components":[{"__type__":"cc.Mask","node":{"__id__":26},"_spriteFrame":{"__uuid__":"0aCePVLOtNSZisJhZNeVjY"},"_type":2}],"_prefab":{"__type__":"cc.PrefabInfo","root":{"__id__":1},"asset":{"__uuid__":"4dwXiBM+lEM6dzuMHB7Nqq"},"fileId":"4eJye3Qh9Nkp7lpDzX+zwL"},"_contentSize":{"__type__":"cc.Size","width":100,"height":100},"_scale":{"__type__":"cc.Vec3","x":1,"y":1,"z":1}},{"__type__":"cc.Node","_name":"img","_parent":{"__id__":26},"_level":6,"_components":[{"__type__":"cc.Sprite","node":{"__id__":27},"_spriteFrame":{"__uuid__":"0aCePVLOtNSZisJhZNeVjY"},"_sizeMode":0}],"_prefab":{"__type__":"cc.PrefabInfo","root":{"__id__":1},"asset":{"__uuid__":"4dwXiBM+lEM6dzuMHB7Nqq"},"fileId":"ddQbh6BWdGC6ECJ0sCe/iO"},"_contentSize":{"__type__":"cc.Size","width":100,"height":100},"_scale":{"__type__":"cc.Vec3","x":1,"y":1,"z":1}},{"__type__":"cc.Node","_name":"frame","_parent":{"__id__":25},"_active":false,"_level":5,"_components":[{"__type__":"cc.Sprite","node":{"__id__":28},"_spriteFrame":{"__uuid__":"eaiPjaX6ZHTp95LqDHq+g6"}}],"_prefab":{"__type__":"cc.PrefabInfo","root":{"__id__":1},"asset":{"__uuid__":"4dwXiBM+lEM6dzuMHB7Nqq"},"fileId":"deSSeq/5tCx63AYiLLpI1I"},"_contentSize":{"__type__":"cc.Size","width":106,"height":106},"_scale":{"__type__":"cc.Vec3","x":1,"y":1,"z":1}},{"__type__":"cc.Node","_name":"avatar","_parent":{"__id__":4},"_children":[{"__id__":30},{"__id__":32}],"_active":false,"_level":4,"_prefab":{"__type__":"cc.PrefabInfo","root":{"__id__":1},"asset":{"__uuid__":"4dwXiBM+lEM6dzuMHB7Nqq"},"fileId":"c4LAYNftBE2LgtaJPULDSl"},"_contentSize":{"__type__":"cc.Size","width":106,"height":106},"_position":{"__type__":"cc.Vec3","x":-118,"y":-63},"_scale":{"__type__":"cc.Vec3","x":1,"y":1,"z":1}},{"__type__":"cc.Node","_name":"mask","_parent":{"__id__":29},"_children":[{"__id__":31}],"_level":5,"_components":[{"__type__":"cc.Mask","node":{"__id__":30},"_spriteFrame":{"__uuid__":"0aCePVLOtNSZisJhZNeVjY"},"_type":2}],"_prefab":{"__type__":"cc.PrefabInfo","root":{"__id__":1},"asset":{"__uuid__":"4dwXiBM+lEM6dzuMHB7Nqq"},"fileId":"85vM3jiqpH47Xuyc+UIamO"},"_contentSize":{"__type__":"cc.Size","width":100,"height":100},"_scale":{"__type__":"cc.Vec3","x":1,"y":1,"z":1}},{"__type__":"cc.Node","_name":"img","_parent":{"__id__":30},"_level":6,"_components":[{"__type__":"cc.Sprite","node":{"__id__":31},"_spriteFrame":{"__uuid__":"0aCePVLOtNSZisJhZNeVjY"},"_sizeMode":0}],"_prefab":{"__type__":"cc.PrefabInfo","root":{"__id__":1},"asset":{"__uuid__":"4dwXiBM+lEM6dzuMHB7Nqq"},"fileId":"70vTP5Yx1Ngqs6ndWQDCR5"},"_contentSize":{"__type__":"cc.Size","width":100,"height":100},"_scale":{"__type__":"cc.Vec3","x":1,"y":1,"z":1}},{"__type__":"cc.Node","_name":"frame","_parent":{"__id__":29},"_active":false,"_level":5,"_components":[{"__type__":"cc.Sprite","node":{"__id__":32},"_spriteFrame":{"__uuid__":"eaiPjaX6ZHTp95LqDHq+g6"}}],"_prefab":{"__type__":"cc.PrefabInfo","root":{"__id__":1},"asset":{"__uuid__":"4dwXiBM+lEM6dzuMHB7Nqq"},"fileId":"08q1+X+/BGk5U0Rwy/8L4X"},"_contentSize":{"__type__":"cc.Size","width":106,"height":106},"_scale":{"__type__":"cc.Vec3","x":1,"y":1,"z":1}},{"__type__":"cc.Node","_name":"avatar","_parent":{"__id__":4},"_children":[{"__id__":34},{"__id__":36}],"_active":false,"_level":4,"_prefab":{"__type__":"cc.PrefabInfo","root":{"__id__":1},"asset":{"__uuid__":"4dwXiBM+lEM6dzuMHB7Nqq"},"fileId":"9cXDGCwGRFpIGw9UEPKV+D"},"_contentSize":{"__type__":"cc.Size","width":106,"height":106},"_position":{"__type__":"cc.Vec3","y":-63},"_scale":{"__type__":"cc.Vec3","x":1,"y":1,"z":1}},{"__type__":"cc.Node","_name":"mask","_parent":{"__id__":33},"_children":[{"__id__":35}],"_level":5,"_components":[{"__type__":"cc.Mask","node":{"__id__":34},"_spriteFrame":{"__uuid__":"0aCePVLOtNSZisJhZNeVjY"},"_type":2}],"_prefab":{"__type__":"cc.PrefabInfo","root":{"__id__":1},"asset":{"__uuid__":"4dwXiBM+lEM6dzuMHB7Nqq"},"fileId":"28PLs2gk5OVK45G1M3fYLq"},"_contentSize":{"__type__":"cc.Size","width":100,"height":100},"_scale":{"__type__":"cc.Vec3","x":1,"y":1,"z":1}},{"__type__":"cc.Node","_name":"img","_parent":{"__id__":34},"_level":6,"_components":[{"__type__":"cc.Sprite","node":{"__id__":35},"_spriteFrame":{"__uuid__":"0aCePVLOtNSZisJhZNeVjY"},"_sizeMode":0}],"_prefab":{"__type__":"cc.PrefabInfo","root":{"__id__":1},"asset":{"__uuid__":"4dwXiBM+lEM6dzuMHB7Nqq"},"fileId":"31Z5mKrvxEZYOJZMtW7YTV"},"_contentSize":{"__type__":"cc.Size","width":100,"height":100},"_scale":{"__type__":"cc.Vec3","x":1,"y":1,"z":1}},{"__type__":"cc.Node","_name":"frame","_parent":{"__id__":33},"_active":false,"_level":5,"_components":[{"__type__":"cc.Sprite","node":{"__id__":36},"_spriteFrame":{"__uuid__":"eaiPjaX6ZHTp95LqDHq+g6"}}],"_prefab":{"__type__":"cc.PrefabInfo","root":{"__id__":1},"asset":{"__uuid__":"4dwXiBM+lEM6dzuMHB7Nqq"},"fileId":"1425LmXP5I8r0NT0UZmHWW"},"_contentSize":{"__type__":"cc.Size","width":106,"height":106},"_scale":{"__type__":"cc.Vec3","x":1,"y":1,"z":1}},{"__type__":"cc.Node","_name":"avatar","_parent":{"__id__":4},"_children":[{"__id__":38},{"__id__":40}],"_active":false,"_level":4,"_prefab":{"__type__":"cc.PrefabInfo","root":{"__id__":1},"asset":{"__uuid__":"4dwXiBM+lEM6dzuMHB7Nqq"},"fileId":"86kM6OBG1K/LasS9JShFjg"},"_contentSize":{"__type__":"cc.Size","width":106,"height":106},"_position":{"__type__":"cc.Vec3","x":118,"y":-63},"_scale":{"__type__":"cc.Vec3","x":1,"y":1,"z":1}},{"__type__":"cc.Node","_name":"mask","_parent":{"__id__":37},"_children":[{"__id__":39}],"_level":5,"_components":[{"__type__":"cc.Mask","node":{"__id__":38},"_spriteFrame":{"__uuid__":"0aCePVLOtNSZisJhZNeVjY"},"_type":2}],"_prefab":{"__type__":"cc.PrefabInfo","root":{"__id__":1},"asset":{"__uuid__":"4dwXiBM+lEM6dzuMHB7Nqq"},"fileId":"7bzdIatHhBk42axHLLRSN2"},"_contentSize":{"__type__":"cc.Size","width":100,"height":100},"_scale":{"__type__":"cc.Vec3","x":1,"y":1,"z":1}},{"__type__":"cc.Node","_name":"img","_parent":{"__id__":38},"_level":6,"_components":[{"__type__":"cc.Sprite","node":{"__id__":39},"_spriteFrame":{"__uuid__":"0aCePVLOtNSZisJhZNeVjY"},"_sizeMode":0}],"_prefab":{"__type__":"cc.PrefabInfo","root":{"__id__":1},"asset":{"__uuid__":"4dwXiBM+lEM6dzuMHB7Nqq"},"fileId":"17f7uKPJJE2YPdZB6TFXPd"},"_contentSize":{"__type__":"cc.Size","width":100,"height":100},"_scale":{"__type__":"cc.Vec3","x":1,"y":1,"z":1}},{"__type__":"cc.Node","_name":"frame","_parent":{"__id__":37},"_active":false,"_level":5,"_components":[{"__type__":"cc.Sprite","node":{"__id__":40},"_spriteFrame":{"__uuid__":"eaiPjaX6ZHTp95LqDHq+g6"}}],"_prefab":{"__type__":"cc.PrefabInfo","root":{"__id__":1},"asset":{"__uuid__":"4dwXiBM+lEM6dzuMHB7Nqq"},"fileId":"f2ankH+YhD6oBMVUcKI2G3"},"_contentSize":{"__type__":"cc.Size","width":106,"height":106},"_scale":{"__type__":"cc.Vec3","x":1,"y":1,"z":1}},{"__type__":"cc.Node","_name":"avatar","_parent":{"__id__":4},"_children":[{"__id__":42},{"__id__":44}],"_active":false,"_level":4,"_prefab":{"__type__":"cc.PrefabInfo","root":{"__id__":1},"asset":{"__uuid__":"4dwXiBM+lEM6dzuMHB7Nqq"},"fileId":"79t0qN771GIoOEQmiAJcpe"},"_contentSize":{"__type__":"cc.Size","width":106,"height":106},"_position":{"__type__":"cc.Vec3","x":236,"y":-63},"_scale":{"__type__":"cc.Vec3","x":1,"y":1,"z":1}},{"__type__":"cc.Node","_name":"mask","_parent":{"__id__":41},"_children":[{"__id__":43}],"_level":5,"_components":[{"__type__":"cc.Mask","node":{"__id__":42},"_spriteFrame":{"__uuid__":"0aCePVLOtNSZisJhZNeVjY"},"_type":2}],"_prefab":{"__type__":"cc.PrefabInfo","root":{"__id__":1},"asset":{"__uuid__":"4dwXiBM+lEM6dzuMHB7Nqq"},"fileId":"86ZZ2dc3BLSb6UruROeq9f"},"_contentSize":{"__type__":"cc.Size","width":100,"height":100},"_scale":{"__type__":"cc.Vec3","x":1,"y":1,"z":1}},{"__type__":"cc.Node","_name":"img","_parent":{"__id__":42},"_level":6,"_components":[{"__type__":"cc.Sprite","node":{"__id__":43},"_spriteFrame":{"__uuid__":"0aCePVLOtNSZisJhZNeVjY"},"_sizeMode":0}],"_prefab":{"__type__":"cc.PrefabInfo","root":{"__id__":1},"asset":{"__uuid__":"4dwXiBM+lEM6dzuMHB7Nqq"},"fileId":"2djFzeITRLjIdTcF1kRP7E"},"_contentSize":{"__type__":"cc.Size","width":100,"height":100},"_scale":{"__type__":"cc.Vec3","x":1,"y":1,"z":1}},{"__type__":"cc.Node","_name":"frame","_parent":{"__id__":41},"_active":false,"_level":5,"_components":[{"__type__":"cc.Sprite","node":{"__id__":44},"_spriteFrame":{"__uuid__":"eaiPjaX6ZHTp95LqDHq+g6"}}],"_prefab":{"__type__":"cc.PrefabInfo","root":{"__id__":1},"asset":{"__uuid__":"4dwXiBM+lEM6dzuMHB7Nqq"},"fileId":"1dPF3Z8itKMIoa5dciYE8r"},"_contentSize":{"__type__":"cc.Size","width":106,"height":106},"_scale":{"__type__":"cc.Vec3","x":1,"y":1,"z":1}}],{"__type__":"cc.SpriteFrame","content":{"name":"hall_15","texture":"3cyNE3RVFIp6f21rOo5lm3","rect":[601,0,106,106],"offset":[0,0],"originalSize":[106,106],"capInsets":[0,0,0,0]}},{"__type__":"cc.SpriteFrame","content":{"name":"hall_14","texture":"3cyNE3RVFIp6f21rOo5lm3","rect":[0,511,266,43],"offset":[0,0],"originalSize":[266,43],"capInsets":[0,0,0,0]}}]