{
    "description": "项目配置文件。",
    "miniprogramRoot": "./",
    "setting": {
        "urlCheck": true,
        "es6": false,
        "postcss": true,
        "minified": true,
        "newFeature": false
    },
    "compileType": "game",
    "libVersion": "game",
    "appid": "wx8f981177491adecd",
    "projectname": "main",
    "condition": {
        "search": {
            "current": -1,
            "list": []
        },
        "conversation": {
            "current": -1,
            "list": []
        },
        "game": {
            "currentL": -1,
            "list": [],
            "current": -1
        },
        "miniprogram": {
            "current": -1,
            "list": []
        }
    }
}