[{"__type__":"cc.Prefab","_name":"rankingPanel","data":{"__id__":1}},{"__type__":"cc.Node","_name":"rankingpanel","_children":[{"__id__":2},{"__id__":14}],"_level":1,"_components":[{"__type__":"bfb95s+7/xIz4cVbLBDCQMs","node":{"__id__":1},"closeBtn":{"__id__":5},"selectedLineNode":{"__id__":6},"friendsBtn":{"__id__":7},"globalBtn":{"__id__":9},"friendsNode":{"__id__":14},"globalNode":{"__id__":11},"globalRankContent":{"__id__":13},"recommandAdsPrefab":{"__uuid__":"72GtC0h+lIGZ5pUpKlrhpW"}}],"_prefab":{"__type__":"cc.PrefabInfo","root":{"__id__":1},"asset":{"__uuid__":"7e/oiPS4VLBpmcX0xeE8Bq"},"fileId":"5av+dkNMVEopZdM6fpvOK9"},"_contentSize":{"__type__":"cc.Size","width":750,"height":1334},"_scale":{"__type__":"cc.Vec3","x":1,"y":1,"z":1}},{"__type__":"cc.Node","_name":"bg","_parent":{"__id__":1},"_children":[{"__id__":3},{"__id__":11}],"_components":[{"__type__":"cc.Sprite","node":{"__id__":2},"_spriteFrame":{"__uuid__":"90gRbnddJGc7qR9iPrh9jh"},"_type":1,"_sizeMode":0},{"__type__":"cc.ScrollView","node":{"__id__":2},"horizontal":false,"brake":0.75,"bounceDuration":0.23,"_N$content":null,"content":null}],"_prefab":{"__type__":"cc.PrefabInfo","root":{"__id__":1},"asset":{"__uuid__":"7e/oiPS4VLBpmcX0xeE8Bq"},"fileId":"62naKfZkRGyokrmI9B1wmm"},"_contentSize":{"__type__":"cc.Size","width":580,"height":656},"_position":{"__type__":"cc.Vec3","y":100},"_scale":{"__type__":"cc.Vec3","x":1,"y":1,"z":1}},{"__type__":"cc.Node","_name":"titlebar","_parent":{"__id__":2},"_children":[{"__id__":4},{"__id__":5},{"__id__":6},{"__id__":7},{"__id__":9}],"_components":[{"__type__":"cc.Widget","node":{"__id__":3},"alignMode":0,"_alignFlags":41,"_left":10,"_right":10,"_top":8}],"_prefab":{"__type__":"cc.PrefabInfo","root":{"__id__":1},"asset":{"__uuid__":"7e/oiPS4VLBpmcX0xeE8Bq"},"fileId":"2bPtcFzb5EmasJfq+55tYH"},"_contentSize":{"__type__":"cc.Size","width":560,"height":50},"_position":{"__type__":"cc.Vec3","y":295},"_scale":{"__type__":"cc.Vec3","x":1,"y":1,"z":1}},{"__type__":"cc.Node","_name":"bg","_parent":{"__id__":3},"_components":[{"__type__":"cc.Sprite","node":{"__id__":4},"_spriteFrame":{"__uuid__":"a2MjXRFdtLlYQ5ouAFv/+R"},"_sizeMode":0},{"__type__":"cc.Widget","node":{"__id__":4},"alignMode":0,"_alignFlags":45,"_originalWidth":100,"_originalHeight":100}],"_prefab":{"__type__":"cc.PrefabInfo","root":{"__id__":1},"asset":{"__uuid__":"7e/oiPS4VLBpmcX0xeE8Bq"},"fileId":"c9k6FxVEpB4rc16Ag3Vivb"},"_color":{"__type__":"cc.Color","r":43,"g":43,"b":43},"_contentSize":{"__type__":"cc.Size","width":560,"height":50},"_scale":{"__type__":"cc.Vec3","x":1,"y":1,"z":1}},{"__type__":"cc.Node","_name":"close","_parent":{"__id__":3},"_components":[{"__type__":"cc.Sprite","node":{"__id__":5},"_spriteFrame":{"__uuid__":"7f0Q4s/4FIi5/vjSE+q9Uz"},"_type":1,"_sizeMode":0},{"__type__":"cc.Button","node":{"__id__":5},"duration":0.2,"zoomScale":0.9,"_N$transition":3,"transition":3,"_N$normalColor":{"__type__":"cc.Color","r":255,"g":255,"b":255},"_N$pressedColor":{"__type__":"cc.Color","r":255,"g":255,"b":255},"pressedColor":{"__type__":"cc.Color","r":255,"g":255,"b":255},"_N$disabledColor":{"__type__":"cc.Color","r":255,"g":255,"b":255},"_N$pressedSprite":{"__uuid__":"e97GVMl6JHh5Ml5qEDdSGa"},"pressedSprite":{"__uuid__":"e97GVMl6JHh5Ml5qEDdSGa"},"_N$hoverSprite":{"__uuid__":"e97GVMl6JHh5Ml5qEDdSGa"},"hoverSprite":{"__uuid__":"e97GVMl6JHh5Ml5qEDdSGa"},"_N$disabledSprite":{"__uuid__":"29FYIk+N1GYaeWH/q1NxQO"},"_N$target":{"__id__":5}}],"_prefab":{"__type__":"cc.PrefabInfo","root":{"__id__":1},"asset":{"__uuid__":"7e/oiPS4VLBpmcX0xeE8Bq"},"fileId":"62wJUUgxVFPZ6MYFmVkNJv"},"_contentSize":{"__type__":"cc.Size","width":60,"height":60},"_position":{"__type__":"cc.Vec3","x":290,"y":28},"_scale":{"__type__":"cc.Vec3","x":1,"y":1,"z":1}},{"__type__":"cc.Node","_name":"line","_parent":{"__id__":3},"_components":[{"__type__":"cc.Sprite","node":{"__id__":6},"_spriteFrame":{"__uuid__":"a2MjXRFdtLlYQ5ouAFv/+R"},"_sizeMode":0}],"_prefab":{"__type__":"cc.PrefabInfo","root":{"__id__":1},"asset":{"__uuid__":"7e/oiPS4VLBpmcX0xeE8Bq"},"fileId":"e7RiL0mGBP3bEeK72V4nNH"},"_contentSize":{"__type__":"cc.Size","width":50,"height":2},"_position":{"__type__":"cc.Vec3","x":-140,"y":-18},"_scale":{"__type__":"cc.Vec3","x":1,"y":1,"z":1}},{"__type__":"cc.Node","_name":"friends","_parent":{"__id__":3},"_children":[{"__id__":8}],"_prefab":{"__type__":"cc.PrefabInfo","root":{"__id__":1},"asset":{"__uuid__":"7e/oiPS4VLBpmcX0xeE8Bq"},"fileId":"42NkTvsDlOP4nPc01PwRId"},"_contentSize":{"__type__":"cc.Size","width":280,"height":38},"_position":{"__type__":"cc.Vec3","x":-140,"y":-3},"_scale":{"__type__":"cc.Vec3","x":1,"y":1,"z":1}},{"__type__":"cc.Node","_name":"title","_parent":{"__id__":7},"_components":[{"__type__":"cc.Label","node":{"__id__":8},"_srcBlendFactor":1,"_useOriginalSize":false,"_string":"好友排行","_N$string":"好友排行","_fontSize":22,"_lineHeight":26,"_N$horizontalAlign":1,"_N$verticalAlign":1,"_N$fontFamily":"苹方"},{"__type__":"cc.Widget","node":{"__id__":8},"alignMode":0,"_alignFlags":18,"_left":10,"_verticalCenter":5}],"_prefab":{"__type__":"cc.PrefabInfo","root":{"__id__":1},"asset":{"__uuid__":"7e/oiPS4VLBpmcX0xeE8Bq"},"fileId":"37P2Q8YIFPJ7dUtAYrEG4l"},"_contentSize":{"__type__":"cc.Size","width":88,"height":26},"_position":{"__type__":"cc.Vec3","y":5},"_scale":{"__type__":"cc.Vec3","x":1,"y":1,"z":1}},{"__type__":"cc.Node","_name":"global","_parent":{"__id__":3},"_children":[{"__id__":10}],"_prefab":{"__type__":"cc.PrefabInfo","root":{"__id__":1},"asset":{"__uuid__":"7e/oiPS4VLBpmcX0xeE8Bq"},"fileId":"fb/5C6ecRENaTi+PIoBkg9"},"_contentSize":{"__type__":"cc.Size","width":280,"height":38},"_position":{"__type__":"cc.Vec3","x":140,"y":-3},"_scale":{"__type__":"cc.Vec3","x":1,"y":1,"z":1}},{"__type__":"cc.Node","_name":"title","_parent":{"__id__":9},"_components":[{"__type__":"cc.Label","node":{"__id__":10},"_srcBlendFactor":1,"_useOriginalSize":false,"_string":"全球排行","_N$string":"全球排行","_fontSize":22,"_lineHeight":26,"_N$horizontalAlign":1,"_N$verticalAlign":1,"_N$fontFamily":"苹方"},{"__type__":"cc.Widget","node":{"__id__":10},"alignMode":0,"_alignFlags":18,"_left":10,"_verticalCenter":5}],"_prefab":{"__type__":"cc.PrefabInfo","root":{"__id__":1},"asset":{"__uuid__":"7e/oiPS4VLBpmcX0xeE8Bq"},"fileId":"c1/Gl7wV9E46h3340soyVm"},"_contentSize":{"__type__":"cc.Size","width":88,"height":26},"_position":{"__type__":"cc.Vec3","y":5},"_scale":{"__type__":"cc.Vec3","x":1,"y":1,"z":1}},{"__type__":"cc.Node","_name":"globalRank","_parent":{"__id__":2},"_children":[{"__id__":12}],"_components":[{"__type__":"cc.ScrollView","node":{"__id__":11},"horizontal":false,"brake":0.75,"bounceDuration":0.23,"_N$content":{"__id__":13},"content":{"__id__":13},"_N$horizontalScrollBar":null,"_N$verticalScrollBar":null},{"__type__":"cc.Widget","node":{"__id__":11},"alignMode":0,"_alignFlags":45,"_left":12,"_right":12,"_top":60,"_bottom":12,"_originalWidth":240,"_originalHeight":250}],"_prefab":{"__type__":"cc.PrefabInfo","root":{"__id__":1},"asset":{"__uuid__":"7e/oiPS4VLBpmcX0xeE8Bq"},"fileId":"d3ufM+dDFJxbz5dkSIkI1U"},"_color":{"__type__":"cc.Color","r":184,"g":184,"b":184},"_contentSize":{"__type__":"cc.Size","width":556,"height":584},"_position":{"__type__":"cc.Vec3","y":-24},"_scale":{"__type__":"cc.Vec3","x":1,"y":1,"z":1}},{"__type__":"cc.Node","_name":"view","_parent":{"__id__":11},"_children":[{"__id__":13}],"_components":[{"__type__":"cc.Mask","node":{"__id__":12},"_N$alphaThreshold":1},{"__type__":"cc.Widget","node":{"__id__":12},"alignMode":0,"_alignFlags":45,"_originalWidth":240,"_originalHeight":250}],"_prefab":{"__type__":"cc.PrefabInfo","root":{"__id__":1},"asset":{"__uuid__":"7e/oiPS4VLBpmcX0xeE8Bq"},"fileId":"71HhHsI8tIHanvpjmvSwku"},"_contentSize":{"__type__":"cc.Size","width":556,"height":584},"_scale":{"__type__":"cc.Vec3","x":1,"y":1,"z":1}},{"__type__":"cc.Node","_name":"content","_parent":{"__id__":12},"_components":[{"__type__":"9d0e7m7cpNFR7fqfXi8JcMs","node":{"__id__":13},"rendererPrefab":{"__uuid__":"0dC/u6NZhIfLPVTfedWf4E"}}],"_prefab":{"__type__":"cc.PrefabInfo","root":{"__id__":1},"asset":{"__uuid__":"7e/oiPS4VLBpmcX0xeE8Bq"},"fileId":"24ZuS7vDpBSKipf+cdmK25"},"_contentSize":{"__type__":"cc.Size","width":556,"height":400},"_anchorPoint":{"__type__":"cc.Vec2","x":0.5,"y":1},"_position":{"__type__":"cc.Vec3","y":115.31},"_scale":{"__type__":"cc.Vec3","x":1,"y":1,"z":1}},{"__type__":"cc.Node","_name":"subprojectcontent","_parent":{"__id__":1},"_components":[{"__type__":"0a109lm4YJM+otoFiP6OIxW","node":{"__id__":14}}],"_prefab":{"__type__":"cc.PrefabInfo","root":{"__id__":1},"asset":{"__uuid__":"7e/oiPS4VLBpmcX0xeE8Bq"},"fileId":"1cm2nGcShAM4pIgGxN9Yxv"},"_contentSize":{"__type__":"cc.Size","width":750,"height":1334},"_scale":{"__type__":"cc.Vec3","x":1,"y":1,"z":1}}]