[[{"__type__":"cc.Prefab","_name":"GradePop","data":{"__id__":1}},{"__type__":"cc.Node","_name":"GradePop","_children":[{"__id__":2},{"__id__":3},{"__id__":4},{"__id__":5},{"__id__":6}],"_level":1,"_components":[{"__type__":"c4d83C3WDNBkq/7ESRNAhIQ","node":{"__id__":1},"closeBtn":{"__id__":4},"listContainer":{"__id__":9}}],"_prefab":{"__type__":"cc.PrefabInfo","root":{"__id__":1},"asset":{"__uuid__":"0bUMZKVkdMxrOZXB29Sbf2"},"fileId":"0eRitllg5Iw6k+WJfNUuj0"},"_contentSize":{"__type__":"cc.Size","width":750,"height":1334},"_scale":{"__type__":"cc.Vec3","x":1,"y":1,"z":1}},{"__type__":"cc.Node","_name":"common_1","_parent":{"__id__":1},"_level":2,"_components":[{"__type__":"cc.Sprite","node":{"__id__":2},"_spriteFrame":{"__uuid__":"2ajsPICAFO74pEuMR2LZT4"},"_type":1,"_sizeMode":0}],"_prefab":{"__type__":"cc.PrefabInfo","root":{"__id__":1},"asset":{"__uuid__":"0bUMZKVkdMxrOZXB29Sbf2"},"fileId":"d2wSTqlp1Cabdtynb2it0D"},"_contentSize":{"__type__":"cc.Size","width":649,"height":807},"_position":{"__type__":"cc.Vec3","y":48},"_scale":{"__type__":"cc.Vec3","x":1,"y":1,"z":1}},{"__type__":"cc.Node","_name":"common_7","_parent":{"__id__":1},"_level":2,"_components":[{"__type__":"cc.Sprite","node":{"__id__":3},"_spriteFrame":{"__uuid__":"c0UvcYa1dJoqwvtmyzBpKC"},"_type":1,"_sizeMode":0}],"_prefab":{"__type__":"cc.PrefabInfo","root":{"__id__":1},"asset":{"__uuid__":"0bUMZKVkdMxrOZXB29Sbf2"},"fileId":"c8NHRep2FJ45Vw1oH9kAe9"},"_contentSize":{"__type__":"cc.Size","width":586,"height":691},"_position":{"__type__":"cc.Vec3","y":60},"_scale":{"__type__":"cc.Vec3","x":1,"y":1,"z":1}},{"__type__":"cc.Node","_name":"common_4","_parent":{"__id__":1},"_level":2,"_components":[{"__type__":"cc.Sprite","node":{"__id__":4},"_spriteFrame":{"__uuid__":"23jpWtOztGSJWXqzqWUcS8"}},{"__type__":"cc.Button","node":{"__id__":4},"_N$transition":3,"transition":3}],"_prefab":{"__type__":"cc.PrefabInfo","root":{"__id__":1},"asset":{"__uuid__":"0bUMZKVkdMxrOZXB29Sbf2"},"fileId":"38ooPNCRtAeY64Ryhda7AE"},"_contentSize":{"__type__":"cc.Size","width":70,"height":74},"_position":{"__type__":"cc.Vec3","x":312,"y":444},"_scale":{"__type__":"cc.Vec3","x":1,"y":1,"z":1}},{"__type__":"cc.Node","_name":"grade_4","_parent":{"__id__":1},"_level":2,"_components":[{"__type__":"cc.Sprite","node":{"__id__":5},"_spriteFrame":{"__uuid__":"f5IjNe59lIPa/J8E6tWyyp"}}],"_prefab":{"__type__":"cc.PrefabInfo","root":{"__id__":1},"asset":{"__uuid__":"0bUMZKVkdMxrOZXB29Sbf2"},"fileId":"47yrBhIV1Ez7bsIyRQ6aM/"},"_contentSize":{"__type__":"cc.Size","width":102,"height":55},"_position":{"__type__":"cc.Vec3","y":456},"_scale":{"__type__":"cc.Vec3","x":1,"y":1,"z":1}},{"__type__":"cc.Node","_name":"scrollview","_parent":{"__id__":1},"_children":[{"__id__":7}],"_level":2,"_components":[{"__type__":"cc.ScrollView","node":{"__id__":6},"horizontal":false,"brake":0.75,"bounceDuration":0.23,"_N$content":{"__id__":8},"content":{"__id__":8},"_N$horizontalScrollBar":null,"_N$verticalScrollBar":null}],"_prefab":{"__type__":"cc.PrefabInfo","root":{"__id__":1},"asset":{"__uuid__":"0bUMZKVkdMxrOZXB29Sbf2"},"fileId":"c6/ET9BAxIEpzvrhywPwja"},"_contentSize":{"__type__":"cc.Size","width":531,"height":691},"_position":{"__type__":"cc.Vec3","y":60},"_scale":{"__type__":"cc.Vec3","x":1,"y":1,"z":1}},{"__type__":"cc.Node","_name":"view","_parent":{"__id__":6},"_children":[{"__id__":8}],"_components":[{"__type__":"cc.Mask","node":{"__id__":7}}],"_prefab":{"__type__":"cc.PrefabInfo","root":{"__id__":1},"asset":{"__uuid__":"0bUMZKVkdMxrOZXB29Sbf2"},"fileId":"68szC6FFlHOp2q460KyC14"},"_contentSize":{"__type__":"cc.Size","width":531,"height":691},"_scale":{"__type__":"cc.Vec3","x":1,"y":1,"z":1}},{"__type__":"cc.Node","_name":"content","_parent":{"__id__":7},"_components":[{"__id__":9}],"_prefab":{"__type__":"cc.PrefabInfo","root":{"__id__":1},"asset":{"__uuid__":"0bUMZKVkdMxrOZXB29Sbf2"},"fileId":"78pqDx79VKV5rSgTFY4bST"},"_contentSize":{"__type__":"cc.Size","width":531,"height":400},"_anchorPoint":{"__type__":"cc.Vec2","x":0.5,"y":1},"_position":{"__type__":"cc.Vec3","y":348},"_scale":{"__type__":"cc.Vec3","x":1,"y":1,"z":1}},{"__type__":"fd3311j/rtLG4Qv/Fw1uVxE","node":{"__id__":8},"rendererPrefab":{"__uuid__":"10/y1wV4RKAZAi1QZ3i6H/"},"gapV":12,"gapH":0,"topPadding":12,"bottomPadding":12}],[{"__type__":"cc.Prefab","_name":"GradeItem","data":{"__id__":1}},{"__type__":"cc.Node","_name":"GradeItem","_children":[{"__id__":2},{"__id__":3},{"__id__":7},{"__id__":10},{"__id__":11},{"__id__":13}],"_level":1,"_components":[{"__type__":"10fb00rmEtMnIDmXN+0Xg1k","node":{"__id__":1},"gradeAtlas":{"__uuid__":"018B1jjOtGU7imTkaT3hJi"},"gradeNode":{"__id__":3},"gradeNameLabel":{"__id__":9},"coinLabel":{"__id__":12},"awardSpriteFrames":[{"__uuid__":"f5TWiizvJEmYO4GOpFzM0+"},{"__uuid__":"1aXuNCHYFGu7r+ETue49bw"},{"__uuid__":"2c+hKKZDJLvqkYKtuKhOWg"}],"awardNode":{"__id__":13}}],"_prefab":{"__type__":"cc.PrefabInfo","root":{"__id__":1},"asset":{"__uuid__":"10/y1wV4RKAZAi1QZ3i6H/"},"fileId":"88B/KbgVdEvaSnFjaIyp25"},"_contentSize":{"__type__":"cc.Size","width":531,"height":123},"_position":{"__type__":"cc.Vec3","x":-2,"y":-68},"_scale":{"__type__":"cc.Vec3","x":1,"y":1,"z":1}},{"__type__":"cc.Node","_name":"back","_parent":{"__id__":1},"_level":2,"_components":[{"__type__":"cc.Sprite","node":{"__id__":2},"_spriteFrame":{"__uuid__":"121icDFphJbaHdSYNmxSER"},"_type":1,"_sizeMode":0}],"_prefab":{"__type__":"cc.PrefabInfo","root":{"__id__":1},"asset":{"__uuid__":"10/y1wV4RKAZAi1QZ3i6H/"},"fileId":"b46IUQnl5I7qHLMYAlzR4i"},"_contentSize":{"__type__":"cc.Size","width":531,"height":123},"_scale":{"__type__":"cc.Vec3","x":1,"y":1,"z":1}},{"__type__":"cc.Node","_name":"grade","_parent":{"__id__":1},"_children":[{"__id__":4},{"__id__":5},{"__id__":6}],"_level":2,"_prefab":{"__type__":"cc.PrefabInfo","root":{"__id__":1},"asset":{"__uuid__":"10/y1wV4RKAZAi1QZ3i6H/"},"fileId":"a3FmF4tIpI7qfvYmulDRf/"},"_position":{"__type__":"cc.Vec3","x":-187,"y":-4},"_scale":{"__type__":"cc.Vec3","x":0.6,"y":0.6,"z":1}},{"__type__":"cc.Node","_name":"icon_bg","_parent":{"__id__":3},"_level":3,"_components":[{"__type__":"cc.Sprite","node":{"__id__":4},"_spriteFrame":{"__uuid__":"ce+1GymutP9a6oXgnV5A9g"},"_sizeMode":0,"_isTrimmedMode":false}],"_prefab":{"__type__":"cc.PrefabInfo","root":{"__id__":1},"asset":{"__uuid__":"10/y1wV4RKAZAi1QZ3i6H/"},"fileId":"a3WfQm4UVBKJEAnWB4sq9j"},"_contentSize":{"__type__":"cc.Size","width":256,"height":166},"_position":{"__type__":"cc.Vec3","y":18},"_scale":{"__type__":"cc.Vec3","x":1,"y":1,"z":1}},{"__type__":"cc.Node","_name":"icon_name","_parent":{"__id__":3},"_level":4,"_components":[{"__type__":"cc.Sprite","node":{"__id__":5},"_spriteFrame":{"__uuid__":"fajXo7IgtF6LxcapY4DNFt"}}],"_prefab":{"__type__":"cc.PrefabInfo","root":{"__id__":1},"asset":{"__uuid__":"10/y1wV4RKAZAi1QZ3i6H/"},"fileId":"24UtubGG9G6YJwmfzETi+x"},"_contentSize":{"__type__":"cc.Size","width":77,"height":44},"_position":{"__type__":"cc.Vec3","y":-55.7},"_scale":{"__type__":"cc.Vec3","x":1,"y":1,"z":1}},{"__type__":"cc.Node","_name":"icon_num","_parent":{"__id__":3},"_level":4,"_components":[{"__type__":"cc.Sprite","node":{"__id__":6},"_spriteFrame":{"__uuid__":"85x6kQ3ZdCa6vxwQUhQOrm"},"_sizeMode":2,"_isTrimmedMode":false}],"_prefab":{"__type__":"cc.PrefabInfo","root":{"__id__":1},"asset":{"__uuid__":"10/y1wV4RKAZAi1QZ3i6H/"},"fileId":"e9yQR49edHbahdLUxgYSYm"},"_contentSize":{"__type__":"cc.Size","width":15,"height":38},"_position":{"__type__":"cc.Vec3","y":5.8},"_scale":{"__type__":"cc.Vec3","x":1,"y":1,"z":1}},{"__type__":"cc.Node","_name":"name_back","_parent":{"__id__":1},"_children":[{"__id__":8}],"_level":2,"_components":[{"__type__":"cc.Sprite","node":{"__id__":7},"_spriteFrame":{"__uuid__":"46PEI9G/ZFrpadredat+7d"},"_sizeMode":2}],"_prefab":{"__type__":"cc.PrefabInfo","root":{"__id__":1},"asset":{"__uuid__":"10/y1wV4RKAZAi1QZ3i6H/"},"fileId":"12MuC1NqNMxJCnHrFllfIq"},"_contentSize":{"__type__":"cc.Size","width":202,"height":39},"_position":{"__type__":"cc.Vec3","x":-6,"y":39.4},"_scale":{"__type__":"cc.Vec3","x":1,"y":1,"z":1}},{"__type__":"cc.Node","_name":"gradename","_parent":{"__id__":7},"_level":3,"_components":[{"__id__":9}],"_prefab":{"__type__":"cc.PrefabInfo","root":{"__id__":1},"asset":{"__uuid__":"10/y1wV4RKAZAi1QZ3i6H/"},"fileId":"8eBaOBYQFGkrehtihhBtl3"},"_contentSize":{"__type__":"cc.Size","width":75,"height":33},"_scale":{"__type__":"cc.Vec3","x":1,"y":1,"z":1}},{"__type__":"cc.Label","node":{"__id__":8},"_useOriginalSize":false,"_string":"青铜1","_N$string":"青铜1","_fontSize":30,"_lineHeight":33,"_N$horizontalAlign":1,"_N$verticalAlign":1,"_N$fontFamily":"苹方"},{"__type__":"cc.Node","_name":"coin_icon","_parent":{"__id__":1},"_level":2,"_components":[{"__type__":"cc.Sprite","node":{"__id__":10},"_spriteFrame":{"__uuid__":"6fVDNitvBHWpeub/SHcmtI"}}],"_prefab":{"__type__":"cc.PrefabInfo","root":{"__id__":1},"asset":{"__uuid__":"10/y1wV4RKAZAi1QZ3i6H/"},"fileId":"784Mq4EDBCE4ueNBw7gkw5"},"_contentSize":{"__type__":"cc.Size","width":41,"height":44},"_position":{"__type__":"cc.Vec3","x":-56,"y":-21},"_scale":{"__type__":"cc.Vec3","x":1,"y":1,"z":1}},{"__type__":"cc.Node","_name":"coin_label","_parent":{"__id__":1},"_level":2,"_components":[{"__id__":12}],"_prefab":{"__type__":"cc.PrefabInfo","root":{"__id__":1},"asset":{"__uuid__":"10/y1wV4RKAZAi1QZ3i6H/"},"fileId":"217GaujndKTLwU12SO1xq+"},"_color":{"__type__":"cc.Color","r":118,"g":65,"b":20},"_contentSize":{"__type__":"cc.Size","width":80.09,"height":40},"_anchorPoint":{"__type__":"cc.Vec2","y":0.5},"_position":{"__type__":"cc.Vec3","x":-27,"y":-22},"_scale":{"__type__":"cc.Vec3","x":1,"y":1,"z":1}},{"__type__":"cc.Label","node":{"__id__":11},"_useOriginalSize":false,"_string":"2000","_N$string":"2000","_fontSize":36,"_N$horizontalAlign":1,"_N$verticalAlign":1},{"__type__":"cc.Node","_name":"award_btn","_parent":{"__id__":1},"_level":2,"_components":[{"__type__":"cc.Sprite","node":{"__id__":13},"_spriteFrame":{"__uuid__":"f5TWiizvJEmYO4GOpFzM0+"},"_sizeMode":0},{"__type__":"cc.Button","node":{"__id__":13},"zoomScale":0.9,"_N$transition":3,"transition":3}],"_prefab":{"__type__":"cc.PrefabInfo","root":{"__id__":1},"asset":{"__uuid__":"10/y1wV4RKAZAi1QZ3i6H/"},"fileId":"58VCAku0lPH7vyHMoDz+Fd"},"_contentSize":{"__type__":"cc.Size","width":141,"height":74},"_position":{"__type__":"cc.Vec3","x":188,"y":-2},"_scale":{"__type__":"cc.Vec3","x":1,"y":1,"z":1}}],{"__type__":"cc.SpriteFrame","content":{"name":"common_0","texture":"8fs7OoLnpP/K7lTM8kKHni","rect":[95,429,88,72],"offset":[0,0],"originalSize":[88,72],"capInsets":[29,29,28,30]}},{"__type__":"cc.SpriteFrame","content":{"name":"grade_0","texture":"3cyNE3RVFIp6f21rOo5lm3","rect":[381,609,141,74],"offset":[0,0],"originalSize":[141,74],"capInsets":[0,0,0,0]}},{"__type__":"cc.SpriteFrame","content":{"name":"common_4","texture":"8fs7OoLnpP/K7lTM8kKHni","rect":[208,429,70,74],"offset":[0,0],"originalSize":[70,74],"capInsets":[0,0,0,0]}},{"__type__":"cc.SpriteFrame","content":{"name":"common_1","texture":"8fs7OoLnpP/K7lTM8kKHni","rect":[283,423,123,98],"offset":[0,0],"originalSize":[123,98],"capInsets":[36,36,38,45]}},{"__type__":"cc.SpriteFrame","content":{"name":"grade_3","texture":"3cyNE3RVFIp6f21rOo5lm3","rect":[526,305,141,74],"offset":[0,0],"originalSize":[141,74],"capInsets":[0,0,0,0]}},{"__type__":"cc.SpriteFrame","content":{"name":"grade_1","texture":"3cyNE3RVFIp6f21rOo5lm3","rect":[271,539,202,39],"offset":[0,0],"originalSize":[202,39],"capInsets":[0,0,0,0]}},{"__type__":"cc.SpriteFrame","content":{"name":"hall_1","texture":"3cyNE3RVFIp6f21rOo5lm3","rect":[527,653,41,44],"offset":[0,0],"originalSize":[41,44],"capInsets":[0,0,0,0]}},{"__type__":"cc.SpriteFrame","content":{"name":"1_1","texture":"beM5qOisRGyLdVxpfO7Crs","rect":[653,262,15,38],"offset":[0,0],"originalSize":[15,38],"capInsets":[0,0,0,0]}},{"__type__":"cc.SpriteFrame","content":{"name":"common_7","texture":"8fs7OoLnpP/K7lTM8kKHni","rect":[0,429,90,88],"offset":[0,0],"originalSize":[90,88],"capInsets":[31,34,32,31]}},{"__type__":"cc.SpriteFrame","content":{"name":"DW_1","texture":"beM5qOisRGyLdVxpfO7Crs","rect":[261,0,256,166],"offset":[0,0],"originalSize":[256,166],"capInsets":[0,0,0,0]}},{"__type__":"cc.SpriteFrame","content":{"name":"grade_4","texture":"3cyNE3RVFIp6f21rOo5lm3","rect":[526,245,102,55],"offset":[0,0],"originalSize":[102,55],"capInsets":[0,0,0,0]}},{"__type__":"cc.SpriteFrame","content":{"name":"grade_2","texture":"3cyNE3RVFIp6f21rOo5lm3","rect":[478,530,141,74],"offset":[0,0],"originalSize":[141,74],"capInsets":[0,0,0,0]}},{"__type__":"cc.SpriteFrame","content":{"name":"dw1","texture":"beM5qOisRGyLdVxpfO7Crs","rect":[0,732,77,44],"offset":[0,0],"originalSize":[77,44],"capInsets":[0,0,0,0]}}]