[{"__type__":"cc.SpriteFrame","content":{"name":"game_5","texture":"789/YywudA2ZdqHXVgPR/A","rect":[500,0,217,217],"offset":[0,0],"originalSize":[217,217],"capInsets":[0,0,0,0]}},{"__type__":"cc.SpriteFrame","content":{"name":"game_1","texture":"789/YywudA2ZdqHXVgPR/A","rect":[681,245,46,46],"offset":[0,0],"originalSize":[46,46],"capInsets":[0,0,0,0]}},{"__type__":"cc.SpriteFrame","content":{"name":"game_20","texture":"789/YywudA2ZdqHXVgPR/A","rect":[777,539,24,50],"offset":[0,0],"originalSize":[24,50],"capInsets":[0,0,0,0]}},{"__type__":"cc.SpriteFrame","content":{"name":"delete_line","texture":"789/YywudA2ZdqHXVgPR/A","rect":[0,768,132,19],"offset":[0,0],"originalSize":[132,19],"capInsets":[0,0,0,0]}},{"__type__":"cc.SpriteFrame","content":{"name":"game_16","texture":"789/YywudA2ZdqHXVgPR/A","rect":[680,594,142,142],"offset":[0,0],"originalSize":[142,142],"capInsets":[0,0,0,0]}},{"__type__":"cc.SpriteFrame","content":{"name":"game_7","texture":"789/YywudA2ZdqHXVgPR/A","rect":[435,248,57,51],"offset":[0,0],"originalSize":[57,51],"capInsets":[0,0,0,0]}},{"__type__":"cc.SpriteFrame","content":{"name":"game_2","texture":"789/YywudA2ZdqHXVgPR/A","rect":[435,369,46,46],"offset":[0,0],"originalSize":[46,46],"capInsets":[0,0,0,0]}},{"__type__":"cc.SpriteFrame","content":{"name":"game_9","texture":"789/YywudA2ZdqHXVgPR/A","rect":[219,486,48,50],"offset":[0,0],"originalSize":[48,50],"capInsets":[0,0,0,0]}},{"__type__":"cc.SpriteFrame","content":{"name":"game_15","texture":"789/YywudA2ZdqHXVgPR/A","rect":[0,0,248,248],"offset":[0,0],"originalSize":[248,248],"capInsets":[0,0,0,0]}},{"__type__":"cc.SpriteFrame","content":{"name":"game_4","texture":"789/YywudA2ZdqHXVgPR/A","rect":[213,253,217,217],"offset":[0,0],"originalSize":[217,217],"capInsets":[0,0,0,0]}},{"__type__":"cc.SpriteFrame","content":{"name":"game_3","texture":"789/YywudA2ZdqHXVgPR/A","rect":[272,475,217,217],"offset":[0,0],"originalSize":[217,217],"capInsets":[0,0,0,0]}},{"__type__":"cc.SpriteFrame","content":{"name":"game_14","texture":"789/YywudA2ZdqHXVgPR/A","rect":[0,541,267,173],"offset":[0,0],"originalSize":[267,173],"capInsets":[0,0,0,0]}},{"__type__":"cc.SpriteAtlas","_name":"game.plist","_spriteFrames":{"armor":{"__uuid__":"fcRHPDkY1B6Z169zNbv0hH"},"delete_line":{"__uuid__":"36ZoTo5i1IOr5HPHixFfDb"},"game_0":{"__uuid__":"ecBQpcZKNLE6vHzVkfb5zV"},"game_1":{"__uuid__":"25BnsRtFhKNrCH74KC1wQ6"},"game_12":{"__uuid__":"c3kks/zchB+YV9jkNx9/GM"},"game_13":{"__uuid__":"e0VfiagXFOc52rOPQ0E9AJ"},"game_14":{"__uuid__":"a8FifwkIBHBrvyl1Q5AFuP"},"game_15":{"__uuid__":"7f11hIBqpLxZaw4J8Hvf7A"},"game_16":{"__uuid__":"4bzuDM0KRE2Yyik5UewZ+6"},"game_17":{"__uuid__":"c9jFBb8TRJuKpf9AbOmptL"},"game_18":{"__uuid__":"b7wkee+69PLaE9lPyjph8s"},"game_19":{"__uuid__":"ccp4NzVxJMtZeypbqZgd0j"},"game_2":{"__uuid__":"56p20ONKhOCra1eclP6Afv"},"game_20":{"__uuid__":"267DDvUVlLio8WHaujZyGU"},"game_3":{"__uuid__":"9fo76ZQjZEN6TNc+NeXBX+"},"game_4":{"__uuid__":"86qJZ/csxAYpk575Kwcwbb"},"game_5":{"__uuid__":"00xi+XDItJQb4C1OXl9FVe"},"game_6":{"__uuid__":"c2Z21KSpRFn5dvuRc0TtAC"},"game_7":{"__uuid__":"4eP9ndkk5P1pqpUvP8HAzw"},"game_8":{"__uuid__":"b8OI1fCDtLX7Y/eCvkt4fm"},"game_9":{"__uuid__":"6fBa53m2dFBoD2AIoQ87zo"},"grass":{"__uuid__":"f7aOXVWPNAIKPtXuxj0zsP"},"rocker":{"__uuid__":"d9qJMhoExCnbkPu3TOdRcH"},"touch":{"__uuid__":"b5rXatzdFCerdAh4aYvQfL"}}},{"__type__":"cc.SpriteFrame","content":{"name":"touch","texture":"789/YywudA2ZdqHXVgPR/A","rect":[494,594,181,181],"offset":[0,0],"originalSize":[181,181],"capInsets":[0,0,0,0]}},{"__type__":"cc.SpriteFrame","content":{"name":"game_18","texture":"789/YywudA2ZdqHXVgPR/A","rect":[0,719,196,44],"offset":[0,0],"originalSize":[196,44],"capInsets":[0,0,0,0]}},{"__type__":"cc.SpriteFrame","content":{"name":"game_8","texture":"789/YywudA2ZdqHXVgPR/A","rect":[435,420,48,50],"offset":[0,0],"originalSize":[48,50],"capInsets":[0,0,0,0]}},{"__type__":"cc.SpriteFrame","content":{"name":"game_6","texture":"789/YywudA2ZdqHXVgPR/A","rect":[253,0,242,243],"offset":[0,0],"originalSize":[242,243],"capInsets":[0,0,0,0]}},{"__type__":"cc.SpriteFrame","content":{"name":"game_12","texture":"789/YywudA2ZdqHXVgPR/A","rect":[494,467,278,122],"offset":[0,0],"originalSize":[278,122],"capInsets":[0,0,0,0]}},{"__type__":"cc.SpriteFrame","content":{"name":"game_17","texture":"789/YywudA2ZdqHXVgPR/A","rect":[273,697,216,78],"offset":[0,0],"originalSize":[216,78],"capInsets":[0,0,0,0]}},{"__type__":"cc.SpriteFrame","content":{"name":"game_19","texture":"789/YywudA2ZdqHXVgPR/A","rect":[0,792,19,19],"offset":[0,0],"originalSize":[19,19],"capInsets":[7,5,7,6]}},{"__type__":"cc.SpriteFrame","content":{"name":"rocker","texture":"789/YywudA2ZdqHXVgPR/A","rect":[681,350,112,112],"offset":[0,0],"originalSize":[112,112],"capInsets":[0,0,0,0]}},{"__type__":"cc.SpriteFrame","content":{"name":"game_13","texture":"789/YywudA2ZdqHXVgPR/A","rect":[0,253,208,283],"offset":[0,0],"originalSize":[208,283],"capInsets":[0,0,0,0]}},{"__type__":"cc.SpriteFrame","content":{"name":"game_0","texture":"789/YywudA2ZdqHXVgPR/A","rect":[435,304,46,46],"offset":[0,0],"originalSize":[46,46],"capInsets":[0,0,0,0]}},{"__type__":"cc.SpriteFrame","content":{"name":"grass","texture":"789/YywudA2ZdqHXVgPR/A","rect":[500,222,176,240],"offset":[0,0],"originalSize":[176,240],"capInsets":[0,0,0,0]}},{"__type__":"cc.SpriteFrame","content":{"name":"armor","texture":"789/YywudA2ZdqHXVgPR/A","rect":[681,296,76,49],"offset":[0,0],"originalSize":[76,49],"capInsets":[0,0,0,0]}}]