[{"__type__":"cc.SpriteFrame","content":{"name":"g9","texture":"75YrRb94lB5bcO3tlSbEXh","rect":[0,966,517,3],"offset":[0,0],"originalSize":[517,3],"capInsets":[0,0,0,0]}},{"__type__":"cc.SpriteAtlas","_name":"gameover.plist","_spriteFrames":{"g1":{"__uuid__":"3fhOHfz1JCfqfEsScWHz/P"},"g10":{"__uuid__":"bdsNRfMQlCtJB2UcMmLvbX"},"g11":{"__uuid__":"d2ZedFTXdAgYgYE63Xhn4i"},"g12":{"__uuid__":"45xp3fSL5FvZFxyBLcGwWv"},"g13":{"__uuid__":"f1HLfeCLRGooO//HWpV+5l"},"g14":{"__uuid__":"f51z+7MWFL/K5rwr3b46pp"},"g15":{"__uuid__":"6aummqh0FEXZhwsIV3swPu"},"g2":{"__uuid__":"96rqi7xc9Mj5EPeOcCITaN"},"g3":{"__uuid__":"a5TsLPyUBDko5Vji97azDo"},"g4":{"__uuid__":"f62/wCKJdNnq6VDq3Dr9L2"},"g5":{"__uuid__":"4dSi4fTZBC4oWn9DC6gs+J"},"g6":{"__uuid__":"adkiAgQYlF0JMXnWBMMX5w"},"g7":{"__uuid__":"7bq+IbhkhHh67b959briPV"},"g8":{"__uuid__":"e0RyGq1EpGV7a/C/vwT7u6"},"g9":{"__uuid__":"102iMLHutDqZaJPfXzVLSB"}}},{"__type__":"cc.SpriteFrame","content":{"name":"g1","texture":"75YrRb94lB5bcO3tlSbEXh","rect":[646,581,206,91],"offset":[0,0],"originalSize":[206,91],"capInsets":[0,0,0,0]}},{"__type__":"cc.SpriteFrame","content":{"name":"g12","texture":"75YrRb94lB5bcO3tlSbEXh","rect":[646,485,206,91],"offset":[0,0],"originalSize":[206,91],"capInsets":[0,0,0,0]}},{"__type__":"cc.SpriteFrame","content":{"name":"g5","texture":"75YrRb94lB5bcO3tlSbEXh","rect":[0,0,465,467],"offset":[0,0],"originalSize":[465,467],"capInsets":[0,0,0,0]}},{"__type__":"cc.SpriteFrame","content":{"name":"g15","texture":"75YrRb94lB5bcO3tlSbEXh","rect":[646,358,278,122],"offset":[0,0],"originalSize":[278,122],"capInsets":[0,0,0,0]}},{"__type__":"cc.SpriteFrame","content":{"name":"g7","texture":"75YrRb94lB5bcO3tlSbEXh","rect":[470,52,402,47],"offset":[0,0],"originalSize":[402,47],"capInsets":[0,0,0,0]}},{"__type__":"cc.SpriteFrame","content":{"name":"g2","texture":"75YrRb94lB5bcO3tlSbEXh","rect":[0,692,641,215],"offset":[0,0],"originalSize":[641,215],"capInsets":[0,0,0,0]}},{"__type__":"cc.SpriteFrame","content":{"name":"g3","texture":"75YrRb94lB5bcO3tlSbEXh","rect":[646,677,229,58],"offset":[0,0],"originalSize":[229,58],"capInsets":[0,0,0,0]}},{"__type__":"cc.SpriteFrame","content":{"name":"g6","texture":"75YrRb94lB5bcO3tlSbEXh","rect":[470,0,402,47],"offset":[0,0],"originalSize":[402,47],"capInsets":[0,0,0,0]}},{"__type__":"cc.SpriteFrame","content":{"name":"g10","texture":"75YrRb94lB5bcO3tlSbEXh","rect":[646,740,229,58],"offset":[0,0],"originalSize":[229,58],"capInsets":[0,0,0,0]}},{"__type__":"cc.SpriteFrame","content":{"name":"g11","texture":"75YrRb94lB5bcO3tlSbEXh","rect":[0,472,641,215],"offset":[0,0],"originalSize":[641,215],"capInsets":[0,0,0,0]}},{"__type__":"cc.SpriteFrame","content":{"name":"g8","texture":"75YrRb94lB5bcO3tlSbEXh","rect":[0,912,526,49],"offset":[0,0],"originalSize":[526,49],"capInsets":[0,0,0,0]}},{"__type__":"cc.SpriteFrame","content":{"name":"g13","texture":"75YrRb94lB5bcO3tlSbEXh","rect":[470,231,278,122],"offset":[0,0],"originalSize":[278,122],"capInsets":[0,0,0,0]}},{"__type__":"cc.SpriteFrame","content":{"name":"g14","texture":"75YrRb94lB5bcO3tlSbEXh","rect":[470,104,278,122],"offset":[0,0],"originalSize":[278,122],"capInsets":[0,0,0,0]}},{"__type__":"cc.SpriteFrame","content":{"name":"g4","texture":"75YrRb94lB5bcO3tlSbEXh","rect":[605,418,36,49],"offset":[0,0],"originalSize":[36,49],"capInsets":[17,8,16,8]}}]