[{"__type__":"cc.SpriteFrame","content":{"name":"common_0","texture":"8fs7OoLnpP/K7lTM8kKHni","rect":[95,429,88,72],"offset":[0,0],"originalSize":[88,72],"capInsets":[29,29,28,30]}},{"__type__":"cc.SpriteFrame","content":{"name":"common_1","texture":"8fs7OoLnpP/K7lTM8kKHni","rect":[283,423,123,98],"offset":[0,0],"originalSize":[123,98],"capInsets":[36,36,38,45]}},{"__type__":"cc.SpriteFrame","content":{"name":"common_3","texture":"8fs7OoLnpP/K7lTM8kKHni","rect":[0,151,494,146],"offset":[0,0],"originalSize":[494,146],"capInsets":[0,0,0,0]}},{"__type__":"cc.SpriteFrame","content":{"name":"g5","texture":"75YrRb94lB5bcO3tlSbEXh","rect":[0,0,465,467],"offset":[0,0],"originalSize":[465,467],"capInsets":[0,0,0,0]}},[{"__type__":"cc.Prefab","_name":"GameAwardPop","data":{"__id__":1}},{"__type__":"cc.Node","_name":"GameAwardPop","_children":[{"__id__":2},{"__id__":3},{"__id__":4},{"__id__":5},{"__id__":6},{"__id__":7},{"__id__":10},{"__id__":12},{"__id__":14}],"_level":1,"_components":[{"__type__":"d0ef5ke2iNCE56dcU4MPSVO","node":{"__id__":1},"closeBtn":{"__id__":14},"iconSprite":{"__id__":11},"tipLabel":{"__id__":9},"infoLabel":{"__id__":13}}],"_prefab":{"__type__":"cc.PrefabInfo","root":{"__id__":1},"asset":{"__uuid__":"51afxO7A5KK78a86Pd7fwn"},"fileId":"0eRitllg5Iw6k+WJfNUuj0"},"_contentSize":{"__type__":"cc.Size","width":750,"height":1334},"_scale":{"__type__":"cc.Vec3","x":1,"y":1,"z":1},"groupIndex":4},{"__type__":"cc.Node","_name":"bg","_parent":{"__id__":1},"_level":2,"_components":[{"__type__":"cc.Sprite","node":{"__id__":2},"_spriteFrame":{"__uuid__":"a2MjXRFdtLlYQ5ouAFv/+R"},"_sizeMode":0}],"_prefab":{"__type__":"cc.PrefabInfo","root":{"__id__":1},"asset":{"__uuid__":"51afxO7A5KK78a86Pd7fwn"},"fileId":"15ICbeAs9MhJG5NDNBMpjE"},"_opacity":200,"_color":{"__type__":"cc.Color"},"_contentSize":{"__type__":"cc.Size","width":1000,"height":1800},"_scale":{"__type__":"cc.Vec3","x":1,"y":1,"z":1},"groupIndex":4},{"__type__":"cc.Node","_name":"light","_parent":{"__id__":1},"_level":2,"_components":[{"__type__":"cc.Sprite","node":{"__id__":3},"_spriteFrame":{"__uuid__":"4dSi4fTZBC4oWn9DC6gs+J"}},{"__type__":"97f93jbOt5PqphN4CPLQBnz","node":{"__id__":3}}],"_prefab":{"__type__":"cc.PrefabInfo","root":{"__id__":1},"asset":{"__uuid__":"51afxO7A5KK78a86Pd7fwn"},"fileId":"0dvwxxPqxOtItG0k8UwiEC"},"_contentSize":{"__type__":"cc.Size","width":465,"height":467},"_position":{"__type__":"cc.Vec3","y":386},"_scale":{"__type__":"cc.Vec3","x":1,"y":1,"z":1}},{"__type__":"cc.Node","_name":"common_1","_parent":{"__id__":1},"_level":2,"_components":[{"__type__":"cc.Sprite","node":{"__id__":4},"_spriteFrame":{"__uuid__":"2ajsPICAFO74pEuMR2LZT4"},"_type":1,"_sizeMode":0}],"_prefab":{"__type__":"cc.PrefabInfo","root":{"__id__":1},"asset":{"__uuid__":"51afxO7A5KK78a86Pd7fwn"},"fileId":"8edp71+opBO7t97x41PUIM"},"_contentSize":{"__type__":"cc.Size","width":661,"height":475},"_position":{"__type__":"cc.Vec3","y":85},"_scale":{"__type__":"cc.Vec3","x":1,"y":1,"z":1}},{"__type__":"cc.Node","_name":"common_0","_parent":{"__id__":1},"_level":2,"_components":[{"__type__":"cc.Sprite","node":{"__id__":5},"_spriteFrame":{"__uuid__":"121icDFphJbaHdSYNmxSER"},"_type":1,"_sizeMode":0}],"_prefab":{"__type__":"cc.PrefabInfo","root":{"__id__":1},"asset":{"__uuid__":"51afxO7A5KK78a86Pd7fwn"},"fileId":"281BVmd3NB+JUazaEsnjoJ"},"_contentSize":{"__type__":"cc.Size","width":585,"height":244},"_position":{"__type__":"cc.Vec3","y":140},"_scale":{"__type__":"cc.Vec3","x":1,"y":1,"z":1}},{"__type__":"cc.Node","_name":"title","_parent":{"__id__":1},"_level":2,"_components":[{"__type__":"cc.Sprite","node":{"__id__":6},"_spriteFrame":{"__uuid__":"36OKNB1lJKMb4oumwunR7J"},"_sizeMode":0}],"_prefab":{"__type__":"cc.PrefabInfo","root":{"__id__":1},"asset":{"__uuid__":"51afxO7A5KK78a86Pd7fwn"},"fileId":"18HqCWgVZAqIBIvMxNN2/p"},"_contentSize":{"__type__":"cc.Size","width":494,"height":146},"_position":{"__type__":"cc.Vec3","y":347},"_scale":{"__type__":"cc.Vec3","x":1,"y":1,"z":1}},{"__type__":"cc.Node","_name":"g6","_parent":{"__id__":1},"_children":[{"__id__":8}],"_level":2,"_components":[{"__type__":"cc.Sprite","node":{"__id__":7},"_spriteFrame":{"__uuid__":"adkiAgQYlF0JMXnWBMMX5w"}}],"_prefab":{"__type__":"cc.PrefabInfo","root":{"__id__":1},"asset":{"__uuid__":"51afxO7A5KK78a86Pd7fwn"},"fileId":"22xcJxHW1OLI+L9BlBipkD"},"_contentSize":{"__type__":"cc.Size","width":402,"height":47},"_position":{"__type__":"cc.Vec3","x":2,"y":228},"_scale":{"__type__":"cc.Vec3","x":1,"y":1,"z":1}},{"__type__":"cc.Node","_name":"label","_parent":{"__id__":7},"_level":3,"_components":[{"__id__":9}],"_prefab":{"__type__":"cc.PrefabInfo","root":{"__id__":1},"asset":{"__uuid__":"51afxO7A5KK78a86Pd7fwn"},"fileId":"51xZ5EQyxLT5s1KfUK+Fxd"},"_contentSize":{"__type__":"cc.Size","width":180,"height":40},"_scale":{"__type__":"cc.Vec3","x":1,"y":1,"z":1}},{"__type__":"cc.Label","node":{"__id__":8},"_useOriginalSize":false,"_string":"获得金币奖励","_N$string":"获得金币奖励","_fontSize":30,"_N$horizontalAlign":1,"_N$verticalAlign":1},{"__type__":"cc.Node","_name":"coin_icon","_parent":{"__id__":1},"_level":2,"_components":[{"__id__":11}],"_prefab":{"__type__":"cc.PrefabInfo","root":{"__id__":1},"asset":{"__uuid__":"51afxO7A5KK78a86Pd7fwn"},"fileId":"33/nRTj9RImaaoRm/gvsYn"},"_contentSize":{"__type__":"cc.Size","width":116,"height":116},"_position":{"__type__":"cc.Vec3","y":133},"_scale":{"__type__":"cc.Vec3","x":1,"y":1,"z":1}},{"__type__":"cc.Sprite","node":{"__id__":10},"_spriteFrame":{"__uuid__":"a8vagHDpFDn7CUsZMD9Oi2"}},{"__type__":"cc.Node","_name":"coin_label","_parent":{"__id__":1},"_level":2,"_components":[{"__id__":13}],"_prefab":{"__type__":"cc.PrefabInfo","root":{"__id__":1},"asset":{"__uuid__":"51afxO7A5KK78a86Pd7fwn"},"fileId":"24Xep+2s1EGrU0ZNjOSglI"},"_color":{"__type__":"cc.Color","r":121,"g":65,"b":20},"_contentSize":{"__type__":"cc.Size","width":80.09,"height":40},"_position":{"__type__":"cc.Vec3","y":52},"_scale":{"__type__":"cc.Vec3","x":1,"y":1,"z":1}},{"__type__":"cc.Label","node":{"__id__":12},"_useOriginalSize":false,"_string":"2000","_N$string":"2000","_fontSize":36,"_N$horizontalAlign":1,"_N$verticalAlign":1},{"__type__":"cc.Node","_name":"ok_btn","_parent":{"__id__":1},"_level":2,"_components":[{"__type__":"cc.Sprite","node":{"__id__":14},"_spriteFrame":{"__uuid__":"bedg8oIUxPP5w15KvAj+NA"},"_sizeMode":2},{"__type__":"cc.Button","node":{"__id__":14},"zoomScale":0.9,"_N$transition":3,"transition":3}],"_prefab":{"__type__":"cc.PrefabInfo","root":{"__id__":1},"asset":{"__uuid__":"51afxO7A5KK78a86Pd7fwn"},"fileId":"12lOoUDBdGgLm2C3lmdq22"},"_contentSize":{"__type__":"cc.Size","width":278,"height":122},"_position":{"__type__":"cc.Vec3","y":-57},"_scale":{"__type__":"cc.Vec3","x":1,"y":1,"z":1}}],{"__type__":"cc.SpriteFrame","content":{"name":"default_sprite_splash","texture":"02delMVqdBD70a/HSD99FK","rect":[0,0,2,2],"offset":[0,0],"originalSize":[2,2],"capInsets":[0,0,0,0]}},{"__type__":"cc.SpriteFrame","content":{"name":"common_6","texture":"8fs7OoLnpP/K7lTM8kKHni","rect":[283,302,116,116],"offset":[0,0],"originalSize":[116,116],"capInsets":[0,0,0,0]}},{"__type__":"cc.SpriteFrame","content":{"name":"g6","texture":"75YrRb94lB5bcO3tlSbEXh","rect":[470,0,402,47],"offset":[0,0],"originalSize":[402,47],"capInsets":[0,0,0,0]}},{"__type__":"cc.SpriteFrame","content":{"name":"common_5","texture":"8fs7OoLnpP/K7lTM8kKHni","rect":[0,302,278,122],"offset":[0,0],"originalSize":[278,122],"capInsets":[0,0,0,0]}}]