[{"__type__":"cc.Prefab","_name":"additem","data":{"__id__":1}},{"__type__":"cc.Node","_name":"item","_children":[{"__id__":2}],"_level":1,"_prefab":{"__type__":"cc.PrefabInfo","root":{"__id__":1},"asset":{"__uuid__":"61KPNAXTtNuLvDNFByh+Mw"},"fileId":"5f5QGh/YVPE6NgP5oWI/XC"},"_contentSize":{"__type__":"cc.Size","width":104,"height":104},"_position":{"__type__":"cc.Vec3","x":-262,"y":-52},"_scale":{"__type__":"cc.Vec3","x":1,"y":1,"z":1}},{"__type__":"cc.Node","_name":"New Sprite(Splash)","_parent":{"__id__":1},"_level":2,"_components":[{"__type__":"cc.Sprite","node":{"__id__":2},"_sizeMode":0}],"_prefab":{"__type__":"cc.PrefabInfo","root":{"__id__":1},"asset":{"__uuid__":"61KPNAXTtNuLvDNFByh+Mw"},"fileId":"5a0odz09VK+bQfER96Ybhv"},"_contentSize":{"__type__":"cc.Size","width":100,"height":100},"_scale":{"__type__":"cc.Vec3","x":1,"y":1,"z":1}}]