[{"__type__":"cc.SpriteFrame","content":{"name":"itemTip","texture":"bcdfKG9BFBuKtQ2uLhFU9d","rect":[0,0,367,48],"offset":[0,0],"originalSize":[367,48],"capInsets":[0,0,0,0]}},{"__type__":"cc.SpriteFrame","content":{"name":"starx2","texture":"dfoBnlqCBH/r6PRv+aH2tp","rect":[0,0,79,74],"offset":[0,0],"originalSize":[79,74],"capInsets":[0,0,0,0]}},[{"__type__":"cc.SceneAsset","_name":"endlessScene","scene":{"__id__":1},"asyncLoadAssets":null},{"__type__":"cc.Scene","_name":"New Node","_children":[{"__id__":2},{"__id__":80}],"_active":false,"_anchorPoint":{"__type__":"cc.Vec2"},"_scale":{"__type__":"cc.Vec3","x":0.21448650674662667,"y":0.21448650674662667,"z":1},"autoReleaseAssets":true},{"__type__":"cc.Node","_name":"Canvas","_parent":{"__id__":1},"_children":[{"__id__":3},{"__id__":4},{"__id__":5},{"__id__":15},{"__id__":32},{"__id__":45},{"__id__":68},{"__id__":71},{"__id__":74},{"__id__":75},{"__id__":76}],"_level":1,"_components":[{"__type__":"cc.Canvas","node":{"__id__":2},"_designResolution":{"__type__":"cc.Size","width":750,"height":1334}},{"__type__":"9c07c46Z3pBaIZkjDhspGGV","node":{"__id__":2},"blockShapePrefab":{"__uuid__":"f5GrNtyrxNT4SYy9rrRcRp"},"giftBoxPrefab":{"__uuid__":"36/NGruNlIYYMhNkozuysf"},"topPanelNode":{"__id__":15},"leftPanelNode":{"__id__":32},"doubleStarDoneNode":{"__id__":37},"rightPanelNode":{"__id__":45},"nextShape":{"__id__":18},"itemTipNode":{"__id__":31},"starValueLabel":{"__id__":49},"lifeValueLabel":{"__id__":53},"bestScoreValueLabel":{"__id__":57},"qrNode":{"__id__":76}},{"__type__":"6b9e6tupwtPwq+wcjxma5BV","node":{"__id__":2},"targetNodes":[{"__id__":58}]}],"_contentSize":{"__type__":"cc.Size","width":750,"height":1334},"_position":{"__type__":"cc.Vec3","x":375,"y":667},"_scale":{"__type__":"cc.Vec3","x":1,"y":1,"z":1},"_id":"5102TMbudAqKWVQOSR+sdw"},{"__type__":"cc.Node","_name":"Main Camera","_parent":{"__id__":2},"_level":1,"_components":[{"__type__":"cc.Camera","node":{"__id__":3},"_clearFlags":7,"_depth":-1}],"_scale":{"__type__":"cc.Vec3","x":1,"y":1,"z":1}},{"__type__":"cc.Node","_name":"cloud","_parent":{"__id__":2},"_components":[{"__type__":"cc.Sprite","node":{"__id__":4},"_spriteFrame":{"__uuid__":"adqpEOTg9Ogr84sgb4V0MX"}},{"__type__":"08e51/OBU9EBYS0BDG+rDo+","node":{"__id__":4},"regionY":20,"regionSpeed":1}],"_contentSize":{"__type__":"cc.Size","width":212,"height":71},"_anchorPoint":{"__type__":"cc.Vec2","y":0.5},"_position":{"__type__":"cc.Vec3","x":336,"y":340},"_scale":{"__type__":"cc.Vec3","x":1,"y":1,"z":1}},{"__type__":"cc.Node","_name":"tower","_parent":{"__id__":2},"_children":[{"__id__":6},{"__id__":8},{"__id__":9},{"__id__":10},{"__id__":14}],"_components":[{"__type__":"e1a7eZc/15O0bS5Wmlv0fmS","node":{"__id__":5},"towerBasePrefab":{"__uuid__":"44R6D4G/hOlJ2t4+lfNyi8"},"towerBaseBigPrefab":{"__uuid__":"9f9mNIqFJMhJmbrqJSvtp2"},"rainbowBarPrefab":{"__uuid__":"9eIjcgDFlNPJqU602iHk2z"},"t_shape1":{"__uuid__":"efXID7D3JBwZ2ZfkWQ/olb"},"t_shape2":{"__uuid__":"d5m6LrW1xD2oNn8Mr69mGt"},"t_shape3":{"__uuid__":"f2DsMu39NGSancXnumv8jC"},"t_shape4":{"__uuid__":"47NKUdpThID7/hjI3ZFger"},"t_shape5":{"__uuid__":"12z5pjHeBFkp0nGyA8ShyZ"},"t_shape2_1":{"__uuid__":"1b4WwxmYhOrrAuuKsgKTFP"},"t_shape2_2":{"__uuid__":"94A0QCzjNOrL8eaAuLTSHb"},"t_shape2_3":{"__uuid__":"931PhK4ktMn68USsDVUrVI"},"t_shape3_1":{"__uuid__":"c6Yj4xMURBEJc6jF2yQxqV"},"t_shape3_2":{"__uuid__":"d7ujwlFqNCgbEdN82Cmzx6"},"t_shape3_3":{"__uuid__":"1aMc5ZOjtKVLT7p89rhIL/"},"t_shape3_4":{"__uuid__":"a0iwEEfuRFG7xx5r3xt2h2"},"tail":{"__id__":14},"theContent":{"__id__":8},"theWall":{"__id__":10}},{"__type__":"5c5b4k33iZPUK07pAf9q7lR","node":{"__id__":5}}],"_prefab":{"__type__":"cc.PrefabInfo","root":{"__id__":5},"asset":{"__uuid__":"7fstgYLJxDlp835p1UC87G"},"fileId":"4dYUZaqLNAcpiEYIUuW8tU"},"_contentSize":{"__type__":"cc.Size","width":750,"height":1334},"_scale":{"__type__":"cc.Vec3","x":1,"y":1,"z":1}},{"__type__":"cc.Node","_name":"water back","_parent":{"__id__":5},"_children":[{"__id__":7}],"_level":1,"_components":[{"__type__":"d66ffY1Wr1Ebb8v74yvafRA","node":{"__id__":6},"waterSF":{"__uuid__":"a25fHh3lZPtJ6P5g72QGh/"},"speed":1.1,"floatValue":8}],"_prefab":{"__type__":"cc.PrefabInfo","root":{"__id__":5},"asset":{"__uuid__":"7fstgYLJxDlp835p1UC87G"},"fileId":"b2qehVg1tDzoRe2UEDlRpU"},"_position":{"__type__":"cc.Vec3","y":-590},"_scale":{"__type__":"cc.Vec3","x":1,"y":1,"z":1}},{"__type__":"cc.Node","_name":"物理结构","_parent":{"__id__":6},"_level":2,"_components":[{"__type__":"cc.RigidBody","node":{"__id__":7},"_type":0,"_allowSleep":false,"enabledContactListener":true},{"__type__":"cc.PhysicsBoxCollider","node":{"__id__":7},"tag":1000,"_size":{"__type__":"cc.Size","width":900,"height":10}}],"_prefab":{"__type__":"cc.PrefabInfo","root":{"__id__":5},"asset":{"__uuid__":"7fstgYLJxDlp835p1UC87G"},"fileId":"42FfRxArxB1JhFh6fuBL4W"},"_contentSize":{"__type__":"cc.Size","width":900,"height":10},"_position":{"__type__":"cc.Vec3","y":-10},"_scale":{"__type__":"cc.Vec3","x":1,"y":1,"z":1}},{"__type__":"cc.Node","_name":"content","_parent":{"__id__":5},"_components":[{"__type__":"cc.Widget","node":{"__id__":8},"alignMode":0,"_alignFlags":4}],"_prefab":{"__type__":"cc.PrefabInfo","root":{"__id__":5},"asset":{"__uuid__":"7fstgYLJxDlp835p1UC87G"},"fileId":"1brt2QGkVGKLEpi3ibHLL9"},"_anchorPoint":{"__type__":"cc.Vec2","x":0.5},"_position":{"__type__":"cc.Vec3","y":-667},"_scale":{"__type__":"cc.Vec3","x":1,"y":1,"z":1}},{"__type__":"cc.Node","_name":"water front","_parent":{"__id__":5},"_level":1,"_components":[{"__type__":"d66ffY1Wr1Ebb8v74yvafRA","node":{"__id__":9},"waterSF":{"__uuid__":"49FAv9bbBP65dNaVru1dln"},"speed":1.6}],"_prefab":{"__type__":"cc.PrefabInfo","root":{"__id__":5},"asset":{"__uuid__":"7fstgYLJxDlp835p1UC87G"},"fileId":"7994qIv6JKDJjFZqy4qIoi"},"_position":{"__type__":"cc.Vec3","y":-630},"_scale":{"__type__":"cc.Vec3","x":1,"y":1,"z":1}},{"__type__":"cc.Node","_name":"wall","_parent":{"__id__":5},"_children":[{"__id__":11},{"__id__":12},{"__id__":13}],"_components":[{"__type__":"cc.Widget","node":{"__id__":10},"alignMode":0,"_alignFlags":45,"_originalWidth":1136,"_originalHeight":5}],"_prefab":{"__type__":"cc.PrefabInfo","root":{"__id__":5},"asset":{"__uuid__":"7fstgYLJxDlp835p1UC87G"},"fileId":"63RDVSo/lJWYiTWl/N53gI"},"_contentSize":{"__type__":"cc.Size","width":750,"height":1334},"_scale":{"__type__":"cc.Vec3","x":1,"y":1,"z":1}},{"__type__":"cc.Node","_name":"b","_parent":{"__id__":10},"_components":[{"__type__":"cc.Widget","node":{"__id__":11},"alignMode":0,"_alignFlags":44,"_left":-75,"_right":-75,"_bottom":-60},{"__type__":"cc.RigidBody","node":{"__id__":11},"_type":0,"enabledContactListener":true},{"__type__":"cc.PhysicsBoxCollider","node":{"__id__":11},"_size":{"__type__":"cc.Size","width":900,"height":40}}],"_prefab":{"__type__":"cc.PrefabInfo","root":{"__id__":5},"asset":{"__uuid__":"7fstgYLJxDlp835p1UC87G"},"fileId":"a1TL9HNL5PSq5Zz3Nb4FXb"},"_contentSize":{"__type__":"cc.Size","width":900,"height":40},"_position":{"__type__":"cc.Vec3","y":-707},"_scale":{"__type__":"cc.Vec3","x":1,"y":1,"z":1}},{"__type__":"cc.Node","_name":"l","_parent":{"__id__":10},"_components":[{"__type__":"cc.Widget","node":{"__id__":12},"alignMode":0,"_alignFlags":13,"_left":-80,"_top":200,"_bottom":40},{"__type__":"cc.RigidBody","node":{"__id__":12},"_type":0,"enabledContactListener":true},{"__type__":"cc.PhysicsBoxCollider","node":{"__id__":12},"_size":{"__type__":"cc.Size","width":40,"height":896}}],"_prefab":{"__type__":"cc.PrefabInfo","root":{"__id__":5},"asset":{"__uuid__":"7fstgYLJxDlp835p1UC87G"},"fileId":"22EHBmUpJGX4ghjtk+QbDP"},"_contentSize":{"__type__":"cc.Size","width":40,"height":1094},"_position":{"__type__":"cc.Vec3","x":-435,"y":-80},"_scale":{"__type__":"cc.Vec3","x":1,"y":1,"z":1}},{"__type__":"cc.Node","_name":"r","_parent":{"__id__":10},"_components":[{"__type__":"cc.Widget","node":{"__id__":13},"alignMode":0,"_alignFlags":37,"_right":-80,"_top":200,"_bottom":40},{"__type__":"cc.RigidBody","node":{"__id__":13},"_type":0,"enabledContactListener":true},{"__type__":"cc.PhysicsBoxCollider","node":{"__id__":13},"_size":{"__type__":"cc.Size","width":40,"height":896}}],"_prefab":{"__type__":"cc.PrefabInfo","root":{"__id__":5},"asset":{"__uuid__":"7fstgYLJxDlp835p1UC87G"},"fileId":"77QCxpzPhEaLfTqOo9TMHS"},"_contentSize":{"__type__":"cc.Size","width":40,"height":1094},"_position":{"__type__":"cc.Vec3","x":435,"y":-80},"_scale":{"__type__":"cc.Vec3","x":1,"y":1,"z":1}},{"__type__":"cc.Node","_name":"tail","_parent":{"__id__":5},"_components":[{"__type__":"cc.Sprite","node":{"__id__":14},"_spriteFrame":{"__uuid__":"0dMk/36LdKxKVElW9agA2h"}}],"_prefab":{"__type__":"cc.PrefabInfo","root":{"__id__":5},"asset":{"__uuid__":"7fstgYLJxDlp835p1UC87G"},"fileId":"b1jH/MUIFBRbFLI24iQgw4"},"_contentSize":{"__type__":"cc.Size","width":50,"height":87},"_scale":{"__type__":"cc.Vec3","x":1,"y":1,"z":1}},{"__type__":"cc.Node","_name":"topContent","_parent":{"__id__":2},"_children":[{"__id__":16},{"__id__":31}],"_components":[{"__type__":"cc.Widget","node":{"__id__":15},"alignMode":0,"_alignFlags":40,"_originalWidth":750}],"_contentSize":{"__type__":"cc.Size","width":750,"height":100},"_position":{"__type__":"cc.Vec3","y":607},"_scale":{"__type__":"cc.Vec3","x":1,"y":1,"z":1}},{"__type__":"cc.Node","_name":"topPanel","_parent":{"__id__":15},"_children":[{"__id__":17},{"__id__":19},{"__id__":23},{"__id__":27}],"_components":[{"__type__":"cc.Widget","node":{"__id__":16},"alignMode":0,"_alignFlags":40,"_top":10},{"__type__":"cc.Layout","node":{"__id__":16},"_layoutSize":{"__type__":"cc.Size","width":750,"height":100},"_N$layoutType":1,"_N$spacingX":20}],"_contentSize":{"__type__":"cc.Size","width":750,"height":100},"_scale":{"__type__":"cc.Vec3","x":1,"y":1,"z":1}},{"__type__":"cc.Node","_name":"nextBorder","_parent":{"__id__":16},"_components":[{"__type__":"cc.Sprite","node":{"__id__":17},"_spriteFrame":{"__uuid__":"32xqXr+JJOJ6aoYzSmqxm3"}},{"__id__":18}],"_contentSize":{"__type__":"cc.Size","width":144,"height":104},"_position":{"__type__":"cc.Vec3","x":-303,"y":-2},"_scale":{"__type__":"cc.Vec3","x":1,"y":1,"z":1}},{"__type__":"3f331BA4gZLibQC1YrlIMIz","node":{"__id__":17}},{"__type__":"cc.Node","_name":"rainbow","_parent":{"__id__":16},"_children":[{"__id__":20}],"_components":[{"__type__":"cc.Sprite","node":{"__id__":19},"_spriteFrame":{"__uuid__":"e1J7oqX6VNVYqsDlUGOJ3x"},"_sizeMode":0},{"__type__":"cc.Button","node":{"__id__":19},"zoomScale":0.9,"_N$transition":3,"transition":3,"_N$target":{"__id__":19}},{"__type__":"fd228VA6YJO8JRQ6dFsPFVc","node":{"__id__":19},"countLabel":{"__id__":22},"itemType":1}],"_contentSize":{"__type__":"cc.Size","width":91,"height":91},"_position":{"__type__":"cc.Vec3","x":-165.5},"_scale":{"__type__":"cc.Vec3","x":1,"y":1,"z":1}},{"__type__":"cc.Node","_name":"redpoint","_parent":{"__id__":19},"_children":[{"__id__":21}],"_components":[{"__type__":"cc.Sprite","node":{"__id__":20},"_spriteFrame":{"__uuid__":"83CzIGnlhPdY8lDsut6n+B"}}],"_contentSize":{"__type__":"cc.Size","width":32,"height":32},"_position":{"__type__":"cc.Vec3","x":34.5,"y":34.5},"_scale":{"__type__":"cc.Vec3","x":1,"y":1,"z":1}},{"__type__":"cc.Node","_name":"value","_parent":{"__id__":20},"_components":[{"__id__":22}],"_contentSize":{"__type__":"cc.Size","width":30,"height":30},"_scale":{"__type__":"cc.Vec3","x":1,"y":1,"z":1}},{"__type__":"cc.Label","node":{"__id__":21},"_srcBlendFactor":1,"_useOriginalSize":false,"_string":"9","_N$string":"9","_fontSize":24,"_lineHeight":28,"_N$horizontalAlign":1,"_N$verticalAlign":1,"_N$fontFamily":"苹方","_N$overflow":2},{"__type__":"cc.Node","_name":"trash","_parent":{"__id__":16},"_children":[{"__id__":24}],"_components":[{"__type__":"cc.Sprite","node":{"__id__":23},"_spriteFrame":{"__uuid__":"ccSBnunqhBFolxc3PIBvgY"},"_sizeMode":0},{"__type__":"cc.Button","node":{"__id__":23},"zoomScale":0.9,"_N$transition":3,"transition":3,"_N$target":{"__id__":23}},{"__type__":"fd228VA6YJO8JRQ6dFsPFVc","node":{"__id__":23},"countLabel":{"__id__":26},"itemType":3}],"_contentSize":{"__type__":"cc.Size","width":91,"height":91},"_position":{"__type__":"cc.Vec3","x":-54.5},"_scale":{"__type__":"cc.Vec3","x":1,"y":1,"z":1}},{"__type__":"cc.Node","_name":"redpoint","_parent":{"__id__":23},"_children":[{"__id__":25}],"_components":[{"__type__":"cc.Sprite","node":{"__id__":24},"_spriteFrame":{"__uuid__":"83CzIGnlhPdY8lDsut6n+B"}}],"_contentSize":{"__type__":"cc.Size","width":32,"height":32},"_position":{"__type__":"cc.Vec3","x":34.5,"y":34.5},"_scale":{"__type__":"cc.Vec3","x":1,"y":1,"z":1}},{"__type__":"cc.Node","_name":"value","_parent":{"__id__":24},"_components":[{"__id__":26}],"_contentSize":{"__type__":"cc.Size","width":30,"height":30},"_scale":{"__type__":"cc.Vec3","x":1,"y":1,"z":1}},{"__type__":"cc.Label","node":{"__id__":25},"_srcBlendFactor":1,"_useOriginalSize":false,"_string":"0","_N$string":"0","_fontSize":24,"_lineHeight":28,"_N$horizontalAlign":1,"_N$verticalAlign":1,"_N$fontFamily":"苹方","_N$overflow":2},{"__type__":"cc.Node","_name":"rotate","_parent":{"__id__":16},"_children":[{"__id__":28}],"_components":[{"__type__":"cc.Sprite","node":{"__id__":27},"_spriteFrame":{"__uuid__":"2cBEY7VKxGmbB/XR4ehuaT"},"_sizeMode":0},{"__type__":"cc.Button","node":{"__id__":27},"zoomScale":0.9,"_N$transition":3,"transition":3,"_N$target":{"__id__":27}},{"__type__":"fd228VA6YJO8JRQ6dFsPFVc","node":{"__id__":27},"countLabel":{"__id__":30},"itemType":2}],"_contentSize":{"__type__":"cc.Size","width":91,"height":91},"_position":{"__type__":"cc.Vec3","x":56.5},"_scale":{"__type__":"cc.Vec3","x":1,"y":1,"z":1}},{"__type__":"cc.Node","_name":"redpoint","_parent":{"__id__":27},"_children":[{"__id__":29}],"_components":[{"__type__":"cc.Sprite","node":{"__id__":28},"_spriteFrame":{"__uuid__":"83CzIGnlhPdY8lDsut6n+B"},"_sizeMode":0}],"_contentSize":{"__type__":"cc.Size","width":32,"height":32},"_position":{"__type__":"cc.Vec3","x":34.5,"y":34.5},"_scale":{"__type__":"cc.Vec3","x":1,"y":1,"z":1}},{"__type__":"cc.Node","_name":"value","_parent":{"__id__":28},"_components":[{"__id__":30}],"_contentSize":{"__type__":"cc.Size","width":30,"height":30},"_scale":{"__type__":"cc.Vec3","x":1,"y":1,"z":1}},{"__type__":"cc.Label","node":{"__id__":29},"_srcBlendFactor":1,"_useOriginalSize":false,"_string":"0","_N$string":"0","_fontSize":24,"_lineHeight":28,"_N$horizontalAlign":1,"_N$verticalAlign":1,"_N$fontFamily":"苹方","_N$overflow":2},{"__type__":"cc.Node","_name":"itemTip","_parent":{"__id__":15},"_components":[{"__type__":"cc.Sprite","node":{"__id__":31},"_spriteFrame":{"__uuid__":"0fNr2eEHhILLJiwiq67zxx"}},{"__type__":"cc.Widget","node":{"__id__":31},"alignMode":0,"_alignFlags":9,"_left":163,"_top":96.1}],"_contentSize":{"__type__":"cc.Size","width":367,"height":48},"_position":{"__type__":"cc.Vec3","x":-28.5,"y":-70.1},"_scale":{"__type__":"cc.Vec3","x":1,"y":1,"z":1}},{"__type__":"cc.Node","_name":"leftContent","_parent":{"__id__":2},"_children":[{"__id__":33},{"__id__":37},{"__id__":40}],"_level":2,"_components":[{"__type__":"cc.Layout","node":{"__id__":32},"_layoutSize":{"__type__":"cc.Size","width":140,"height":300},"_N$layoutType":2,"_N$spacingY":20},{"__type__":"cc.Widget","node":{"__id__":32},"_alignFlags":9,"_top":450}],"_contentSize":{"__type__":"cc.Size","width":140,"height":300},"_position":{"__type__":"cc.Vec3","x":-305,"y":67},"_scale":{"__type__":"cc.Vec3","x":1,"y":1,"z":1}},{"__type__":"cc.Node","_name":"gift","_parent":{"__id__":32},"_children":[{"__id__":34}],"_active":false,"_level":3,"_contentSize":{"__type__":"cc.Size","width":105,"height":140},"_position":{"__type__":"cc.Vec3","y":80},"_scale":{"__type__":"cc.Vec3","x":1,"y":1,"z":1}},{"__type__":"cc.Node","_name":"gift","_parent":{"__id__":33},"_children":[{"__id__":35}],"_level":4,"_components":[{"__type__":"cc.Sprite","node":{"__id__":34},"_spriteFrame":{"__uuid__":"3exd8dnZJFeqQVJtTVPeKr"}},{"__type__":"cc.Widget","node":{"__id__":34},"alignMode":0,"_alignFlags":9,"_top":-6.5},{"__type__":"cc.Button","node":{"__id__":34},"zoomScale":0.9,"_N$transition":3,"transition":3,"_N$target":{"__id__":34}},{"__type__":"efd5cfXqERMdrOm/6MojG/n","node":{"__id__":34},"timerLabel":{"__id__":36}}],"_contentSize":{"__type__":"cc.Size","width":105,"height":113},"_position":{"__type__":"cc.Vec3","y":20},"_scale":{"__type__":"cc.Vec3","x":1,"y":1,"z":1}},{"__type__":"cc.Node","_name":"time","_parent":{"__id__":34},"_components":[{"__id__":36}],"_contentSize":{"__type__":"cc.Size","width":68.33,"height":34},"_position":{"__type__":"cc.Vec3","y":-73},"_scale":{"__type__":"cc.Vec3","x":1,"y":1,"z":1}},{"__type__":"cc.Label","node":{"__id__":35},"_srcBlendFactor":1,"_useOriginalSize":false,"_string":"00:00","_N$string":"00:00","_fontSize":30,"_lineHeight":34,"_N$horizontalAlign":1,"_N$verticalAlign":1,"_N$fontFamily":"苹方"},{"__type__":"cc.Node","_name":"doubleStarDone","_parent":{"__id__":32},"_children":[{"__id__":38},{"__id__":39}],"_level":3,"_contentSize":{"__type__":"cc.Size","width":100,"height":140},"_position":{"__type__":"cc.Vec3","y":80},"_scale":{"__type__":"cc.Vec3","x":1,"y":1,"z":1}},{"__type__":"cc.Node","_name":"star","_parent":{"__id__":37},"_level":5,"_components":[{"__type__":"cc.Sprite","node":{"__id__":38},"_spriteFrame":{"__uuid__":"2erUo7eoxL0JthkT5konYp"}}],"_contentSize":{"__type__":"cc.Size","width":79,"height":74},"_position":{"__type__":"cc.Vec3","y":15},"_scale":{"__type__":"cc.Vec3","x":1,"y":1,"z":1}},{"__type__":"cc.Node","_name":"已生效","_parent":{"__id__":37},"_level":5,"_components":[{"__type__":"cc.Sprite","node":{"__id__":39},"_spriteFrame":{"__uuid__":"7cJiIml3dLo6yfiRik6Qrn"}}],"_contentSize":{"__type__":"cc.Size","width":88,"height":31},"_position":{"__type__":"cc.Vec3","y":-48},"_scale":{"__type__":"cc.Vec3","x":1,"y":1,"z":1}},{"__type__":"cc.Node","_name":"starDouble","_parent":{"__id__":32},"_children":[{"__id__":41},{"__id__":42}],"_active":false,"_level":3,"_components":[{"__type__":"cc.Button","node":{"__id__":40},"zoomScale":0.9,"_N$transition":3,"transition":3,"_N$target":{"__id__":40}},{"__type__":"fc1c3oGV4xEIII4roEIpPWL","node":{"__id__":40}}],"_contentSize":{"__type__":"cc.Size","width":112,"height":120},"_position":{"__type__":"cc.Vec3","y":70},"_scale":{"__type__":"cc.Vec3","x":1,"y":1,"z":1}},{"__type__":"cc.Node","_name":"double","_parent":{"__id__":40},"_level":4,"_components":[{"__type__":"sp.Skeleton","node":{"__id__":41},"defaultAnimation":"idle","premultipliedAlpha":false,"_N$skeletonData":{"__uuid__":"7bEYfmnsRPtaTkkHN282ci"}}],"_contentSize":{"__type__":"cc.Size","width":112,"height":109},"_scale":{"__type__":"cc.Vec3","x":1,"y":1,"z":1}},{"__type__":"cc.Node","_name":"done","_parent":{"__id__":40},"_children":[{"__id__":43},{"__id__":44}],"_active":false,"_level":4,"_position":{"__type__":"cc.Vec3","y":-38},"_scale":{"__type__":"cc.Vec3","x":1,"y":1,"z":1}},{"__type__":"cc.Node","_name":"star","_parent":{"__id__":42},"_level":5,"_components":[{"__type__":"cc.Sprite","node":{"__id__":43},"_spriteFrame":{"__uuid__":"2erUo7eoxL0JthkT5konYp"}}],"_contentSize":{"__type__":"cc.Size","width":79,"height":74},"_position":{"__type__":"cc.Vec3","y":54},"_scale":{"__type__":"cc.Vec3","x":1,"y":1,"z":1}},{"__type__":"cc.Node","_name":"已生效","_parent":{"__id__":42},"_level":5,"_components":[{"__type__":"cc.Sprite","node":{"__id__":44},"_spriteFrame":{"__uuid__":"7cJiIml3dLo6yfiRik6Qrn"}}],"_contentSize":{"__type__":"cc.Size","width":88,"height":31},"_position":{"__type__":"cc.Vec3","y":-4},"_scale":{"__type__":"cc.Vec3","x":1,"y":1,"z":1}},{"__type__":"cc.Node","_name":"rightContent","_parent":{"__id__":2},"_children":[{"__id__":46},{"__id__":50},{"__id__":54},{"__type__":"cc.Node","_name":"space","_parent":{"__id__":45},"_level":3,"_contentSize":{"__type__":"cc.Size","height":50},"_position":{"__type__":"cc.Vec3","y":80},"_scale":{"__type__":"cc.Vec3","x":1,"y":1,"z":1}},{"__id__":58},{"__id__":62}],"_level":2,"_components":[{"__type__":"cc.Widget","node":{"__id__":45},"_alignFlags":33,"_top":50},{"__type__":"cc.Layout","node":{"__id__":45},"_layoutSize":{"__type__":"cc.Size","width":160,"height":600},"_N$layoutType":2,"_N$spacingY":15}],"_contentSize":{"__type__":"cc.Size","width":160,"height":600},"_position":{"__type__":"cc.Vec3","x":295,"y":317},"_scale":{"__type__":"cc.Vec3","x":1,"y":1,"z":1}},{"__type__":"cc.Node","_name":"starNode","_parent":{"__id__":45},"_children":[{"__id__":47},{"__id__":48}],"_level":3,"_contentSize":{"__type__":"cc.Size","width":140,"height":50},"_position":{"__type__":"cc.Vec3","y":275},"_scale":{"__type__":"cc.Vec3","x":1,"y":1,"z":1}},{"__type__":"cc.Node","_name":"icon","_parent":{"__id__":46},"_level":4,"_components":[{"__type__":"cc.Sprite","node":{"__id__":47},"_spriteFrame":{"__uuid__":"d458EH+gVHlrQs6CfKFAVk"}},{"__type__":"cc.Widget","node":{"__id__":47},"_alignFlags":8}],"_contentSize":{"__type__":"cc.Size","width":56,"height":53},"_position":{"__type__":"cc.Vec3","x":-44.8},"_scale":{"__type__":"cc.Vec3","x":0.9,"y":0.9,"z":1}},{"__type__":"cc.Node","_name":"value","_parent":{"__id__":46},"_level":4,"_components":[{"__id__":49}],"_contentSize":{"__type__":"cc.Size","width":80,"height":40},"_anchorPoint":{"__type__":"cc.Vec2","y":0.5},"_position":{"__type__":"cc.Vec3","x":-5},"_scale":{"__type__":"cc.Vec3","x":1,"y":1,"z":1}},{"__type__":"cc.Label","node":{"__id__":48},"_srcBlendFactor":1,"_useOriginalSize":false,"_string":"0","_N$string":"0","_N$verticalAlign":1,"_N$overflow":2},{"__type__":"cc.Node","_name":"lifeNode","_parent":{"__id__":45},"_children":[{"__id__":51},{"__id__":52}],"_level":3,"_contentSize":{"__type__":"cc.Size","width":140,"height":50},"_position":{"__type__":"cc.Vec3","y":210},"_scale":{"__type__":"cc.Vec3","x":1,"y":1,"z":1}},{"__type__":"cc.Node","_name":"icon","_parent":{"__id__":50},"_level":4,"_components":[{"__type__":"cc.Sprite","node":{"__id__":51},"_spriteFrame":{"__uuid__":"62DEtgpyhB77qiFok5WACm"}},{"__type__":"cc.Widget","node":{"__id__":51},"_alignFlags":8}],"_contentSize":{"__type__":"cc.Size","width":48,"height":42},"_position":{"__type__":"cc.Vec3","x":-46},"_scale":{"__type__":"cc.Vec3","x":1,"y":1,"z":1}},{"__type__":"cc.Node","_name":"value","_parent":{"__id__":50},"_level":4,"_components":[{"__id__":53}],"_contentSize":{"__type__":"cc.Size","width":80,"height":40},"_anchorPoint":{"__type__":"cc.Vec2","y":0.5},"_position":{"__type__":"cc.Vec3","x":-5},"_scale":{"__type__":"cc.Vec3","x":1,"y":1,"z":1}},{"__type__":"cc.Label","node":{"__id__":52},"_srcBlendFactor":1,"_useOriginalSize":false,"_string":"0","_N$string":"0","_N$verticalAlign":1,"_N$overflow":2},{"__type__":"cc.Node","_name":"bestScoreNode","_parent":{"__id__":45},"_children":[{"__id__":55},{"__id__":56}],"_level":3,"_contentSize":{"__type__":"cc.Size","width":140,"height":50},"_position":{"__type__":"cc.Vec3","y":145},"_scale":{"__type__":"cc.Vec3","x":1,"y":1,"z":1}},{"__type__":"cc.Node","_name":"icon","_parent":{"__id__":54},"_level":4,"_components":[{"__type__":"cc.Sprite","node":{"__id__":55},"_spriteFrame":{"__uuid__":"60+APfQmlCNIfrV70xJRBU"}},{"__type__":"cc.Widget","node":{"__id__":55},"_alignFlags":8}],"_contentSize":{"__type__":"cc.Size","width":48,"height":46},"_position":{"__type__":"cc.Vec3","x":-46},"_scale":{"__type__":"cc.Vec3","x":1,"y":1,"z":1}},{"__type__":"cc.Node","_name":"value","_parent":{"__id__":54},"_level":4,"_components":[{"__id__":57}],"_contentSize":{"__type__":"cc.Size","width":80,"height":40},"_anchorPoint":{"__type__":"cc.Vec2","y":0.5},"_position":{"__type__":"cc.Vec3","x":-5},"_scale":{"__type__":"cc.Vec3","x":1,"y":1,"z":1}},{"__type__":"cc.Label","node":{"__id__":56},"_srcBlendFactor":1,"_useOriginalSize":false,"_string":"0","_N$string":"0","_N$verticalAlign":1,"_N$overflow":2},{"__type__":"cc.Node","_name":"hotAdsPanel","_parent":{"__id__":45},"_children":[{"__id__":59},{"__id__":60}],"_level":3,"_components":[{"__type__":"9013bQ5Ur9GeKJbY38ZxwPN","node":{"__id__":58}},{"__type__":"cc.Widget","node":{"__id__":58},"alignMode":0,"_alignFlags":32,"_right":1}],"_prefab":{"__type__":"cc.PrefabInfo","root":{"__id__":58},"asset":{"__uuid__":"56qSe0BjREur4OCvtlpCSz"},"fileId":"c4pdWENadHObyA4LsZmwoY"},"_contentSize":{"__type__":"cc.Size","width":129,"height":161},"_position":{"__type__":"cc.Vec3","x":14.5,"y":-40.5},"_scale":{"__type__":"cc.Vec3","x":1,"y":1,"z":1}},{"__type__":"cc.Node","_name":"bg","_parent":{"__id__":58},"_components":[{"__type__":"cc.Sprite","node":{"__id__":59},"_spriteFrame":{"__uuid__":"59Ez0NzNpMhp+V07CZSRqf"}}],"_prefab":{"__type__":"cc.PrefabInfo","root":{"__id__":58},"asset":{"__uuid__":"56qSe0BjREur4OCvtlpCSz"},"fileId":"f6gKAWBDBOBrj5JJoPpVOm"},"_contentSize":{"__type__":"cc.Size","width":129,"height":161},"_scale":{"__type__":"cc.Vec3","x":1,"y":1,"z":1}},{"__type__":"cc.Node","_name":"imagemasker","_parent":{"__id__":58},"_children":[{"__id__":61}],"_components":[{"__type__":"cc.Mask","node":{"__id__":60},"_type":2,"_N$alphaThreshold":1}],"_prefab":{"__type__":"cc.PrefabInfo","root":{"__id__":58},"asset":{"__uuid__":"56qSe0BjREur4OCvtlpCSz"},"fileId":"41OiyANQpArYdAhkbMT+he"},"_contentSize":{"__type__":"cc.Size","width":113,"height":113},"_position":{"__type__":"cc.Vec3","y":16},"_scale":{"__type__":"cc.Vec3","x":1,"y":1,"z":1}},{"__type__":"cc.Node","_name":"image","_parent":{"__id__":60},"_components":[{"__type__":"cc.Sprite","node":{"__id__":61},"_sizeMode":0},{"__type__":"cc.Widget","node":{"__id__":61},"alignMode":0,"_alignFlags":45,"_originalWidth":106,"_originalHeight":148}],"_prefab":{"__type__":"cc.PrefabInfo","root":{"__id__":58},"asset":{"__uuid__":"56qSe0BjREur4OCvtlpCSz"},"fileId":"5cLXjCRS1JZqNXQ9fXCThP"},"_contentSize":{"__type__":"cc.Size","width":113,"height":113},"_scale":{"__type__":"cc.Vec3","x":1,"y":1,"z":1}},{"__type__":"cc.Node","_name":"waitingPanel","_parent":{"__id__":45},"_children":[{"__id__":63},{"__id__":64},{"__id__":66}],"_level":3,"_components":[{"__type__":"cc.Button","node":{"__id__":62}},{"__type__":"e8850KcPRpI4Zy4gl0P21Gj","node":{"__id__":62},"infoLabel":{"__id__":65},"timerLabel":{"__id__":67},"needConfirm":true}],"_prefab":{"__type__":"cc.PrefabInfo","root":{"__id__":62},"asset":{"__uuid__":"f6ilDAN1BFx6BHLSguiYwB"},"fileId":"cacf5II9lJXaAMTGNu3Stn"},"_contentSize":{"__type__":"cc.Size","width":120,"height":140},"_position":{"__type__":"cc.Vec3","y":-206},"_scale":{"__type__":"cc.Vec3","x":1,"y":1,"z":1}},{"__type__":"cc.Node","_name":"waiting","_parent":{"__id__":62},"_level":2,"_components":[{"__type__":"cc.Sprite","node":{"__id__":63},"_spriteFrame":{"__uuid__":"da4soDAwVOvZN0couG8vKb"}}],"_prefab":{"__type__":"cc.PrefabInfo","root":{"__id__":62},"asset":{"__uuid__":"f6ilDAN1BFx6BHLSguiYwB"},"fileId":"7cwy515flHQIE8n8Di+G8b"},"_contentSize":{"__type__":"cc.Size","width":74,"height":74},"_position":{"__type__":"cc.Vec3","y":28},"_scale":{"__type__":"cc.Vec3","x":1,"y":1,"z":1}},{"__type__":"cc.Node","_name":"info","_parent":{"__id__":62},"_level":2,"_components":[{"__id__":65}],"_prefab":{"__type__":"cc.PrefabInfo","root":{"__id__":62},"asset":{"__uuid__":"f6ilDAN1BFx6BHLSguiYwB"},"fileId":"e52TFEgPBBlb9aau4q9flg"},"_color":{"__type__":"cc.Color","r":248,"g":220,"b":74},"_contentSize":{"__type__":"cc.Size","width":60,"height":23},"_position":{"__type__":"cc.Vec3","y":-23},"_scale":{"__type__":"cc.Vec3","x":1,"y":1,"z":1}},{"__type__":"cc.Label","node":{"__id__":64},"_srcBlendFactor":1,"_useOriginalSize":false,"_string":"等待中","_N$string":"等待中","_fontSize":20,"_lineHeight":23,"_N$horizontalAlign":1,"_N$verticalAlign":1},{"__type__":"cc.Node","_name":"timer","_parent":{"__id__":62},"_level":4,"_components":[{"__id__":67},{"__type__":"cc.LabelOutline","node":{"__id__":66},"_color":{"__type__":"cc.Color"}}],"_prefab":{"__type__":"cc.PrefabInfo","root":{"__id__":62},"asset":{"__uuid__":"f6ilDAN1BFx6BHLSguiYwB"},"fileId":"e7oNydxbpARZ1SJ9gM0e9O"},"_opacity":125,"_contentSize":{"__type__":"cc.Size","width":60,"height":50},"_position":{"__type__":"cc.Vec3","y":28},"_scale":{"__type__":"cc.Vec3","x":1,"y":1,"z":1}},{"__type__":"cc.Label","node":{"__id__":66},"_srcBlendFactor":1,"_useOriginalSize":false,"_string":"60","_N$string":"60","_lineHeight":50,"_N$horizontalAlign":1,"_N$verticalAlign":1,"_N$overflow":2},{"__type__":"cc.Node","_name":"currentScore","_parent":{"__id__":2},"_children":[{"__id__":69},{"__id__":70}],"_components":[{"__type__":"cc.Widget","node":{"__id__":68},"alignMode":0,"_alignFlags":8,"_left":-5}],"_contentSize":{"__type__":"cc.Size","width":100,"height":50},"_anchorPoint":{"__type__":"cc.Vec2","x":0.5},"_position":{"__type__":"cc.Vec3","x":-330,"y":-568},"_scale":{"__type__":"cc.Vec3","x":1,"y":1,"z":1}},{"__type__":"cc.Node","_name":"scoreValue","_parent":{"__id__":68},"_components":[{"__type__":"cc.Label","node":{"__id__":69},"_srcBlendFactor":1,"_useOriginalSize":false,"_string":"0","_N$string":"0","_N$horizontalAlign":1,"_N$verticalAlign":1,"_N$overflow":3}],"_contentSize":{"__type__":"cc.Size","width":90,"height":40},"_position":{"__type__":"cc.Vec3","y":25},"_scale":{"__type__":"cc.Vec3","x":1,"y":1,"z":1}},{"__type__":"cc.Node","_name":"scoreLine","_parent":{"__id__":68},"_components":[{"__type__":"cc.Sprite","node":{"__id__":70},"_spriteFrame":{"__uuid__":"3b/qjRdQZPEpx0FbOe7jRn"}}],"_contentSize":{"__type__":"cc.Size","width":100,"height":10},"_scale":{"__type__":"cc.Vec3","x":1,"y":1,"z":1}},{"__type__":"cc.Node","_name":"bestScore","_parent":{"__id__":2},"_children":[{"__id__":72},{"__id__":73}],"_active":false,"_components":[{"__type__":"cc.Widget","node":{"__id__":71},"_wasAlignOnce":{},"isAlignOnce":{},"_alignFlags":32,"_right":-5}],"_contentSize":{"__type__":"cc.Size","width":100,"height":50},"_anchorPoint":{"__type__":"cc.Vec2","x":0.5},"_position":{"__type__":"cc.Vec3","x":275,"y":-568},"_scale":{"__type__":"cc.Vec3","x":1,"y":1,"z":1}},{"__type__":"cc.Node","_name":"scoreValue","_parent":{"__id__":71},"_components":[{"__type__":"cc.Label","node":{"__id__":72},"_useOriginalSize":false,"_string":"0","_N$string":"0","_N$horizontalAlign":1,"_N$verticalAlign":1,"_N$overflow":3}],"_contentSize":{"__type__":"cc.Size","width":90,"height":40},"_position":{"__type__":"cc.Vec3","y":25},"_scale":{"__type__":"cc.Vec3","x":1,"y":1,"z":1}},{"__type__":"cc.Node","_name":"scoreLine","_parent":{"__id__":71},"_components":[{"__type__":"cc.Sprite","node":{"__id__":73},"_spriteFrame":{"__uuid__":"b8dJyiId5Ph7GWd+9QcGw1"}}],"_contentSize":{"__type__":"cc.Size","width":100,"height":10},"_scale":{"__type__":"cc.Vec3","x":1,"y":1,"z":1}},{"__type__":"cc.Node","_name":"scoreline","_parent":{"__id__":2},"_components":[{"__type__":"cc.Sprite","node":{"__id__":74},"_spriteFrame":{"__uuid__":"b7uFkpSy5Kd4cN58jhN8e9"}}],"_contentSize":{"__type__":"cc.Size","width":786,"height":4},"_position":{"__type__":"cc.Vec3","x":-12,"y":-197},"_scale":{"__type__":"cc.Vec3","x":1,"y":1,"z":1}},{"__type__":"cc.Node","_name":"subContent","_parent":{"__id__":2},"_level":2,"_components":[{"__type__":"0a109lm4YJM+otoFiP6OIxW","node":{"__id__":75},"delayTime":1}],"_scale":{"__type__":"cc.Vec3","x":1,"y":1,"z":1}},{"__type__":"cc.Node","_name":"snapshotContent","_parent":{"__id__":2},"_children":[{"__id__":77},{"__id__":78}],"_level":2,"_components":[{"__type__":"cc.Widget","node":{"__id__":76},"_alignFlags":8,"_left":50,"_bottom":220}],"_contentSize":{"__type__":"cc.Size","width":128,"height":128},"_position":{"__type__":"cc.Vec3","x":-261,"y":-383},"_scale":{"__type__":"cc.Vec3","x":1,"y":1,"z":1}},{"__type__":"cc.Node","_name":"ui_二维码框","_parent":{"__id__":76},"_level":3,"_components":[{"__type__":"cc.Sprite","node":{"__id__":77},"_spriteFrame":{"__uuid__":"d8Jmd+GDhJ5r3XUyfbo3x3"}}],"_contentSize":{"__type__":"cc.Size","width":143,"height":143},"_scale":{"__type__":"cc.Vec3","x":1,"y":1,"z":1}},{"__type__":"cc.Node","_name":"二维码","_parent":{"__id__":76},"_children":[{"__id__":79}],"_level":3,"_components":[{"__type__":"cc.Mask","node":{"__id__":78},"_type":1,"_segments":128}],"_contentSize":{"__type__":"cc.Size","width":128,"height":128},"_scale":{"__type__":"cc.Vec3","x":1,"y":1,"z":1}},{"__type__":"cc.Node","_name":"gh_6e4baa297894_1280","_parent":{"__id__":78},"_level":4,"_components":[{"__type__":"cc.Sprite","node":{"__id__":79},"_spriteFrame":{"__uuid__":"98CXYd/wRCc7w9lZVDUKRY"}}],"_contentSize":{"__type__":"cc.Size","width":128,"height":128},"_scale":{"__type__":"cc.Vec3","x":1,"y":1,"z":1}},{"__type__":"cc.Node","_name":"bannerAd","_parent":{"__id__":1},"_level":1,"_components":[{"__type__":"cc.Sprite","node":{"__id__":80},"_spriteFrame":{"__uuid__":"a2MjXRFdtLlYQ5ouAFv/+R"},"_sizeMode":0},{"__type__":"ed6cccXls1LR5n5h+MNHO9B","node":{"__id__":80},"bannerAdIDs":["adunit-38189d24ea785de2","adunit-95b959ce143dd3f8","adunit-2f2da5afc89b69c1"],"maxHeight":200,"refreshAdMaxDelay":30,"autoRelease":false,"deerAdAsDefault":true}],"_color":{"__type__":"cc.Color","r":116,"g":184,"b":255},"_contentSize":{"__type__":"cc.Size","width":100,"height":100},"_anchorPoint":{"__type__":"cc.Vec2"},"_position":{"__type__":"cc.Vec3","x":-326},"_scale":{"__type__":"cc.Vec3","x":1,"y":1,"z":1},"_id":"48Pd7hZ7dEeosJyyHLqrqM"}],{"__type__":"cc.SpriteFrame","content":{"name":"score","texture":"020H6flJBN75JMsDyHt+C1","rect":[0,0,48,46],"offset":[0,0],"originalSize":[48,46],"capInsets":[0,0,0,0]}},{"__type__":"sp.SkeletonData","_name":"double","_native":"raw-skeleton.json","_skeletonJson":{"skeleton":{"hash":"p129p8RTPLIYJygTsyn8Q40wE88","spine":"3.6.53","width":112,"height":109},"bones":[{"name":"root"},{"name":"未标题-3","parent":"root","y":11.87}],"slots":[{"name":"未标题-3","bone":"未标题-3","attachment":"未标题-3"},{"name":"_0001_组-31","bone":"root","attachment":"_0001_组-31"},{"name":"word1/00","bone":"root","attachment":"word1/00"}],"skins":{"default":{"_0001_组-31":{"_0001_组-31":{"x":0.69,"y":-37.36,"width":105,"height":31}},"word1/00":{"word1/00":{"y":-36.4,"width":112,"height":39},"word1/01":{"y":-36.4,"width":112,"height":39},"word1/02":{"y":-36.4,"width":112,"height":39},"word1/03":{"y":-36.4,"width":112,"height":39},"word1/04":{"y":-36.4,"width":112,"height":39},"word1/05":{"y":-36.4,"width":112,"height":39},"word1/06":{"y":-36.4,"width":112,"height":39},"word1/07":{"y":-36.4,"width":112,"height":39},"word1/08":{"y":-36.4,"width":112,"height":39}},"未标题-3":{"未标题-3":{"y":4.23,"width":79,"height":74}}}},"animations":{"idle":{"slots":{"word1/00":{"attachment":[{"time":0,"name":"word1/00"},{"time":0.0667,"name":"word1/01"},{"time":0.1333,"name":"word1/02"},{"time":0.2,"name":"word1/03"},{"time":0.2667,"name":"word1/04"},{"time":0.3333,"name":"word1/05"},{"time":0.4,"name":"word1/06"},{"time":0.4667,"name":"word1/07"},{"time":0.5333,"name":"word1/08"},{"time":0.6,"name":null}]}},"bones":{"未标题-3":{"rotate":[{"time":0.3,"angle":0},{"time":0.3667,"angle":25},{"time":0.5,"angle":-25},{"time":0.6333,"angle":15},{"time":0.7667,"angle":-15},{"time":0.8333,"angle":0}],"scale":[{"time":0,"x":1,"y":1},{"time":0.1667,"x":0.697,"y":0.697},{"time":0.2667,"x":1.246,"y":1.246},{"time":0.3333,"x":1,"y":1}]}}}}},"_atlasText":"\ndouble.png\nsize: 256,256\nformat: RGBA8888\nfilter: Linear,Linear\nrepeat: none\n_0001_组-31\n  rotate: true\n  xy: 2, 69\n  size: 105, 31\n  orig: 105, 31\n  offset: 0, 0\n  index: -1\nword1/00\n  rotate: false\n  xy: 83, 176\n  size: 13, 16\n  orig: 112, 39\n  offset: 3, 17\n  index: -1\nword1/01\n  rotate: false\n  xy: 2, 2\n  size: 27, 25\n  orig: 112, 39\n  offset: 3, 8\n  index: -1\nword1/02\n  rotate: false\n  xy: 124, 223\n  size: 36, 27\n  orig: 112, 39\n  offset: 8, 6\n  index: -1\nword1/03\n  rotate: true\n  xy: 2, 29\n  size: 38, 27\n  orig: 112, 39\n  offset: 19, 6\n  index: -1\nword1/04\n  rotate: false\n  xy: 35, 147\n  size: 38, 27\n  orig: 112, 39\n  offset: 33, 6\n  index: -1\nword1/05\n  rotate: false\n  xy: 83, 223\n  size: 39, 27\n  orig: 112, 39\n  offset: 46, 6\n  index: -1\nword1/06\n  rotate: false\n  xy: 83, 194\n  size: 38, 27\n  orig: 112, 39\n  offset: 60, 6\n  index: -1\nword1/07\n  rotate: false\n  xy: 35, 118\n  size: 33, 27\n  orig: 112, 39\n  offset: 73, 6\n  index: -1\nword1/08\n  rotate: false\n  xy: 123, 199\n  size: 21, 22\n  orig: 112, 39\n  offset: 87, 6\n  index: -1\n未标题-3\n  rotate: false\n  xy: 2, 176\n  size: 79, 74\n  orig: 79, 74\n  offset: 0, 0\n  index: -1\n","textures":[{"__uuid__":"51JJo11S5EeLqezb4uzZ3c"}],"textureNames":["double.png"]},{"__type__":"cc.SpriteFrame","content":{"name":"starx2ok","texture":"93tJLaV/9HQYpzhxQHJD0C","rect":[7,0,88,31],"offset":[-1.5,0],"originalSize":[105,31],"capInsets":[0,0,0,0]}},{"__type__":"cc.SpriteFrame","content":{"name":"scoreline_h","texture":"2fiL7200FKz57FSB79pY1h","rect":[0,0,100,10],"offset":[0,0],"originalSize":[100,10],"capInsets":[0,0,0,0]}},{"__type__":"cc.SpriteFrame","content":{"name":"delete","texture":"80aw6TdHtEq4E+WwhyQAGg","rect":[1,0,107,108],"offset":[0.5,0],"originalSize":[108,108],"capInsets":[0,0,0,0]}},{"__type__":"cc.SpriteFrame","content":{"name":"rainbow","texture":"142ZuM4htCZru+kYeVph9Q","rect":[1,1,107,107],"offset":[0.5,-0.5],"originalSize":[108,108],"capInsets":[0,0,0,0]}}]