[{"__type__":"cc.SpriteFrame","content":{"name":"startnow","texture":"0ausHPTpxPsY5mEGgQR/dA","rect":[0,0,300,106],"offset":[0,0],"originalSize":[300,106],"capInsets":[0,0,0,0]}},[{"__type__":"cc.Prefab","_name":"comfirmPanel","data":{"__id__":1}},{"__type__":"cc.Node","_name":"comfirmPanel","_children":[{"__id__":2},{"__id__":4},{"__id__":5},{"__id__":7},{"__id__":8},{"__id__":9},{"__id__":11}],"_level":1,"_components":[{"__type__":"37eb1+8bm1NSJo15y2b0ezY","node":{"__id__":1},"fromAvatar":{"__id__":6},"acceptBtn":{"__id__":9},"rejectBtn":{"__id__":11}}],"_prefab":{"__type__":"cc.PrefabInfo","root":{"__id__":1},"asset":{"__uuid__":"fecxuG/ZdGdoybEhFIzrqH"},"fileId":"50FWEvdxdPkItk0E5bK5H2"},"_contentSize":{"__type__":"cc.Size","width":480,"height":640},"_scale":{"__type__":"cc.Vec3","x":1,"y":1,"z":1}},{"__type__":"cc.Node","_name":"ui_revive-card_bg","_parent":{"__id__":1},"_children":[{"__id__":3}],"_components":[{"__type__":"cc.Sprite","node":{"__id__":2},"_spriteFrame":{"__uuid__":"edBHIQa7RKxopQxFkXhNq0"},"_type":1,"_sizeMode":0}],"_prefab":{"__type__":"cc.PrefabInfo","root":{"__id__":1},"asset":{"__uuid__":"fecxuG/ZdGdoybEhFIzrqH"},"fileId":"b1aEGnc5xNuoiCm1AS7ajz"},"_contentSize":{"__type__":"cc.Size","width":480,"height":400},"_position":{"__type__":"cc.Vec3","y":112},"_scale":{"__type__":"cc.Vec3","x":1,"y":1,"z":1}},{"__type__":"cc.Node","_name":"bg","_parent":{"__id__":2},"_components":[{"__type__":"cc.Sprite","node":{"__id__":3},"_spriteFrame":{"__uuid__":"a2MjXRFdtLlYQ5ouAFv/+R"},"_type":1,"_sizeMode":0},{"__type__":"cc.Widget","node":{"__id__":3},"alignMode":0,"_alignFlags":45,"_left":10,"_right":10,"_top":10,"_bottom":10,"_originalWidth":100,"_originalHeight":100}],"_prefab":{"__type__":"cc.PrefabInfo","root":{"__id__":1},"asset":{"__uuid__":"fecxuG/ZdGdoybEhFIzrqH"},"fileId":"baZoANXDdFZ504Cmd3VoQw"},"_color":{"__type__":"cc.Color"},"_contentSize":{"__type__":"cc.Size","width":460,"height":380},"_scale":{"__type__":"cc.Vec3","x":1,"y":1,"z":1}},{"__type__":"cc.Node","_name":"title","_parent":{"__id__":1},"_components":[{"__type__":"cc.Label","node":{"__id__":4},"_srcBlendFactor":1,"_useOriginalSize":false,"_string":"对战邀请","_N$string":"对战邀请","_fontSize":48,"_lineHeight":60,"_N$horizontalAlign":1,"_N$verticalAlign":1}],"_prefab":{"__type__":"cc.PrefabInfo","root":{"__id__":1},"asset":{"__uuid__":"fecxuG/ZdGdoybEhFIzrqH"},"fileId":"37iMPfCfBJDZ4dax6cIuOd"},"_color":{"__type__":"cc.Color","r":244,"g":226,"b":32},"_contentSize":{"__type__":"cc.Size","width":192,"height":60},"_position":{"__type__":"cc.Vec3","y":257},"_scale":{"__type__":"cc.Vec3","x":1,"y":1,"z":1}},{"__type__":"cc.Node","_name":"avatar","_parent":{"__id__":1},"_level":2,"_components":[{"__id__":6}],"_prefab":{"__type__":"cc.PrefabInfo","root":{"__id__":1},"asset":{"__uuid__":"fecxuG/ZdGdoybEhFIzrqH"},"fileId":"f3paBkh6RJHa2DSz9CIE8X"},"_contentSize":{"__type__":"cc.Size","width":150,"height":150},"_position":{"__type__":"cc.Vec3","y":112},"_scale":{"__type__":"cc.Vec3","x":1,"y":1,"z":1}},{"__type__":"cc.Sprite","node":{"__id__":5},"_sizeMode":0},{"__type__":"cc.Node","_name":"border","_parent":{"__id__":1},"_level":2,"_components":[{"__type__":"cc.Sprite","node":{"__id__":7},"_spriteFrame":{"__uuid__":"cf47ynjnlJOr964f6BKCAA"}}],"_prefab":{"__type__":"cc.PrefabInfo","root":{"__id__":1},"asset":{"__uuid__":"fecxuG/ZdGdoybEhFIzrqH"},"fileId":"13Hg4+UvhE8pkiVwLmMnAb"},"_contentSize":{"__type__":"cc.Size","width":157,"height":156},"_position":{"__type__":"cc.Vec3","y":112},"_scale":{"__type__":"cc.Vec3","x":1,"y":1,"z":1}},{"__type__":"cc.Node","_name":"info","_parent":{"__id__":1},"_components":[{"__type__":"cc.Label","node":{"__id__":8},"_srcBlendFactor":1,"_useOriginalSize":false,"_string":"邀请您进行一场好友对战，\n接受挑战吗？","_N$string":"邀请您进行一场好友对战，\n接受挑战吗？","_fontSize":24,"_lineHeight":30,"_N$horizontalAlign":1,"_N$verticalAlign":1}],"_prefab":{"__type__":"cc.PrefabInfo","root":{"__id__":1},"asset":{"__uuid__":"fecxuG/ZdGdoybEhFIzrqH"},"fileId":"94SKikD9xJTLXCpG5WwMvo"},"_contentSize":{"__type__":"cc.Size","width":288,"height":60},"_position":{"__type__":"cc.Vec3","y":-26},"_scale":{"__type__":"cc.Vec3","x":1,"y":1,"z":1}},{"__type__":"cc.Node","_name":"马上应战","_parent":{"__id__":1},"_children":[{"__id__":10}],"_components":[{"__type__":"cc.Sprite","node":{"__id__":9},"_spriteFrame":{"__uuid__":"e6a86B5L1AHqVZGHJmYXSV"},"_sizeMode":0},{"__type__":"cc.Button","node":{"__id__":9},"zoomScale":0.9,"_N$transition":3,"transition":3,"_N$target":{"__id__":9}},{"__type__":"5f8e0rSIRFCZrXe5q70AGK0","node":{"__id__":9},"hideWhenHasPopUp":false,"must":true}],"_prefab":{"__type__":"cc.PrefabInfo","root":{"__id__":1},"asset":{"__uuid__":"fecxuG/ZdGdoybEhFIzrqH"},"fileId":"94ZPyA4NpGQ7q9bJgSrRlc"},"_contentSize":{"__type__":"cc.Size","width":302,"height":110},"_position":{"__type__":"cc.Vec3","y":-197},"_scale":{"__type__":"cc.Vec3","x":1,"y":1,"z":1}},{"__type__":"cc.Node","_name":"button310x110","_parent":{"__id__":9},"_level":1,"_components":[{"__type__":"cc.Sprite","node":{"__id__":10}},{"__type__":"cc.Animation","node":{"__id__":10},"_defaultClip":{"__uuid__":"f14mlcmJhImITvOq5VyA9i"},"_clips":[{"__uuid__":"f14mlcmJhImITvOq5VyA9i"}],"playOnLoad":true}],"_prefab":{"__type__":"cc.PrefabInfo","root":{"__id__":1},"asset":{"__uuid__":"fecxuG/ZdGdoybEhFIzrqH"},"fileId":"09gz3/9UdL0qM28wt2/jwT"},"_contentSize":{"__type__":"cc.Size","width":310,"height":110},"_scale":{"__type__":"cc.Vec3","x":1,"y":1,"z":1}},{"__type__":"cc.Node","_name":"残忍拒绝","_parent":{"__id__":1},"_level":2,"_components":[{"__type__":"cc.Label","node":{"__id__":11},"_srcBlendFactor":1,"_useOriginalSize":false,"_string":"残忍拒绝","_N$string":"残忍拒绝","_fontSize":30,"_N$horizontalAlign":1,"_N$verticalAlign":1},{"__type__":"a63afjOB4RIM47OPW3iazWj","node":{"__id__":11},"distanceToAd":5}],"_prefab":{"__type__":"cc.PrefabInfo","root":{"__id__":1},"asset":{"__uuid__":"fecxuG/ZdGdoybEhFIzrqH"},"fileId":"eeGD9WhQtPrKnkM2soN7kf"},"_color":{"__type__":"cc.Color","r":170,"g":170,"b":170},"_contentSize":{"__type__":"cc.Size","width":120,"height":40},"_position":{"__type__":"cc.Vec3","y":-292},"_scale":{"__type__":"cc.Vec3","x":1,"y":1,"z":1}}]]