[{"__type__":"cc.SpriteFrame","content":{"name":"close (2)","texture":"a1kFce2/xNx60AtnsccfV2","rect":[383,897,28,27],"offset":[0,0],"originalSize":[28,27],"capInsets":[0,0,0,0]}},{"__type__":"cc.SpriteFrame","content":{"name":"tanchuangtongyon","texture":"a1kFce2/xNx60AtnsccfV2","rect":[112,794,261,84],"offset":[0,0],"originalSize":[261,84],"capInsets":[0,0,0,0]}},[{"__type__":"cc.Prefab","_name":"MyHeroInfo","data":{"__id__":1}},{"__type__":"cc.Node","_name":"HeroInof","_children":[{"__id__":2}],"_level":1,"_components":[{"__type__":"eaa03HjN1JMVJA9s7lHnlBY","node":{"__id__":1},"shareBtn":{"__id__":8},"close":{"__id__":5},"id":{"__id__":20},"vip":{"__id__":22},"username":{"__id__":33},"viptext":{"__id__":35},"maxcheck":{"__id__":37},"maxlevel":{"__id__":39},"maxhero":{"__id__":41},"maxartif":{"__id__":43},"maxequip":{"__id__":45},"human":{"__id__":13},"totem":{"__id__":15}}],"_prefab":{"__type__":"cc.PrefabInfo","root":{"__id__":1},"asset":{"__uuid__":"492y0pD6JA1okyWoI1XF6A"},"fileId":"f17i0ocU5LGKhIsbzx0eus"},"_contentSize":{"__type__":"cc.Size","width":699,"height":750},"_scale":{"__type__":"cc.Vec3","x":1,"y":1,"z":1}},{"__type__":"cc.Node","_name":"New Sprite(Splash)","_parent":{"__id__":1},"_children":[{"__id__":3},{"__id__":7},{"__id__":10},{"__id__":23},{"__id__":31}],"_level":2,"_components":[{"__type__":"cc.Sprite","node":{"__id__":2},"_spriteFrame":{"__uuid__":"510X4D6aFPGa9wjpS7Ot5t"},"_type":1,"_sizeMode":0}],"_prefab":{"__type__":"cc.PrefabInfo","root":{"__id__":1},"asset":{"__uuid__":"492y0pD6JA1okyWoI1XF6A"},"fileId":"88yxlp/3VD24CNUch2EnwV"},"_contentSize":{"__type__":"cc.Size","width":699,"height":750},"_scale":{"__type__":"cc.Vec3","x":1,"y":1,"z":1}},{"__type__":"cc.Node","_name":"alert-shangcehng","_parent":{"__id__":2},"_children":[{"__id__":4},{"__id__":5}],"_level":3,"_components":[{"__type__":"cc.Sprite","node":{"__id__":3},"_spriteFrame":{"__uuid__":"b3CLDo9FhEhpyt697OG5HT"}},{"__type__":"cc.Widget","node":{"__id__":3},"_alignFlags":1,"_top":9}],"_prefab":{"__type__":"cc.PrefabInfo","root":{"__id__":1},"asset":{"__uuid__":"492y0pD6JA1okyWoI1XF6A"},"fileId":"23yfcsrYBCtIWxKl0hqxwn"},"_contentSize":{"__type__":"cc.Size","width":679,"height":59},"_position":{"__type__":"cc.Vec3","y":336.5},"_scale":{"__type__":"cc.Vec3","x":1,"y":1,"z":1}},{"__type__":"cc.Node","_name":"New Label","_parent":{"__id__":3},"_level":4,"_components":[{"__type__":"cc.Label","node":{"__id__":4},"_srcBlendFactor":1,"_useOriginalSize":false,"_string":"个人资料","_N$string":"个人资料","_N$horizontalAlign":1,"_N$verticalAlign":1,"_N$fontFamily":"苹方"}],"_prefab":{"__type__":"cc.PrefabInfo","root":{"__id__":1},"asset":{"__uuid__":"492y0pD6JA1okyWoI1XF6A"},"fileId":"e8JyyKKdxEHby4hDGAl3dg"},"_contentSize":{"__type__":"cc.Size","width":160,"height":40},"_scale":{"__type__":"cc.Vec3","x":1,"y":1,"z":1}},{"__type__":"cc.Node","_name":"New Node","_parent":{"__id__":3},"_children":[{"__id__":6}],"_level":4,"_components":[{"__type__":"cc.Widget","node":{"__id__":5},"_alignFlags":33,"_right":-0.5,"_top":-9.5},{"__type__":"cc.Button","node":{"__id__":5},"_N$transition":3,"transition":3,"_N$target":{"__id__":5}}],"_prefab":{"__type__":"cc.PrefabInfo","root":{"__id__":1},"asset":{"__uuid__":"492y0pD6JA1okyWoI1XF6A"},"fileId":"f9FsZ5EKNPTpwXh0qfUr2C"},"_contentSize":{"__type__":"cc.Size","width":70,"height":70},"_position":{"__type__":"cc.Vec3","x":305,"y":4},"_scale":{"__type__":"cc.Vec3","x":1,"y":1,"z":1}},{"__type__":"cc.Node","_name":"alert-close","_parent":{"__id__":5},"_level":5,"_components":[{"__type__":"cc.Sprite","node":{"__id__":6},"_spriteFrame":{"__uuid__":"33DcKl9v5Ef6qoSRMZ5ejJ"}},{"__type__":"cc.Widget","node":{"__id__":6}}],"_prefab":{"__type__":"cc.PrefabInfo","root":{"__id__":1},"asset":{"__uuid__":"492y0pD6JA1okyWoI1XF6A"},"fileId":"6ewN0t+h1MmI75lfRwg6EJ"},"_contentSize":{"__type__":"cc.Size","width":28,"height":27},"_scale":{"__type__":"cc.Vec3","x":1,"y":1,"z":1}},{"__type__":"cc.Node","_name":"alert-shangcehng","_parent":{"__id__":2},"_children":[{"__id__":8}],"_level":3,"_components":[{"__type__":"cc.Sprite","node":{"__id__":7},"_spriteFrame":{"__uuid__":"b3CLDo9FhEhpyt697OG5HT"},"_type":1,"_sizeMode":0},{"__type__":"cc.Widget","node":{"__id__":7},"_alignFlags":4,"_bottom":7}],"_prefab":{"__type__":"cc.PrefabInfo","root":{"__id__":1},"asset":{"__uuid__":"492y0pD6JA1okyWoI1XF6A"},"fileId":"0cB8sdyKVHl4iVrzifCpwX"},"_contentSize":{"__type__":"cc.Size","width":679,"height":150},"_position":{"__type__":"cc.Vec3","y":-293},"_scale":{"__type__":"cc.Vec3","x":1,"y":1,"z":1}},{"__type__":"cc.Node","_name":"alert-tanchuangtongyon","_parent":{"__id__":7},"_children":[{"__id__":9}],"_level":4,"_components":[{"__type__":"cc.Sprite","node":{"__id__":8},"_spriteFrame":{"__uuid__":"39PxN1FxBCxLjMGmRJhgVO"}}],"_prefab":{"__type__":"cc.PrefabInfo","root":{"__id__":1},"asset":{"__uuid__":"492y0pD6JA1okyWoI1XF6A"},"fileId":"99I+yg//dNArjzKueMux3c"},"_contentSize":{"__type__":"cc.Size","width":261,"height":84},"_scale":{"__type__":"cc.Vec3","x":1,"y":1,"z":1}},{"__type__":"cc.Node","_name":"New Label","_parent":{"__id__":8},"_level":5,"_components":[{"__type__":"cc.Label","node":{"__id__":9},"_srcBlendFactor":1,"_useOriginalSize":false,"_string":"炫耀一次","_N$string":"炫耀一次","_fontSize":30,"_lineHeight":32,"_N$horizontalAlign":1,"_N$verticalAlign":1,"_N$fontFamily":"苹方"}],"_prefab":{"__type__":"cc.PrefabInfo","root":{"__id__":1},"asset":{"__uuid__":"492y0pD6JA1okyWoI1XF6A"},"fileId":"5b1o3JSLJLy4R7yigwFc6n"},"_contentSize":{"__type__":"cc.Size","width":120,"height":32},"_scale":{"__type__":"cc.Vec3","x":1,"y":1,"z":1}},{"__type__":"cc.Node","_name":"New Sprite(Splash)","_parent":{"__id__":2},"_children":[{"__id__":11},{"__id__":17},{"__id__":21}],"_level":3,"_components":[{"__type__":"cc.Sprite","node":{"__id__":10},"_type":1,"_sizeMode":0},{"__type__":"cc.Widget","node":{"__id__":10},"_alignFlags":1,"_top":90}],"_prefab":{"__type__":"cc.PrefabInfo","root":{"__id__":1},"asset":{"__uuid__":"492y0pD6JA1okyWoI1XF6A"},"fileId":"85wT8dG81OyJMGWnRhW2/3"},"_contentSize":{"__type__":"cc.Size","width":650,"height":200},"_position":{"__type__":"cc.Vec3","y":185},"_scale":{"__type__":"cc.Vec3","x":1,"y":1,"z":1}},{"__type__":"cc.Node","_name":"New Sprite(Splash)","_parent":{"__id__":10},"_children":[{"__id__":12},{"__id__":14}],"_level":4,"_components":[{"__id__":16},{"__type__":"cc.Widget","node":{"__id__":11},"_alignFlags":8,"_left":13},{"__type__":"32540GFq4FAT5ZSyUpi/XyW","node":{"__id__":11},"img":{"__id__":16},"url":"texture/myhero/bg.png"}],"_prefab":{"__type__":"cc.PrefabInfo","root":{"__id__":1},"asset":{"__uuid__":"492y0pD6JA1okyWoI1XF6A"},"fileId":"eauwC1OXxMp5isut00wymw"},"_contentSize":{"__type__":"cc.Size","width":400,"height":180},"_position":{"__type__":"cc.Vec3","x":-112},"_scale":{"__type__":"cc.Vec3","x":1,"y":1,"z":1}},{"__type__":"cc.Node","_name":"human","_parent":{"__id__":11},"_level":5,"_components":[{"__id__":13}],"_prefab":{"__type__":"cc.PrefabInfo","root":{"__id__":1},"asset":{"__uuid__":"492y0pD6JA1okyWoI1XF6A"},"fileId":"d2ydm68hNEIaEA1LJtOVol"},"_position":{"__type__":"cc.Vec3","x":5,"y":-80},"_scale":{"__type__":"cc.Vec3","x":1,"y":1,"z":1}},{"__type__":"sp.Skeleton","node":{"__id__":12},"loop":false,"premultipliedAlpha":false},{"__type__":"cc.Node","_name":"totem","_parent":{"__id__":11},"_level":5,"_components":[{"__id__":15}],"_prefab":{"__type__":"cc.PrefabInfo","root":{"__id__":1},"asset":{"__uuid__":"492y0pD6JA1okyWoI1XF6A"},"fileId":"0fKbSy5LZMTLB1waeM1hVb"},"_position":{"__type__":"cc.Vec3","x":5,"y":-80},"_scale":{"__type__":"cc.Vec3","x":1,"y":1,"z":1}},{"__type__":"sp.Skeleton","node":{"__id__":14},"loop":false,"premultipliedAlpha":false},{"__type__":"cc.Sprite","node":{"__id__":11},"_sizeMode":0},{"__type__":"cc.Node","_name":"New Layout","_parent":{"__id__":10},"_children":[{"__id__":18},{"__id__":19}],"_level":4,"_components":[{"__type__":"cc.Sprite","node":{"__id__":17},"_type":1,"_sizeMode":0},{"__type__":"cc.Layout","node":{"__id__":17},"_layoutSize":{"__type__":"cc.Size","width":81.95,"height":30},"_resize":1,"_N$layoutType":1},{"__type__":"cc.Widget","node":{"__id__":17},"_alignFlags":9,"_left":426,"_top":14}],"_prefab":{"__type__":"cc.PrefabInfo","root":{"__id__":1},"asset":{"__uuid__":"492y0pD6JA1okyWoI1XF6A"},"fileId":"43Q469+JFEmZ6JLuwTAE67"},"_contentSize":{"__type__":"cc.Size","width":81.95,"height":30},"_anchorPoint":{"__type__":"cc.Vec2","y":0.5},"_position":{"__type__":"cc.Vec3","x":101,"y":71},"_scale":{"__type__":"cc.Vec3","x":1,"y":1,"z":1}},{"__type__":"cc.Node","_name":"New Label","_parent":{"__id__":17},"_level":5,"_components":[{"__type__":"cc.Label","node":{"__id__":18},"_srcBlendFactor":1,"_useOriginalSize":false,"_string":"玩家ID:","_N$string":"玩家ID:","_fontSize":25,"_lineHeight":27,"_N$horizontalAlign":1,"_N$verticalAlign":1}],"_prefab":{"__type__":"cc.PrefabInfo","root":{"__id__":1},"asset":{"__uuid__":"492y0pD6JA1okyWoI1XF6A"},"fileId":"bfA7xO+oxLPqNVUJedb+dZ"},"_color":{"__type__":"cc.Color","r":72,"g":157,"b":243},"_contentSize":{"__type__":"cc.Size","width":81.95,"height":27},"_position":{"__type__":"cc.Vec3","x":40.975},"_scale":{"__type__":"cc.Vec3","x":1,"y":1,"z":1}},{"__type__":"cc.Node","_name":"id","_parent":{"__id__":17},"_level":5,"_components":[{"__id__":20}],"_prefab":{"__type__":"cc.PrefabInfo","root":{"__id__":1},"asset":{"__uuid__":"492y0pD6JA1okyWoI1XF6A"},"fileId":"4bpPNo399JHbPjsPTGXXY1"},"_contentSize":{"__type__":"cc.Size","height":27},"_position":{"__type__":"cc.Vec3","x":81.95},"_scale":{"__type__":"cc.Vec3","x":1,"y":1,"z":1}},{"__type__":"cc.Label","node":{"__id__":19},"_srcBlendFactor":1,"_useOriginalSize":false,"_fontSize":25,"_lineHeight":27,"_N$verticalAlign":1},{"__type__":"cc.Node","_name":"vip","_parent":{"__id__":10},"_level":4,"_components":[{"__id__":22}],"_prefab":{"__type__":"cc.PrefabInfo","root":{"__id__":1},"asset":{"__uuid__":"492y0pD6JA1okyWoI1XF6A"},"fileId":"acM8q/pw1D2IFs7SResq57"},"_contentSize":{"__type__":"cc.Size","width":100,"height":100},"_position":{"__type__":"cc.Vec3","x":199,"y":-24},"_scale":{"__type__":"cc.Vec3","x":1,"y":1,"z":1}},{"__type__":"cc.Sprite","node":{"__id__":21},"_sizeMode":0},{"__type__":"cc.Node","_name":"New Node","_parent":{"__id__":2},"_children":[{"__id__":24},{"__id__":25},{"__id__":26},{"__id__":27},{"__id__":28},{"__id__":29},{"__id__":30}],"_level":3,"_components":[{"__type__":"cc.Layout","node":{"__id__":23},"_layoutSize":{"__type__":"cc.Size","width":180,"height":249},"_resize":1,"_N$layoutType":2,"_N$spacingY":10}],"_prefab":{"__type__":"cc.PrefabInfo","root":{"__id__":1},"asset":{"__uuid__":"492y0pD6JA1okyWoI1XF6A"},"fileId":"e2INIp+UFOk5rPC7+DA0P0"},"_contentSize":{"__type__":"cc.Size","width":180,"height":249},"_anchorPoint":{"__type__":"cc.Vec2","y":0.5},"_position":{"__type__":"cc.Vec3","x":-319,"y":-67},"_scale":{"__type__":"cc.Vec3","x":1,"y":1,"z":1}},{"__type__":"cc.Node","_name":"New Label","_parent":{"__id__":23},"_level":4,"_components":[{"__type__":"cc.Label","node":{"__id__":24},"_srcBlendFactor":1,"_useOriginalSize":false,"_string":"玩家名:","_N$string":"玩家名:","_fontSize":25,"_lineHeight":27,"_N$horizontalAlign":1,"_N$verticalAlign":1,"_N$fontFamily":"苹方"}],"_prefab":{"__type__":"cc.PrefabInfo","root":{"__id__":1},"asset":{"__uuid__":"492y0pD6JA1okyWoI1XF6A"},"fileId":"1637wJRPBCIbcizuW8EK3h"},"_contentSize":{"__type__":"cc.Size","width":81.95,"height":27},"_anchorPoint":{"__type__":"cc.Vec2","y":0.5},"_position":{"__type__":"cc.Vec3","y":111},"_scale":{"__type__":"cc.Vec3","x":1,"y":1,"z":1}},{"__type__":"cc.Node","_name":"New Label","_parent":{"__id__":23},"_level":4,"_components":[{"__type__":"cc.Label","node":{"__id__":25},"_srcBlendFactor":1,"_useOriginalSize":false,"_string":"vip等级:","_N$string":"vip等级:","_fontSize":25,"_lineHeight":27,"_N$horizontalAlign":1,"_N$verticalAlign":1,"_N$fontFamily":"苹方"}],"_prefab":{"__type__":"cc.PrefabInfo","root":{"__id__":1},"asset":{"__uuid__":"492y0pD6JA1okyWoI1XF6A"},"fileId":"3bIgrX6dJEbZcrDHwJqCth"},"_contentSize":{"__type__":"cc.Size","width":88.89,"height":27},"_anchorPoint":{"__type__":"cc.Vec2","y":0.5},"_position":{"__type__":"cc.Vec3","y":74},"_scale":{"__type__":"cc.Vec3","x":1,"y":1,"z":1}},{"__type__":"cc.Node","_name":"New Label","_parent":{"__id__":23},"_level":4,"_components":[{"__type__":"cc.Label","node":{"__id__":26},"_srcBlendFactor":1,"_useOriginalSize":false,"_string":"最高关卡记录:","_N$string":"最高关卡记录:","_fontSize":25,"_lineHeight":27,"_N$horizontalAlign":1,"_N$verticalAlign":1,"_N$fontFamily":"苹方"}],"_prefab":{"__type__":"cc.PrefabInfo","root":{"__id__":1},"asset":{"__uuid__":"492y0pD6JA1okyWoI1XF6A"},"fileId":"9efuCNM+tFIpse5tmYsA33"},"_contentSize":{"__type__":"cc.Size","width":156.95,"height":27},"_anchorPoint":{"__type__":"cc.Vec2","y":0.5},"_position":{"__type__":"cc.Vec3","y":37},"_scale":{"__type__":"cc.Vec3","x":1,"y":1,"z":1}},{"__type__":"cc.Node","_name":"New Label","_parent":{"__id__":23},"_level":4,"_components":[{"__type__":"cc.Label","node":{"__id__":27},"_srcBlendFactor":1,"_useOriginalSize":false,"_string":"最高角色等级:","_N$string":"最高角色等级:","_fontSize":25,"_lineHeight":27,"_N$horizontalAlign":1,"_N$verticalAlign":1,"_N$fontFamily":"苹方"}],"_prefab":{"__type__":"cc.PrefabInfo","root":{"__id__":1},"asset":{"__uuid__":"492y0pD6JA1okyWoI1XF6A"},"fileId":"35X7bZCXNNSY4Lb0l44V/h"},"_contentSize":{"__type__":"cc.Size","width":156.95,"height":27},"_anchorPoint":{"__type__":"cc.Vec2","y":0.5},"_scale":{"__type__":"cc.Vec3","x":1,"y":1,"z":1}},{"__type__":"cc.Node","_name":"New Label","_parent":{"__id__":23},"_level":4,"_components":[{"__type__":"cc.Label","node":{"__id__":28},"_srcBlendFactor":1,"_useOriginalSize":false,"_string":"最多拥有英雄:","_N$string":"最多拥有英雄:","_fontSize":25,"_lineHeight":27,"_N$horizontalAlign":1,"_N$verticalAlign":1,"_N$fontFamily":"苹方"}],"_prefab":{"__type__":"cc.PrefabInfo","root":{"__id__":1},"asset":{"__uuid__":"492y0pD6JA1okyWoI1XF6A"},"fileId":"eeodb39GZALLbLmTsnrzQY"},"_contentSize":{"__type__":"cc.Size","width":156.95,"height":27},"_anchorPoint":{"__type__":"cc.Vec2","y":0.5},"_position":{"__type__":"cc.Vec3","y":-37},"_scale":{"__type__":"cc.Vec3","x":1,"y":1,"z":1}},{"__type__":"cc.Node","_name":"New Label","_parent":{"__id__":23},"_level":4,"_components":[{"__type__":"cc.Label","node":{"__id__":29},"_srcBlendFactor":1,"_useOriginalSize":false,"_string":"最多拥有神器:","_N$string":"最多拥有神器:","_fontSize":25,"_lineHeight":27,"_N$horizontalAlign":1,"_N$verticalAlign":1,"_N$fontFamily":"苹方"}],"_prefab":{"__type__":"cc.PrefabInfo","root":{"__id__":1},"asset":{"__uuid__":"492y0pD6JA1okyWoI1XF6A"},"fileId":"e0bm+OfklN/b5HxFyC+t8k"},"_contentSize":{"__type__":"cc.Size","width":156.95,"height":27},"_anchorPoint":{"__type__":"cc.Vec2","y":0.5},"_position":{"__type__":"cc.Vec3","y":-74},"_scale":{"__type__":"cc.Vec3","x":1,"y":1,"z":1}},{"__type__":"cc.Node","_name":"New Label","_parent":{"__id__":23},"_level":4,"_components":[{"__type__":"cc.Label","node":{"__id__":30},"_srcBlendFactor":1,"_useOriginalSize":false,"_string":"最多装备套装:","_N$string":"最多装备套装:","_fontSize":25,"_lineHeight":27,"_N$horizontalAlign":1,"_N$verticalAlign":1}],"_prefab":{"__type__":"cc.PrefabInfo","root":{"__id__":1},"asset":{"__uuid__":"492y0pD6JA1okyWoI1XF6A"},"fileId":"14PLBrZeBD2JPFB1IpSKyA"},"_contentSize":{"__type__":"cc.Size","width":156.95,"height":27},"_anchorPoint":{"__type__":"cc.Vec2","y":0.5},"_position":{"__type__":"cc.Vec3","y":-111},"_scale":{"__type__":"cc.Vec3","x":1,"y":1,"z":1}},{"__type__":"cc.Node","_name":"New Node","_parent":{"__id__":2},"_children":[{"__id__":32},{"__id__":34},{"__id__":36},{"__id__":38},{"__id__":40},{"__id__":42},{"__id__":44}],"_level":3,"_components":[{"__type__":"cc.Layout","node":{"__id__":31},"_layoutSize":{"__type__":"cc.Size","width":180,"height":249},"_resize":1,"_N$layoutType":2,"_N$spacingY":10}],"_prefab":{"__type__":"cc.PrefabInfo","root":{"__id__":1},"asset":{"__uuid__":"492y0pD6JA1okyWoI1XF6A"},"fileId":"3dAaMbuM1EypGp//n6kS/E"},"_contentSize":{"__type__":"cc.Size","width":180,"height":249},"_anchorPoint":{"__type__":"cc.Vec2","x":1,"y":0.5},"_position":{"__type__":"cc.Vec3","x":312,"y":-67},"_scale":{"__type__":"cc.Vec3","x":1,"y":1,"z":1}},{"__type__":"cc.Node","_name":"username","_parent":{"__id__":31},"_level":4,"_components":[{"__id__":33}],"_prefab":{"__type__":"cc.PrefabInfo","root":{"__id__":1},"asset":{"__uuid__":"492y0pD6JA1okyWoI1XF6A"},"fileId":"7bMWjZustMn58r5JOgZlUp"},"_contentSize":{"__type__":"cc.Size","width":100,"height":27},"_anchorPoint":{"__type__":"cc.Vec2","x":1,"y":0.5},"_position":{"__type__":"cc.Vec3","y":111},"_scale":{"__type__":"cc.Vec3","x":1,"y":1,"z":1}},{"__type__":"cc.Label","node":{"__id__":32},"_srcBlendFactor":1,"_useOriginalSize":false,"_string":"游戏小鹿","_N$string":"游戏小鹿","_fontSize":25,"_lineHeight":27,"_N$horizontalAlign":1,"_N$verticalAlign":1,"_N$fontFamily":"苹方"},{"__type__":"cc.Node","_name":"viplevel","_parent":{"__id__":31},"_level":4,"_components":[{"__id__":35}],"_prefab":{"__type__":"cc.PrefabInfo","root":{"__id__":1},"asset":{"__uuid__":"492y0pD6JA1okyWoI1XF6A"},"fileId":"ffyhrzlgBFLKh/o+FVbwTf"},"_contentSize":{"__type__":"cc.Size","width":50,"height":27},"_anchorPoint":{"__type__":"cc.Vec2","x":1,"y":0.5},"_position":{"__type__":"cc.Vec3","y":74},"_scale":{"__type__":"cc.Vec3","x":1,"y":1,"z":1}},{"__type__":"cc.Label","node":{"__id__":34},"_srcBlendFactor":1,"_useOriginalSize":false,"_string":"8000","_N$string":"8000","_fontSize":25,"_lineHeight":27,"_N$horizontalAlign":1,"_N$verticalAlign":1,"_N$fontFamily":"苹方"},{"__type__":"cc.Node","_name":"maxcheck","_parent":{"__id__":31},"_level":4,"_components":[{"__id__":37}],"_prefab":{"__type__":"cc.PrefabInfo","root":{"__id__":1},"asset":{"__uuid__":"492y0pD6JA1okyWoI1XF6A"},"fileId":"130f4h3q1Krau7S8FDDDw7"},"_contentSize":{"__type__":"cc.Size","width":37.5,"height":27},"_anchorPoint":{"__type__":"cc.Vec2","x":1,"y":0.5},"_position":{"__type__":"cc.Vec3","y":37},"_scale":{"__type__":"cc.Vec3","x":1,"y":1,"z":1}},{"__type__":"cc.Label","node":{"__id__":36},"_srcBlendFactor":1,"_useOriginalSize":false,"_string":"900","_N$string":"900","_fontSize":25,"_lineHeight":27,"_N$horizontalAlign":1,"_N$verticalAlign":1,"_N$fontFamily":"苹方"},{"__type__":"cc.Node","_name":"maxlevel","_parent":{"__id__":31},"_level":4,"_components":[{"__id__":39}],"_prefab":{"__type__":"cc.PrefabInfo","root":{"__id__":1},"asset":{"__uuid__":"492y0pD6JA1okyWoI1XF6A"},"fileId":"67kGmf9s9MSZCuJ+euKRo1"},"_contentSize":{"__type__":"cc.Size","width":37.5,"height":27},"_anchorPoint":{"__type__":"cc.Vec2","x":1,"y":0.5},"_scale":{"__type__":"cc.Vec3","x":1,"y":1,"z":1}},{"__type__":"cc.Label","node":{"__id__":38},"_srcBlendFactor":1,"_useOriginalSize":false,"_string":"500","_N$string":"500","_fontSize":25,"_lineHeight":27,"_N$horizontalAlign":1,"_N$verticalAlign":1,"_N$fontFamily":"苹方"},{"__type__":"cc.Node","_name":"maxhero","_parent":{"__id__":31},"_level":4,"_components":[{"__id__":41}],"_prefab":{"__type__":"cc.PrefabInfo","root":{"__id__":1},"asset":{"__uuid__":"492y0pD6JA1okyWoI1XF6A"},"fileId":"baDJBxWZpIPJRSkHptFLdW"},"_contentSize":{"__type__":"cc.Size","width":37.5,"height":27},"_anchorPoint":{"__type__":"cc.Vec2","x":1,"y":0.5},"_position":{"__type__":"cc.Vec3","y":-37},"_scale":{"__type__":"cc.Vec3","x":1,"y":1,"z":1}},{"__type__":"cc.Label","node":{"__id__":40},"_srcBlendFactor":1,"_useOriginalSize":false,"_string":"300","_N$string":"300","_fontSize":25,"_lineHeight":27,"_N$horizontalAlign":1,"_N$verticalAlign":1,"_N$fontFamily":"苹方"},{"__type__":"cc.Node","_name":"maxartif","_parent":{"__id__":31},"_level":4,"_components":[{"__id__":43}],"_prefab":{"__type__":"cc.PrefabInfo","root":{"__id__":1},"asset":{"__uuid__":"492y0pD6JA1okyWoI1XF6A"},"fileId":"cb1KXzJGZPjIAmBF8Q6XAa"},"_contentSize":{"__type__":"cc.Size","width":37.5,"height":27},"_anchorPoint":{"__type__":"cc.Vec2","x":1,"y":0.5},"_position":{"__type__":"cc.Vec3","y":-74},"_scale":{"__type__":"cc.Vec3","x":1,"y":1,"z":1}},{"__type__":"cc.Label","node":{"__id__":42},"_srcBlendFactor":1,"_useOriginalSize":false,"_string":"100","_N$string":"100","_fontSize":25,"_lineHeight":27,"_N$horizontalAlign":1,"_N$verticalAlign":1,"_N$fontFamily":"苹方"},{"__type__":"cc.Node","_name":"maxequip","_parent":{"__id__":31},"_level":4,"_components":[{"__id__":45}],"_prefab":{"__type__":"cc.PrefabInfo","root":{"__id__":1},"asset":{"__uuid__":"492y0pD6JA1okyWoI1XF6A"},"fileId":"13qNlgQZtAHq3ww23/LeXm"},"_contentSize":{"__type__":"cc.Size","width":41.71,"height":27},"_anchorPoint":{"__type__":"cc.Vec2","x":1,"y":0.5},"_position":{"__type__":"cc.Vec3","y":-111},"_scale":{"__type__":"cc.Vec3","x":1,"y":1,"z":1}},{"__type__":"cc.Label","node":{"__id__":44},"_srcBlendFactor":1,"_useOriginalSize":false,"_string":"200","_N$string":"200","_fontSize":25,"_lineHeight":27,"_N$horizontalAlign":1,"_N$verticalAlign":1}],{"__type__":"cc.SpriteFrame","content":{"name":"tanchuanbg","texture":"a1kFce2/xNx60AtnsccfV2","rect":[821,756,80,78],"offset":[0,0],"originalSize":[80,78],"capInsets":[11,11,11,10]}},{"__type__":"cc.SpriteFrame","content":{"name":"shangcehng","texture":"a1kFce2/xNx60AtnsccfV2","rect":[62,412,679,59],"offset":[0,0],"originalSize":[679,59],"capInsets":[0,0,0,0]}}]