[{"__type__":"cc.SpriteFrame","content":{"name":"bg","texture":"a1kFce2/xNx60AtnsccfV2","rect":[817,0,19,296],"offset":[0,0],"originalSize":[19,296],"capInsets":[7,13,5,31]}},[{"__type__":"cc.Prefab","_name":"FriendInfo","data":{"__id__":1}},{"__type__":"cc.Node","_name":"bg","_children":[{"__id__":2},{"__id__":6},{"__id__":13},{"__id__":17}],"_level":1,"_components":[{"__type__":"cc.Sprite","node":{"__id__":1},"_spriteFrame":{"__uuid__":"5eRhrMrEJO/bOOzjVRAFoh"},"_type":1,"_sizeMode":0},{"__type__":"7d410EhCEtMC5mw/6IzEqXX","node":{"__id__":1}}],"_prefab":{"__type__":"cc.PrefabInfo","root":{"__id__":1},"asset":{"__uuid__":"c42kgj0NVPAJgr0aH+QfHD"},"fileId":"4d7hmLXJ9Lo6FEw0kbflWr"},"_contentSize":{"__type__":"cc.Size","width":650,"height":296},"_position":{"__type__":"cc.Vec3","y":-174},"_scale":{"__type__":"cc.Vec3","x":1,"y":1,"z":1}},{"__type__":"cc.Node","_name":"New Layout","_parent":{"__id__":1},"_children":[{"__id__":3},{"__id__":5}],"_level":2,"_components":[{"__type__":"cc.Sprite","node":{"__id__":2},"_type":1,"_sizeMode":0},{"__type__":"cc.Layout","node":{"__id__":2},"_layoutSize":{"__type__":"cc.Size","width":158,"height":44},"_resize":1,"_N$layoutType":1,"_N$spacingX":5},{"__type__":"cc.Widget","node":{"__id__":2},"_alignFlags":9,"_left":8,"_top":5}],"_prefab":{"__type__":"cc.PrefabInfo","root":{"__id__":1},"asset":{"__uuid__":"c42kgj0NVPAJgr0aH+QfHD"},"fileId":"28WH8/3pRGZoO+Yhr9PH3g"},"_contentSize":{"__type__":"cc.Size","width":158,"height":44},"_position":{"__type__":"cc.Vec3","x":-238,"y":121},"_scale":{"__type__":"cc.Vec3","x":1,"y":1,"z":1}},{"__type__":"cc.Node","_name":"fred","_parent":{"__id__":2},"_level":3,"_components":[{"__id__":4},{"__type__":"32540GFq4FAT5ZSyUpi/XyW","node":{"__id__":3},"img":{"__id__":4},"url":"texture/emily/fred.png"}],"_prefab":{"__type__":"cc.PrefabInfo","root":{"__id__":1},"asset":{"__uuid__":"c42kgj0NVPAJgr0aH+QfHD"},"fileId":"92hjQOjCJAsLDxnB/1JXHr"},"_contentSize":{"__type__":"cc.Size","width":33,"height":44},"_position":{"__type__":"cc.Vec3","x":-62.5},"_scale":{"__type__":"cc.Vec3","x":1,"y":1,"z":1}},{"__type__":"cc.Sprite","node":{"__id__":3}},{"__type__":"cc.Node","_name":"New Label","_parent":{"__id__":2},"_level":3,"_components":[{"__type__":"cc.Label","node":{"__id__":5},"_srcBlendFactor":1,"_useOriginalSize":false,"_string":"好友邀请","_N$string":"好友邀请","_fontSize":30,"_lineHeight":32,"_N$horizontalAlign":1,"_N$verticalAlign":1}],"_prefab":{"__type__":"cc.PrefabInfo","root":{"__id__":1},"asset":{"__uuid__":"c42kgj0NVPAJgr0aH+QfHD"},"fileId":"8etWxOwglJQZqP9qgTzVYh"},"_contentSize":{"__type__":"cc.Size","width":120,"height":32},"_position":{"__type__":"cc.Vec3","x":19},"_scale":{"__type__":"cc.Vec3","x":1,"y":1,"z":1}},{"__type__":"cc.Node","_name":"btbg","_parent":{"__id__":1},"_children":[{"__id__":7},{"__id__":10}],"_level":2,"_components":[{"__type__":"cc.Sprite","node":{"__id__":6},"_spriteFrame":{"__uuid__":"e652MwRjhO3pYtnC9bP5Vs"},"_type":1,"_sizeMode":0},{"__type__":"cc.Layout","node":{"__id__":6},"_layoutSize":{"__type__":"cc.Size","width":600,"height":110},"_N$layoutType":1,"_N$paddingLeft":26,"_N$spacingX":26},{"__type__":"cc.Widget","node":{"__id__":6},"_alignFlags":4,"_bottom":10}],"_prefab":{"__type__":"cc.PrefabInfo","root":{"__id__":1},"asset":{"__uuid__":"c42kgj0NVPAJgr0aH+QfHD"},"fileId":"cbnqdFbI9LYrPMTZrqdJ16"},"_contentSize":{"__type__":"cc.Size","width":600,"height":110},"_position":{"__type__":"cc.Vec3","y":-83},"_scale":{"__type__":"cc.Vec3","x":1,"y":1,"z":1}},{"__type__":"cc.Node","_name":"blue-button","_parent":{"__id__":6},"_children":[{"__id__":8}],"_level":3,"_components":[{"__id__":9},{"__type__":"32540GFq4FAT5ZSyUpi/XyW","node":{"__id__":7},"img":{"__id__":9},"url":"texture/emily/blue-button.png"}],"_prefab":{"__type__":"cc.PrefabInfo","root":{"__id__":1},"asset":{"__uuid__":"c42kgj0NVPAJgr0aH+QfHD"},"fileId":"31STjXvXpAWqjAmquXTNnO"},"_contentSize":{"__type__":"cc.Size","width":261,"height":84},"_position":{"__type__":"cc.Vec3","x":-143.5},"_scale":{"__type__":"cc.Vec3","x":1,"y":1,"z":1}},{"__type__":"cc.Node","_name":"New Label","_parent":{"__id__":7},"_level":4,"_components":[{"__type__":"cc.Label","node":{"__id__":8},"_srcBlendFactor":1,"_useOriginalSize":false,"_string":"忽略","_N$string":"忽略","_fontSize":30,"_lineHeight":32,"_N$horizontalAlign":1,"_N$verticalAlign":1,"_N$fontFamily":"苹方"}],"_prefab":{"__type__":"cc.PrefabInfo","root":{"__id__":1},"asset":{"__uuid__":"c42kgj0NVPAJgr0aH+QfHD"},"fileId":"4bR5fYaNxIorAkLvcWwoS8"},"_contentSize":{"__type__":"cc.Size","width":60,"height":32},"_scale":{"__type__":"cc.Vec3","x":1,"y":1,"z":1}},{"__type__":"cc.Sprite","node":{"__id__":7}},{"__type__":"cc.Node","_name":"orange-button","_parent":{"__id__":6},"_children":[{"__id__":11}],"_level":3,"_components":[{"__id__":12},{"__type__":"32540GFq4FAT5ZSyUpi/XyW","node":{"__id__":10},"img":{"__id__":12},"url":"texture/emily/orange-button.png"}],"_prefab":{"__type__":"cc.PrefabInfo","root":{"__id__":1},"asset":{"__uuid__":"c42kgj0NVPAJgr0aH+QfHD"},"fileId":"07rVNVrwpHqJPia+H7xTmc"},"_contentSize":{"__type__":"cc.Size","width":261,"height":84},"_position":{"__type__":"cc.Vec3","x":143.5},"_scale":{"__type__":"cc.Vec3","x":1,"y":1,"z":1}},{"__type__":"cc.Node","_name":"New Label","_parent":{"__id__":10},"_level":4,"_components":[{"__type__":"cc.Label","node":{"__id__":11},"_srcBlendFactor":1,"_useOriginalSize":false,"_string":"邀请好友","_N$string":"邀请好友","_fontSize":30,"_lineHeight":32,"_N$horizontalAlign":1,"_N$verticalAlign":1}],"_prefab":{"__type__":"cc.PrefabInfo","root":{"__id__":1},"asset":{"__uuid__":"c42kgj0NVPAJgr0aH+QfHD"},"fileId":"2bG4PLo2lBJad3xnY8qFTE"},"_contentSize":{"__type__":"cc.Size","width":120,"height":32},"_scale":{"__type__":"cc.Vec3","x":1,"y":1,"z":1}},{"__type__":"cc.Sprite","node":{"__id__":10}},{"__type__":"cc.Node","_name":"New Layout","_parent":{"__id__":1},"_children":[{"__id__":14},{"__id__":15},{"__id__":16}],"_level":2,"_components":[{"__type__":"cc.Sprite","node":{"__id__":13},"_type":1,"_sizeMode":0},{"__type__":"cc.Layout","node":{"__id__":13},"_layoutSize":{"__type__":"cc.Size","width":336,"height":150},"_resize":1,"_N$layoutType":1},{"__type__":"cc.Widget","node":{"__id__":13},"_alignFlags":1,"_top":50}],"_prefab":{"__type__":"cc.PrefabInfo","root":{"__id__":1},"asset":{"__uuid__":"c42kgj0NVPAJgr0aH+QfHD"},"fileId":"c6SKg4GfJOW5vCPHmzL/sI"},"_contentSize":{"__type__":"cc.Size","width":336,"height":150},"_position":{"__type__":"cc.Vec3","y":23},"_scale":{"__type__":"cc.Vec3","x":1,"y":1,"z":1}},{"__type__":"cc.Node","_name":"New Label","_parent":{"__id__":13},"_level":3,"_components":[{"__type__":"cc.Label","node":{"__id__":14},"_srcBlendFactor":1,"_useOriginalSize":false,"_string":"玩家","_N$string":"玩家","_fontSize":24,"_lineHeight":26,"_N$horizontalAlign":1,"_N$verticalAlign":1}],"_prefab":{"__type__":"cc.PrefabInfo","root":{"__id__":1},"asset":{"__uuid__":"c42kgj0NVPAJgr0aH+QfHD"},"fileId":"73i6kbED1MPaLT7ktX7ts6"},"_contentSize":{"__type__":"cc.Size","width":48,"height":26},"_position":{"__type__":"cc.Vec3","x":-144},"_scale":{"__type__":"cc.Vec3","x":1,"y":1,"z":1}},{"__type__":"cc.Node","_name":"New Label","_parent":{"__id__":13},"_level":3,"_components":[{"__type__":"cc.Label","node":{"__id__":15},"_srcBlendFactor":1,"_useOriginalSize":false,"_string":"非常六","_N$string":"非常六","_fontSize":24,"_lineHeight":26,"_N$horizontalAlign":1,"_N$verticalAlign":1}],"_prefab":{"__type__":"cc.PrefabInfo","root":{"__id__":1},"asset":{"__uuid__":"c42kgj0NVPAJgr0aH+QfHD"},"fileId":"59BXw/3qNEG7QTeZCAHHFk"},"_color":{"__type__":"cc.Color","r":244,"g":184,"b":39},"_contentSize":{"__type__":"cc.Size","width":72,"height":26},"_position":{"__type__":"cc.Vec3","x":-84},"_scale":{"__type__":"cc.Vec3","x":1,"y":1,"z":1}},{"__type__":"cc.Node","_name":"New Label","_parent":{"__id__":13},"_level":3,"_components":[{"__type__":"cc.Label","node":{"__id__":16},"_srcBlendFactor":1,"_useOriginalSize":false,"_string":"邀请你成为他的好友","_N$string":"邀请你成为他的好友","_fontSize":24,"_lineHeight":26,"_N$horizontalAlign":1,"_N$verticalAlign":1}],"_prefab":{"__type__":"cc.PrefabInfo","root":{"__id__":1},"asset":{"__uuid__":"c42kgj0NVPAJgr0aH+QfHD"},"fileId":"eatNnZgalNGqKvG5x1SjYp"},"_contentSize":{"__type__":"cc.Size","width":216,"height":26},"_position":{"__type__":"cc.Vec3","x":60},"_scale":{"__type__":"cc.Vec3","x":1,"y":1,"z":1}},{"__type__":"cc.Node","_name":"delete","_parent":{"__id__":1},"_level":2,"_components":[{"__id__":18},{"__type__":"32540GFq4FAT5ZSyUpi/XyW","node":{"__id__":17},"img":{"__id__":18},"url":"texture/emily/trash.png"},{"__type__":"cc.Widget","node":{"__id__":17},"_alignFlags":9,"_left":583,"_top":-1},{"__type__":"cc.Button","node":{"__id__":17},"_N$transition":3,"transition":3,"_N$target":{"__id__":17}}],"_prefab":{"__type__":"cc.PrefabInfo","root":{"__id__":1},"asset":{"__uuid__":"c42kgj0NVPAJgr0aH+QfHD"},"fileId":"3db+UeApNK770pV9sT5KQc"},"_contentSize":{"__type__":"cc.Size","width":60,"height":60},"_position":{"__type__":"cc.Vec3","x":288,"y":119},"_scale":{"__type__":"cc.Vec3","x":1,"y":1,"z":1}},{"__type__":"cc.Sprite","node":{"__id__":17}}],{"__type__":"cc.SpriteFrame","content":{"name":"btbg","texture":"a1kFce2/xNx60AtnsccfV2","rect":[787,120,25,136],"offset":[0,0],"originalSize":[25,136],"capInsets":[6,16,4,10]}}]