{"__type__":"sp.SkeletonData","_name":"fairy","_native":"raw-skeleton.json","_skeletonJson":{"skeleton":{"hash":"0IApBQh42aDtBbWrHdOk0U0quz0","spine":"3.6.53","width":90,"height":119},"bones":[{"name":"root"},{"name":"shenti","parent":"root","length":25.3,"rotation":44.58,"x":-13.84,"y":25.46},{"name":"chibang1","parent":"shenti","length":53.61,"rotation":132.31,"x":12.92,"y":1.03},{"name":"chibang2","parent":"shenti","length":72.99,"rotation":76.46,"x":11.98,"y":1.21},{"name":"tou","parent":"shenti","length":41.98,"rotation":53.04,"x":24.92},{"name":"youbi","parent":"shenti","length":28.09,"rotation":-134.58,"x":18.93,"y":-0.8},{"name":"xiangzi","parent":"youbi","rotation":-90,"x":34.71,"y":-0.27,"transform":"onlyTranslation"},{"name":"yanjing","parent":"tou","rotation":-5.79,"x":8.05,"y":-11.77},{"name":"youtui","parent":"shenti","length":29.58,"rotation":171.68,"x":-9.79,"y":6.67},{"name":"zuotu","parent":"shenti","length":28.17,"rotation":151.81,"x":-7.46,"y":-4.18}],"slots":[{"name":"zuotu","bone":"zuotu","attachment":"zuotu"},{"name":"youtui","bone":"youtui","attachment":"youtui"},{"name":"zuobi","bone":"youbi","attachment":"zuobi"},{"name":"chibang2","bone":"chibang2","attachment":"chibang2"},{"name":"chibang1","bone":"chibang1","attachment":"chibang1"},{"name":"shenti","bone":"shenti","attachment":"shenti"},{"name":"xiangzi","bone":"xiangzi","attachment":"xiangzi"},{"name":"youbi","bone":"youbi","attachment":"youbi"},{"name":"tou","bone":"tou","attachment":"tou"},{"name":"yanjing","bone":"yanjing","attachment":"yanjing"}],"skins":{"default":{"chibang1":{"chibang1":{"x":25.81,"y":-0.9,"rotation":-176.88,"width":56,"height":21}},"chibang2":{"chibang2":{"x":34.29,"y":-0.87,"rotation":-121.04,"width":44,"height":69}},"shenti":{"shenti":{"x":2.36,"y":2.74,"rotation":-44.58,"width":50,"height":38}},"tou":{"tou":{"x":19.05,"y":-5.57,"rotation":-97.62,"width":48,"height":53}},"xiangzi":{"xiangzi":{"x":2.4,"y":0.97,"rotation":90,"width":58,"height":42}},"yanjing":{"yanjing":{"x":-0.32,"y":3.11,"rotation":-91.83,"width":31,"height":12}},"youbi":{"youbi":{"x":13.11,"y":-3.79,"rotation":90,"width":13,"height":34}},"youtui":{"youtui":{"x":13.32,"y":1.11,"rotation":143.75,"width":31,"height":25}},"zuobi":{"zuobi":{"x":12.61,"y":5.21,"rotation":90,"width":11,"height":29}},"zuotu":{"zuotu":{"x":13.18,"y":1,"rotation":163.61,"width":35,"height":17}}}},"animations":{"fly1":{"bones":{"shenti":{"rotate":[{"time":0,"angle":0,"curve":[0.25,0,0.75,1]},{"time":0.5,"angle":12.33,"curve":[0.25,0,0.75,1]},{"time":1,"angle":0}],"translate":[{"time":0,"x":0,"y":0,"curve":[0.25,0,0.75,1]},{"time":0.5,"x":0.86,"y":6.31,"curve":[0.25,0,0.75,1]},{"time":1,"x":0,"y":0}]},"tou":{"rotate":[{"time":0,"angle":0,"curve":[0.25,0,0.75,1]},{"time":0.5,"angle":-16.36,"curve":[0.25,0,0.75,1]},{"time":1,"angle":0}]},"youbi":{"rotate":[{"time":0,"angle":0,"curve":[0.25,0,0.75,1]},{"time":0.5,"angle":-8.89,"curve":[0.25,0,0.75,1]},{"time":1,"angle":0}]},"chibang1":{"rotate":[{"time":0,"angle":0},{"time":0.1333,"angle":-7.79},{"time":0.2333,"angle":0},{"time":0.3667,"angle":-7.79},{"time":0.5,"angle":0},{"time":0.6333,"angle":-7.79},{"time":0.7667,"angle":0},{"time":0.8667,"angle":-7.79},{"time":1,"angle":0}],"scale":[{"time":0,"x":1,"y":1},{"time":0.1333,"x":0.812,"y":1},{"time":0.2333,"x":1,"y":1},{"time":0.3667,"x":0.812,"y":1},{"time":0.5,"x":1,"y":1},{"time":0.6333,"x":0.812,"y":1},{"time":0.7667,"x":1,"y":1},{"time":0.8667,"x":0.812,"y":1},{"time":1,"x":1,"y":1}]},"chibang2":{"rotate":[{"time":0,"angle":0},{"time":0.1333,"angle":20.45},{"time":0.2333,"angle":0},{"time":0.3667,"angle":20.45},{"time":0.5,"angle":0},{"time":0.6333,"angle":20.45},{"time":0.7667,"angle":0},{"time":0.8667,"angle":20.45},{"time":1,"angle":0}],"scale":[{"time":0,"x":1,"y":1},{"time":0.1333,"x":0.812,"y":0.613},{"time":0.2333,"x":1,"y":1},{"time":0.3667,"x":0.812,"y":0.613},{"time":0.5,"x":1,"y":1},{"time":0.6333,"x":0.812,"y":0.613},{"time":0.7667,"x":1,"y":1},{"time":0.8667,"x":0.812,"y":0.613},{"time":1,"x":1,"y":1}]},"youtui":{"rotate":[{"time":0,"angle":0,"curve":[0.25,0,0.75,1]},{"time":0.5,"angle":1.92,"curve":[0.25,0,0.75,1]},{"time":1,"angle":0}]},"zuotu":{"rotate":[{"time":0,"angle":0,"curve":[0.25,0,0.75,1]},{"time":0.5,"angle":-32.58,"curve":[0.25,0,0.75,1]},{"time":1,"angle":0}]},"yanjing":{"scale":[{"time":0,"x":1,"y":1},{"time":0.0667,"x":0.304,"y":1},{"time":0.1333,"x":1,"y":1}]}}},"fly2":{"slots":{"xiangzi":{"attachment":[{"time":0,"name":null}]}},"bones":{"shenti":{"rotate":[{"time":0,"angle":0,"curve":[0.25,0,0.75,1]},{"time":0.5,"angle":12.33,"curve":[0.25,0,0.75,1]},{"time":1,"angle":0}],"translate":[{"time":0,"x":0,"y":0,"curve":[0.25,0,0.75,1]},{"time":0.5,"x":0.86,"y":6.31,"curve":[0.25,0,0.75,1]},{"time":1,"x":0,"y":0}]},"tou":{"rotate":[{"time":0,"angle":0,"curve":[0.25,0,0.75,1]},{"time":0.5,"angle":-16.36,"curve":[0.25,0,0.75,1]},{"time":1,"angle":0}]},"youbi":{"rotate":[{"time":0,"angle":0,"curve":[0.25,0,0.75,1]},{"time":0.5,"angle":-8.89,"curve":[0.25,0,0.75,1]},{"time":1,"angle":0}]},"chibang1":{"rotate":[{"time":0,"angle":0},{"time":0.1333,"angle":-7.79},{"time":0.2333,"angle":0},{"time":0.3667,"angle":-7.79},{"time":0.5,"angle":0},{"time":0.6333,"angle":-7.79},{"time":0.7667,"angle":0},{"time":0.8667,"angle":-7.79},{"time":1,"angle":0}],"scale":[{"time":0,"x":1,"y":1},{"time":0.1333,"x":0.812,"y":1},{"time":0.2333,"x":1,"y":1},{"time":0.3667,"x":0.812,"y":1},{"time":0.5,"x":1,"y":1},{"time":0.6333,"x":0.812,"y":1},{"time":0.7667,"x":1,"y":1},{"time":0.8667,"x":0.812,"y":1},{"time":1,"x":1,"y":1}]},"chibang2":{"rotate":[{"time":0,"angle":0},{"time":0.1333,"angle":20.45},{"time":0.2333,"angle":0},{"time":0.3667,"angle":20.45},{"time":0.5,"angle":0},{"time":0.6333,"angle":20.45},{"time":0.7667,"angle":0},{"time":0.8667,"angle":20.45},{"time":1,"angle":0}],"scale":[{"time":0,"x":1,"y":1},{"time":0.1333,"x":0.812,"y":0.613},{"time":0.2333,"x":1,"y":1},{"time":0.3667,"x":0.812,"y":0.613},{"time":0.5,"x":1,"y":1},{"time":0.6333,"x":0.812,"y":0.613},{"time":0.7667,"x":1,"y":1},{"time":0.8667,"x":0.812,"y":0.613},{"time":1,"x":1,"y":1}]},"youtui":{"rotate":[{"time":0,"angle":0,"curve":[0.25,0,0.75,1]},{"time":0.5,"angle":1.92,"curve":[0.25,0,0.75,1]},{"time":1,"angle":0}]},"zuotu":{"rotate":[{"time":0,"angle":0,"curve":[0.25,0,0.75,1]},{"time":0.5,"angle":-32.58,"curve":[0.25,0,0.75,1]},{"time":1,"angle":0}]},"yanjing":{"scale":[{"time":0,"x":1,"y":1},{"time":0.0667,"x":0.304,"y":1},{"time":0.1333,"x":1,"y":1}]}}}}},"_atlasText":"\nfairy.png\nsize: 256,64\nformat: RGBA8888\nfilter: Linear,Linear\nrepeat: none\nchibang1\n  rotate: true\n  xy: 44, 8\n  size: 54, 19\n  orig: 56, 21\n  offset: 1, 1\n  index: -1\nchibang2\n  rotate: true\n  xy: 151, 20\n  size: 42, 67\n  orig: 44, 69\n  offset: 1, 1\n  index: -1\nshenti\n  rotate: true\n  xy: 113, 14\n  size: 48, 36\n  orig: 50, 38\n  offset: 1, 1\n  index: -1\ntou\n  rotate: false\n  xy: 65, 11\n  size: 46, 51\n  orig: 48, 53\n  offset: 1, 1\n  index: -1\nxiangzi\n  rotate: true\n  xy: 2, 6\n  size: 56, 40\n  orig: 58, 42\n  offset: 1, 1\n  index: -1\nyanjing\n  rotate: false\n  xy: 113, 2\n  size: 29, 10\n  orig: 31, 12\n  offset: 1, 1\n  index: -1\nyoubi\n  rotate: true\n  xy: 220, 34\n  size: 11, 32\n  orig: 13, 34\n  offset: 1, 1\n  index: -1\nyoutui\n  rotate: true\n  xy: 220, 3\n  size: 29, 23\n  orig: 31, 25\n  offset: 1, 1\n  index: -1\nzuobi\n  rotate: true\n  xy: 144, 3\n  size: 9, 27\n  orig: 11, 29\n  offset: 1, 1\n  index: -1\nzuotu\n  rotate: false\n  xy: 220, 47\n  size: 33, 15\n  orig: 35, 17\n  offset: 1, 1\n  index: -1\n","textures":[{"__uuid__":"9abiQMXdJLo7S/p2XfKstf"}],"textureNames":["fairy.png"]}