[{"__type__":"cc.SpriteFrame","content":{"name":"progerss1","texture":"a1kFce2/xNx60AtnsccfV2","rect":[112,778,420,11],"offset":[0,0],"originalSize":[420,11],"capInsets":[0,0,0,0]}},{"__type__":"cc.SpriteFrame","content":{"name":"card","texture":"a1kFce2/xNx60AtnsccfV2","rect":[630,1208,116,71],"offset":[0,0],"originalSize":[116,71],"capInsets":[0,0,0,0]}},{"__type__":"cc.SpriteFrame","content":{"name":"mapicontop","texture":"a1kFce2/xNx60AtnsccfV2","rect":[112,1004,299,26],"offset":[0,0],"originalSize":[299,26],"capInsets":[0,0,0,0]}},{"__type__":"cc.SpriteFrame","content":{"name":"tongyong","texture":"a1kFce2/xNx60AtnsccfV2","rect":[353,1281,130,30],"offset":[0,0],"originalSize":[130,30],"capInsets":[0,0,0,0]}},{"__type__":"cc.SpriteFrame","content":{"name":"top","texture":"a1kFce2/xNx60AtnsccfV2","rect":[488,1250,137,51],"offset":[0,0],"originalSize":[137,51],"capInsets":[0,0,0,0]}},{"__type__":"cc.SpriteFrame","content":{"name":"lvse","texture":"a1kFce2/xNx60AtnsccfV2","rect":[149,1092,192,96],"offset":[0,0],"originalSize":[192,96],"capInsets":[0,0,0,0]}},{"__type__":"cc.SpriteFrame","content":{"name":"bulebt","texture":"a1kFce2/xNx60AtnsccfV2","rect":[416,1022,192,73],"offset":[0,0],"originalSize":[192,73],"capInsets":[0,0,0,0]}},{"__type__":"cc.SpriteFrame","content":{"name":"dimabg","texture":"a1kFce2/xNx60AtnsccfV2","rect":[471,1132,152,57],"offset":[0,0],"originalSize":[152,57],"capInsets":[0,0,0,0]}},{"__type__":"cc.SpriteFrame","content":{"name":"offbot","texture":"a1kFce2/xNx60AtnsccfV2","rect":[62,476,45,584],"offset":[0,0],"originalSize":[45,584],"capInsets":[9,76,14,75]}},{"__type__":"cc.SpriteFrame","content":{"name":"monster-icon","texture":"a1kFce2/xNx60AtnsccfV2","rect":[752,1225,52,54],"offset":[0,0],"originalSize":[52,54],"capInsets":[0,0,0,0]}},{"__type__":"cc.SpriteFrame","content":{"name":"diamondsicon@2x","texture":"a1kFce2/xNx60AtnsccfV2","rect":[538,752,32,37],"offset":[0,0],"originalSize":[32,37],"capInsets":[0,0,0,0]}},{"__type__":"cc.SpriteFrame","content":{"name":"progressbot","texture":"a1kFce2/xNx60AtnsccfV2","rect":[112,571,428,35],"offset":[0,0],"originalSize":[428,35],"capInsets":[0,0,0,0]}},{"__type__":"cc.SpriteFrame","content":{"name":"close (2)","texture":"a1kFce2/xNx60AtnsccfV2","rect":[383,897,28,27],"offset":[0,0],"originalSize":[28,27],"capInsets":[0,0,0,0]}},{"__type__":"cc.SpriteFrame","content":{"name":"calendar","texture":"a1kFce2/xNx60AtnsccfV2","rect":[839,352,70,70],"offset":[0,0],"originalSize":[70,70],"capInsets":[0,0,0,0]}},{"__type__":"cc.SpriteFrame","content":{"name":"bot","texture":"a1kFce2/xNx60AtnsccfV2","rect":[346,1225,137,51],"offset":[0,0],"originalSize":[137,51],"capInsets":[0,0,0,0]}},{"__type__":"cc.SpriteFrame","content":{"name":"vip","texture":"a1kFce2/xNx60AtnsccfV2","rect":[841,182,37,114],"offset":[0,0],"originalSize":[37,114],"capInsets":[0,0,0,0]}},{"__type__":"cc.SpriteFrame","content":{"name":"onstore","texture":"a1kFce2/xNx60AtnsccfV2","rect":[700,825,116,71],"offset":[0,0],"originalSize":[116,71],"capInsets":[0,0,0,0]}},{"__type__":"cc.SpriteFrame","content":{"name":"tanchuangtongyon","texture":"a1kFce2/xNx60AtnsccfV2","rect":[112,794,261,84],"offset":[0,0],"originalSize":[261,84],"capInsets":[0,0,0,0]}},{"__type__":"cc.SpriteFrame","content":{"name":"jindu1","texture":"a1kFce2/xNx60AtnsccfV2","rect":[630,1284,174,10],"offset":[0,0],"originalSize":[174,10],"capInsets":[0,0,0,0]}},{"__type__":"cc.SpriteFrame","content":{"name":"setting","texture":"a1kFce2/xNx60AtnsccfV2","rect":[906,674,54,55],"offset":[0,0],"originalSize":[54,55],"capInsets":[0,0,0,0]}},{"__type__":"cc.SpriteFrame","content":{"name":"stage","texture":"a1kFce2/xNx60AtnsccfV2","rect":[816,301,105,46],"offset":[0,0],"originalSize":[105,46],"capInsets":[0,0,0,0]}},{"__type__":"cc.SpriteFrame","content":{"name":"lanse","texture":"a1kFce2/xNx60AtnsccfV2","rect":[149,1193,192,96],"offset":[0,0],"originalSize":[192,96],"capInsets":[0,0,0,0]}},{"__type__":"cc.SpriteFrame","content":{"name":"qiandao","texture":"a1kFce2/xNx60AtnsccfV2","rect":[855,1064,70,70],"offset":[0,0],"originalSize":[70,70],"capInsets":[0,0,0,0]}},{"__type__":"cc.SpriteFrame","content":{"name":"quxiao","texture":"a1kFce2/xNx60AtnsccfV2","rect":[112,883,261,84],"offset":[0,0],"originalSize":[261,84],"capInsets":[0,0,0,0]}},{"__type__":"cc.SpriteFrame","content":{"name":"redbt","texture":"a1kFce2/xNx60AtnsccfV2","rect":[502,673,192,73],"offset":[0,0],"originalSize":[192,73],"capInsets":[0,0,0,0]}},{"__type__":"cc.SpriteFrame","content":{"name":"onrunes","texture":"a1kFce2/xNx60AtnsccfV2","rect":[734,977,116,71],"offset":[0,0],"originalSize":[116,71],"capInsets":[0,0,0,0]}},{"__type__":"cc.SpriteFrame","content":{"name":"tanchuanbg","texture":"a1kFce2/xNx60AtnsccfV2","rect":[821,756,80,78],"offset":[0,0],"originalSize":[80,78],"capInsets":[11,11,11,10]}},{"__type__":"cc.SpriteFrame","content":{"name":"point1","texture":"a1kFce2/xNx60AtnsccfV2","rect":[594,1003,14,14],"offset":[0,0],"originalSize":[14,14],"capInsets":[0,0,0,0]}},{"__type__":"cc.SpriteFrame","content":{"name":"hero","texture":"a1kFce2/xNx60AtnsccfV2","rect":[630,1132,116,71],"offset":[0,0],"originalSize":[116,71],"capInsets":[0,0,0,0]}},{"__type__":"cc.SpriteFrame","content":{"name":"bg","texture":"a1kFce2/xNx60AtnsccfV2","rect":[817,0,19,296],"offset":[0,0],"originalSize":[19,296],"capInsets":[7,13,5,31]}},{"__type__":"cc.SpriteFrame","content":{"name":"tongji","texture":"a1kFce2/xNx60AtnsccfV2","rect":[62,322,687,85],"offset":[0,0],"originalSize":[687,85],"capInsets":[0,0,0,0]}},{"__type__":"cc.SpriteFrame","content":{"name":"tanchu","texture":"a1kFce2/xNx60AtnsccfV2","rect":[0,0,57,1285],"offset":[0,0],"originalSize":[57,1285],"capInsets":[0,0,0,0]}},{"__type__":"cc.SpriteFrame","content":{"name":"onwith","texture":"a1kFce2/xNx60AtnsccfV2","rect":[742,597,116,71],"offset":[0,0],"originalSize":[116,71],"capInsets":[0,0,0,0]}},{"__type__":"cc.SpriteFrame","content":{"name":"jindu2","texture":"a1kFce2/xNx60AtnsccfV2","rect":[149,1294,180,16],"offset":[0,0],"originalSize":[180,16],"capInsets":[0,0,0,0]}},{"__type__":"cc.SpriteFrame","content":{"name":"left","texture":"a1kFce2/xNx60AtnsccfV2","rect":[883,206,42,90],"offset":[0,0],"originalSize":[42,90],"capInsets":[0,0,0,0]}},{"__type__":"cc.SpriteFrame","content":{"name":"juse","texture":"a1kFce2/xNx60AtnsccfV2","rect":[545,572,192,96],"offset":[0,0],"originalSize":[192,96],"capInsets":[0,0,0,0]}},{"__type__":"cc.SpriteFrame","content":{"name":"jinbikaobei","texture":"a1kFce2/xNx60AtnsccfV2","rect":[930,979,35,36],"offset":[0,0],"originalSize":[35,36],"capInsets":[0,0,0,0]}},{"__type__":"cc.SpriteFrame","content":{"name":"fankui","texture":"a1kFce2/xNx60AtnsccfV2","rect":[911,1140,48,69],"offset":[0,0],"originalSize":[48,69],"capInsets":[11,11,11,13]}},{"__type__":"cc.SpriteAtlas","_name":"texture.plist","_spriteFrames":{"actor":{"__uuid__":"e2ViWBVSVJKqMN1FvWcD0k"},"bg":{"__uuid__":"5eRhrMrEJO/bOOzjVRAFoh"},"bg1":{"__uuid__":"cdH1MMtBhF2btL6bHCLVCG"},"bgtongyong":{"__uuid__":"aeaXg6eipEMr1WUC02PxSD"},"bot":{"__uuid__":"34CrccyBBDVpN/ekSpotcH"},"btbg":{"__uuid__":"e652MwRjhO3pYtnC9bP5Vs"},"bulebt":{"__uuid__":"16gApvFDJENZiM1HVnV2Q2"},"calendar":{"__uuid__":"33F0ekAhVKVp9L3jjX2XKM"},"card":{"__uuid__":"0aKX83UNRJWpgDHmpYXlEZ"},"close (2)":{"__uuid__":"33DcKl9v5Ef6qoSRMZ5ejJ"},"close2":{"__uuid__":"f6QNi/9LlAcoWPPZi1FSJA"},"diamondsicon@2x":{"__uuid__":"23qu98Kw5A3YnDzqDwfXkf"},"dimabg":{"__uuid__":"17W3d5wuZGJo6ZfytRu3VM"},"ectypal":{"__uuid__":"91TwmAu5tEVaRAlbxSE5sd"},"else":{"__uuid__":"965nFwmSNDK73CVhPDY7aB"},"emil":{"__uuid__":"c1yuu5fEpAKYx3wj4MFlJU"},"fankui":{"__uuid__":"7bE00G23JM/qnGWMMbG6Pm"},"fenge":{"__uuid__":"d6l015svpIOY5XH078cCax"},"fengexian":{"__uuid__":"c6T1Mu73FPxIhhEpO0XH97"},"fried":{"__uuid__":"e1OdVfUbRLPJl8G9wazo4b"},"goldbg":{"__uuid__":"84alXOqg9BDKFUQRhsz9AG"},"head":{"__uuid__":"d5u9sX2ExD6b4YIMG0Yq11"},"heibai":{"__uuid__":"d2XHzIHvFMMoMfaUOV+Ti7"},"hero":{"__uuid__":"5btGlJIplBpIP3n9c7s9b0"},"herofight":{"__uuid__":"f4uFAN109L5ZqK5firatWl"},"heroleft":{"__uuid__":"bcQAWOB0BK9LNDrsmCW1EV"},"jinbikaobei":{"__uuid__":"758LlCmBtGkoDRCn15LdzW"},"jindu1":{"__uuid__":"3aKhDqLqNAIYQOJPI9qhVh"},"jindu2":{"__uuid__":"6dOzOXEbhNPa3L05Q/jOrr"},"juse":{"__uuid__":"75g/YViOlLwpft+QSeCKg6"},"kapai":{"__uuid__":"d6vK0Qv/ZCX75ibNRWzPGE"},"kuang":{"__uuid__":"efZhw4g9lDKYd8Os8FPRZU"},"lanse":{"__uuid__":"4bqNIeoa1H7rm6POkRee/Y"},"left":{"__uuid__":"72pUjMKZlBl6dLsYG28edk"},"lvse":{"__uuid__":"14h6o0GpVBepbMCU7ofqzI"},"mapicontop":{"__uuid__":"0d98r0l5NJyYMegdk2XnnU"},"monster-icon":{"__uuid__":"22a7ojv2JIwLZVxIWWxPkp"},"monster":{"__uuid__":"b4OSCN8M9EqKcvzVqwD488"},"newPackeBg":{"__uuid__":"89+DY42wlB8KMmx6poZsy4"},"newcomerpackage":{"__uuid__":"adT7i/dM5L+oiiA0N+/p94"},"notification":{"__uuid__":"e3nUcfgVFLK5FEzjXjmuZQ"},"offbot":{"__uuid__":"18gvDXhbVPo5ajnO6RQPt2"},"ok":{"__uuid__":"f84W24Ze9Po4upo1MlP/K8"},"onactor":{"__uuid__":"d8PtbDuCpCjaMDbqfKJ8pz"},"oncard":{"__uuid__":"8aJ8fh/NhNQZc2nzXiNnMV"},"onhero":{"__uuid__":"dfTEyG6GFN5Zv2IgsPBVNN"},"onrunes":{"__uuid__":"4dli9PsldIt58HHNWgUlLx"},"onstore":{"__uuid__":"359Cuaab1JRaNh9YYI+7tU"},"onwith":{"__uuid__":"6cob3X/S1NdY3zyVaOAYzo"},"play":{"__uuid__":"acxVINpWJAJ5NFMDZ8ynEq"},"point":{"__uuid__":"fdGfJ4BENLmYcNg8HxHxk5"},"point1":{"__uuid__":"534Zb8D25Kp7NZ4BnmzBc4"},"por":{"__uuid__":"7fEQI72Z9K16kxCm/qtm0d"},"porno":{"__uuid__":"f305ifCw5BHrTyJsShteht"},"progerss1":{"__uuid__":"03OLlZ+y9Mba4Qch8f0B3w"},"progressbot":{"__uuid__":"29BultuMdKxLCwRFv06WeC"},"progresstop":{"__uuid__":"dbtT/yv5JNNK7kFkrO8+k4"},"putong":{"__uuid__":"88CNDsqApDTqps5c7V/Mbz"},"qiandao":{"__uuid__":"4cUn2/LBdAc65IY9fN22W/"},"quxiao":{"__uuid__":"4cZAVGzcFEUY7sBe7rd5Fh"},"rank":{"__uuid__":"d6ZqTpbkRNkL9dEZkbXkrD"},"redbt":{"__uuid__":"4cb67VhpRBK7q4s7yyTSw4"},"redttoast":{"__uuid__":"feneBpRqdJCKkZJU3JeSj5"},"runes":{"__uuid__":"fcBk1qczJOBbyGUFPoEmPV"},"setting":{"__uuid__":"3cADcbg4VLJaZZnKQw2ATS"},"setting2":{"__uuid__":"b1tfPVegZPToSIEnaQGuDb"},"shangcehng":{"__uuid__":"b3CLDo9FhEhpyt697OG5HT"},"speak":{"__uuid__":"afsV1EWTJMG5U/2M9/ybXw"},"stage":{"__uuid__":"3cqHV23YFARIIRkyJcUAHz"},"store":{"__uuid__":"80stvCmilGMaq3ISOxepBb"},"storetab":{"__uuid__":"adbn8IejNO67Yvq9PFqLdh"},"tanchu":{"__uuid__":"6bb5tjd4hFN5dw4MXpQOM4"},"tanchuanbg":{"__uuid__":"510X4D6aFPGa9wjpS7Ot5t"},"tanchuangbg1":{"__uuid__":"bbgB9yO1pKiaJ0IevL5NMt"},"tanchuangbg2":{"__uuid__":"e3RSQdtkNG7rfvxod0UeJm"},"tanchuangbg3":{"__uuid__":"ffp1vMUE1DtY7hRljXF2Sg"},"tanchuangbg4":{"__uuid__":"f3nuq+XOJNVoQOaU0+j0CS"},"tanchuangtongyon":{"__uuid__":"39PxN1FxBCxLjMGmRJhgVO"},"ten":{"__uuid__":"afsWbKA4lA5oZsNxYx/Hg5"},"tongji":{"__uuid__":"5efPPTQNZJ4KY6lcNHOUZq"},"tongyong":{"__uuid__":"0fMVhCaVZLAb/77YqaYtJy"},"top":{"__uuid__":"12qpKJQ3RCbqrybjtU0rwu"},"trablack":{"__uuid__":"8bWzY55iFFlrj+VseYYDcc"},"twogole":{"__uuid__":"b4NrMA2PJJFoq2bv5JXLJl"},"vip":{"__uuid__":"35OHzz4s5C9IfzeQiHW4sD"},"whitecircle":{"__uuid__":"c5r6mwz4FNEoMIYJFlfLlu"},"with":{"__uuid__":"a3Fxe2OxFG5akgsl7NukMJ"},"xinshou":{"__uuid__":"eapAElRfhC7rsLpGsAOX29"},"xinshou2":{"__uuid__":"9dcwKcVcdFl4HDpnjlRpjk"},"yecircle":{"__uuid__":"e906C06yFA6JTF8knXyjzK"},"zhezhao":{"__uuid__":"a6cM4wfGpFi4rDaNsvem4u"},"zhuanshi":{"__uuid__":"de0JHSRvpF/p6Fu3WSBcG6"}}},{"__type__":"cc.SpriteFrame","content":{"name":"por","texture":"a1kFce2/xNx60AtnsccfV2","rect":[471,1100,190,27],"offset":[0,0],"originalSize":[190,27],"capInsets":[0,0,0,0]}},{"__type__":"cc.SpriteFrame","content":{"name":"store","texture":"a1kFce2/xNx60AtnsccfV2","rect":[841,0,70,70],"offset":[0,0],"originalSize":[70,70],"capInsets":[0,0,0,0]}},{"__type__":"cc.SpriteFrame","content":{"name":"goldbg","texture":"a1kFce2/xNx60AtnsccfV2","rect":[916,93,54,56],"offset":[0,0],"originalSize":[54,56],"capInsets":[0,0,0,0]}},{"__type__":"cc.SpriteFrame","content":{"name":"putong","texture":"a1kFce2/xNx60AtnsccfV2","rect":[62,0,750,114],"offset":[0,0],"originalSize":[750,114],"capInsets":[0,0,0,0]}},{"__type__":"cc.SpriteFrame","content":{"name":"newPackeBg","texture":"a1kFce2/xNx60AtnsccfV2","rect":[416,895,154,122],"offset":[0,0],"originalSize":[154,122],"capInsets":[12,10,12,13]}},{"__type__":"cc.SpriteFrame","content":{"name":"oncard","texture":"a1kFce2/xNx60AtnsccfV2","rect":[613,1001,116,71],"offset":[0,0],"originalSize":[116,71],"capInsets":[0,0,0,0]}},{"__type__":"cc.SpriteFrame","content":{"name":"trablack","texture":"a1kFce2/xNx60AtnsccfV2","rect":[346,1100,120,120],"offset":[0,0],"originalSize":[120,120],"capInsets":[0,0,0,0]}},{"__type__":"cc.SpriteFrame","content":{"name":"ectypal","texture":"a1kFce2/xNx60AtnsccfV2","rect":[863,598,70,70],"offset":[0,0],"originalSize":[70,70],"capInsets":[0,0,0,0]}},{"__type__":"cc.SpriteFrame","content":{"name":"else","texture":"a1kFce2/xNx60AtnsccfV2","rect":[868,525,70,68],"offset":[0,0],"originalSize":[70,68],"capInsets":[0,0,0,0]}},{"__type__":"cc.SpriteFrame","content":{"name":"xinshou2","texture":"a1kFce2/xNx60AtnsccfV2","rect":[112,645,375,71],"offset":[0,0],"originalSize":[375,71],"capInsets":[0,0,0,0]}},{"__type__":"cc.SpriteFrame","content":{"name":"with","texture":"a1kFce2/xNx60AtnsccfV2","rect":[734,1053,116,71],"offset":[0,0],"originalSize":[116,71],"capInsets":[0,0,0,0]}},{"__type__":"cc.SpriteFrame","content":{"name":"zhezhao","texture":"a1kFce2/xNx60AtnsccfV2","rect":[751,1129,80,80],"offset":[0,0],"originalSize":[80,80],"capInsets":[0,0,0,0]}},{"__type__":"cc.SpriteFrame","content":{"name":"play","texture":"a1kFce2/xNx60AtnsccfV2","rect":[906,796,57,57],"offset":[0,0],"originalSize":[57,57],"capInsets":[0,0,0,0]}},{"__type__":"cc.SpriteFrame","content":{"name":"newcomerpackage","texture":"a1kFce2/xNx60AtnsccfV2","rect":[841,75,70,70],"offset":[0,0],"originalSize":[70,70],"capInsets":[0,0,0,0]}},{"__type__":"cc.SpriteFrame","content":{"name":"storetab","texture":"a1kFce2/xNx60AtnsccfV2","rect":[747,521,116,71],"offset":[0,0],"originalSize":[116,71],"capInsets":[0,0,0,0]}},{"__type__":"cc.SpriteFrame","content":{"name":"bgtongyong","texture":"a1kFce2/xNx60AtnsccfV2","rect":[62,119,685,137],"offset":[0,0],"originalSize":[685,137],"capInsets":[0,0,0,0]}},{"__type__":"cc.SpriteFrame","content":{"name":"speak","texture":"a1kFce2/xNx60AtnsccfV2","rect":[112,476,417,90],"offset":[0,0],"originalSize":[417,90],"capInsets":[0,0,0,0]}},{"__type__":"cc.SpriteFrame","content":{"name":"ten","texture":"a1kFce2/xNx60AtnsccfV2","rect":[868,452,69,68],"offset":[0,0],"originalSize":[69,68],"capInsets":[0,0,0,0]}},{"__type__":"cc.SpriteFrame","content":{"name":"setting2","texture":"a1kFce2/xNx60AtnsccfV2","rect":[921,925,48,49],"offset":[0,0],"originalSize":[48,49],"capInsets":[0,0,0,0]}},{"__type__":"cc.SpriteFrame","content":{"name":"shangcehng","texture":"a1kFce2/xNx60AtnsccfV2","rect":[62,412,679,59],"offset":[0,0],"originalSize":[679,59],"capInsets":[0,0,0,0]}},{"__type__":"cc.SpriteFrame","content":{"name":"twogole","texture":"a1kFce2/xNx60AtnsccfV2","rect":[855,989,70,70],"offset":[0,0],"originalSize":[70,70],"capInsets":[0,0,0,0]}},{"__type__":"cc.SpriteFrame","content":{"name":"monster","texture":"a1kFce2/xNx60AtnsccfV2","rect":[906,734,56,57],"offset":[0,0],"originalSize":[56,57],"capInsets":[0,0,0,0]}},{"__type__":"cc.SpriteFrame","content":{"name":"tanchuangbg1","texture":"a1kFce2/xNx60AtnsccfV2","rect":[809,1214,80,78],"offset":[0,0],"originalSize":[80,78],"capInsets":[0,0,0,0]}},{"__type__":"cc.SpriteFrame","content":{"name":"heroleft","texture":"a1kFce2/xNx60AtnsccfV2","rect":[112,721,385,52],"offset":[0,0],"originalSize":[385,52],"capInsets":[0,0,0,0]}},{"__type__":"cc.SpriteFrame","content":{"name":"emil","texture":"a1kFce2/xNx60AtnsccfV2","rect":[667,1083,62,44],"offset":[0,0],"originalSize":[62,44],"capInsets":[0,0,0,0]}},{"__type__":"cc.SpriteFrame","content":{"name":"whitecircle","texture":"a1kFce2/xNx60AtnsccfV2","rect":[575,751,120,120],"offset":[0,0],"originalSize":[120,120],"capInsets":[0,0,0,0]}},{"__type__":"cc.SpriteFrame","content":{"name":"fengexian","texture":"a1kFce2/xNx60AtnsccfV2","rect":[62,261,749,56],"offset":[0,0],"originalSize":[749,56],"capInsets":[0,0,0,0]}},{"__type__":"cc.SpriteFrame","content":{"name":"bg1","texture":"a1kFce2/xNx60AtnsccfV2","rect":[62,1092,82,214],"offset":[0,0],"originalSize":[82,214],"capInsets":[21,13,15,18]}},{"__type__":"cc.SpriteFrame","content":{"name":"heibai","texture":"a1kFce2/xNx60AtnsccfV2","rect":[378,794,192,96],"offset":[0,0],"originalSize":[192,96],"capInsets":[0,0,0,0]}},{"__type__":"cc.SpriteFrame","content":{"name":"head","texture":"a1kFce2/xNx60AtnsccfV2","rect":[894,1214,63,64],"offset":[0,0],"originalSize":[63,64],"capInsets":[0,0,0,0]}},{"__type__":"cc.SpriteFrame","content":{"name":"rank","texture":"a1kFce2/xNx60AtnsccfV2","rect":[836,1139,70,70],"offset":[0,0],"originalSize":[70,70],"capInsets":[0,0,0,0]}},{"__type__":"cc.SpriteFrame","content":{"name":"fenge","texture":"a1kFce2/xNx60AtnsccfV2","rect":[916,0,34,88],"offset":[0,0],"originalSize":[34,88],"capInsets":[7,10,6,11]}},{"__type__":"cc.SpriteFrame","content":{"name":"kapai","texture":"a1kFce2/xNx60AtnsccfV2","rect":[379,929,32,38],"offset":[0,0],"originalSize":[32,38],"capInsets":[0,0,0,0]}},{"__type__":"cc.SpriteFrame","content":{"name":"onactor","texture":"a1kFce2/xNx60AtnsccfV2","rect":[700,901,116,71],"offset":[0,0],"originalSize":[116,71],"capInsets":[0,0,0,0]}},{"__type__":"cc.SpriteFrame","content":{"name":"progresstop","texture":"a1kFce2/xNx60AtnsccfV2","rect":[112,611,422,29],"offset":[0,0],"originalSize":[422,29],"capInsets":[0,0,0,0]}},{"__type__":"cc.SpriteFrame","content":{"name":"zhuanshi","texture":"a1kFce2/xNx60AtnsccfV2","rect":[363,1035,41,32],"offset":[0,0],"originalSize":[41,32],"capInsets":[0,0,0,0]}},{"__type__":"cc.SpriteFrame","content":{"name":"onhero","texture":"a1kFce2/xNx60AtnsccfV2","rect":[699,673,116,71],"offset":[0,0],"originalSize":[116,71],"capInsets":[0,0,0,0]}},{"__type__":"cc.SpriteFrame","content":{"name":"fried","texture":"a1kFce2/xNx60AtnsccfV2","rect":[855,925,61,59],"offset":[0,0],"originalSize":[61,59],"capInsets":[0,0,0,0]}},{"__type__":"cc.SpriteFrame","content":{"name":"actor","texture":"a1kFce2/xNx60AtnsccfV2","rect":[700,749,116,71],"offset":[0,0],"originalSize":[116,71],"capInsets":[0,0,0,0]}},{"__type__":"cc.SpriteFrame","content":{"name":"tanchuangbg2","texture":"a1kFce2/xNx60AtnsccfV2","rect":[821,673,80,78],"offset":[0,0],"originalSize":[80,78],"capInsets":[11,12,12,12]}},{"__type__":"cc.SpriteFrame","content":{"name":"notification","texture":"a1kFce2/xNx60AtnsccfV2","rect":[904,858,56,62],"offset":[0,0],"originalSize":[56,62],"capInsets":[0,0,0,0]}},{"__type__":"cc.SpriteFrame","content":{"name":"btbg","texture":"a1kFce2/xNx60AtnsccfV2","rect":[787,120,25,136],"offset":[0,0],"originalSize":[25,136],"capInsets":[6,16,4,10]}},{"__type__":"cc.SpriteFrame","content":{"name":"yecircle","texture":"a1kFce2/xNx60AtnsccfV2","rect":[575,876,120,120],"offset":[0,0],"originalSize":[120,120],"capInsets":[0,0,0,0]}},{"__type__":"cc.SpriteFrame","content":{"name":"xinshou","texture":"a1kFce2/xNx60AtnsccfV2","rect":[545,476,197,91],"offset":[0,0],"originalSize":[197,91],"capInsets":[0,0,0,0]}},{"__type__":"cc.SpriteFrame","content":{"name":"kuang","texture":"a1kFce2/xNx60AtnsccfV2","rect":[914,371,34,76],"offset":[0,0],"originalSize":[34,76],"capInsets":[10,13,10,13]}},{"__type__":"cc.SpriteFrame","content":{"name":"tanchuangbg4","texture":"a1kFce2/xNx60AtnsccfV2","rect":[754,362,80,78],"offset":[0,0],"originalSize":[80,78],"capInsets":[10,9,9,10]}},{"__type__":"cc.SpriteFrame","content":{"name":"porno","texture":"a1kFce2/xNx60AtnsccfV2","rect":[112,972,299,27],"offset":[0,0],"originalSize":[299,27],"capInsets":[0,0,0,0]}},{"__type__":"cc.SpriteFrame","content":{"name":"herofight","texture":"a1kFce2/xNx60AtnsccfV2","rect":[112,1035,246,52],"offset":[0,0],"originalSize":[246,52],"capInsets":[0,0,0,0]}},{"__type__":"cc.SpriteFrame","content":{"name":"close2","texture":"a1kFce2/xNx60AtnsccfV2","rect":[488,1194,137,51],"offset":[0,0],"originalSize":[137,51],"capInsets":[0,0,0,0]}},{"__type__":"cc.SpriteFrame","content":{"name":"ok","texture":"a1kFce2/xNx60AtnsccfV2","rect":[754,323,40,34],"offset":[0,0],"originalSize":[40,34],"capInsets":[0,0,0,0]}},{"__type__":"cc.SpriteFrame","content":{"name":"runes","texture":"a1kFce2/xNx60AtnsccfV2","rect":[747,445,116,71],"offset":[0,0],"originalSize":[116,71],"capInsets":[0,0,0,0]}},{"__type__":"cc.SpriteFrame","content":{"name":"point","texture":"a1kFce2/xNx60AtnsccfV2","rect":[715,982,14,14],"offset":[0,0],"originalSize":[14,14],"capInsets":[0,0,0,0]}},{"__type__":"cc.SpriteFrame","content":{"name":"redttoast","texture":"a1kFce2/xNx60AtnsccfV2","rect":[930,1020,33,33],"offset":[0,0],"originalSize":[33,33],"capInsets":[0,0,0,0]}},{"__type__":"cc.SpriteFrame","content":{"name":"tanchuangbg3","texture":"a1kFce2/xNx60AtnsccfV2","rect":[821,839,78,78],"offset":[0,0],"originalSize":[78,78],"capInsets":[17,13,17,15]}}]