[[{"__type__":"cc.Prefab","_name":"valentine_2","data":{"__id__":1}},{"__type__":"cc.Node","_name":"valentine_2","_components":[{"__type__":"cc.Sprite","node":{"__id__":1},"_spriteFrame":{"__uuid__":"b3wBKxoVVBnb4iVm2c+1Zr"},"_sizeMode":0},{"__type__":"cc.RigidBody","node":{"__id__":1},"enabledContactListener":true},{"__type__":"cc.PhysicsBoxCollider","node":{"__id__":1},"_size":{"__type__":"cc.Size","width":128,"height":106}},{"__type__":"a058dD7mZpHmIw83dheUpZy","node":{"__id__":1},"shapeType":2}],"_prefab":{"__type__":"cc.PrefabInfo","root":{"__id__":1},"asset":{"__uuid__":"aaQFahcOtAL6lOe/ERXoQR"},"fileId":"93CyKFy8BGWYxlEqk1xGXk"},"_contentSize":{"__type__":"cc.Size","width":128,"height":106},"_scaleX":1,"_scaleY":1,"_scale":{"__type__":"cc.Vec3","x":1,"y":1,"z":1}}],{"__type__":"cc.SpriteFrame","content":{"name":"valentine_2","texture":"aaSGXo/W5DD4BiGsisFWdg","rect":[0,0,128,106],"offset":[0,0],"originalSize":[128,106],"capInsets":[0,0,0,0]}}]