[{"__type__":"cc.SpriteFrame","content":{"name":"valentine_9","texture":"67kWgSBu9Guogqk9R9G/QA","rect":[0,0,69,128],"offset":[0,0],"originalSize":[69,128],"capInsets":[0,0,0,0]}},[{"__type__":"cc.Prefab","_name":"valentine_9","data":{"__id__":1}},{"__type__":"cc.Node","_name":"valentine_9","_components":[{"__type__":"cc.Sprite","node":{"__id__":1},"_spriteFrame":{"__uuid__":"831nRFoAlF3ZTGI2LuFAKB"},"_sizeMode":0},{"__type__":"cc.RigidBody","node":{"__id__":1},"enabledContactListener":true},{"__type__":"cc.PhysicsPolygonCollider","node":{"__id__":1},"points":[{"__type__":"cc.Vec2","x":9.5,"y":64},{"__type__":"cc.Vec2","x":8.5,"y":36},{"__type__":"cc.Vec2","x":-1.5,"y":3},{"__type__":"cc.Vec2","x":-33.5,"y":3},{"__type__":"cc.Vec2","x":-34.5},{"__type__":"cc.Vec2","x":-33.5,"y":-23},{"__type__":"cc.Vec2","x":-30.5,"y":-30},{"__type__":"cc.Vec2","x":-24.5,"y":-34},{"__type__":"cc.Vec2","x":-24.5,"y":-60},{"__type__":"cc.Vec2","x":-31.5,"y":-64},{"__type__":"cc.Vec2","x":32.5,"y":-64},{"__type__":"cc.Vec2","x":34.5,"y":-52},{"__type__":"cc.Vec2","x":34.5,"y":-16},{"__type__":"cc.Vec2","x":31.5,"y":2},{"__type__":"cc.Vec2","x":21.5,"y":42},{"__type__":"cc.Vec2","x":22.5,"y":64.2}]},{"__type__":"a058dD7mZpHmIw83dheUpZy","node":{"__id__":1},"shapeType":2}],"_prefab":{"__type__":"cc.PrefabInfo","root":{"__id__":1},"asset":{"__uuid__":"c6ABQkCnxFb7QCeyFyQBQV"},"fileId":"93CyKFy8BGWYxlEqk1xGXk"},"_contentSize":{"__type__":"cc.Size","width":69,"height":128},"_scaleX":1,"_scaleY":1,"_scale":{"__type__":"cc.Vec3","x":1,"y":1,"z":1}}]]