[{"__type__":"cc.SpriteFrame","content":{"name":"3-2","texture":"43JoCpdJBCvrAGGpGFt9E5","rect":[0,0,128,64],"offset":[0,0],"originalSize":[128,64],"capInsets":[0,0,0,0]}},[{"__type__":"cc.Prefab","_name":"3-2","data":{"__id__":1}},{"__type__":"cc.Node","_name":"3-2","_components":[{"__type__":"cc.Sprite","node":{"__id__":1},"_spriteFrame":{"__uuid__":"84RcXeE9ZEWqvaOpnPKFQG"}},{"__type__":"cc.RigidBody","node":{"__id__":1},"enabledContactListener":true},{"__type__":"cc.PhysicsPolygonCollider","node":{"__id__":1},"points":[{"__type__":"cc.Vec2","x":-32,"y":32},{"__type__":"cc.Vec2","x":-32},{"__type__":"cc.Vec2","x":-64},{"__type__":"cc.Vec2","x":-64,"y":-32},{"__type__":"cc.Vec2","x":64,"y":-32},{"__type__":"cc.Vec2","x":64},{"__type__":"cc.Vec2","x":32,"y":1},{"__type__":"cc.Vec2","x":32,"y":32}]},{"__type__":"a058dD7mZpHmIw83dheUpZy","node":{"__id__":1}}],"_prefab":{"__type__":"cc.PrefabInfo","root":{"__id__":1},"asset":{"__uuid__":"d7ujwlFqNCgbEdN82Cmzx6"},"fileId":"1eZXTLdepBKYIJCxcTn5Ew"},"_contentSize":{"__type__":"cc.Size","width":128,"height":64},"_scaleX":1,"_scaleY":1,"_scale":{"__type__":"cc.Vec3","x":1,"y":1,"z":1}}]]