[[{"__type__":"cc.Prefab","_name":"laodongjie_0","data":{"__id__":1}},{"__type__":"cc.Node","_name":"laodingjie_0","_level":1,"_components":[{"__type__":"cc.Sprite","node":{"__id__":1},"_spriteFrame":{"__uuid__":"e2qf4B351BN6zYb1CmyhY2"},"_sizeMode":0},{"__type__":"cc.RigidBody","node":{"__id__":1},"enabledContactListener":true},{"__type__":"cc.PhysicsPolygonCollider","node":{"__id__":1},"points":[{"__type__":"cc.Vec2","x":-12.5,"y":64},{"__type__":"cc.Vec2","x":-32.5,"y":36},{"__type__":"cc.Vec2","x":-4.5,"y":18},{"__type__":"cc.Vec2","x":-12.5,"y":-49},{"__type__":"cc.Vec2","x":-6.5,"y":-63},{"__type__":"cc.Vec2","x":20.5,"y":-64},{"__type__":"cc.Vec2","x":28.5,"y":-56},{"__type__":"cc.Vec2","x":20.5,"y":18},{"__type__":"cc.Vec2","x":32.5,"y":37},{"__type__":"cc.Vec2","x":27.5,"y":54},{"__type__":"cc.Vec2","x":12,"y":54},{"__type__":"cc.Vec2","x":10.5,"y":64}]},{"__type__":"a058dD7mZpHmIw83dheUpZy","node":{"__id__":1},"shapeType":2}],"_prefab":{"__type__":"cc.PrefabInfo","root":{"__id__":1},"asset":{"__uuid__":"ccrFl4epNAq66GENspCiE5"},"fileId":"93CyKFy8BGWYxlEqk1xGXk"},"_contentSize":{"__type__":"cc.Size","width":65,"height":128},"_position":{"__type__":"cc.Vec3","x":-320,"y":-566.3},"_scale":{"__type__":"cc.Vec3","x":1,"y":1,"z":1}}],{"__type__":"cc.SpriteFrame","content":{"name":"laodongjie_0","texture":"38quHG2EJHDpkIN0tN6VC4","rect":[0,0,65,128],"offset":[0,0],"originalSize":[65,128],"capInsets":[0,0,0,0]}}]