[{"__type__":"cc.SpriteFrame","content":{"name":"valentine_0","texture":"657zRP6O5LMrhvFuyJAMs7","rect":[0,0,99,128],"offset":[0,0],"originalSize":[99,128],"capInsets":[0,0,0,0]}},[{"__type__":"cc.Prefab","_name":"valentine_0","data":{"__id__":1}},{"__type__":"cc.Node","_name":"valentine_0","_components":[{"__type__":"cc.Sprite","node":{"__id__":1},"_spriteFrame":{"__uuid__":"2dRyPZsldHJJg/+rC6klh4"},"_sizeMode":0},{"__type__":"cc.RigidBody","node":{"__id__":1},"enabledContactListener":true},{"__type__":"cc.PhysicsBoxCollider","node":{"__id__":1},"_size":{"__type__":"cc.Size","width":99,"height":128}},{"__type__":"a058dD7mZpHmIw83dheUpZy","node":{"__id__":1},"shapeType":2}],"_prefab":{"__type__":"cc.PrefabInfo","root":{"__id__":1},"asset":{"__uuid__":"d3d13b4IhNJLBkasIGsCFB"},"fileId":"93CyKFy8BGWYxlEqk1xGXk"},"_contentSize":{"__type__":"cc.Size","width":99,"height":128},"_scaleX":1,"_scaleY":1,"_scale":{"__type__":"cc.Vec3","x":1,"y":1,"z":1}}]]