[{"__type__":"cc.SpriteFrame","content":{"name":"bg2","texture":"c8jPWsjjJBCpvOkNyQG2lS","rect":[0,1,588,562],"offset":[0,-0.5],"originalSize":[588,563],"capInsets":[0,0,0,0]}},{"__type__":"cc.SpriteFrame","content":{"name":"luckbtn2","texture":"0dcd0KRedAMIJsC1desQaG","rect":[0,0,276,98],"offset":[0,0],"originalSize":[276,98],"capInsets":[0,0,0,0]}},{"__type__":"cc.SpriteFrame","content":{"name":"delete","texture":"48h4D3xVZNM6tD3TvgguOo","rect":[0,0,111,111],"offset":[0,0],"originalSize":[111,111],"capInsets":[0,0,0,0]}},[{"__type__":"cc.Prefab","_name":"luckyPanel","data":{"__id__":1}},{"__type__":"cc.Node","_name":"luckyPanel","_children":[{"__id__":2},{"__id__":3},{"__id__":5},{"__id__":6},{"__id__":25},{"__id__":26}],"_level":1,"_components":[{"__type__":"9870aakddRMG66vSPEcseZY","node":{"__id__":1},"closeBtn":{"__id__":26},"luckyBtn":{"__id__":3},"redPointNode":{"__id__":4},"itemsNode":{"__id__":6},"rewardCountLabels":[{"__id__":12},{"__id__":18},{"__id__":24}]}],"_prefab":{"__type__":"cc.PrefabInfo","root":{"__id__":1},"asset":{"__uuid__":"ccPaT3d1xM8I71ZRbx2iJq"},"fileId":"2bGnaPhixL+K/Es1dyRYfW"},"_contentSize":{"__type__":"cc.Size","width":588,"height":562},"_scale":{"__type__":"cc.Vec3","x":1,"y":1,"z":1}},{"__type__":"cc.Node","_name":"bg","_parent":{"__id__":1},"_components":[{"__type__":"cc.Sprite","node":{"__id__":2},"_spriteFrame":{"__uuid__":"2dPp67gulIR7jrkY5fWGUz"}}],"_prefab":{"__type__":"cc.PrefabInfo","root":{"__id__":1},"asset":{"__uuid__":"ccPaT3d1xM8I71ZRbx2iJq"},"fileId":"75NO1meDNLFbrhp8V/TWN7"},"_contentSize":{"__type__":"cc.Size","width":588,"height":562},"_scale":{"__type__":"cc.Vec3","x":1,"y":1,"z":1}},{"__type__":"cc.Node","_name":"luckbtn","_parent":{"__id__":1},"_children":[{"__id__":4}],"_components":[{"__type__":"cc.Sprite","node":{"__id__":3},"_spriteFrame":{"__uuid__":"33mbGVO8lHoKlsMDv5UDxv"}},{"__type__":"cc.Button","node":{"__id__":3},"zoomScale":0.9,"_N$transition":3,"transition":3,"_N$target":{"__id__":3}}],"_prefab":{"__type__":"cc.PrefabInfo","root":{"__id__":1},"asset":{"__uuid__":"ccPaT3d1xM8I71ZRbx2iJq"},"fileId":"4dYERJ+tpDAbH7E6yVbKbR"},"_contentSize":{"__type__":"cc.Size","width":276,"height":98},"_position":{"__type__":"cc.Vec3","y":-248},"_scale":{"__type__":"cc.Vec3","x":1,"y":1,"z":1}},{"__type__":"cc.Node","_name":"redpoint","_parent":{"__id__":3},"_components":[{"__type__":"cc.Sprite","node":{"__id__":4},"_spriteFrame":{"__uuid__":"83CzIGnlhPdY8lDsut6n+B"},"_sizeMode":0}],"_prefab":{"__type__":"cc.PrefabInfo","root":{"__id__":1},"asset":{"__uuid__":"ccPaT3d1xM8I71ZRbx2iJq"},"fileId":"0acaV7AHhCmrCJFAS2qrNV"},"_color":{"__type__":"cc.Color","r":250},"_contentSize":{"__type__":"cc.Size","width":24,"height":24},"_position":{"__type__":"cc.Vec3","x":125,"y":45},"_scale":{"__type__":"cc.Vec3","x":1,"y":1,"z":1}},{"__type__":"cc.Node","_name":"close","_parent":{"__id__":1},"_active":false,"_components":[{"__type__":"cc.Sprite","node":{"__id__":5},"_spriteFrame":{"__uuid__":"eaQ026PrZOcICRY0MeHjRN"}},{"__type__":"cc.Button","node":{"__id__":5},"zoomScale":0.9,"_N$transition":3,"transition":3,"_N$target":{"__id__":5}}],"_prefab":{"__type__":"cc.PrefabInfo","root":{"__id__":1},"asset":{"__uuid__":"ccPaT3d1xM8I71ZRbx2iJq"},"fileId":"9dJWuu5GJF5ZKltELqpP2E"},"_contentSize":{"__type__":"cc.Size","width":45,"height":45},"_position":{"__type__":"cc.Vec3","x":229,"y":215},"_scale":{"__type__":"cc.Vec3","x":1,"y":1,"z":1}},{"__type__":"cc.Node","_name":"items","_parent":{"__id__":1},"_children":[{"__id__":7},{"__id__":13},{"__id__":19}],"_prefab":{"__type__":"cc.PrefabInfo","root":{"__id__":1},"asset":{"__uuid__":"ccPaT3d1xM8I71ZRbx2iJq"},"fileId":"9dVOwV7wVJ9717n0evgIAi"},"_contentSize":{"__type__":"cc.Size","width":480,"height":142},"_position":{"__type__":"cc.Vec3","x":5,"y":31},"_scale":{"__type__":"cc.Vec3","x":1,"y":1,"z":1}},{"__type__":"cc.Node","_name":"item1","_parent":{"__id__":6},"_children":[{"__id__":8},{"__id__":9},{"__id__":10},{"__id__":11}],"_prefab":{"__type__":"cc.PrefabInfo","root":{"__id__":1},"asset":{"__uuid__":"ccPaT3d1xM8I71ZRbx2iJq"},"fileId":"8c4mcpFkpPIKGrej53TNki"},"_contentSize":{"__type__":"cc.Size","width":111,"height":111},"_position":{"__type__":"cc.Vec3","x":-155},"_scale":{"__type__":"cc.Vec3","x":1,"y":1,"z":1}},{"__type__":"cc.Node","_name":"itembg","_parent":{"__id__":7},"_components":[{"__type__":"cc.Sprite","node":{"__id__":8}}],"_prefab":{"__type__":"cc.PrefabInfo","root":{"__id__":1},"asset":{"__uuid__":"ccPaT3d1xM8I71ZRbx2iJq"},"fileId":"01pdH+0YZAEq2yLjmpd1Op"},"_contentSize":{"__type__":"cc.Size","width":142,"height":142},"_scale":{"__type__":"cc.Vec3","x":1,"y":1,"z":1}},{"__type__":"cc.Node","_name":"itembg_sel","_parent":{"__id__":7},"_components":[{"__type__":"cc.Sprite","node":{"__id__":9},"_sizeMode":0}],"_prefab":{"__type__":"cc.PrefabInfo","root":{"__id__":1},"asset":{"__uuid__":"ccPaT3d1xM8I71ZRbx2iJq"},"fileId":"03ae59uMlK674p0udTl0yf"},"_contentSize":{"__type__":"cc.Size","width":142,"height":142},"_scale":{"__type__":"cc.Vec3","x":1,"y":1,"z":1}},{"__type__":"cc.Node","_name":"rainbow","_parent":{"__id__":7},"_components":[{"__type__":"cc.Sprite","node":{"__id__":10},"_spriteFrame":{"__uuid__":"fd26O6dBZPa7jD0oX+56a1"}}],"_prefab":{"__type__":"cc.PrefabInfo","root":{"__id__":1},"asset":{"__uuid__":"ccPaT3d1xM8I71ZRbx2iJq"},"fileId":"2bADYL1V1GBYMxLtLIGG3y"},"_contentSize":{"__type__":"cc.Size","width":111,"height":111},"_scale":{"__type__":"cc.Vec3","x":1,"y":1,"z":1}},{"__type__":"cc.Node","_name":"info","_parent":{"__id__":7},"_level":1,"_components":[{"__id__":12}],"_prefab":{"__type__":"cc.PrefabInfo","root":{"__id__":1},"asset":{"__uuid__":"ccPaT3d1xM8I71ZRbx2iJq"},"fileId":"7eajvQkTJMLasL1sdfH9f8"},"_color":{"__type__":"cc.Color","r":244,"g":226,"b":32},"_contentSize":{"__type__":"cc.Size","width":45.61,"height":50},"_position":{"__type__":"cc.Vec3","y":-54},"_scale":{"__type__":"cc.Vec3","x":1,"y":1,"z":1}},{"__type__":"cc.Label","node":{"__id__":11},"_srcBlendFactor":1,"_useOriginalSize":false,"_string":"×2","_N$string":"×2","_lineHeight":50,"_N$horizontalAlign":1,"_N$verticalAlign":1},{"__type__":"cc.Node","_name":"item2","_parent":{"__id__":6},"_children":[{"__id__":14},{"__id__":15},{"__id__":16},{"__id__":17}],"_prefab":{"__type__":"cc.PrefabInfo","root":{"__id__":1},"asset":{"__uuid__":"ccPaT3d1xM8I71ZRbx2iJq"},"fileId":"9aOoUIEG5DwZEhlh9d6vcp"},"_contentSize":{"__type__":"cc.Size","width":111,"height":111},"_position":{"__type__":"cc.Vec3","x":-7},"_scale":{"__type__":"cc.Vec3","x":1,"y":1,"z":1}},{"__type__":"cc.Node","_name":"itembg","_parent":{"__id__":13},"_components":[{"__type__":"cc.Sprite","node":{"__id__":14}}],"_prefab":{"__type__":"cc.PrefabInfo","root":{"__id__":1},"asset":{"__uuid__":"ccPaT3d1xM8I71ZRbx2iJq"},"fileId":"20G5BTGMFC9Zkiv17vdmrc"},"_contentSize":{"__type__":"cc.Size","width":142,"height":142},"_scale":{"__type__":"cc.Vec3","x":1,"y":1,"z":1}},{"__type__":"cc.Node","_name":"itembg_sel","_parent":{"__id__":13},"_components":[{"__type__":"cc.Sprite","node":{"__id__":15},"_sizeMode":0}],"_prefab":{"__type__":"cc.PrefabInfo","root":{"__id__":1},"asset":{"__uuid__":"ccPaT3d1xM8I71ZRbx2iJq"},"fileId":"baEsUFEndFYalTwDT9FPnw"},"_contentSize":{"__type__":"cc.Size","width":142,"height":142},"_scale":{"__type__":"cc.Vec3","x":1,"y":1,"z":1}},{"__type__":"cc.Node","_name":"rainbow","_parent":{"__id__":13},"_components":[{"__type__":"cc.Sprite","node":{"__id__":16},"_spriteFrame":{"__uuid__":"5bDpwADydOuYDYZ2TB81DH"}}],"_prefab":{"__type__":"cc.PrefabInfo","root":{"__id__":1},"asset":{"__uuid__":"ccPaT3d1xM8I71ZRbx2iJq"},"fileId":"acHWYI3z5HFKzx2HUH09Ya"},"_contentSize":{"__type__":"cc.Size","width":111,"height":111},"_scale":{"__type__":"cc.Vec3","x":1,"y":1,"z":1}},{"__type__":"cc.Node","_name":"info","_parent":{"__id__":13},"_level":1,"_components":[{"__id__":18}],"_prefab":{"__type__":"cc.PrefabInfo","root":{"__id__":1},"asset":{"__uuid__":"ccPaT3d1xM8I71ZRbx2iJq"},"fileId":"aebMSCYYxLoYri5DIN1ye0"},"_color":{"__type__":"cc.Color","r":244,"g":226,"b":32},"_contentSize":{"__type__":"cc.Size","width":45.61,"height":50},"_position":{"__type__":"cc.Vec3","y":-54},"_scale":{"__type__":"cc.Vec3","x":1,"y":1,"z":1}},{"__type__":"cc.Label","node":{"__id__":17},"_srcBlendFactor":1,"_useOriginalSize":false,"_string":"×2","_N$string":"×2","_lineHeight":50,"_N$horizontalAlign":1,"_N$verticalAlign":1},{"__type__":"cc.Node","_name":"item3","_parent":{"__id__":6},"_children":[{"__id__":20},{"__id__":21},{"__id__":22},{"__id__":23}],"_prefab":{"__type__":"cc.PrefabInfo","root":{"__id__":1},"asset":{"__uuid__":"ccPaT3d1xM8I71ZRbx2iJq"},"fileId":"72Qm8224tKcp8wQFTgNa7o"},"_contentSize":{"__type__":"cc.Size","width":111,"height":111},"_position":{"__type__":"cc.Vec3","x":140},"_scale":{"__type__":"cc.Vec3","x":1,"y":1,"z":1}},{"__type__":"cc.Node","_name":"itembg","_parent":{"__id__":19},"_components":[{"__type__":"cc.Sprite","node":{"__id__":20}}],"_prefab":{"__type__":"cc.PrefabInfo","root":{"__id__":1},"asset":{"__uuid__":"ccPaT3d1xM8I71ZRbx2iJq"},"fileId":"14je2IJb9IarQq/nchlZB5"},"_contentSize":{"__type__":"cc.Size","width":142,"height":142},"_scale":{"__type__":"cc.Vec3","x":1,"y":1,"z":1}},{"__type__":"cc.Node","_name":"itembg_sel","_parent":{"__id__":19},"_components":[{"__type__":"cc.Sprite","node":{"__id__":21},"_sizeMode":0}],"_prefab":{"__type__":"cc.PrefabInfo","root":{"__id__":1},"asset":{"__uuid__":"ccPaT3d1xM8I71ZRbx2iJq"},"fileId":"8d7fAzelJK54yCvBGcC5OM"},"_contentSize":{"__type__":"cc.Size","width":142,"height":142},"_scale":{"__type__":"cc.Vec3","x":1,"y":1,"z":1}},{"__type__":"cc.Node","_name":"rainbow","_parent":{"__id__":19},"_components":[{"__type__":"cc.Sprite","node":{"__id__":22},"_spriteFrame":{"__uuid__":"f3CezpxcZF5q/9NhvJQ4Zw"}}],"_prefab":{"__type__":"cc.PrefabInfo","root":{"__id__":1},"asset":{"__uuid__":"ccPaT3d1xM8I71ZRbx2iJq"},"fileId":"98+Y7xcuZM4o3k1IZ9r1um"},"_contentSize":{"__type__":"cc.Size","width":111,"height":111},"_scale":{"__type__":"cc.Vec3","x":1,"y":1,"z":1}},{"__type__":"cc.Node","_name":"info","_parent":{"__id__":19},"_level":1,"_components":[{"__id__":24}],"_prefab":{"__type__":"cc.PrefabInfo","root":{"__id__":1},"asset":{"__uuid__":"ccPaT3d1xM8I71ZRbx2iJq"},"fileId":"e2ITmuZKVHLb5sD1IUmTMc"},"_color":{"__type__":"cc.Color","r":244,"g":226,"b":32},"_contentSize":{"__type__":"cc.Size","width":45.61,"height":50},"_position":{"__type__":"cc.Vec3","y":-54},"_scale":{"__type__":"cc.Vec3","x":1,"y":1,"z":1}},{"__type__":"cc.Label","node":{"__id__":23},"_srcBlendFactor":1,"_useOriginalSize":false,"_string":"×2","_N$string":"×2","_lineHeight":50,"_N$horizontalAlign":1,"_N$verticalAlign":1},{"__type__":"cc.Node","_name":"info","_parent":{"__id__":1},"_components":[{"__type__":"cc.Label","node":{"__id__":25},"_srcBlendFactor":1,"_useOriginalSize":false,"_string":"观看视频可免费抽奖一次","_N$string":"观看视频可免费抽奖一次","_fontSize":25,"_lineHeight":30,"_N$horizontalAlign":1,"_N$verticalAlign":1}],"_prefab":{"__type__":"cc.PrefabInfo","root":{"__id__":1},"asset":{"__uuid__":"ccPaT3d1xM8I71ZRbx2iJq"},"fileId":"36vN6DNnRI+bro3AlnT9GM"},"_color":{"__type__":"cc.Color","r":229,"g":213,"b":37},"_contentSize":{"__type__":"cc.Size","width":275,"height":30},"_position":{"__type__":"cc.Vec3","y":-167},"_scale":{"__type__":"cc.Vec3","x":1,"y":1,"z":1}},{"__type__":"cc.Node","_name":"关闭","_parent":{"__id__":1},"_level":2,"_components":[{"__type__":"cc.Label","node":{"__id__":26},"_srcBlendFactor":1,"_useOriginalSize":false,"_string":"下次再说","_N$string":"下次再说","_fontSize":30,"_lineHeight":36,"_N$horizontalAlign":1,"_N$verticalAlign":1},{"__type__":"a63afjOB4RIM47OPW3iazWj","node":{"__id__":26},"distanceToAd":5}],"_prefab":{"__type__":"cc.PrefabInfo","root":{"__id__":1},"asset":{"__uuid__":"ccPaT3d1xM8I71ZRbx2iJq"},"fileId":"8fPDhhXnpO3p9HUMmMyf3C"},"_color":{"__type__":"cc.Color","r":170,"g":170,"b":170},"_contentSize":{"__type__":"cc.Size","width":120,"height":36},"_position":{"__type__":"cc.Vec3","y":-404},"_scale":{"__type__":"cc.Vec3","x":1,"y":1,"z":1}}],{"__type__":"cc.SpriteFrame","content":{"name":"close","texture":"f2lS2Wp11AcqB2v1i1RS2X","rect":[0,0,45,45],"offset":[0,0],"originalSize":[45,45],"capInsets":[0,0,0,0]}},{"__type__":"cc.SpriteFrame","content":{"name":"rotate","texture":"0dUQ1zwD5Bf76NYXr7CE5+","rect":[0,0,111,111],"offset":[0,0],"originalSize":[111,111],"capInsets":[0,0,0,0]}},{"__type__":"cc.SpriteFrame","content":{"name":"rainbow","texture":"e5jj72q8pCPKJRzRAMW8gQ","rect":[0,0,111,111],"offset":[0,0],"originalSize":[111,111],"capInsets":[0,0,0,0]}}]