[{"__type__":"cc.SpriteFrame","content":{"name":"infobg4","texture":"adLgP8uQtBv5SnFhg/3fwJ","rect":[0,0,197,61],"offset":[0,0],"originalSize":[197,61],"capInsets":[0,0,0,0]}},{"__type__":"cc.SpriteFrame","content":{"name":"infobg6","texture":"48+XGyHtRKsrunWn/XLtnd","rect":[0,0,197,61],"offset":[0,0],"originalSize":[197,61],"capInsets":[0,0,0,0]}},{"__type__":"cc.SpriteFrame","content":{"name":"bg","texture":"49cZOy8lBBJaHEpiASdJi/","rect":[1,1,724,559],"offset":[0,0],"originalSize":[726,561],"capInsets":[0,0,0,0]}},{"__type__":"cc.SpriteFrame","content":{"name":"infobg3","texture":"9eejTUVNZINZXU8fGjKoJS","rect":[0,0,197,61],"offset":[0,0],"originalSize":[197,61],"capInsets":[0,0,0,0]}},{"__type__":"cc.SpriteFrame","content":{"name":"infobg5","texture":"d3Z2PCgO5O356wKMOGkBQH","rect":[0,0,197,61],"offset":[0,0],"originalSize":[197,61],"capInsets":[0,0,0,0]}},[{"__type__":"cc.Prefab","_name":"gameOverAdsPanel","data":{"__id__":1}},{"__type__":"cc.Node","_name":"gameOverAdsPanel","_children":[{"__id__":2},{"__id__":3}],"_level":1,"_components":[{"__type__":"06ca2Zjd/RCFJYIDtYnY4El","node":{"__id__":1},"adItemPrefab":{"__uuid__":"d4XkU+CqtKjqKLUY5RUir0"},"adsContainer":{"__id__":3}}],"_prefab":{"__type__":"cc.PrefabInfo","root":{"__id__":1},"asset":{"__uuid__":"a3TBJjtD9E5JRjZ2LzWH8G"},"fileId":"06JkbyfSJFsblv+RramyyG"},"_contentSize":{"__type__":"cc.Size","width":643,"height":535},"_position":{"__type__":"cc.Vec3","y":249.5},"_scale":{"__type__":"cc.Vec3","x":1,"y":1,"z":1}},{"__type__":"cc.Node","_name":"bg","_parent":{"__id__":1},"_level":2,"_components":[{"__type__":"cc.Sprite","node":{"__id__":2},"_spriteFrame":{"__uuid__":"5dhHZbLulKB7I8GHkV6DlX"},"_sizeMode":0}],"_prefab":{"__type__":"cc.PrefabInfo","root":{"__id__":1},"asset":{"__uuid__":"a3TBJjtD9E5JRjZ2LzWH8G"},"fileId":"dbNC6vkkVH3aX4CwtmSqj2"},"_contentSize":{"__type__":"cc.Size","width":690,"height":585},"_scale":{"__type__":"cc.Vec3","x":1,"y":1,"z":1}},{"__type__":"cc.Node","_name":"adsContainer","_parent":{"__id__":1},"_level":3,"_components":[{"__type__":"cc.Widget","node":{"__id__":3},"_alignFlags":45},{"__type__":"cc.Layout","node":{"__id__":3},"_N$layoutType":3,"_N$paddingLeft":15,"_N$paddingTop":15,"_N$paddingBottom":15,"_N$spacingX":10,"_N$spacingY":10}],"_prefab":{"__type__":"cc.PrefabInfo","root":{"__id__":1},"asset":{"__uuid__":"a3TBJjtD9E5JRjZ2LzWH8G"},"fileId":"0bj0uXny9PQq/7OAMgs6FC"},"_contentSize":{"__type__":"cc.Size","width":643,"height":535},"_scale":{"__type__":"cc.Vec3","x":1,"y":1,"z":1}}],{"__type__":"cc.SpriteFrame","content":{"name":"infobg1","texture":"35adLbJ51LvIsgeQTy6ThK","rect":[0,0,197,61],"offset":[0,0],"originalSize":[197,61],"capInsets":[0,0,0,0]}},{"__type__":"cc.SpriteFrame","content":{"name":"moregametitle","texture":"cdSR5rm3BFoqzMoVR3SxuC","rect":[0,0,475,38],"offset":[0,0],"originalSize":[475,38],"capInsets":[0,0,0,0]}},{"__type__":"cc.SpriteFrame","content":{"name":"infobg2","texture":"e8v4I4dypMLbLh12QTNkG/","rect":[0,0,197,61],"offset":[0,0],"originalSize":[197,61],"capInsets":[0,0,0,0]}},[{"__type__":"cc.Prefab","_name":"gameOverAdItem","data":{"__id__":1}},{"__type__":"cc.Node","_name":"crossAdItem","_children":[{"__id__":2},{"__id__":4},{"__id__":10}],"_level":1,"_components":[{"__type__":"76d5565AsFN9rnNdS27jEzA","node":{"__id__":1},"imgSprite":{"__id__":3},"infoBgSprite":{"__id__":9},"nameLabel":{"__id__":6},"infoLabel":{"__id__":8},"infoBgSFs":[{"__uuid__":"aco7PXm71MoY81oT475K2P"},{"__uuid__":"bd4/1ChO1HDbD76mc/+Qgf"},{"__uuid__":"7aELWQJShFybW2eshFUw3U"},{"__uuid__":"29m/2Y3VhPLIlX9j8dTSN9"},{"__uuid__":"8dBWdM1R1FzLnNOXQ5iZMQ"},{"__uuid__":"33mWNHu6dC0I9m+YlgXOpN"}],"redPointNode":{"__id__":10}}],"_prefab":{"__type__":"cc.PrefabInfo","root":{"__id__":1},"asset":{"__uuid__":"d4XkU+CqtKjqKLUY5RUir0"},"fileId":"20JnWKv2dEoowJu5cx9U4W"},"_contentSize":{"__type__":"cc.Size","width":197,"height":245},"_scale":{"__type__":"cc.Vec3","x":1,"y":1,"z":1}},{"__type__":"cc.Node","_name":"img","_parent":{"__id__":1},"_components":[{"__id__":3}],"_prefab":{"__type__":"cc.PrefabInfo","root":{"__id__":1},"asset":{"__uuid__":"d4XkU+CqtKjqKLUY5RUir0"},"fileId":"13nfXOx2FB0LPm1WmoK4u5"},"_contentSize":{"__type__":"cc.Size","width":197,"height":184},"_position":{"__type__":"cc.Vec3","y":30.5},"_scale":{"__type__":"cc.Vec3","x":1,"y":1,"z":1}},{"__type__":"cc.Sprite","node":{"__id__":2}},{"__type__":"cc.Node","_name":"infoBg","_parent":{"__id__":1},"_children":[{"__id__":5},{"__id__":7}],"_components":[{"__id__":9}],"_prefab":{"__type__":"cc.PrefabInfo","root":{"__id__":1},"asset":{"__uuid__":"d4XkU+CqtKjqKLUY5RUir0"},"fileId":"b5iw8LZ7VA+64MWP/tmCf0"},"_contentSize":{"__type__":"cc.Size","width":197,"height":61},"_position":{"__type__":"cc.Vec3","y":-92},"_scale":{"__type__":"cc.Vec3","x":1,"y":1,"z":1}},{"__type__":"cc.Node","_name":"name","_parent":{"__id__":4},"_components":[{"__id__":6}],"_prefab":{"__type__":"cc.PrefabInfo","root":{"__id__":1},"asset":{"__uuid__":"d4XkU+CqtKjqKLUY5RUir0"},"fileId":"f23hufNHRCAJmOoZZoCnN5"},"_contentSize":{"__type__":"cc.Size","width":187,"height":45},"_position":{"__type__":"cc.Vec3","y":-2},"_scale":{"__type__":"cc.Vec3","x":1,"y":1,"z":1}},{"__type__":"cc.Label","node":{"__id__":5},"_srcBlendFactor":1,"_useOriginalSize":false,"_string":"煎饼大师","_N$string":"煎饼大师","_fontSize":35,"_lineHeight":45,"_N$horizontalAlign":1,"_N$verticalAlign":1,"_N$fontFamily":"苹方","_N$overflow":2},{"__type__":"cc.Node","_name":"info","_parent":{"__id__":4},"_active":false,"_components":[{"__id__":8}],"_prefab":{"__type__":"cc.PrefabInfo","root":{"__id__":1},"asset":{"__uuid__":"d4XkU+CqtKjqKLUY5RUir0"},"fileId":"67ToWTHY5GSacUCdbIg1N8"},"_color":{"__type__":"cc.Color","r":236,"g":235,"b":235},"_contentSize":{"__type__":"cc.Size","width":187,"height":24},"_position":{"__type__":"cc.Vec3","y":-13.5},"_scale":{"__type__":"cc.Vec3","x":1,"y":1,"z":1}},{"__type__":"cc.Label","node":{"__id__":7},"_srcBlendFactor":1,"_useOriginalSize":false,"_string":"煎饼大师","_N$string":"煎饼大师","_fontSize":18,"_lineHeight":22,"_N$verticalAlign":1,"_N$fontFamily":"苹方","_N$overflow":1},{"__type__":"cc.Sprite","node":{"__id__":4}},{"__type__":"cc.Node","_name":"redpoint","_parent":{"__id__":1},"_active":false,"_level":2,"_components":[{"__type__":"cc.Sprite","node":{"__id__":10},"_spriteFrame":{"__uuid__":"c94rgCwxJBQKF3j1fv+pUo"}}],"_prefab":{"__type__":"cc.PrefabInfo","root":{"__id__":1},"asset":{"__uuid__":"d4XkU+CqtKjqKLUY5RUir0"},"fileId":"35AOGQrCJEEYpnxvXlX2y0"},"_contentSize":{"__type__":"cc.Size","width":28,"height":28},"_position":{"__type__":"cc.Vec3","x":84.5,"y":108.5},"_scale":{"__type__":"cc.Vec3","x":1,"y":1,"z":1}}]]