[[{"__type__":"cc.Prefab","_name":"normal_5","data":{"__id__":1}},{"__type__":"cc.Node","_name":"normal_5","_components":[{"__type__":"cc.Sprite","node":{"__id__":1},"_spriteFrame":{"__uuid__":"73IjMPZPRG/69McX50jqqO"},"_sizeMode":0},{"__type__":"cc.RigidBody","node":{"__id__":1},"enabledContactListener":true},{"__type__":"a058dD7mZpHmIw83dheUpZy","node":{"__id__":1},"shapeType":2},{"__type__":"cc.PhysicsPolygonCollider","node":{"__id__":1},"points":[{"__type__":"cc.Vec2","x":-32.1,"y":68},{"__type__":"cc.Vec2","x":-32,"y":46},{"__type__":"cc.Vec2","x":-64.5,"y":46},{"__type__":"cc.Vec2","x":-71,"y":37},{"__type__":"cc.Vec2","x":-71,"y":31},{"__type__":"cc.Vec2","x":-60,"y":31},{"__type__":"cc.Vec2","x":-60,"y":-67.8},{"__type__":"cc.Vec2","x":60.4,"y":-67.7},{"__type__":"cc.Vec2","x":60,"y":31},{"__type__":"cc.Vec2","x":71,"y":31},{"__type__":"cc.Vec2","x":71,"y":37},{"__type__":"cc.Vec2","x":64,"y":45},{"__type__":"cc.Vec2","x":32,"y":46},{"__type__":"cc.Vec2","x":32,"y":68.1}]}],"_prefab":{"__type__":"cc.PrefabInfo","root":{"__id__":1},"asset":{"__uuid__":"22KvIvM8lAbaXilIEnFiLd"},"fileId":"93CyKFy8BGWYxlEqk1xGXk"},"_contentSize":{"__type__":"cc.Size","width":142,"height":136},"_scaleX":1,"_scaleY":1,"_scale":{"__type__":"cc.Vec3","x":1,"y":1,"z":1}}],{"__type__":"cc.SpriteFrame","content":{"name":"normal_5","texture":"c3GlDzrL1C4LPZq/COB7T6","rect":[0,0,142,136],"offset":[0,0],"originalSize":[142,136],"capInsets":[0,0,0,0]}}]