[{"__type__":"cc.SpriteFrame","content":{"name":"normal_17","texture":"89Kn0unxhF2o18The/YBaz","rect":[0,0,62,170],"offset":[0,0],"originalSize":[62,170],"capInsets":[0,0,0,0]}},[{"__type__":"cc.Prefab","_name":"normal_17","data":{"__id__":1}},{"__type__":"cc.Node","_name":"normal_17","_components":[{"__type__":"cc.Sprite","node":{"__id__":1},"_spriteFrame":{"__uuid__":"46iCkyUhlPKY/tNNnm8kT1"},"_sizeMode":0},{"__type__":"cc.RigidBody","node":{"__id__":1},"enabledContactListener":true},{"__type__":"cc.PhysicsPolygonCollider","node":{"__id__":1},"points":[{"__type__":"cc.Vec2","x":-8,"y":85},{"__type__":"cc.Vec2","x":-16,"y":77},{"__type__":"cc.Vec2","x":-16,"y":69.9},{"__type__":"cc.Vec2","x":-12,"y":70},{"__type__":"cc.Vec2","x":-13,"y":36},{"__type__":"cc.Vec2","x":-17,"y":28},{"__type__":"cc.Vec2","x":-25,"y":22},{"__type__":"cc.Vec2","x":-31,"y":9},{"__type__":"cc.Vec2","x":-31,"y":-85.1},{"__type__":"cc.Vec2","x":31.1,"y":-85.1},{"__type__":"cc.Vec2","x":31,"y":8},{"__type__":"cc.Vec2","x":27,"y":19},{"__type__":"cc.Vec2","x":17,"y":28},{"__type__":"cc.Vec2","x":12,"y":39},{"__type__":"cc.Vec2","x":12,"y":70},{"__type__":"cc.Vec2","x":16.1,"y":70},{"__type__":"cc.Vec2","x":16,"y":76},{"__type__":"cc.Vec2","x":8,"y":85}]},{"__type__":"a058dD7mZpHmIw83dheUpZy","node":{"__id__":1},"shapeType":2}],"_prefab":{"__type__":"cc.PrefabInfo","root":{"__id__":1},"asset":{"__uuid__":"46tVkP7EZLoYgjpMKoYgsz"},"fileId":"93CyKFy8BGWYxlEqk1xGXk"},"_contentSize":{"__type__":"cc.Size","width":62,"height":170},"_scaleX":1,"_scaleY":1,"_scale":{"__type__":"cc.Vec3","x":1,"y":1,"z":1}}]]