[{"__type__":"cc.SpriteFrame","content":{"name":"chunyou_8","texture":"9cyRYCrXJIBIxUT6Xey2qc","rect":[0,0,128,92],"offset":[0,0],"originalSize":[128,92],"capInsets":[0,0,0,0]}},[{"__type__":"cc.Prefab","_name":"chunyou_8","data":{"__id__":1}},{"__type__":"cc.Node","_name":"chunyou_8","_level":1,"_components":[{"__type__":"cc.Sprite","node":{"__id__":1},"_spriteFrame":{"__uuid__":"c0I6u7UvxPIYjlFs9NvLic"},"_sizeMode":0},{"__type__":"cc.RigidBody","node":{"__id__":1},"enabledContactListener":true},{"__type__":"cc.PhysicsPolygonCollider","node":{"__id__":1},"points":[{"__type__":"cc.Vec2","x":-64,"y":45.7},{"__type__":"cc.Vec2","x":-64,"y":38},{"__type__":"cc.Vec2","x":-48,"y":10},{"__type__":"cc.Vec2","x":-50,"y":7},{"__type__":"cc.Vec2","x":-48.9,"y":-46},{"__type__":"cc.Vec2","x":50.6,"y":-46},{"__type__":"cc.Vec2","x":50,"y":7},{"__type__":"cc.Vec2","x":49,"y":10},{"__type__":"cc.Vec2","x":64,"y":38},{"__type__":"cc.Vec2","x":63.8,"y":46.1},{"__type__":"cc.Vec2","x":54,"y":46},{"__type__":"cc.Vec2","x":48,"y":38},{"__type__":"cc.Vec2","x":45,"y":46},{"__type__":"cc.Vec2","x":38,"y":46},{"__type__":"cc.Vec2","x":31,"y":39},{"__type__":"cc.Vec2","x":27,"y":46},{"__type__":"cc.Vec2","x":20,"y":46},{"__type__":"cc.Vec2","x":6.3,"y":30.3},{"__type__":"cc.Vec2","x":6.9,"y":45.9},{"__type__":"cc.Vec2","x":-1,"y":46},{"__type__":"cc.Vec2","x":-1.3,"y":29.7},{"__type__":"cc.Vec2","x":-7,"y":35},{"__type__":"cc.Vec2","x":-10.1,"y":30.7},{"__type__":"cc.Vec2","x":-20,"y":35},{"__type__":"cc.Vec2","x":-29,"y":29},{"__type__":"cc.Vec2","x":-40,"y":30},{"__type__":"cc.Vec2","x":-44,"y":26},{"__type__":"cc.Vec2","x":-54,"y":46}]},{"__type__":"a058dD7mZpHmIw83dheUpZy","node":{"__id__":1},"shapeType":2}],"_prefab":{"__type__":"cc.PrefabInfo","root":{"__id__":1},"asset":{"__uuid__":"ccrFl4epNAq66GENspCiE5"},"fileId":"93CyKFy8BGWYxlEqk1xGXk"},"_contentSize":{"__type__":"cc.Size","width":128,"height":92},"_position":{"__type__":"cc.Vec3","x":-320,"y":-566.3},"_scale":{"__type__":"cc.Vec3","x":1,"y":1,"z":1}}]]