[{"__type__":"cc.SpriteFrame","content":{"name":"valentine_6","texture":"b9JbRSPlZNCZ5uW5ZeB4r9","rect":[0,0,113,118],"offset":[0,0],"originalSize":[113,118],"capInsets":[0,0,0,0]}},[{"__type__":"cc.Prefab","_name":"valentine_6","data":{"__id__":1}},{"__type__":"cc.Node","_name":"valentine_6","_components":[{"__type__":"cc.Sprite","node":{"__id__":1},"_spriteFrame":{"__uuid__":"82fE+B7y9Mp6jjAYAC8v61"},"_sizeMode":0},{"__type__":"cc.RigidBody","node":{"__id__":1},"enabledContactListener":true},{"__type__":"cc.PhysicsPolygonCollider","node":{"__id__":1},"points":[{"__type__":"cc.Vec2","x":-11.5,"y":59},{"__type__":"cc.Vec2","x":-19.1,"y":56.2},{"__type__":"cc.Vec2","x":-27.5,"y":49},{"__type__":"cc.Vec2","x":-37.5,"y":40},{"__type__":"cc.Vec2","x":-46.5,"y":23},{"__type__":"cc.Vec2","x":-47.5,"y":8},{"__type__":"cc.Vec2","x":-56.5},{"__type__":"cc.Vec2","x":-56.5,"y":-9},{"__type__":"cc.Vec2","x":-40.5,"y":-44},{"__type__":"cc.Vec2","x":-40.5,"y":-50},{"__type__":"cc.Vec2","x":-31.5,"y":-59},{"__type__":"cc.Vec2","x":35.5,"y":-59},{"__type__":"cc.Vec2","x":42.1,"y":-54.4},{"__type__":"cc.Vec2","x":43.3,"y":-44.2},{"__type__":"cc.Vec2","x":56.5,"y":-9},{"__type__":"cc.Vec2","x":56.5},{"__type__":"cc.Vec2","x":46.5,"y":9},{"__type__":"cc.Vec2","x":45.5,"y":23},{"__type__":"cc.Vec2","x":36.5,"y":40},{"__type__":"cc.Vec2","x":26.5,"y":49},{"__type__":"cc.Vec2","x":19.1,"y":51.1},{"__type__":"cc.Vec2","x":14.5,"y":58}]},{"__type__":"a058dD7mZpHmIw83dheUpZy","node":{"__id__":1},"shapeType":2}],"_prefab":{"__type__":"cc.PrefabInfo","root":{"__id__":1},"asset":{"__uuid__":"e7JHJW0mdHeoTEgsiZ3NUr"},"fileId":"93CyKFy8BGWYxlEqk1xGXk"},"_contentSize":{"__type__":"cc.Size","width":113,"height":118},"_scaleX":1,"_scaleY":1,"_scale":{"__type__":"cc.Vec3","x":1,"y":1,"z":1}}]]