[{"__type__":"cc.SpriteFrame","content":{"name":"bottonbar","texture":"63TU0hvOROTqneyDBXXjG5","rect":[0,0,407,95],"offset":[0,0],"originalSize":[407,95],"capInsets":[0,0,0,0]}},{"__type__":"cc.SpriteFrame","content":{"name":"border","texture":"5chCrec/ZFFYJHiVjv3B5f","rect":[0,0,497,734],"offset":[0,0],"originalSize":[497,734],"capInsets":[20,20,20,20]}},[{"__type__":"cc.Prefab","_name":"newRecordPanel","data":{"__id__":1}},{"__type__":"cc.Node","_name":"newRecordPanel","_children":[{"__id__":2},{"__id__":3},{"__id__":4},{"__id__":5},{"__id__":6}],"_components":[{"__type__":"e71c0zsYu5DOJ837qbY6Jmy","node":{"__id__":1},"text":""}],"_prefab":{"__type__":"cc.PrefabInfo","root":{"__id__":1},"asset":{"__uuid__":"4dwd92tEBDMKr0q7OAOhX5"},"fileId":"1d9QY4lORHKoOPGmXWF3iX"},"_contentSize":{"__type__":"cc.Size","width":500,"height":1000},"_scaleX":1,"_scaleY":1,"_scale":{"__type__":"cc.Vec3","x":1,"y":1,"z":1}},{"__type__":"cc.Node","_name":"bg","_parent":{"__id__":1},"_components":[{"__type__":"cc.Sprite","node":{"__id__":2},"_spriteFrame":{"__uuid__":"a2MjXRFdtLlYQ5ouAFv/+R"},"_sizeMode":0},{"__type__":"cc.Widget","node":{"__id__":2},"_wasAlignOnce":null,"isAlignOnce":null,"_alignFlags":45,"_originalWidth":100,"_originalHeight":100}],"_prefab":{"__type__":"cc.PrefabInfo","root":{"__id__":1},"asset":{"__uuid__":"4dwd92tEBDMKr0q7OAOhX5"},"fileId":"9cyGOuEgxNb5jAxivsLUeV"},"_color":{"__type__":"cc.Color","r":47,"g":47,"b":47},"_contentSize":{"__type__":"cc.Size","width":500,"height":1000},"_scaleX":1,"_scaleY":1,"_scale":{"__type__":"cc.Vec3","x":1,"y":1,"z":1}},{"__type__":"cc.Node","_name":"border","_parent":{"__id__":1},"_components":[{"__type__":"cc.Sprite","node":{"__id__":3},"_spriteFrame":{"__uuid__":"1f/ajjTSNDsYoqqHtvPw54"},"_sizeMode":0},{"__type__":"cc.Widget","node":{"__id__":3},"_wasAlignOnce":null,"isAlignOnce":null,"_alignFlags":45,"_originalWidth":497,"_originalHeight":734}],"_prefab":{"__type__":"cc.PrefabInfo","root":{"__id__":1},"asset":{"__uuid__":"4dwd92tEBDMKr0q7OAOhX5"},"fileId":"f0vkgPOSlCioVxVYckkaAo"},"_contentSize":{"__type__":"cc.Size","width":500,"height":1000},"_scaleX":1,"_scaleY":1,"_scale":{"__type__":"cc.Vec3","x":1,"y":1,"z":1}},{"__type__":"cc.Node","_name":"newrecord","_parent":{"__id__":1},"_components":[{"__type__":"cc.Sprite","node":{"__id__":4},"_spriteFrame":{"__uuid__":"a0woHOB5BGn4Louy0zCLf6"}},{"__type__":"cc.Widget","node":{"__id__":4},"_wasAlignOnce":null,"isAlignOnce":null,"_alignFlags":9,"_left":20,"_top":20}],"_prefab":{"__type__":"cc.PrefabInfo","root":{"__id__":1},"asset":{"__uuid__":"4dwd92tEBDMKr0q7OAOhX5"},"fileId":"81KXBgzP5PX7Dm904NSmKU"},"_contentSize":{"__type__":"cc.Size","width":121,"height":121},"_position":{"__type__":"cc.Vec3","x":-169.5,"y":419.5},"_scaleX":1,"_scaleY":1,"_scale":{"__type__":"cc.Vec3","x":1,"y":1,"z":1}},{"__type__":"cc.Node","_name":"content","_parent":{"__id__":1},"_components":[{"__type__":"cc.Widget","node":{"__id__":5},"_wasAlignOnce":null,"isAlignOnce":null,"_alignFlags":4,"_bottom":100}],"_prefab":{"__type__":"cc.PrefabInfo","root":{"__id__":1},"asset":{"__uuid__":"4dwd92tEBDMKr0q7OAOhX5"},"fileId":"36Zq0dGFZJa7pkUQ09Krid"},"_position":{"__type__":"cc.Vec3","y":-400},"_scaleX":1,"_scaleY":1,"_scale":{"__type__":"cc.Vec3","x":1,"y":1,"z":1}},{"__type__":"cc.Node","_name":"botton","_parent":{"__id__":1},"_children":[{"__id__":7}],"_components":[{"__type__":"cc.Sprite","node":{"__id__":6},"_spriteFrame":{"__uuid__":"a2MjXRFdtLlYQ5ouAFv/+R"},"_sizeMode":0},{"__type__":"cc.Widget","node":{"__id__":6},"_wasAlignOnce":null,"isAlignOnce":null,"_alignFlags":44,"_originalWidth":100}],"_prefab":{"__type__":"cc.PrefabInfo","root":{"__id__":1},"asset":{"__uuid__":"4dwd92tEBDMKr0q7OAOhX5"},"fileId":"83muLJNQNP76JVxJZhCZGk"},"_contentSize":{"__type__":"cc.Size","width":500,"height":100},"_position":{"__type__":"cc.Vec3","y":-450},"_scaleX":1,"_scaleY":1,"_scale":{"__type__":"cc.Vec3","x":1,"y":1,"z":1}},{"__type__":"cc.Node","_name":"bottonbar","_parent":{"__id__":6},"_children":[{"__id__":8}],"_components":[{"__type__":"cc.Sprite","node":{"__id__":7},"_spriteFrame":{"__uuid__":"1exLfohAdJDY5pQptBvLUs"}}],"_prefab":{"__type__":"cc.PrefabInfo","root":{"__id__":1},"asset":{"__uuid__":"4dwd92tEBDMKr0q7OAOhX5"},"fileId":"32+DotNyVLt476Idr5nPJB"},"_contentSize":{"__type__":"cc.Size","width":407,"height":95},"_scaleX":1,"_scaleY":1,"_scale":{"__type__":"cc.Vec3","x":1,"y":1,"z":1}},{"__type__":"cc.Node","_name":"qr","_parent":{"__id__":7},"_children":[{"__id__":9}],"_components":[{"__type__":"cc.Mask","node":{"__id__":8},"_type":1,"_N$alphaThreshold":1}],"_prefab":{"__type__":"cc.PrefabInfo","root":{"__id__":1},"asset":{"__uuid__":"4dwd92tEBDMKr0q7OAOhX5"},"fileId":"9du+lB805GHZTScHwYNJUV"},"_contentSize":{"__type__":"cc.Size","width":70,"height":70},"_position":{"__type__":"cc.Vec3","x":140.8,"y":2.2},"_scaleX":1,"_scaleY":1,"_scale":{"__type__":"cc.Vec3","x":1,"y":1,"z":1}},{"__type__":"cc.Node","_name":"gh_6e4baa297894_1280","_parent":{"__id__":8},"_components":[{"__type__":"cc.Sprite","node":{"__id__":9},"_spriteFrame":{"__uuid__":"98CXYd/wRCc7w9lZVDUKRY"},"_sizeMode":0}],"_prefab":{"__type__":"cc.PrefabInfo","root":{"__id__":1},"asset":{"__uuid__":"4dwd92tEBDMKr0q7OAOhX5"},"fileId":"11b6RIS49Dh42hsgBmMMKM"},"_contentSize":{"__type__":"cc.Size","width":70,"height":70},"_scaleX":1,"_scaleY":1,"_scale":{"__type__":"cc.Vec3","x":1,"y":1,"z":1}}],{"__type__":"cc.SpriteFrame","content":{"name":"newrecord","texture":"ac1kfX63BGEokN2tUDPews","rect":[0,0,121,121],"offset":[0,0],"originalSize":[121,121],"capInsets":[0,0,0,0]}}]