[[{"__type__":"cc.Prefab","_name":"tipbar","data":{"__id__":1}},{"__type__":"cc.Node","_name":"tipbar","_children":[{"__id__":2}],"_level":1,"_components":[{"__type__":"cc.Sprite","node":{"__id__":1},"_spriteFrame":{"__uuid__":"f4XX1CmyxGJqpsL484TuSb"}},{"__type__":"86a6e5FOUJJ1poP3CTaouGk","node":{"__id__":1},"info1":{"__id__":4},"info2":{"__id__":6}}],"_prefab":{"__type__":"cc.PrefabInfo","root":{"__id__":1},"asset":{"__uuid__":"05gQx7NSVPk78r/w06QA+F"},"fileId":"61J3GfVNdKkogV4OwsKpJ2"},"_contentSize":{"__type__":"cc.Size","width":681,"height":46},"_scale":{"__type__":"cc.Vec3","x":1,"y":1,"z":1}},{"__type__":"cc.Node","_name":"masker","_parent":{"__id__":1},"_children":[{"__id__":3},{"__id__":5}],"_level":2,"_components":[{"__type__":"cc.Mask","node":{"__id__":2}}],"_prefab":{"__type__":"cc.PrefabInfo","root":{"__id__":1},"asset":{"__uuid__":"05gQx7NSVPk78r/w06QA+F"},"fileId":"2aKCF9iH5MMIqOWxjnafcW"},"_contentSize":{"__type__":"cc.Size","width":681,"height":46},"_scale":{"__type__":"cc.Vec3","x":1,"y":1,"z":1}},{"__type__":"cc.Node","_name":"info1","_parent":{"__id__":2},"_level":3,"_components":[{"__id__":4}],"_prefab":{"__type__":"cc.PrefabInfo","root":{"__id__":1},"asset":{"__uuid__":"05gQx7NSVPk78r/w06QA+F"},"fileId":"53TPXoGDFMeLPXI6E7r7rj"},"_color":{"__type__":"cc.Color","r":244,"g":226,"b":32},"_contentSize":{"__type__":"cc.Size","width":29.17,"height":40},"_scale":{"__type__":"cc.Vec3","x":1,"y":1,"z":1}},{"__type__":"cc.Label","node":{"__id__":3},"_srcBlendFactor":1,"_useOriginalSize":false,"_string":"...","_N$string":"...","_fontSize":35,"_N$horizontalAlign":1,"_N$verticalAlign":1},{"__type__":"cc.Node","_name":"info1","_parent":{"__id__":2},"_level":3,"_components":[{"__id__":6}],"_prefab":{"__type__":"cc.PrefabInfo","root":{"__id__":1},"asset":{"__uuid__":"05gQx7NSVPk78r/w06QA+F"},"fileId":"619Be/9ipDVaMLKxq4G3F+"},"_color":{"__type__":"cc.Color","r":244,"g":226,"b":32},"_contentSize":{"__type__":"cc.Size","height":40},"_scale":{"__type__":"cc.Vec3","x":1,"y":1,"z":1}},{"__type__":"cc.Label","node":{"__id__":5},"_srcBlendFactor":1,"_useOriginalSize":false,"_fontSize":35,"_N$horizontalAlign":1,"_N$verticalAlign":1}],{"__type__":"cc.SpriteFrame","content":{"name":"settingbg","texture":"7dkkeG58BDprwUTxTnvmUX","rect":[0,0,257,86],"offset":[0,0],"originalSize":[257,86],"capInsets":[0,0,0,0]}},{"__type__":"cc.SpriteFrame","content":{"name":"unmute","texture":"0ekQ65FhtIUL8ELbemnYrB","rect":[0,0,118,74],"offset":[0,0],"originalSize":[118,74],"capInsets":[0,0,0,0]}},{"__type__":"cc.SpriteFrame","content":{"name":"vibrateon","texture":"81jIKIiE5HSqN6BtpEggJZ","rect":[0,0,118,74],"offset":[0,0],"originalSize":[118,74],"capInsets":[0,0,0,0]}},[{"__type__":"cc.Prefab","_name":"settingPanel","data":{"__id__":1}},{"__type__":"cc.Node","_name":"setting","_children":[{"__id__":2},{"__id__":5}],"_components":[{"__type__":"cc.Widget","node":{"__id__":1},"alignMode":0,"_alignFlags":9,"_left":30,"_top":30},{"__type__":"7d788u3cW5LzYUJDMEnQovZ","node":{"__id__":1},"settingBtn":{"__id__":5},"detailPanel":{"__id__":2}}],"_prefab":{"__type__":"cc.PrefabInfo","root":{"__id__":1},"asset":{"__id__":0},"fileId":"3ebrFaQndNErjZGz2vHJUS"},"_contentSize":{"__type__":"cc.Size","width":85,"height":85},"_position":{"__type__":"cc.Vec3","x":-315.25,"y":607.25},"_scale":{"__type__":"cc.Vec3","x":0.7,"y":0.7,"z":1}},{"__type__":"cc.Node","_name":"settingbg","_parent":{"__id__":1},"_children":[{"__id__":3},{"__id__":4}],"_components":[{"__type__":"cc.Sprite","node":{"__id__":2},"_spriteFrame":{"__uuid__":"0e7jTQ9hFGaagMFI+qRHVv"}}],"_prefab":{"__type__":"cc.PrefabInfo","root":{"__id__":1},"asset":{"__id__":0},"fileId":"2epLplr7ZK6LHgO7vaG3sS"},"_contentSize":{"__type__":"cc.Size","width":257,"height":86},"_position":{"__type__":"cc.Vec3","x":191},"_scale":{"__type__":"cc.Vec3","x":1,"y":1,"z":1}},{"__type__":"cc.Node","_name":"musicBtn","_parent":{"__id__":2},"_components":[{"__type__":"cc.Sprite","node":{"__id__":3},"_spriteFrame":{"__uuid__":"b5DjbMaedBYKNCrO6fXMCj"},"_type":1,"_sizeMode":0},{"__type__":"cc.Button","node":{"__id__":3},"duration":0.2,"zoomScale":0.9,"_N$normalColor":{"__type__":"cc.Color","r":255,"g":255,"b":255},"_N$pressedColor":{"__type__":"cc.Color","r":255,"g":255,"b":255},"pressedColor":{"__type__":"cc.Color","r":255,"g":255,"b":255},"_N$disabledColor":{"__type__":"cc.Color","r":255,"g":255,"b":255},"_N$pressedSprite":{"__uuid__":"e97GVMl6JHh5Ml5qEDdSGa"},"pressedSprite":{"__uuid__":"e97GVMl6JHh5Ml5qEDdSGa"},"_N$hoverSprite":{"__uuid__":"e97GVMl6JHh5Ml5qEDdSGa"},"hoverSprite":{"__uuid__":"e97GVMl6JHh5Ml5qEDdSGa"},"_N$disabledSprite":{"__uuid__":"29FYIk+N1GYaeWH/q1NxQO"},"_N$target":{"__id__":3}},{"__type__":"2fb16nYRrBF+aBTTlNAl5L+","node":{"__id__":3},"muteSpriteFrame":{"__uuid__":"b5DjbMaedBYKNCrO6fXMCj"},"unmuteSpriteFrame":{"__uuid__":"1f3twm5YNGZoGPdVT74Yd5"}}],"_prefab":{"__type__":"cc.PrefabInfo","root":{"__id__":1},"asset":{"__id__":0},"fileId":"08hfPkgcJDZYsySR3oD+WF"},"_contentSize":{"__type__":"cc.Size","width":118,"height":74},"_position":{"__type__":"cc.Vec3","x":-64},"_scale":{"__type__":"cc.Vec3","x":1,"y":1,"z":1}},{"__type__":"cc.Node","_name":"vibrateBtn","_parent":{"__id__":2},"_components":[{"__type__":"cc.Sprite","node":{"__id__":4},"_spriteFrame":{"__uuid__":"7eX9H7bZdB04EqVcCyoM3S"},"_type":1,"_sizeMode":0},{"__type__":"cc.Button","node":{"__id__":4},"duration":0.2,"zoomScale":0.9,"_N$normalColor":{"__type__":"cc.Color","r":255,"g":255,"b":255},"_N$pressedColor":{"__type__":"cc.Color","r":255,"g":255,"b":255},"pressedColor":{"__type__":"cc.Color","r":255,"g":255,"b":255},"_N$disabledColor":{"__type__":"cc.Color","r":255,"g":255,"b":255},"_N$normalSprite":{"__uuid__":"f0BIwQ8D5Ml7nTNQbh1YlS"},"_N$pressedSprite":{"__uuid__":"e97GVMl6JHh5Ml5qEDdSGa"},"pressedSprite":{"__uuid__":"e97GVMl6JHh5Ml5qEDdSGa"},"_N$hoverSprite":{"__uuid__":"e97GVMl6JHh5Ml5qEDdSGa"},"hoverSprite":{"__uuid__":"e97GVMl6JHh5Ml5qEDdSGa"},"_N$disabledSprite":{"__uuid__":"29FYIk+N1GYaeWH/q1NxQO"},"_N$target":{"__id__":4}},{"__type__":"ba89dYesvBONYJHUAqItTwq","node":{"__id__":4},"onSpriteFrame":{"__uuid__":"4dcTMOtvJG9pOUpNuhO3Nj"},"offSpriteFrame":{"__uuid__":"7eX9H7bZdB04EqVcCyoM3S"}}],"_prefab":{"__type__":"cc.PrefabInfo","root":{"__id__":1},"asset":{"__id__":0},"fileId":"45Tp6cK3xGdISB9GiTLMAm"},"_contentSize":{"__type__":"cc.Size","width":118,"height":74},"_position":{"__type__":"cc.Vec3","x":64},"_scale":{"__type__":"cc.Vec3","x":1,"y":1,"z":1}},{"__type__":"cc.Node","_name":"setting","_parent":{"__id__":1},"_components":[{"__type__":"cc.Sprite","node":{"__id__":5},"_spriteFrame":{"__uuid__":"76pkTBGyZLzpxzTukGnJge"}},{"__type__":"cc.Button","node":{"__id__":5},"zoomScale":0.8,"_N$transition":3,"transition":3,"_N$target":{"__id__":5}}],"_prefab":{"__type__":"cc.PrefabInfo","root":{"__id__":1},"asset":{"__id__":0},"fileId":"02AuqasfVJiJxtvVsnFlvK"},"_contentSize":{"__type__":"cc.Size","width":85,"height":85},"_scale":{"__type__":"cc.Vec3","x":1,"y":1,"z":1}}],{"__type__":"cc.SpriteFrame","content":{"name":"setting","texture":"5fTci3qKVC44wD1etrr/jM","rect":[0,0,85,85],"offset":[0,0],"originalSize":[85,85],"capInsets":[0,0,0,0]}},{"__type__":"cc.SpriteFrame","content":{"name":"vibrateoff","texture":"63ZQJLAa9GZ5t82m8td1xq","rect":[0,0,118,74],"offset":[0,0],"originalSize":[118,74],"capInsets":[0,0,0,0]}},{"__type__":"cc.SpriteFrame","content":{"name":"mute","texture":"05kvz92JNEyJ+lWa7D/6ju","rect":[0,0,118,74],"offset":[0,0],"originalSize":[118,74],"capInsets":[0,0,0,0]}},{"__type__":"cc.SpriteFrame","content":{"name":"tipbar","texture":"56oNU4nKdEqqhnz7PFOhn7","rect":[0,0,681,46],"offset":[0,0],"originalSize":[681,46],"capInsets":[0,0,0,0]}}]