[{"__type__":"cc.SpriteFrame","content":{"name":"normal_7","texture":"36UN/kvNNE37S1M+v4RWm/","rect":[0,0,104,132],"offset":[0,0],"originalSize":[104,132],"capInsets":[0,0,0,0]}},[{"__type__":"cc.Prefab","_name":"normal_7","data":{"__id__":1}},{"__type__":"cc.Node","_name":"normal_7","_components":[{"__type__":"cc.Sprite","node":{"__id__":1},"_spriteFrame":{"__uuid__":"6f9hPQ2jpHuaNTOwmTJrM5"},"_sizeMode":0},{"__type__":"cc.RigidBody","node":{"__id__":1},"enabledContactListener":true},{"__type__":"cc.PhysicsPolygonCollider","node":{"__id__":1},"points":[{"__type__":"cc.Vec2","x":-34,"y":66},{"__type__":"cc.Vec2","x":-38,"y":53},{"__type__":"cc.Vec2","x":-47,"y":53},{"__type__":"cc.Vec2","x":-52,"y":38},{"__type__":"cc.Vec2","x":-49,"y":37},{"__type__":"cc.Vec2","x":-47,"y":20},{"__type__":"cc.Vec2","x":-50,"y":20},{"__type__":"cc.Vec2","x":-42,"y":-31},{"__type__":"cc.Vec2","x":-37,"y":-31},{"__type__":"cc.Vec2","x":-31,"y":-66},{"__type__":"cc.Vec2","x":31,"y":-66},{"__type__":"cc.Vec2","x":37,"y":-31},{"__type__":"cc.Vec2","x":42,"y":-31},{"__type__":"cc.Vec2","x":50,"y":20},{"__type__":"cc.Vec2","x":47,"y":20},{"__type__":"cc.Vec2","x":49,"y":37},{"__type__":"cc.Vec2","x":52,"y":38},{"__type__":"cc.Vec2","x":47,"y":53},{"__type__":"cc.Vec2","x":38,"y":53},{"__type__":"cc.Vec2","x":34,"y":66}]},{"__type__":"a058dD7mZpHmIw83dheUpZy","node":{"__id__":1},"shapeType":2}],"_prefab":{"__type__":"cc.PrefabInfo","root":{"__id__":1},"asset":{"__uuid__":"b9Pca9/DFAO5Xegl0NDlzr"},"fileId":"93CyKFy8BGWYxlEqk1xGXk"},"_contentSize":{"__type__":"cc.Size","width":104,"height":132},"_position":{"__type__":"cc.Vec3","x":-320,"y":-568},"_scaleX":1,"_scaleY":1,"_scale":{"__type__":"cc.Vec3","x":1,"y":1,"z":1}}]]