[{"__type__":"cc.SpriteFrame","content":{"name":"again","texture":"c2gVNgK51L6qtJOPnNUYLU","rect":[0,0,279,67],"offset":[0,0],"originalSize":[279,67],"capInsets":[0,0,0,0]}},{"__type__":"cc.SpriteFrame","content":{"name":"rankicon","texture":"13NM3tJORHH7Cb71shDAX5","rect":[2,0,64,64],"offset":[0,2],"originalSize":[68,68],"capInsets":[0,0,0,0]}},{"__type__":"cc.SpriteFrame","content":{"name":"ui_challenge_button_challenge","texture":"caOOLfOzhPD7fdNfaYQc1w","rect":[0,0,300,106],"offset":[0,0],"originalSize":[300,106],"capInsets":[0,0,0,0]}},{"__type__":"cc.SpriteFrame","content":{"name":"best","texture":"d2GVnyO6BDbLWiwyYNC1+o","rect":[0,0,338,25],"offset":[0,0],"originalSize":[338,25],"capInsets":[0,0,0,0]}},[{"__type__":"cc.SceneAsset","_name":"gameEndScene","scene":{"__id__":1},"asyncLoadAssets":null},{"__type__":"cc.Scene","_name":"New Node","_children":[{"__id__":2},{"__id__":25}],"_anchorPoint":{"__type__":"cc.Vec2"},"_scale":{"__type__":"cc.Vec3","x":0.2107383808095952,"y":0.2107383808095952,"z":1},"autoReleaseAssets":true},{"__type__":"cc.Node","_name":"Canvas","_parent":{"__id__":1},"_children":[{"__id__":3},{"__id__":4},{"__id__":5}],"_components":[{"__type__":"cc.Canvas","node":{"__id__":2},"_designResolution":{"__type__":"cc.Size","width":750,"height":1334}},{"__type__":"5bf41N331JFarJGmyifItG1","node":{"__id__":2},"guiderImg":{"__id__":10},"rankBtn":{"__id__":18},"bestScoreLabel":{"__id__":13},"homeBtn":{"__id__":15},"tryAgain":{"__id__":24},"giftBtn":{"__id__":21}}],"_contentSize":{"__type__":"cc.Size","width":750,"height":1334},"_position":{"__type__":"cc.Vec3","x":375,"y":667},"_scale":{"__type__":"cc.Vec3","x":1,"y":1,"z":1},"_id":"0dIbqYMS5OUpiJ/XZCTos5"},{"__type__":"cc.Node","_name":"Main Camera","_parent":{"__id__":2},"_level":1,"_components":[{"__type__":"cc.Camera","node":{"__id__":3},"_clearFlags":7,"_depth":-1}],"_scale":{"__type__":"cc.Vec3","x":1,"y":1,"z":1}},{"__type__":"cc.Node","_name":"bg","_parent":{"__id__":2},"_components":[{"__type__":"cc.Sprite","node":{"__id__":4},"_spriteFrame":{"__uuid__":"a2MjXRFdtLlYQ5ouAFv/+R"},"_sizeMode":0},{"__type__":"cc.Widget","node":{"__id__":4},"alignMode":0,"_alignFlags":45,"_originalWidth":100,"_originalHeight":100}],"_color":{"__type__":"cc.Color"},"_contentSize":{"__type__":"cc.Size","width":750,"height":1334},"_scale":{"__type__":"cc.Vec3","x":1,"y":1,"z":1}},{"__type__":"cc.Node","_name":"content","_parent":{"__id__":2},"_children":[{"__id__":6},{"__id__":7},{"__id__":10},{"__id__":11},{"__id__":12},{"__id__":14},{"__id__":24}],"_components":[{"__type__":"cc.Layout","node":{"__id__":5},"_N$layoutType":2,"_N$paddingTop":100,"_N$spacingY":12}],"_contentSize":{"__type__":"cc.Size","width":670,"height":1334},"_scale":{"__type__":"cc.Vec3","x":1,"y":1,"z":1}},{"__type__":"cc.Node","_name":"moregametitle","_parent":{"__id__":5},"_components":[{"__type__":"cc.Sprite","node":{"__id__":6},"_spriteFrame":{"__uuid__":"bcn7PC+89NK7yA1TgZYBaf"}}],"_contentSize":{"__type__":"cc.Size","width":475,"height":38},"_position":{"__type__":"cc.Vec3","y":548},"_scale":{"__type__":"cc.Vec3","x":1,"y":1,"z":1}},{"__type__":"cc.Node","_name":"gameOverAdsPanel","_parent":{"__id__":5},"_children":[{"__id__":8},{"__id__":9}],"_level":1,"_components":[{"__type__":"06ca2Zjd/RCFJYIDtYnY4El","node":{"__id__":7},"adItemPrefab":{"__uuid__":"d4XkU+CqtKjqKLUY5RUir0"},"adsContainer":{"__id__":9}}],"_prefab":{"__type__":"cc.PrefabInfo","root":{"__id__":7},"asset":{"__uuid__":"a3TBJjtD9E5JRjZ2LzWH8G"},"fileId":"06JkbyfSJFsblv+RramyyG"},"_contentSize":{"__type__":"cc.Size","width":643,"height":535},"_position":{"__type__":"cc.Vec3","y":249.5},"_scale":{"__type__":"cc.Vec3","x":1,"y":1,"z":1}},{"__type__":"cc.Node","_name":"bg","_parent":{"__id__":7},"_level":2,"_components":[{"__type__":"cc.Sprite","node":{"__id__":8},"_spriteFrame":{"__uuid__":"5dhHZbLulKB7I8GHkV6DlX"},"_sizeMode":0}],"_prefab":{"__type__":"cc.PrefabInfo","root":{"__id__":7},"asset":{"__uuid__":"a3TBJjtD9E5JRjZ2LzWH8G"},"fileId":"dbNC6vkkVH3aX4CwtmSqj2"},"_contentSize":{"__type__":"cc.Size","width":690,"height":585},"_scale":{"__type__":"cc.Vec3","x":1,"y":1,"z":1}},{"__type__":"cc.Node","_name":"adsContainer","_parent":{"__id__":7},"_level":3,"_components":[{"__type__":"cc.Widget","node":{"__id__":9},"_alignFlags":45},{"__type__":"cc.Layout","node":{"__id__":9},"_N$layoutType":3,"_N$paddingLeft":15,"_N$paddingTop":15,"_N$paddingBottom":15,"_N$spacingX":10,"_N$spacingY":10}],"_prefab":{"__type__":"cc.PrefabInfo","root":{"__id__":7},"asset":{"__uuid__":"a3TBJjtD9E5JRjZ2LzWH8G"},"fileId":"0bj0uXny9PQq/7OAMgs6FC"},"_contentSize":{"__type__":"cc.Size","width":643,"height":535},"_scale":{"__type__":"cc.Vec3","x":1,"y":1,"z":1}},{"__type__":"cc.Node","_name":"guiderImg","_parent":{"__id__":5},"_level":1,"_components":[{"__type__":"cc.Sprite","node":{"__id__":10}},{"__type__":"32681cSg4xDVb4//GN2/uSH","node":{"__id__":10}}],"_contentSize":{"__type__":"cc.Size","width":643,"height":253},"_position":{"__type__":"cc.Vec3","y":-156.5},"_scale":{"__type__":"cc.Vec3","x":1,"y":1,"z":1}},{"__type__":"cc.Node","_name":"历史最高@2x","_parent":{"__id__":5},"_components":[{"__type__":"cc.Sprite","node":{"__id__":11},"_spriteFrame":{"__uuid__":"a6iAIZJitJtJ0i33ry1rSk"}}],"_contentSize":{"__type__":"cc.Size","width":338,"height":25},"_position":{"__type__":"cc.Vec3","y":-307.5},"_scale":{"__type__":"cc.Vec3","x":1,"y":1,"z":1}},{"__type__":"cc.Node","_name":"bestScore","_parent":{"__id__":5},"_components":[{"__id__":13}],"_contentSize":{"__type__":"cc.Size","width":45,"height":100},"_position":{"__type__":"cc.Vec3","y":-382},"_scale":{"__type__":"cc.Vec3","x":1,"y":1,"z":1}},{"__type__":"cc.Label","node":{"__id__":12},"_srcBlendFactor":1,"_useOriginalSize":false,"_string":"0","_N$string":"0","_fontSize":90,"_lineHeight":100,"_N$horizontalAlign":1,"_N$verticalAlign":1,"_N$fontFamily":"苹方"},{"__type__":"cc.Node","_name":"buttons","_parent":{"__id__":5},"_children":[{"__id__":15},{"__id__":18},{"__id__":21},{"__id__":22}],"_components":[{"__type__":"cc.Layout","node":{"__id__":14},"_layoutSize":{"__type__":"cc.Size","width":668,"height":106},"_resize":1,"_N$layoutType":1,"_N$spacingX":30}],"_contentSize":{"__type__":"cc.Size","width":668,"height":106},"_position":{"__type__":"cc.Vec3","y":-497},"_scale":{"__type__":"cc.Vec3","x":1,"y":1,"z":1}},{"__type__":"cc.Node","_name":"home","_parent":{"__id__":14},"_children":[{"__id__":16},{"__id__":17}],"_components":[{"__type__":"cc.Sprite","node":{"__id__":15},"_type":1,"_sizeMode":0},{"__type__":"cc.Button","node":{"__id__":15},"zoomScale":0.9,"_N$transition":3,"transition":3,"_N$normalColor":{"__type__":"cc.Color","r":255,"g":255,"b":255},"_N$pressedColor":{"__type__":"cc.Color","r":255,"g":255,"b":255},"pressedColor":{"__type__":"cc.Color","r":255,"g":255,"b":255},"_N$disabledColor":{"__type__":"cc.Color","r":255,"g":255,"b":255},"_N$pressedSprite":{"__uuid__":"e97GVMl6JHh5Ml5qEDdSGa"},"pressedSprite":{"__uuid__":"e97GVMl6JHh5Ml5qEDdSGa"},"_N$hoverSprite":{"__uuid__":"e97GVMl6JHh5Ml5qEDdSGa"},"hoverSprite":{"__uuid__":"e97GVMl6JHh5Ml5qEDdSGa"},"_N$disabledSprite":{"__uuid__":"29FYIk+N1GYaeWH/q1NxQO"},"_N$target":{"__id__":15}}],"_contentSize":{"__type__":"cc.Size","width":64,"height":64},"_position":{"__type__":"cc.Vec3","x":-302},"_scale":{"__type__":"cc.Vec3","x":1,"y":1,"z":1}},{"__type__":"cc.Node","_name":"ui_share_button_back-to-the-homepage","_parent":{"__id__":15},"_components":[{"__type__":"cc.Sprite","node":{"__id__":16},"_spriteFrame":{"__uuid__":"bfctdAtshCxJolAK+jCW+q"}}],"_contentSize":{"__type__":"cc.Size","width":64,"height":64},"_scale":{"__type__":"cc.Vec3","x":1,"y":1,"z":1}},{"__type__":"cc.Node","_name":"Label","_parent":{"__id__":15},"_components":[{"__type__":"cc.Label","node":{"__id__":17},"_srcBlendFactor":1,"_useOriginalSize":false,"_string":"返回主页","_N$string":"返回主页","_fontSize":20,"_lineHeight":26,"_N$horizontalAlign":1,"_N$verticalAlign":1,"_N$overflow":1}],"_color":{"__type__":"cc.Color","r":254,"g":221,"b":1},"_contentSize":{"__type__":"cc.Size","width":100,"height":40},"_position":{"__type__":"cc.Vec3","y":-47},"_scale":{"__type__":"cc.Vec3","x":1,"y":1,"z":1}},{"__type__":"cc.Node","_name":"rank","_parent":{"__id__":14},"_children":[{"__id__":19},{"__id__":20}],"_level":1,"_components":[{"__type__":"cc.Sprite","node":{"__id__":18},"_type":1,"_sizeMode":0},{"__type__":"cc.Button","node":{"__id__":18},"zoomScale":0.9,"_N$transition":3,"transition":3,"_N$normalColor":{"__type__":"cc.Color","r":255,"g":255,"b":255},"_N$pressedColor":{"__type__":"cc.Color","r":255,"g":255,"b":255},"pressedColor":{"__type__":"cc.Color","r":255,"g":255,"b":255},"_N$disabledColor":{"__type__":"cc.Color","r":255,"g":255,"b":255},"_N$pressedSprite":{"__uuid__":"e97GVMl6JHh5Ml5qEDdSGa"},"pressedSprite":{"__uuid__":"e97GVMl6JHh5Ml5qEDdSGa"},"_N$hoverSprite":{"__uuid__":"e97GVMl6JHh5Ml5qEDdSGa"},"hoverSprite":{"__uuid__":"e97GVMl6JHh5Ml5qEDdSGa"},"_N$disabledSprite":{"__uuid__":"29FYIk+N1GYaeWH/q1NxQO"},"_N$target":{"__id__":18}}],"_contentSize":{"__type__":"cc.Size","width":64,"height":64},"_position":{"__type__":"cc.Vec3","x":-208},"_scale":{"__type__":"cc.Vec3","x":1,"y":1,"z":1}},{"__type__":"cc.Node","_name":"icon","_parent":{"__id__":18},"_components":[{"__type__":"cc.Sprite","node":{"__id__":19},"_spriteFrame":{"__uuid__":"3fzdSUHNVNO4AtOawwANMm"}}],"_contentSize":{"__type__":"cc.Size","width":64,"height":64},"_scale":{"__type__":"cc.Vec3","x":1,"y":1,"z":1}},{"__type__":"cc.Node","_name":"Label","_parent":{"__id__":18},"_components":[{"__type__":"cc.Label","node":{"__id__":20},"_srcBlendFactor":1,"_useOriginalSize":false,"_string":"排行榜","_N$string":"排行榜","_fontSize":20,"_lineHeight":26,"_N$horizontalAlign":1,"_N$verticalAlign":1,"_N$overflow":1}],"_color":{"__type__":"cc.Color","r":254,"g":221,"b":1},"_contentSize":{"__type__":"cc.Size","width":100,"height":40},"_position":{"__type__":"cc.Vec3","y":-47},"_scale":{"__type__":"cc.Vec3","x":1,"y":1,"z":1}},{"__type__":"cc.Node","_name":"shareBtn","_parent":{"__id__":14},"_components":[{"__type__":"cc.Sprite","node":{"__id__":21},"_spriteFrame":{"__uuid__":"6cxcWIEqRNN5WROPm2SV2I"}},{"__type__":"cc.Button","node":{"__id__":21},"zoomScale":0.9,"_N$transition":3,"transition":3,"_N$target":{"__id__":21}}],"_contentSize":{"__type__":"cc.Size","width":300,"height":106},"_position":{"__type__":"cc.Vec3","x":4},"_scale":{"__type__":"cc.Vec3","x":1,"y":1,"z":1}},{"__type__":"cc.Node","_name":"space","_parent":{"__id__":14},"_children":[{"__id__":23}],"_contentSize":{"__type__":"cc.Size","width":150,"height":150},"_position":{"__type__":"cc.Vec3","x":259},"_scale":{"__type__":"cc.Vec3","x":1,"y":1,"z":1}},{"__type__":"cc.Node","_name":"towerSnapshot","_parent":{"__id__":22},"_components":[{"__type__":"cc.Sprite","node":{"__id__":23},"_sizeMode":0},{"__type__":"32681cSg4xDVb4//GN2/uSH","node":{"__id__":23},"imageURL":"https://xz-cdn.youkongwan.com/game/perfecttower/shareTowerBtn.png"},{"__type__":"82332B+Ng5MgINwyIaxsbKU","node":{"__id__":23}}],"_contentSize":{"__type__":"cc.Size","width":150,"height":300},"_scale":{"__type__":"cc.Vec3","x":1,"y":1,"z":1}},{"__type__":"cc.Node","_name":"tryAgain","_parent":{"__id__":5},"_level":1,"_components":[{"__type__":"cc.Sprite","node":{"__id__":24},"_spriteFrame":{"__uuid__":"2fzV9z7QdFobuWdvKU8cCo"},"_type":1,"_sizeMode":0},{"__type__":"cc.Button","node":{"__id__":24},"duration":0.2,"zoomScale":0.9,"_N$transition":3,"transition":3,"_N$normalColor":{"__type__":"cc.Color","r":255,"g":255,"b":255},"_N$pressedColor":{"__type__":"cc.Color","r":255,"g":255,"b":255},"pressedColor":{"__type__":"cc.Color","r":255,"g":255,"b":255},"_N$disabledColor":{"__type__":"cc.Color","r":255,"g":255,"b":255},"_N$pressedSprite":{"__uuid__":"e97GVMl6JHh5Ml5qEDdSGa"},"pressedSprite":{"__uuid__":"e97GVMl6JHh5Ml5qEDdSGa"},"_N$hoverSprite":{"__uuid__":"e97GVMl6JHh5Ml5qEDdSGa"},"hoverSprite":{"__uuid__":"e97GVMl6JHh5Ml5qEDdSGa"},"_N$disabledSprite":{"__uuid__":"29FYIk+N1GYaeWH/q1NxQO"},"_N$target":{"__id__":24}}],"_contentSize":{"__type__":"cc.Size","width":279,"height":67},"_position":{"__type__":"cc.Vec3","x":3,"y":-595.5},"_scale":{"__type__":"cc.Vec3","x":1,"y":1,"z":1}},{"__type__":"cc.Node","_name":"bannerAd","_parent":{"__id__":1},"_components":[{"__type__":"cc.Sprite","node":{"__id__":25},"_spriteFrame":{"__uuid__":"a2MjXRFdtLlYQ5ouAFv/+R"},"_sizeMode":0},{"__type__":"ed6cccXls1LR5n5h+MNHO9B","node":{"__id__":25},"bannerAdIDs":["adunit-38189d24ea785de2","adunit-95b959ce143dd3f8","adunit-2f2da5afc89b69c1"],"hideByDefault":true}],"_color":{"__type__":"cc.Color","r":254,"g":182,"b":44},"_contentSize":{"__type__":"cc.Size","width":100,"height":100},"_anchorPoint":{"__type__":"cc.Vec2"},"_position":{"__type__":"cc.Vec3","x":-326},"_scale":{"__type__":"cc.Vec3","x":1,"y":1,"z":1},"_id":"39S1udbRpEIpiS7NHPDm0p"}]]