[[{"__type__":"cc.Prefab","_name":"MapLoad","data":{"__id__":1}},{"__type__":"cc.Node","_name":"New Node","_children":[{"__id__":2}],"_level":1,"_components":[{"__type__":"6bd71JtX/RIW4X8ECAql347","node":{"__id__":1},"mapname":{"__id__":6},"mapload":{"__id__":8},"maploadBg":{"__id__":9}},{"__type__":"cc.BlockInputEvents","node":{"__id__":1}}],"_prefab":{"__type__":"cc.PrefabInfo","root":{"__id__":1},"asset":{"__uuid__":"a0Os33fvpN8Lzduifqta2i"},"fileId":"91R1kq2CtLXpKroxz+d6VV"},"_color":{"__type__":"cc.Color","r":19,"g":19,"b":19},"_contentSize":{"__type__":"cc.Size","width":750,"height":1334},"_scale":{"__type__":"cc.Vec3","x":1,"y":1,"z":1}},{"__type__":"cc.Node","_name":"New Sprite(Splash)","_parent":{"__id__":1},"_children":[{"__id__":3}],"_level":2,"_components":[{"__type__":"cc.Sprite","node":{"__id__":2},"_spriteFrame":{"__uuid__":"a2MjXRFdtLlYQ5ouAFv/+R"},"_sizeMode":0}],"_prefab":{"__type__":"cc.PrefabInfo","root":{"__id__":1},"asset":{"__uuid__":"a0Os33fvpN8Lzduifqta2i"},"fileId":"e63UB1NJFJmZOecugAFkn0"},"_color":{"__type__":"cc.Color","r":19,"g":19,"b":19},"_contentSize":{"__type__":"cc.Size","width":750,"height":1334},"_scale":{"__type__":"cc.Vec3","x":1,"y":1,"z":1}},{"__type__":"cc.Node","_name":"101","_parent":{"__id__":2},"_children":[{"__id__":4}],"_level":3,"_components":[{"__id__":9},{"__type__":"cc.Widget","node":{"__id__":3},"_alignFlags":1,"_top":350}],"_prefab":{"__type__":"cc.PrefabInfo","root":{"__id__":1},"asset":{"__uuid__":"a0Os33fvpN8Lzduifqta2i"},"fileId":"bbEp82JwhGer3y9q5eSnbY"},"_contentSize":{"__type__":"cc.Size","width":750,"height":176},"_position":{"__type__":"cc.Vec3","y":229},"_scale":{"__type__":"cc.Vec3","x":1,"y":1,"z":1}},{"__type__":"cc.Node","_name":"New Node","_parent":{"__id__":3},"_children":[{"__id__":5},{"__id__":7}],"_level":4,"_prefab":{"__type__":"cc.PrefabInfo","root":{"__id__":1},"asset":{"__uuid__":"a0Os33fvpN8Lzduifqta2i"},"fileId":"0cZDTwbGBCM5qTDp0PTf+C"},"_contentSize":{"__type__":"cc.Size","width":750,"height":150},"_position":{"__type__":"cc.Vec3","y":13},"_scale":{"__type__":"cc.Vec3","x":1,"y":1,"z":1}},{"__type__":"cc.Node","_name":"mapname","_parent":{"__id__":4},"_level":5,"_components":[{"__id__":6},{"__type__":"cc.Widget","node":{"__id__":5},"_alignFlags":12,"_left":198.935}],"_prefab":{"__type__":"cc.PrefabInfo","root":{"__id__":1},"asset":{"__uuid__":"a0Os33fvpN8Lzduifqta2i"},"fileId":"3at6r7KdlPuoy7d3yLgUG7"},"_contentSize":{"__type__":"cc.Size","height":40},"_position":{"__type__":"cc.Vec3","x":-176.065,"y":-55},"_scale":{"__type__":"cc.Vec3","x":1,"y":1,"z":1}},{"__type__":"cc.Label","node":{"__id__":5},"_srcBlendFactor":1,"_useOriginalSize":false,"_N$horizontalAlign":1,"_N$verticalAlign":1,"_N$fontFamily":"苹方"},{"__type__":"cc.Node","_name":"mapicon","_parent":{"__id__":4},"_level":5,"_components":[{"__id__":8}],"_prefab":{"__type__":"cc.PrefabInfo","root":{"__id__":1},"asset":{"__uuid__":"a0Os33fvpN8Lzduifqta2i"},"fileId":"41aJlRwitO6IxBOIBcmJvC"},"_contentSize":{"__type__":"cc.Size","width":273,"height":237},"_position":{"__type__":"cc.Vec3","x":193},"_scale":{"__type__":"cc.Vec3","x":1,"y":1,"z":1}},{"__type__":"cc.Sprite","node":{"__id__":7},"_sizeMode":0},{"__type__":"cc.Sprite","node":{"__id__":3},"_sizeMode":0}],{"__type__":"cc.SpriteFrame","content":{"name":"default_sprite_splash","texture":"02delMVqdBD70a/HSD99FK","rect":[0,0,2,2],"offset":[0,0],"originalSize":[2,2],"capInsets":[0,0,0,0]}}]