[{"__type__":"cc.SpriteFrame","content":{"name":"jinbikaobei","texture":"44xTUogfdFiK6frQoW+pAO","rect":[941,166,35,36],"offset":[0,0],"originalSize":[35,36],"capInsets":[0,0,0,0]}},{"__type__":"cc.SpriteFrame","content":{"name":"close (2)","texture":"a1kFce2/xNx60AtnsccfV2","rect":[383,897,28,27],"offset":[0,0],"originalSize":[28,27],"capInsets":[0,0,0,0]}},{"__type__":"cc.SpriteFrame","content":{"name":"tanchuangtongyon","texture":"a1kFce2/xNx60AtnsccfV2","rect":[112,794,261,84],"offset":[0,0],"originalSize":[261,84],"capInsets":[0,0,0,0]}},{"__type__":"cc.SpriteFrame","content":{"name":"tanchuanbg","texture":"a1kFce2/xNx60AtnsccfV2","rect":[821,756,80,78],"offset":[0,0],"originalSize":[80,78],"capInsets":[11,11,11,10]}},[{"__type__":"cc.Prefab","_name":"GetCoin","data":{"__id__":1}},{"__type__":"cc.Node","_name":"getcoin","_children":[{"__id__":2}],"_level":1,"_components":[{"__type__":"32379SORxNJwYTUSSsdXrsU","node":{"__id__":1},"close":{"__id__":5},"coin":{"__id__":12},"playBt":{"__id__":13}}],"_prefab":{"__type__":"cc.PrefabInfo","root":{"__id__":1},"asset":{"__uuid__":"625OMn1GFC4av9YxkeFhlq"},"fileId":"7eB40IZF5Pmoag2Unvt7P4"},"_contentSize":{"__type__":"cc.Size","width":700,"height":600},"_position":{"__type__":"cc.Vec3","y":-42.5},"_scale":{"__type__":"cc.Vec3","x":1,"y":1,"z":1}},{"__type__":"cc.Node","_name":"content","_parent":{"__id__":1},"_children":[{"__id__":3},{"__id__":7},{"__id__":9},{"__id__":13},{"__id__":16}],"_level":2,"_components":[{"__type__":"cc.Sprite","node":{"__id__":2},"_spriteFrame":{"__uuid__":"510X4D6aFPGa9wjpS7Ot5t"},"_type":1,"_sizeMode":0}],"_prefab":{"__type__":"cc.PrefabInfo","root":{"__id__":1},"asset":{"__uuid__":"625OMn1GFC4av9YxkeFhlq"},"fileId":"b5AHKBJWdJ4pYhhELCdsJR"},"_contentSize":{"__type__":"cc.Size","width":588,"height":570},"_scale":{"__type__":"cc.Vec3","x":1,"y":1,"z":1}},{"__type__":"cc.Node","_name":"top","_parent":{"__id__":2},"_children":[{"__id__":4},{"__id__":5}],"_level":3,"_components":[{"__type__":"cc.Sprite","node":{"__id__":3},"_spriteFrame":{"__uuid__":"b3CLDo9FhEhpyt697OG5HT"},"_type":1,"_sizeMode":0},{"__type__":"cc.Widget","node":{"__id__":3},"_alignFlags":1,"_top":9}],"_prefab":{"__type__":"cc.PrefabInfo","root":{"__id__":1},"asset":{"__uuid__":"625OMn1GFC4av9YxkeFhlq"},"fileId":"1f3FQeWC1KfoeBawZGDKtP"},"_contentSize":{"__type__":"cc.Size","width":570,"height":60},"_position":{"__type__":"cc.Vec3","y":246},"_scale":{"__type__":"cc.Vec3","x":1,"y":1,"z":1}},{"__type__":"cc.Node","_name":"title","_parent":{"__id__":3},"_level":4,"_components":[{"__type__":"cc.Label","node":{"__id__":4},"_srcBlendFactor":1,"_useOriginalSize":false,"_string":"免费获取金币","_N$string":"免费获取金币","_N$horizontalAlign":1,"_N$verticalAlign":1,"_N$fontFamily":"苹方"}],"_prefab":{"__type__":"cc.PrefabInfo","root":{"__id__":1},"asset":{"__uuid__":"625OMn1GFC4av9YxkeFhlq"},"fileId":"17xM4lcnBN5KlBG3C+EWH+"},"_contentSize":{"__type__":"cc.Size","width":240,"height":40},"_scale":{"__type__":"cc.Vec3","x":1,"y":1,"z":1}},{"__type__":"cc.Node","_name":"close","_parent":{"__id__":3},"_children":[{"__id__":6}],"_level":4,"_components":[{"__type__":"cc.Widget","node":{"__id__":5},"_alignFlags":32},{"__type__":"cc.Button","node":{"__id__":5},"_N$transition":3,"transition":3,"_N$target":{"__id__":5}}],"_prefab":{"__type__":"cc.PrefabInfo","root":{"__id__":1},"asset":{"__uuid__":"625OMn1GFC4av9YxkeFhlq"},"fileId":"eeKyZ79XZFMLgXts7azMeR"},"_contentSize":{"__type__":"cc.Size","width":70,"height":70},"_position":{"__type__":"cc.Vec3","x":250},"_scale":{"__type__":"cc.Vec3","x":1,"y":1,"z":1}},{"__type__":"cc.Node","_name":"alert-close","_parent":{"__id__":5},"_level":5,"_components":[{"__type__":"cc.Sprite","node":{"__id__":6},"_spriteFrame":{"__uuid__":"33DcKl9v5Ef6qoSRMZ5ejJ"}}],"_prefab":{"__type__":"cc.PrefabInfo","root":{"__id__":1},"asset":{"__uuid__":"625OMn1GFC4av9YxkeFhlq"},"fileId":"f7Xfm8+yhB5bk8OBe4C9w9"},"_contentSize":{"__type__":"cc.Size","width":28,"height":27},"_scale":{"__type__":"cc.Vec3","x":1,"y":1,"z":1}},{"__type__":"cc.Node","_name":"bg","_parent":{"__id__":2},"_level":3,"_components":[{"__id__":8},{"__type__":"cc.Widget","node":{"__id__":7},"_alignFlags":1,"_top":105},{"__type__":"32540GFq4FAT5ZSyUpi/XyW","node":{"__id__":7},"img":{"__id__":8},"url":"texture/newpacke/getcoin.png"}],"_prefab":{"__type__":"cc.PrefabInfo","root":{"__id__":1},"asset":{"__uuid__":"625OMn1GFC4av9YxkeFhlq"},"fileId":"08rsRAiANGwqGYdppGWeaW"},"_contentSize":{"__type__":"cc.Size","width":250,"height":200},"_position":{"__type__":"cc.Vec3","y":80},"_scale":{"__type__":"cc.Vec3","x":1,"y":1,"z":1}},{"__type__":"cc.Sprite","node":{"__id__":7}},{"__type__":"cc.Node","_name":"layout","_parent":{"__id__":2},"_children":[{"__id__":10},{"__id__":11}],"_level":3,"_components":[{"__type__":"cc.Sprite","node":{"__id__":9},"_type":1,"_sizeMode":0},{"__type__":"cc.Layout","node":{"__id__":9},"_layoutSize":{"__type__":"cc.Size","width":156.23000000000002,"height":26},"_resize":1,"_N$layoutType":1,"_N$spacingX":10},{"__type__":"cc.Widget","node":{"__id__":9},"_alignFlags":1,"_top":318}],"_prefab":{"__type__":"cc.PrefabInfo","root":{"__id__":1},"asset":{"__uuid__":"625OMn1GFC4av9YxkeFhlq"},"fileId":"a3pw2es1FEo5bV1FC7mF0R"},"_contentSize":{"__type__":"cc.Size","width":156.23000000000002,"height":26},"_position":{"__type__":"cc.Vec3","y":-46},"_scale":{"__type__":"cc.Vec3","x":1,"y":1,"z":1}},{"__type__":"cc.Node","_name":"jinbikaobei","_parent":{"__id__":9},"_level":4,"_components":[{"__type__":"cc.Sprite","node":{"__id__":10},"_spriteFrame":{"__uuid__":"2fWD19KmtCToh0oi5Vzush"}}],"_prefab":{"__type__":"cc.PrefabInfo","root":{"__id__":1},"asset":{"__uuid__":"625OMn1GFC4av9YxkeFhlq"},"fileId":"79eme/nlRHe4zNc3ztakyd"},"_contentSize":{"__type__":"cc.Size","width":35,"height":36},"_position":{"__type__":"cc.Vec3","x":-60.61500000000001},"_scale":{"__type__":"cc.Vec3","x":1,"y":1,"z":1}},{"__type__":"cc.Node","_name":"text","_parent":{"__id__":9},"_level":4,"_components":[{"__id__":12},{"__type__":"cc.Widget","node":{"__id__":11},"_alignFlags":1,"_top":-8}],"_prefab":{"__type__":"cc.PrefabInfo","root":{"__id__":1},"asset":{"__uuid__":"625OMn1GFC4av9YxkeFhlq"},"fileId":"a848ksGhdCoK8aQUOOTb98"},"_contentSize":{"__type__":"cc.Size","width":111.23,"height":42},"_position":{"__type__":"cc.Vec3","x":22.499999999999993},"_scale":{"__type__":"cc.Vec3","x":1,"y":1,"z":1}},{"__type__":"cc.Label","node":{"__id__":11},"_srcBlendFactor":1,"_useOriginalSize":false,"_string":"99999","_N$string":"99999","_lineHeight":42,"_N$horizontalAlign":1,"_N$verticalAlign":1},{"__type__":"cc.Node","_name":"alert-tanchuangtongyon","_parent":{"__id__":2},"_children":[{"__id__":14},{"__id__":15}],"_level":3,"_components":[{"__type__":"cc.Sprite","node":{"__id__":13},"_spriteFrame":{"__uuid__":"39PxN1FxBCxLjMGmRJhgVO"}},{"__type__":"cc.Widget","node":{"__id__":13},"_alignFlags":1,"_top":432},{"__type__":"cc.Button","node":{"__id__":13},"_N$transition":3,"transition":3,"_N$target":{"__id__":13}}],"_prefab":{"__type__":"cc.PrefabInfo","root":{"__id__":1},"asset":{"__uuid__":"625OMn1GFC4av9YxkeFhlq"},"fileId":"cecrbVpX9BQ5DsVEpEIl50"},"_contentSize":{"__type__":"cc.Size","width":261,"height":84},"_position":{"__type__":"cc.Vec3","y":-189},"_scale":{"__type__":"cc.Vec3","x":1,"y":1,"z":1}},{"__type__":"cc.Node","_name":"play","_parent":{"__id__":13},"_level":4,"_components":[{"__type__":"cc.Sprite","node":{"__id__":14},"_spriteFrame":{"__uuid__":"acxVINpWJAJ5NFMDZ8ynEq"}}],"_prefab":{"__type__":"cc.PrefabInfo","root":{"__id__":1},"asset":{"__uuid__":"625OMn1GFC4av9YxkeFhlq"},"fileId":"abIqlZ/alEva3TxR5ymvvx"},"_contentSize":{"__type__":"cc.Size","width":57,"height":57},"_position":{"__type__":"cc.Vec3","x":-80,"y":3.8},"_scale":{"__type__":"cc.Vec3","x":1,"y":1,"z":1}},{"__type__":"cc.Node","_name":"New Label","_parent":{"__id__":13},"_level":4,"_components":[{"__type__":"cc.Label","node":{"__id__":15},"_srcBlendFactor":1,"_useOriginalSize":false,"_string":"获取","_N$string":"获取","_fontSize":30,"_lineHeight":32,"_N$horizontalAlign":1,"_N$verticalAlign":1,"_N$fontFamily":"苹方"}],"_prefab":{"__type__":"cc.PrefabInfo","root":{"__id__":1},"asset":{"__uuid__":"625OMn1GFC4av9YxkeFhlq"},"fileId":"d40X/Pb5tNE6yzOMwWMtjV"},"_contentSize":{"__type__":"cc.Size","width":60,"height":32},"_position":{"__type__":"cc.Vec3","x":-1},"_scale":{"__type__":"cc.Vec3","x":1,"y":1,"z":1}},{"__type__":"cc.Node","_name":"New Label","_parent":{"__id__":2},"_level":3,"_components":[{"__type__":"cc.Label","node":{"__id__":16},"_srcBlendFactor":1,"_useOriginalSize":false,"_string":"观看视频可免费获得金币","_N$string":"观看视频可免费获得金币","_fontSize":24,"_lineHeight":26,"_N$horizontalAlign":1,"_N$verticalAlign":1}],"_prefab":{"__type__":"cc.PrefabInfo","root":{"__id__":1},"asset":{"__uuid__":"625OMn1GFC4av9YxkeFhlq"},"fileId":"3cj+LvrLBM9aXAwkoh1UPe"},"_contentSize":{"__type__":"cc.Size","width":264,"height":26},"_position":{"__type__":"cc.Vec3","y":-101},"_scale":{"__type__":"cc.Vec3","x":1,"y":1,"z":1}}],{"__type__":"cc.SpriteFrame","content":{"name":"play","texture":"a1kFce2/xNx60AtnsccfV2","rect":[906,796,57,57],"offset":[0,0],"originalSize":[57,57],"capInsets":[0,0,0,0]}},{"__type__":"cc.SpriteFrame","content":{"name":"shangcehng","texture":"a1kFce2/xNx60AtnsccfV2","rect":[62,412,679,59],"offset":[0,0],"originalSize":[679,59],"capInsets":[0,0,0,0]}}]