[{"__type__":"cc.SpriteFrame","content":{"name":"bg01","texture":"125xUtuS1BiKfU2ZVD9qe7","rect":[10,10,750,750],"offset":[0,0],"originalSize":[750,750],"capInsets":[0,0,0,0]}},{"__type__":"cc.SpriteFrame","content":{"name":"bg02","texture":"125xUtuS1BiKfU2ZVD9qe7","rect":[10,775,750,584],"offset":[0,0],"originalSize":[750,584],"capInsets":[0,0,0,0]}},{"__type__":"cc.SpriteFrame","content":{"name":"bg22","texture":"125xUtuS1BiKfU2ZVD9qe7","rect":[775,799,149,130],"offset":[0,0],"originalSize":[149,130],"capInsets":[0,0,0,0]}},{"__type__":"cc.SpriteFrame","content":{"name":"bg00","texture":"125xUtuS1BiKfU2ZVD9qe7","rect":[775,10,273,237],"offset":[0,0],"originalSize":[273,237],"rotated":1,"capInsets":[0,0,0,0]}},{"__type__":"cc.SpriteFrame","content":{"name":"bg21","texture":"125xUtuS1BiKfU2ZVD9qe7","rect":[775,654,149,130],"offset":[0,0],"originalSize":[149,130],"capInsets":[0,0,0,0]}},{"__type__":"cc.SpriteFrame","content":{"name":"bg31","texture":"125xUtuS1BiKfU2ZVD9qe7","rect":[939,654,136,69],"offset":[0,0],"originalSize":[136,69],"rotated":1,"capInsets":[0,0,0,0]}},{"__type__":"cc.SpriteAtlas","_name":"4.plist","_spriteFrames":{"bg00":{"__uuid__":"55WDonQRlJPbyKwrwjcXjX"},"bg01":{"__uuid__":"1fon9nofVIE5vBwCkNrnma"},"bg02":{"__uuid__":"37e0a7XKdNiaHA1nEq+GcS"},"bg11":{"__uuid__":"ebkpoYpnpNRpVFwhjyvii9"},"bg12":{"__uuid__":"f8taTnJfJOAJC49EyqzAq5"},"bg21":{"__uuid__":"5avdba8B9NkYCqSxBT7LHD"},"bg22":{"__uuid__":"4aBjB/qeBAo6RgglknOAy4"},"bg31":{"__uuid__":"7al/XbLjNO+KNsMNS5Xtij"},"bg32":{"__uuid__":"d58PMtO5lKAI3ax6kYTXsj"}}},{"__type__":"cc.SpriteFrame","content":{"name":"bg32","texture":"125xUtuS1BiKfU2ZVD9qe7","rect":[939,805,136,69],"offset":[0,0],"originalSize":[136,69],"rotated":1,"capInsets":[0,0,0,0]}},{"__type__":"cc.SpriteFrame","content":{"name":"bg11","texture":"125xUtuS1BiKfU2ZVD9qe7","rect":[775,298,169,163],"offset":[0,0],"originalSize":[169,163],"capInsets":[0,0,0,0]}},{"__type__":"cc.SpriteFrame","content":{"name":"bg12","texture":"125xUtuS1BiKfU2ZVD9qe7","rect":[775,476,169,163],"offset":[0,0],"originalSize":[169,163],"capInsets":[0,0,0,0]}}]