[{"__type__":"cc.SpriteFrame","content":{"name":"vip","texture":"d2mZm4YZ1NYqPd05Z8hLBU","rect":[619,0,71,38],"offset":[0,0],"originalSize":[71,38],"capInsets":[0,0,0,0]}},{"__type__":"cc.SpriteFrame","content":{"name":"rank1","texture":"d2mZm4YZ1NYqPd05Z8hLBU","rect":[96,103,48,59],"offset":[0,0],"originalSize":[48,59],"capInsets":[0,0,0,0]}},{"__type__":"cc.SpriteFrame","content":{"name":"rank2","texture":"d2mZm4YZ1NYqPd05Z8hLBU","rect":[0,103,48,58],"offset":[0,0],"originalSize":[48,58],"capInsets":[0,0,0,0]}},[{"__type__":"cc.Prefab","_name":"item","data":{"__id__":1}},{"__type__":"cc.Node","_name":"item","_children":[{"__id__":2}],"_level":1,"_components":[{"__type__":"cc.Sprite","node":{"__id__":1},"_sizeMode":0},{"__type__":"65bcdfRnV5JDqiFMWKCVjNo","node":{"__id__":1},"count":{"__id__":6},"head":{"__id__":11},"myname":{"__id__":13},"size":{"__id__":15},"rank":{"__id__":8},"rankimg":[{"__uuid__":"32SI4HPBFLvoiasl+mFh5Z"},{"__uuid__":"56cBF23lJCpZfUPvYFtr/8"},{"__uuid__":"f81y1Bt15Cy524TmmunNyo"}],"vip":{"__id__":10}}],"_prefab":{"__type__":"cc.PrefabInfo","root":{"__id__":1},"asset":{"__uuid__":"609xMTIDFCzpFXnG+3QYxW"},"fileId":"a4x+hfCAJNCZoahAVOXMfH"},"_contentSize":{"__type__":"cc.Size","width":661,"height":73},"_position":{"__type__":"cc.Vec3","y":19},"_scale":{"__type__":"cc.Vec3","x":1,"y":1,"z":1}},{"__type__":"cc.Node","_name":"item","_parent":{"__id__":1},"_children":[{"__id__":3},{"__id__":14}],"_level":2,"_components":[{"__id__":16},{"__type__":"32540GFq4FAT5ZSyUpi/XyW","node":{"__id__":2},"img":{"__id__":16},"url":"texture/rank/otherBg.png"}],"_prefab":{"__type__":"cc.PrefabInfo","root":{"__id__":1},"asset":{"__uuid__":"609xMTIDFCzpFXnG+3QYxW"},"fileId":"82sz/lp/pPbLAQV+WVEv/y"},"_contentSize":{"__type__":"cc.Size","width":661,"height":73},"_scale":{"__type__":"cc.Vec3","x":1,"y":1,"z":1}},{"__type__":"cc.Node","_name":"New Layout","_parent":{"__id__":2},"_children":[{"__id__":4},{"__id__":9},{"__id__":12}],"_level":6,"_components":[{"__type__":"cc.Widget","node":{"__id__":3},"_alignFlags":8,"_left":20}],"_prefab":{"__type__":"cc.PrefabInfo","root":{"__id__":1},"asset":{"__uuid__":"609xMTIDFCzpFXnG+3QYxW"},"fileId":"aa2Sm5dk5G66dwkQ4EVgf1"},"_contentSize":{"__type__":"cc.Size","width":400,"height":150},"_anchorPoint":{"__type__":"cc.Vec2","y":0.5},"_position":{"__type__":"cc.Vec3","x":-310.5},"_scale":{"__type__":"cc.Vec3","x":1,"y":1,"z":1}},{"__type__":"cc.Node","_name":"New Node","_parent":{"__id__":3},"_children":[{"__id__":5},{"__id__":7}],"_level":7,"_prefab":{"__type__":"cc.PrefabInfo","root":{"__id__":1},"asset":{"__uuid__":"609xMTIDFCzpFXnG+3QYxW"},"fileId":"70B3cFS5pMSpqE6Bdn0beL"},"_contentSize":{"__type__":"cc.Size","width":48,"height":59},"_position":{"__type__":"cc.Vec3","x":21},"_scale":{"__type__":"cc.Vec3","x":1,"y":1,"z":1}},{"__type__":"cc.Node","_name":"count","_parent":{"__id__":4},"_level":8,"_components":[{"__id__":6},{"__type__":"cc.Widget","node":{"__id__":5},"_alignFlags":8,"_left":19}],"_prefab":{"__type__":"cc.PrefabInfo","root":{"__id__":1},"asset":{"__uuid__":"609xMTIDFCzpFXnG+3QYxW"},"fileId":"ectZCN5ExNlp3F0+Z2XiU0"},"_contentSize":{"__type__":"cc.Size","width":70,"height":40},"_position":{"__type__":"cc.Vec3","x":30},"_scale":{"__type__":"cc.Vec3","x":1,"y":1,"z":1}},{"__type__":"cc.Label","node":{"__id__":5},"_srcBlendFactor":1,"_useOriginalSize":false,"_string":"1","_N$string":"1","_fontSize":28,"_lineHeight":30,"_N$horizontalAlign":1,"_N$verticalAlign":1,"_N$fontFamily":"苹方","_N$overflow":1},{"__type__":"cc.Node","_name":"countmax","_parent":{"__id__":4},"_active":false,"_level":8,"_components":[{"__id__":8}],"_prefab":{"__type__":"cc.PrefabInfo","root":{"__id__":1},"asset":{"__uuid__":"609xMTIDFCzpFXnG+3QYxW"},"fileId":"622bFNMdhFqZaVaaSzFKIC"},"_contentSize":{"__type__":"cc.Size","width":48,"height":59},"_position":{"__type__":"cc.Vec3","x":30},"_scale":{"__type__":"cc.Vec3","x":1,"y":1,"z":1}},{"__type__":"cc.Sprite","node":{"__id__":7},"_sizeMode":0},{"__type__":"cc.Node","_name":"head","_parent":{"__id__":3},"_children":[{"__id__":10}],"_level":7,"_components":[{"__id__":11}],"_prefab":{"__type__":"cc.PrefabInfo","root":{"__id__":1},"asset":{"__uuid__":"609xMTIDFCzpFXnG+3QYxW"},"fileId":"acHWutTcdLLpr+nTnoN7E5"},"_contentSize":{"__type__":"cc.Size","width":65,"height":65},"_position":{"__type__":"cc.Vec3","x":164},"_scale":{"__type__":"cc.Vec3","x":1,"y":1,"z":1}},{"__type__":"cc.Node","_name":"vip","_parent":{"__id__":9},"_active":false,"_level":8,"_components":[{"__type__":"cc.Sprite","node":{"__id__":10},"_spriteFrame":{"__uuid__":"09fWtSPWxKeIUS5dwCCW0u"},"_sizeMode":0},{"__type__":"cc.Widget","node":{"__id__":10},"_alignFlags":9,"_left":-20,"_top":-2.5}],"_prefab":{"__type__":"cc.PrefabInfo","root":{"__id__":1},"asset":{"__uuid__":"609xMTIDFCzpFXnG+3QYxW"},"fileId":"23EMSFEMdGg4gNcA5YssR3"},"_contentSize":{"__type__":"cc.Size","width":40,"height":20},"_position":{"__type__":"cc.Vec3","x":-32.5,"y":25},"_scale":{"__type__":"cc.Vec3","x":1,"y":1,"z":1}},{"__type__":"cc.Sprite","node":{"__id__":9},"_sizeMode":0},{"__type__":"cc.Node","_name":"name","_parent":{"__id__":3},"_level":7,"_components":[{"__id__":13},{"__type__":"cc.Widget","node":{"__id__":12},"_alignFlags":2}],"_prefab":{"__type__":"cc.PrefabInfo","root":{"__id__":1},"asset":{"__uuid__":"609xMTIDFCzpFXnG+3QYxW"},"fileId":"88DkPW9TJHboUc7nkGvPAg"},"_contentSize":{"__type__":"cc.Size","height":30},"_anchorPoint":{"__type__":"cc.Vec2","y":0.5},"_position":{"__type__":"cc.Vec3","x":228},"_scale":{"__type__":"cc.Vec3","x":1,"y":1,"z":1}},{"__type__":"cc.Label","node":{"__id__":12},"_srcBlendFactor":1,"_useOriginalSize":false,"_fontSize":28,"_lineHeight":30,"_enableWrapText":false,"_N$verticalAlign":1,"_N$fontFamily":"苹方"},{"__type__":"cc.Node","_name":"size","_parent":{"__id__":2},"_level":6,"_components":[{"__id__":15},{"__type__":"cc.Widget","node":{"__id__":14},"_alignFlags":32,"_right":20}],"_prefab":{"__type__":"cc.PrefabInfo","root":{"__id__":1},"asset":{"__uuid__":"609xMTIDFCzpFXnG+3QYxW"},"fileId":"3boGE0RWRObp7+DJZUAs9h"},"_contentSize":{"__type__":"cc.Size","width":126,"height":30},"_anchorPoint":{"__type__":"cc.Vec2","x":1,"y":0.5},"_position":{"__type__":"cc.Vec3","x":310.5},"_scale":{"__type__":"cc.Vec3","x":1,"y":1,"z":1}},{"__type__":"cc.Label","node":{"__id__":14},"_srcBlendFactor":1,"_useOriginalSize":false,"_string":"8888888关","_N$string":"8888888关","_fontSize":28,"_lineHeight":30,"_N$horizontalAlign":1,"_N$verticalAlign":1,"_N$fontFamily":"苹方"},{"__type__":"cc.Sprite","node":{"__id__":2},"_sizeMode":0}],{"__type__":"cc.SpriteFrame","content":{"name":"rank3","texture":"d2mZm4YZ1NYqPd05Z8hLBU","rect":[48,103,48,58],"offset":[0,0],"originalSize":[48,58],"capInsets":[0,0,0,0]}}]