[{"__type__":"cc.SpriteFrame","content":{"name":"close","texture":"d2mZm4YZ1NYqPd05Z8hLBU","rect":[591,0,28,27],"offset":[0,0],"originalSize":[28,27],"capInsets":[0,0,0,0]}},[{"__type__":"cc.Prefab","_name":"newequip","data":{"__id__":1}},{"__type__":"cc.Node","_name":"newequip","_children":[{"__id__":2}],"_level":1,"_components":[{"__type__":"85a88M5sg5D/5C2Gg77zdHs","node":{"__id__":1},"close":{"__id__":5},"img":{"__id__":8},"shareBt":{"__id__":10},"equipBt":{"__id__":12},"equipname":{"__id__":16},"equipdesc":{"__id__":18},"tip":{"__id__":19}}],"_prefab":{"__type__":"cc.PrefabInfo","root":{"__id__":1},"asset":{"__uuid__":"318FwKCA5HybhxuEZQkVqF"},"fileId":"aaUUu4dzxHuamnubMDzxdL"},"_contentSize":{"__type__":"cc.Size","width":700,"height":900},"_scale":{"__type__":"cc.Vec3","x":1,"y":1,"z":1}},{"__type__":"cc.Node","_name":"bg","_parent":{"__id__":1},"_children":[{"__id__":3},{"__id__":7},{"__id__":9},{"__id__":14},{"__id__":17},{"__id__":19}],"_level":2,"_components":[{"__type__":"cc.Sprite","node":{"__id__":2},"_spriteFrame":{"__uuid__":"510X4D6aFPGa9wjpS7Ot5t"},"_type":1,"_sizeMode":0}],"_prefab":{"__type__":"cc.PrefabInfo","root":{"__id__":1},"asset":{"__uuid__":"318FwKCA5HybhxuEZQkVqF"},"fileId":"2fuLs18y9Nd6QVKVcNZ/7W"},"_contentSize":{"__type__":"cc.Size","width":550,"height":750},"_scale":{"__type__":"cc.Vec3","x":1,"y":1,"z":1}},{"__type__":"cc.Node","_name":"shangcehng","_parent":{"__id__":2},"_children":[{"__id__":4},{"__id__":5}],"_level":3,"_components":[{"__type__":"cc.Sprite","node":{"__id__":3},"_spriteFrame":{"__uuid__":"b3CLDo9FhEhpyt697OG5HT"},"_sizeMode":0},{"__type__":"cc.Widget","node":{"__id__":3},"_alignFlags":1,"_top":11}],"_prefab":{"__type__":"cc.PrefabInfo","root":{"__id__":1},"asset":{"__uuid__":"318FwKCA5HybhxuEZQkVqF"},"fileId":"bfhClp5z1IMKKlTw4RvxxT"},"_contentSize":{"__type__":"cc.Size","width":530,"height":59},"_position":{"__type__":"cc.Vec3","y":334.5},"_scale":{"__type__":"cc.Vec3","x":1,"y":1,"z":1}},{"__type__":"cc.Node","_name":"New Label","_parent":{"__id__":3},"_level":4,"_components":[{"__type__":"cc.Sprite","node":{"__id__":4},"_spriteFrame":{"__uuid__":"4do7LuPbBAsbRkJu8Pkbgz"}}],"_prefab":{"__type__":"cc.PrefabInfo","root":{"__id__":1},"asset":{"__uuid__":"318FwKCA5HybhxuEZQkVqF"},"fileId":"450jyh/xxCZKrbbY/THu9G"},"_contentSize":{"__type__":"cc.Size","width":538,"height":138},"_position":{"__type__":"cc.Vec3","y":42},"_scale":{"__type__":"cc.Vec3","x":1,"y":1,"z":1}},{"__type__":"cc.Node","_name":"colse","_parent":{"__id__":3},"_children":[{"__id__":6}],"_level":4,"_components":[{"__type__":"cc.Button","node":{"__id__":5},"_N$transition":3,"transition":3,"_N$target":{"__id__":5}}],"_prefab":{"__type__":"cc.PrefabInfo","root":{"__id__":1},"asset":{"__uuid__":"318FwKCA5HybhxuEZQkVqF"},"fileId":"e3NYpWf7VHb53zVl5gYxZ4"},"_contentSize":{"__type__":"cc.Size","width":70,"height":70},"_position":{"__type__":"cc.Vec3","x":201,"y":30},"_scale":{"__type__":"cc.Vec3","x":1,"y":1,"z":1}},{"__type__":"cc.Node","_name":"close (2)","_parent":{"__id__":5},"_level":5,"_components":[{"__type__":"cc.Sprite","node":{"__id__":6},"_spriteFrame":{"__uuid__":"17vc7fi1BAb5EmLKZOEJIg"}}],"_prefab":{"__type__":"cc.PrefabInfo","root":{"__id__":1},"asset":{"__uuid__":"318FwKCA5HybhxuEZQkVqF"},"fileId":"d4ljgdqLZGEINtgX2xVjM/"},"_contentSize":{"__type__":"cc.Size","width":28,"height":27},"_scale":{"__type__":"cc.Vec3","x":1,"y":1,"z":1}},{"__type__":"cc.Node","_name":"equipimg","_parent":{"__id__":2},"_level":3,"_components":[{"__id__":8}],"_prefab":{"__type__":"cc.PrefabInfo","root":{"__id__":1},"asset":{"__uuid__":"318FwKCA5HybhxuEZQkVqF"},"fileId":"c8SAjqBiZG8qzXG5lByyIW"},"_contentSize":{"__type__":"cc.Size","width":484,"height":484},"_position":{"__type__":"cc.Vec3","y":47},"_scale":{"__type__":"cc.Vec3","x":1,"y":1,"z":1}},{"__type__":"cc.Sprite","node":{"__id__":7},"_sizeMode":0},{"__type__":"cc.Node","_name":"shangcehng","_parent":{"__id__":2},"_children":[{"__id__":10},{"__id__":12}],"_level":3,"_components":[{"__type__":"cc.Sprite","node":{"__id__":9},"_spriteFrame":{"__uuid__":"b3CLDo9FhEhpyt697OG5HT"},"_type":1,"_sizeMode":0},{"__type__":"cc.Widget","node":{"__id__":9},"_alignFlags":4,"_bottom":8}],"_prefab":{"__type__":"cc.PrefabInfo","root":{"__id__":1},"asset":{"__uuid__":"318FwKCA5HybhxuEZQkVqF"},"fileId":"3f6451U6dC8r595ASZv+6V"},"_contentSize":{"__type__":"cc.Size","width":530,"height":150},"_position":{"__type__":"cc.Vec3","y":-292},"_scale":{"__type__":"cc.Vec3","x":1,"y":1,"z":1}},{"__type__":"cc.Node","_name":"sharenode","_parent":{"__id__":9},"_children":[{"__id__":11}],"_level":4,"_components":[{"__type__":"cc.Sprite","node":{"__id__":10},"_spriteFrame":{"__uuid__":"39PxN1FxBCxLjMGmRJhgVO"},"_sizeMode":0}],"_prefab":{"__type__":"cc.PrefabInfo","root":{"__id__":1},"asset":{"__uuid__":"318FwKCA5HybhxuEZQkVqF"},"fileId":"20qnBx3uFCUqvzxt83nSK5"},"_contentSize":{"__type__":"cc.Size","width":200,"height":70},"_position":{"__type__":"cc.Vec3","x":-117,"y":-3},"_scale":{"__type__":"cc.Vec3","x":1,"y":1,"z":1}},{"__type__":"cc.Node","_name":"sharetext","_parent":{"__id__":10},"_level":4,"_components":[{"__type__":"cc.Label","node":{"__id__":11},"_srcBlendFactor":1,"_useOriginalSize":false,"_string":"炫耀一下","_N$string":"炫耀一下","_fontSize":30,"_lineHeight":32,"_N$horizontalAlign":1,"_N$verticalAlign":1}],"_prefab":{"__type__":"cc.PrefabInfo","root":{"__id__":1},"asset":{"__uuid__":"318FwKCA5HybhxuEZQkVqF"},"fileId":"8bgpn/oF9AnbD39GYlPR/H"},"_contentSize":{"__type__":"cc.Size","width":120,"height":32},"_scale":{"__type__":"cc.Vec3","x":1,"y":1,"z":1}},{"__type__":"cc.Node","_name":"equipnode","_parent":{"__id__":9},"_children":[{"__id__":13}],"_level":4,"_components":[{"__type__":"cc.Sprite","node":{"__id__":12},"_spriteFrame":{"__uuid__":"39PxN1FxBCxLjMGmRJhgVO"},"_sizeMode":0}],"_prefab":{"__type__":"cc.PrefabInfo","root":{"__id__":1},"asset":{"__uuid__":"318FwKCA5HybhxuEZQkVqF"},"fileId":"04D+7lNH5I3Y/d1bfQ3xZI"},"_contentSize":{"__type__":"cc.Size","width":200,"height":70},"_position":{"__type__":"cc.Vec3","x":123,"y":-3},"_scale":{"__type__":"cc.Vec3","x":1,"y":1,"z":1}},{"__type__":"cc.Node","_name":"equiptext","_parent":{"__id__":12},"_level":4,"_components":[{"__type__":"cc.Label","node":{"__id__":13},"_srcBlendFactor":1,"_useOriginalSize":false,"_string":"领取并装备","_N$string":"领取并装备","_fontSize":30,"_lineHeight":32,"_N$horizontalAlign":1,"_N$verticalAlign":1}],"_prefab":{"__type__":"cc.PrefabInfo","root":{"__id__":1},"asset":{"__uuid__":"318FwKCA5HybhxuEZQkVqF"},"fileId":"ce1InUcYxBaK9Gpwii58fj"},"_contentSize":{"__type__":"cc.Size","width":150,"height":32},"_scale":{"__type__":"cc.Vec3","x":1,"y":1,"z":1}},{"__type__":"cc.Node","_name":"textbg","_parent":{"__id__":2},"_children":[{"__id__":15}],"_level":3,"_components":[{"__type__":"cc.Sprite","node":{"__id__":14},"_spriteFrame":{"__uuid__":"d5sDlOH1ZIcLSasGaXIcDD"}}],"_prefab":{"__type__":"cc.PrefabInfo","root":{"__id__":1},"asset":{"__uuid__":"318FwKCA5HybhxuEZQkVqF"},"fileId":"4aVePIJpFBeYZ8amXg5ihT"},"_contentSize":{"__type__":"cc.Size","width":257,"height":56},"_position":{"__type__":"cc.Vec3","y":-88},"_scale":{"__type__":"cc.Vec3","x":1,"y":1,"z":1}},{"__type__":"cc.Node","_name":"name","_parent":{"__id__":14},"_level":4,"_components":[{"__id__":16}],"_prefab":{"__type__":"cc.PrefabInfo","root":{"__id__":1},"asset":{"__uuid__":"318FwKCA5HybhxuEZQkVqF"},"fileId":"b1SVz5UCVOP46cVLVYlo3A"},"_color":{"__type__":"cc.Color","r":104,"g":42,"b":1},"_contentSize":{"__type__":"cc.Size","height":38},"_position":{"__type__":"cc.Vec3","y":3},"_scale":{"__type__":"cc.Vec3","x":1,"y":1,"z":1}},{"__type__":"cc.Label","node":{"__id__":15},"_srcBlendFactor":1,"_useOriginalSize":false,"_fontSize":36,"_lineHeight":38,"_N$horizontalAlign":1,"_N$verticalAlign":1,"_N$fontFamily":"苹方"},{"__type__":"cc.Node","_name":"equipdesc","_parent":{"__id__":2},"_level":3,"_components":[{"__id__":18}],"_prefab":{"__type__":"cc.PrefabInfo","root":{"__id__":1},"asset":{"__uuid__":"318FwKCA5HybhxuEZQkVqF"},"fileId":"a1x+HTNmFF7a5DZVqAO6yU"},"_contentSize":{"__type__":"cc.Size","height":64},"_position":{"__type__":"cc.Vec3","y":-158},"_scale":{"__type__":"cc.Vec3","x":1,"y":1,"z":1}},{"__type__":"cc.Label","node":{"__id__":17},"_srcBlendFactor":1,"_useOriginalSize":false,"_string":"\n","_N$string":"\n","_fontSize":30,"_lineHeight":32,"_N$horizontalAlign":1,"_N$verticalAlign":1},{"__type__":"cc.Node","_name":"New Label","_parent":{"__id__":2},"_active":false,"_level":3,"_components":[{"__type__":"cc.Label","node":{"__id__":19},"_srcBlendFactor":1,"_useOriginalSize":false,"_string":"Tip:分享到群获得奖励","_N$string":"Tip:分享到群获得奖励","_fontSize":25,"_lineHeight":27,"_N$horizontalAlign":1,"_N$verticalAlign":1}],"_prefab":{"__type__":"cc.PrefabInfo","root":{"__id__":1},"asset":{"__uuid__":"318FwKCA5HybhxuEZQkVqF"},"fileId":"b5QAijJxZDK4AaBqVeWVX+"},"_color":{"__type__":"cc.Color","r":189,"g":184,"b":184},"_contentSize":{"__type__":"cc.Size","width":240.75,"height":27},"_position":{"__type__":"cc.Vec3","y":-347.9},"_scale":{"__type__":"cc.Vec3","x":1,"y":1,"z":1}}],{"__type__":"cc.SpriteFrame","content":{"name":"tanchuangtongyon","texture":"a1kFce2/xNx60AtnsccfV2","rect":[112,794,261,84],"offset":[0,0],"originalSize":[261,84],"capInsets":[0,0,0,0]}},{"__type__":"cc.SpriteFrame","content":{"name":"title","texture":"d2mZm4YZ1NYqPd05Z8hLBU","rect":[351,249,538,138],"offset":[0,0],"originalSize":[538,138],"capInsets":[0,0,0,0]}},{"__type__":"cc.SpriteFrame","content":{"name":"tanchuanbg","texture":"a1kFce2/xNx60AtnsccfV2","rect":[821,756,80,78],"offset":[0,0],"originalSize":[80,78],"capInsets":[11,11,11,10]}},{"__type__":"cc.SpriteFrame","content":{"name":"shangcehng","texture":"a1kFce2/xNx60AtnsccfV2","rect":[62,412,679,59],"offset":[0,0],"originalSize":[679,59],"capInsets":[0,0,0,0]}},{"__type__":"cc.SpriteFrame","content":{"name":"textbg","texture":"d2mZm4YZ1NYqPd05Z8hLBU","rect":[606,47,257,56],"offset":[0,0],"originalSize":[257,56],"capInsets":[0,0,0,0]}}]