[{"__type__":"cc.SpriteFrame","content":{"name":"bg32","texture":"077fwwGnhIRpBCfBXEnQo4","rect":[939,654,132,72],"offset":[0,0],"originalSize":[132,72],"rotated":1,"capInsets":[0,0,0,0]}},{"__type__":"cc.SpriteFrame","content":{"name":"bg31","texture":"077fwwGnhIRpBCfBXEnQo4","rect":[939,801,136,69],"offset":[0,0],"originalSize":[136,69],"rotated":1,"capInsets":[0,0,0,0]}},{"__type__":"cc.SpriteAtlas","_name":"7.plist","_spriteFrames":{"bg00":{"__uuid__":"4bSSKgZplIgYRMYFZDhuQt"},"bg01":{"__uuid__":"f0wU8Yj0hGc7UaXRQ9k1k2"},"bg02":{"__uuid__":"c1VQpHnV9HUa475m3FXXQs"},"bg11":{"__uuid__":"7fwLJ3ta1GaboQ4u8fdJ6H"},"bg12":{"__uuid__":"a3Jd8L7utKi7WrptTJK48x"},"bg21":{"__uuid__":"eeF6mHY5JCjYDdLp1bg5bq"},"bg22":{"__uuid__":"64tDwQlOVPWrLj+WaUv0ao"},"bg31":{"__uuid__":"22nas1klRFq6MVs3PXedQ/"},"bg32":{"__uuid__":"1b/5JT/U1HeIwMxKB4dthz"}}},{"__type__":"cc.SpriteFrame","content":{"name":"bg00","texture":"077fwwGnhIRpBCfBXEnQo4","rect":[775,10,273,237],"offset":[0,0],"originalSize":[273,237],"rotated":1,"capInsets":[0,0,0,0]}},{"__type__":"cc.SpriteFrame","content":{"name":"bg22","texture":"077fwwGnhIRpBCfBXEnQo4","rect":[775,799,149,130],"offset":[0,0],"originalSize":[149,130],"capInsets":[0,0,0,0]}},{"__type__":"cc.SpriteFrame","content":{"name":"bg11","texture":"077fwwGnhIRpBCfBXEnQo4","rect":[775,298,169,163],"offset":[0,0],"originalSize":[169,163],"capInsets":[0,0,0,0]}},{"__type__":"cc.SpriteFrame","content":{"name":"bg12","texture":"077fwwGnhIRpBCfBXEnQo4","rect":[775,476,169,163],"offset":[0,0],"originalSize":[169,163],"capInsets":[0,0,0,0]}},{"__type__":"cc.SpriteFrame","content":{"name":"bg02","texture":"077fwwGnhIRpBCfBXEnQo4","rect":[10,775,750,584],"offset":[0,0],"originalSize":[750,584],"capInsets":[0,0,0,0]}},{"__type__":"cc.SpriteFrame","content":{"name":"bg21","texture":"077fwwGnhIRpBCfBXEnQo4","rect":[775,654,149,130],"offset":[0,0],"originalSize":[149,130],"capInsets":[0,0,0,0]}},{"__type__":"cc.SpriteFrame","content":{"name":"bg01","texture":"077fwwGnhIRpBCfBXEnQo4","rect":[10,10,750,750],"offset":[0,0],"originalSize":[750,750],"capInsets":[0,0,0,0]}}]