[{"__type__":"cc.SpriteFrame","content":{"name":"bg31","texture":"64YhB8L5NMiqahVunlVIdN","rect":[939,801,136,69],"offset":[0,0],"originalSize":[136,69],"rotated":1,"capInsets":[0,0,0,0]}},{"__type__":"cc.SpriteFrame","content":{"name":"bg12","texture":"64YhB8L5NMiqahVunlVIdN","rect":[775,476,169,163],"offset":[0,0],"originalSize":[169,163],"capInsets":[0,0,0,0]}},{"__type__":"cc.SpriteFrame","content":{"name":"bg32","texture":"64YhB8L5NMiqahVunlVIdN","rect":[939,654,132,72],"offset":[0,0],"originalSize":[132,72],"rotated":1,"capInsets":[0,0,0,0]}},{"__type__":"cc.SpriteAtlas","_name":"11.plist","_spriteFrames":{"bg00":{"__uuid__":"7f5XbODRtPuJFJnalrMSBT"},"bg01":{"__uuid__":"70ZjJobixI4Ypi5yrHTouu"},"bg02":{"__uuid__":"92qMlrk09EprSKcrpJuSuh"},"bg11":{"__uuid__":"c5gU3ArM5IFJyfTAWmC35S"},"bg12":{"__uuid__":"36bdzY1VZJCIBjwkpR5zQZ"},"bg21":{"__uuid__":"5b8EbHFJBNG4Knxsqp/Q/T"},"bg22":{"__uuid__":"bb7AgPgqpEJrWbxh5y+XUS"},"bg31":{"__uuid__":"1euBcy2JhAqYZcFrTjE1R3"},"bg32":{"__uuid__":"38Y+bs/RpCIa2AbclYKCRC"}}},{"__type__":"cc.SpriteFrame","content":{"name":"bg21","texture":"64YhB8L5NMiqahVunlVIdN","rect":[775,654,149,130],"offset":[0,0],"originalSize":[149,130],"capInsets":[0,0,0,0]}},{"__type__":"cc.SpriteFrame","content":{"name":"bg01","texture":"64YhB8L5NMiqahVunlVIdN","rect":[10,10,750,750],"offset":[0,0],"originalSize":[750,750],"capInsets":[0,0,0,0]}},{"__type__":"cc.SpriteFrame","content":{"name":"bg00","texture":"64YhB8L5NMiqahVunlVIdN","rect":[775,10,273,237],"offset":[0,0],"originalSize":[273,237],"rotated":1,"capInsets":[0,0,0,0]}},{"__type__":"cc.SpriteFrame","content":{"name":"bg02","texture":"64YhB8L5NMiqahVunlVIdN","rect":[10,775,750,584],"offset":[0,0],"originalSize":[750,584],"capInsets":[0,0,0,0]}},{"__type__":"cc.SpriteFrame","content":{"name":"bg22","texture":"64YhB8L5NMiqahVunlVIdN","rect":[775,799,149,130],"offset":[0,0],"originalSize":[149,130],"capInsets":[0,0,0,0]}},{"__type__":"cc.SpriteFrame","content":{"name":"bg11","texture":"64YhB8L5NMiqahVunlVIdN","rect":[775,298,169,163],"offset":[0,0],"originalSize":[169,163],"capInsets":[0,0,0,0]}}]