[{"__type__":"cc.SpriteFrame","content":{"name":"bg22","texture":"c8q/oz/uVBJ67G8PYb3L5G","rect":[775,799,149,130],"offset":[0,0],"originalSize":[149,130],"capInsets":[0,0,0,0]}},{"__type__":"cc.SpriteFrame","content":{"name":"bg02","texture":"c8q/oz/uVBJ67G8PYb3L5G","rect":[10,775,750,584],"offset":[0,0],"originalSize":[750,584],"capInsets":[0,0,0,0]}},{"__type__":"cc.SpriteFrame","content":{"name":"bg00","texture":"c8q/oz/uVBJ67G8PYb3L5G","rect":[775,10,273,237],"offset":[0,0],"originalSize":[273,237],"rotated":1,"capInsets":[0,0,0,0]}},{"__type__":"cc.SpriteFrame","content":{"name":"bg31","texture":"c8q/oz/uVBJ67G8PYb3L5G","rect":[939,801,136,69],"offset":[0,0],"originalSize":[136,69],"rotated":1,"capInsets":[0,0,0,0]}},{"__type__":"cc.SpriteFrame","content":{"name":"bg12","texture":"c8q/oz/uVBJ67G8PYb3L5G","rect":[775,476,169,163],"offset":[0,0],"originalSize":[169,163],"capInsets":[0,0,0,0]}},{"__type__":"cc.SpriteFrame","content":{"name":"bg32","texture":"c8q/oz/uVBJ67G8PYb3L5G","rect":[939,654,132,72],"offset":[0,0],"originalSize":[132,72],"rotated":1,"capInsets":[0,0,0,0]}},{"__type__":"cc.SpriteFrame","content":{"name":"bg21","texture":"c8q/oz/uVBJ67G8PYb3L5G","rect":[775,654,149,130],"offset":[0,0],"originalSize":[149,130],"capInsets":[0,0,0,0]}},{"__type__":"cc.SpriteFrame","content":{"name":"bg01","texture":"c8q/oz/uVBJ67G8PYb3L5G","rect":[10,10,750,750],"offset":[0,0],"originalSize":[750,750],"capInsets":[0,0,0,0]}},{"__type__":"cc.SpriteFrame","content":{"name":"bg11","texture":"c8q/oz/uVBJ67G8PYb3L5G","rect":[775,298,169,163],"offset":[0,0],"originalSize":[169,163],"capInsets":[0,0,0,0]}},{"__type__":"cc.SpriteAtlas","_name":"2.plist","_spriteFrames":{"bg00":{"__uuid__":"2ciTczvDJBBavs3QHlmXiy"},"bg01":{"__uuid__":"8f5LjUcdJKwppeBkHCnwhY"},"bg02":{"__uuid__":"19+M6L6UhCjYQvlf1K5Epr"},"bg11":{"__uuid__":"b5ZRJtZbhLGq9b6d3VlpIw"},"bg12":{"__uuid__":"3fQM/fkHBIUa5r5Nfl7dlM"},"bg21":{"__uuid__":"899SvkltVEIqOslHJvtz+6"},"bg22":{"__uuid__":"03ecqnD3RB7LPms6NYurlh"},"bg31":{"__uuid__":"3bnTVsScxJSIK4XMY8ZHf7"},"bg32":{"__uuid__":"44E0Vm9IlCboYeWDxrRftk"}}}]