[{"__type__":"cc.SpriteFrame","content":{"name":"xiangzi","texture":"51v5sqs69Dppd4RT19CXIQ","rect":[1,1,56,40],"offset":[0,0],"originalSize":[58,42],"capInsets":[0,0,0,0]}},[{"__type__":"cc.Prefab","_name":"Box","data":{"__id__":1}},{"__type__":"cc.Node","_name":"box","_level":1,"_components":[{"__type__":"cc.Sprite","node":{"__id__":1},"_spriteFrame":{"__uuid__":"5aGBupzSVGHqxXEzJ2ilZC"}},{"__type__":"76d66fwOMdJQruUjCwaUR06","node":{"__id__":1}}],"_prefab":{"__type__":"cc.PrefabInfo","root":{"__id__":1},"asset":{"__uuid__":"ec5I7A8clHQrhShvDViAEr"},"fileId":"a91IBaMlNC2LveLkRUWYkp"},"_contentSize":{"__type__":"cc.Size","width":56,"height":40},"_position":{"__type__":"cc.Vec3","x":337,"y":444},"_scale":{"__type__":"cc.Vec3","x":1,"y":1,"z":1}}]]