[{"__type__":"cc.SpriteFrame","content":{"name":"top","texture":"a1kFce2/xNx60AtnsccfV2","rect":[488,1250,137,51],"offset":[0,0],"originalSize":[137,51],"capInsets":[0,0,0,0]}},{"__type__":"cc.SpriteFrame","content":{"name":"offbot","texture":"a1kFce2/xNx60AtnsccfV2","rect":[62,476,45,584],"offset":[0,0],"originalSize":[45,584],"capInsets":[9,76,14,75]}},{"__type__":"cc.SpriteFrame","content":{"name":"diamondsicon@2x","texture":"a1kFce2/xNx60AtnsccfV2","rect":[538,752,32,37],"offset":[0,0],"originalSize":[32,37],"capInsets":[0,0,0,0]}},[{"__type__":"cc.Prefab","_name":"equip","data":{"__id__":1}},{"__type__":"cc.Node","_name":"equip","_children":[{"__id__":2},{"__type__":"cc.Node","_name":"tempNode","_parent":{"__id__":1},"_level":2,"_prefab":{"__type__":"cc.PrefabInfo","root":{"__id__":1},"asset":{"__uuid__":"2a0/1heWpEfYXPOBsjcu7U"},"fileId":"2dtpol8XZIHoZah49ZGXqo"},"_scale":{"__type__":"cc.Vec3","x":1,"y":1,"z":1}}],"_level":1,"_components":[{"__type__":"d5ab2GuW8BCaahPvBTJSCYN","node":{"__id__":1},"toporbot":{"__id__":5},"close":{"__id__":6},"content":{"__id__":2},"scllveiwnode":{"__id__":79}},{"__type__":"cf1b1ewdnlN4oigB84WO7n1","node":{"__id__":1},"downNode":{"__id__":78},"item":{"__uuid__":"405hYM3FxM0LKDsUsqLr/Y"},"goitme":{"__uuid__":"0601eCYBlCpo3rXFTDS4Kf"},"content":{"__id__":81},"diamond":{"__id__":16},"gem":{"__id__":12},"newinfos":[{"__id__":25},{"__id__":34},{"__id__":43},{"__id__":52},{"__id__":61},{"__id__":70}],"newlabel":[{"__id__":27},{"__id__":36},{"__id__":45},{"__id__":54},{"__id__":63},{"__id__":72}],"scrollveiw":{"__id__":82}},{"__type__":"cc.BlockInputEvents","node":{"__id__":1}}],"_prefab":{"__type__":"cc.PrefabInfo","root":{"__id__":1},"asset":{"__uuid__":"2a0/1heWpEfYXPOBsjcu7U"},"fileId":"65Ng9K2MRLoavGC8sH3M73"},"_color":{"__type__":"cc.Color","r":44,"g":44,"b":44},"_contentSize":{"__type__":"cc.Size","width":750,"height":1334},"_scale":{"__type__":"cc.Vec3","x":1,"y":1,"z":1}},{"__type__":"cc.Node","_name":"content","_parent":{"__id__":1},"_children":[{"__id__":3},{"__id__":7}],"_active":false,"_level":2,"_components":[{"__type__":"cc.Layout","node":{"__id__":2},"_layoutSize":{"__type__":"cc.Size","width":750,"height":1336},"_resize":1,"_N$layoutType":2}],"_prefab":{"__type__":"cc.PrefabInfo","root":{"__id__":1},"asset":{"__uuid__":"2a0/1heWpEfYXPOBsjcu7U"},"fileId":"beZFycaKtCI7EqpneniVmJ"},"_contentSize":{"__type__":"cc.Size","width":750,"height":1336},"_scale":{"__type__":"cc.Vec3","x":1,"y":1,"z":1}},{"__type__":"cc.Node","_name":"New Layout","_parent":{"__id__":2},"_children":[{"__id__":4},{"__id__":6}],"_level":3,"_components":[{"__type__":"cc.Layout","node":{"__id__":3},"_layoutSize":{"__type__":"cc.Size","width":274,"height":51},"_resize":1,"_N$layoutType":1},{"__type__":"cc.Widget","node":{"__id__":3},"_alignFlags":32}],"_prefab":{"__type__":"cc.PrefabInfo","root":{"__id__":1},"asset":{"__uuid__":"2a0/1heWpEfYXPOBsjcu7U"},"fileId":"d9WFOOPkhGJKjqtCJrmfFV"},"_contentSize":{"__type__":"cc.Size","width":274,"height":51},"_position":{"__type__":"cc.Vec3","x":238,"y":642.5},"_scale":{"__type__":"cc.Vec3","x":1,"y":1,"z":1}},{"__type__":"cc.Node","_name":"toporbot","_parent":{"__id__":3},"_level":4,"_components":[{"__id__":5}],"_prefab":{"__type__":"cc.PrefabInfo","root":{"__id__":1},"asset":{"__uuid__":"2a0/1heWpEfYXPOBsjcu7U"},"fileId":"143nSSrPJJ/4Z9VbgaOXxA"},"_contentSize":{"__type__":"cc.Size","width":137,"height":51},"_position":{"__type__":"cc.Vec3","x":-68.5},"_scale":{"__type__":"cc.Vec3","x":1,"y":1,"z":1}},{"__type__":"cc.Sprite","node":{"__id__":4},"_spriteFrame":{"__uuid__":"12qpKJQ3RCbqrybjtU0rwu"}},{"__type__":"cc.Node","_name":"close","_parent":{"__id__":3},"_level":4,"_components":[{"__type__":"cc.Sprite","node":{"__id__":6},"_spriteFrame":{"__uuid__":"f6QNi/9LlAcoWPPZi1FSJA"}}],"_prefab":{"__type__":"cc.PrefabInfo","root":{"__id__":1},"asset":{"__uuid__":"2a0/1heWpEfYXPOBsjcu7U"},"fileId":"4cBkCouHNOapq9sA/cOAkB"},"_contentSize":{"__type__":"cc.Size","width":137,"height":51},"_position":{"__type__":"cc.Vec3","x":68.5},"_scale":{"__type__":"cc.Vec3","x":1,"y":1,"z":1}},{"__type__":"cc.Node","_name":"New Sprite(Splash)","_parent":{"__id__":2},"_children":[{"__id__":8},{"__id__":17}],"_level":3,"_components":[{"__type__":"cc.Sprite","node":{"__id__":7},"_spriteFrame":{"__uuid__":"18gvDXhbVPo5ajnO6RQPt2"},"_type":1,"_sizeMode":0},{"__type__":"cc.Layout","node":{"__id__":7},"_N$layoutType":2}],"_prefab":{"__type__":"cc.PrefabInfo","root":{"__id__":1},"asset":{"__uuid__":"2a0/1heWpEfYXPOBsjcu7U"},"fileId":"817hYkeyJDD5Kr9RUmoRgs"},"_contentSize":{"__type__":"cc.Size","width":750,"height":1285},"_position":{"__type__":"cc.Vec3","y":-25.5},"_scale":{"__type__":"cc.Vec3","x":1,"y":1,"z":1}},{"__type__":"cc.Node","_name":"title","_parent":{"__id__":7},"_children":[{"__id__":9},{"__id__":13}],"_level":4,"_components":[{"__type__":"cc.Sprite","node":{"__id__":8},"_sizeMode":0}],"_prefab":{"__type__":"cc.PrefabInfo","root":{"__id__":1},"asset":{"__uuid__":"2a0/1heWpEfYXPOBsjcu7U"},"fileId":"0dg/ZpqvdBhJuTM8r0bEcZ"},"_contentSize":{"__type__":"cc.Size","width":750,"height":50},"_position":{"__type__":"cc.Vec3","y":617.5},"_scale":{"__type__":"cc.Vec3","x":1,"y":1,"z":1}},{"__type__":"cc.Node","_name":"New Sprite(Splash)","_parent":{"__id__":8},"_children":[{"__id__":10},{"__id__":11}],"_level":5,"_components":[{"__type__":"cc.Sprite","node":{"__id__":9},"_spriteFrame":{"__uuid__":"7bE00G23JM/qnGWMMbG6Pm"},"_type":1,"_sizeMode":0},{"__type__":"cc.Widget","node":{"__id__":9},"_alignFlags":37,"_right":138.9,"_top":12.5,"_bottom":12.5,"_originalHeight":20}],"_prefab":{"__type__":"cc.PrefabInfo","root":{"__id__":1},"asset":{"__uuid__":"2a0/1heWpEfYXPOBsjcu7U"},"fileId":"27yigonVxKyrCjWpW+xLAE"},"_color":{"__type__":"cc.Color","r":44,"g":44,"b":36},"_contentSize":{"__type__":"cc.Size","width":110,"height":25},"_anchorPoint":{"__type__":"cc.Vec2","x":1,"y":0.5},"_position":{"__type__":"cc.Vec3","x":236.1},"_scale":{"__type__":"cc.Vec3","x":1,"y":1,"z":1}},{"__type__":"cc.Node","_name":"金币拷贝3@2x","_parent":{"__id__":9},"_level":5,"_components":[{"__type__":"cc.Sprite","node":{"__id__":10},"_spriteFrame":{"__uuid__":"23qu98Kw5A3YnDzqDwfXkf"},"_sizeMode":0}],"_prefab":{"__type__":"cc.PrefabInfo","root":{"__id__":1},"asset":{"__uuid__":"2a0/1heWpEfYXPOBsjcu7U"},"fileId":"d261B1SORMIbxEnHqX1l1D"},"_contentSize":{"__type__":"cc.Size","width":30,"height":30},"_position":{"__type__":"cc.Vec3","x":-100},"_scale":{"__type__":"cc.Vec3","x":1,"y":1,"z":1}},{"__type__":"cc.Node","_name":"gem","_parent":{"__id__":9},"_level":5,"_components":[{"__id__":12}],"_prefab":{"__type__":"cc.PrefabInfo","root":{"__id__":1},"asset":{"__uuid__":"2a0/1heWpEfYXPOBsjcu7U"},"fileId":"2ceMRHClJJO6L+9WswCa5t"},"_contentSize":{"__type__":"cc.Size","width":80,"height":22},"_anchorPoint":{"__type__":"cc.Vec2","x":1,"y":0.5},"_position":{"__type__":"cc.Vec3","x":-5},"_scale":{"__type__":"cc.Vec3","x":1,"y":1,"z":1}},{"__type__":"cc.Label","node":{"__id__":11},"_srcBlendFactor":1,"_useOriginalSize":false,"_string":"680000","_N$string":"680000","_fontSize":20,"_lineHeight":22,"_enableWrapText":false,"_N$verticalAlign":1,"_N$overflow":1},{"__type__":"cc.Node","_name":"New Sprite(Splash)","_parent":{"__id__":8},"_children":[{"__id__":14},{"__id__":15}],"_level":5,"_components":[{"__type__":"cc.Sprite","node":{"__id__":13},"_spriteFrame":{"__uuid__":"7bE00G23JM/qnGWMMbG6Pm"},"_type":1,"_sizeMode":0},{"__type__":"cc.Widget","node":{"__id__":13},"_alignFlags":37,"_right":9.5,"_top":12.5,"_bottom":12.5,"_originalHeight":20}],"_prefab":{"__type__":"cc.PrefabInfo","root":{"__id__":1},"asset":{"__uuid__":"2a0/1heWpEfYXPOBsjcu7U"},"fileId":"4b6Y69tiBHUbk7hycJiAPX"},"_color":{"__type__":"cc.Color","r":44,"g":44,"b":36},"_contentSize":{"__type__":"cc.Size","width":110,"height":25},"_anchorPoint":{"__type__":"cc.Vec2","x":1,"y":0.5},"_position":{"__type__":"cc.Vec3","x":365.5},"_scale":{"__type__":"cc.Vec3","x":1,"y":1,"z":1}},{"__type__":"cc.Node","_name":"金币拷贝3@2x","_parent":{"__id__":13},"_level":5,"_components":[{"__type__":"cc.Sprite","node":{"__id__":14},"_spriteFrame":{"__uuid__":"de0JHSRvpF/p6Fu3WSBcG6"},"_sizeMode":0}],"_prefab":{"__type__":"cc.PrefabInfo","root":{"__id__":1},"asset":{"__uuid__":"2a0/1heWpEfYXPOBsjcu7U"},"fileId":"78RadiAZ9OcYAekV+IMaKS"},"_contentSize":{"__type__":"cc.Size","width":35,"height":30},"_position":{"__type__":"cc.Vec3","x":-102},"_scale":{"__type__":"cc.Vec3","x":1,"y":1,"z":1}},{"__type__":"cc.Node","_name":"coin","_parent":{"__id__":13},"_level":5,"_components":[{"__id__":16}],"_prefab":{"__type__":"cc.PrefabInfo","root":{"__id__":1},"asset":{"__uuid__":"2a0/1heWpEfYXPOBsjcu7U"},"fileId":"d55QwKichABrLu1BWF4KBg"},"_contentSize":{"__type__":"cc.Size","width":77.86,"height":22},"_anchorPoint":{"__type__":"cc.Vec2","x":1,"y":0.5},"_position":{"__type__":"cc.Vec3","x":-3},"_scale":{"__type__":"cc.Vec3","x":1,"y":1,"z":1}},{"__type__":"cc.Label","node":{"__id__":15},"_srcBlendFactor":1,"_useOriginalSize":false,"_string":"680000","_N$string":"680000","_fontSize":20,"_lineHeight":22,"_enableWrapText":false,"_N$verticalAlign":1,"_N$overflow":1},{"__type__":"cc.Node","_name":"New Sprite(Splash)","_parent":{"__id__":7},"_children":[{"__id__":18},{"__id__":79}],"_level":4,"_components":[{"__type__":"cc.Sprite","node":{"__id__":17},"_sizeMode":0},{"__type__":"cc.Layout","node":{"__id__":17},"_layoutSize":{"__type__":"cc.Size","width":750,"height":1235},"_N$layoutType":2}],"_prefab":{"__type__":"cc.PrefabInfo","root":{"__id__":1},"asset":{"__uuid__":"2a0/1heWpEfYXPOBsjcu7U"},"fileId":"fayIsGbl9PBZFG6jxLnCp+"},"_color":{"__type__":"cc.Color","r":44,"g":44,"b":44},"_contentSize":{"__type__":"cc.Size","width":750,"height":1235},"_position":{"__type__":"cc.Vec3","y":-25},"_scale":{"__type__":"cc.Vec3","x":1,"y":1,"z":1}},{"__type__":"cc.Node","_name":"tab","_parent":{"__id__":17},"_children":[{"__id__":19},{"__id__":28},{"__id__":37},{"__id__":46},{"__id__":55},{"__id__":64},{"__id__":73}],"_level":5,"_components":[{"__id__":78},{"__type__":"cc.Widget","node":{"__id__":18},"_alignFlags":9,"_bottom":1009.5,"_originalHeight":61},{"__type__":"cc.Layout","node":{"__id__":18},"_layoutSize":{"__type__":"cc.Size","width":744,"height":104},"_resize":1,"_N$layoutType":1,"_N$paddingLeft":5,"_N$paddingRight":5,"_N$spacingX":8}],"_prefab":{"__type__":"cc.PrefabInfo","root":{"__id__":1},"asset":{"__uuid__":"2a0/1heWpEfYXPOBsjcu7U"},"fileId":"10nkILoKtJTY1Svc1h3rOv"},"_contentSize":{"__type__":"cc.Size","width":744,"height":104},"_anchorPoint":{"__type__":"cc.Vec2","y":0.5},"_position":{"__type__":"cc.Vec3","x":-375,"y":565.5},"_scale":{"__type__":"cc.Vec3","x":1,"y":1,"z":1}},{"__type__":"cc.Node","_name":"toggle1","_parent":{"__id__":18},"_children":[{"__id__":20},{"__id__":22},{"__id__":24}],"_components":[{"__type__":"cc.Toggle","node":{"__id__":19},"_N$transition":3,"transition":3,"_N$target":{"__id__":19},"checkMark":{"__id__":23}}],"_prefab":{"__type__":"cc.PrefabInfo","root":{"__id__":1},"asset":{"__uuid__":"2a0/1heWpEfYXPOBsjcu7U"},"fileId":"a7uPfzYOREkqjlkZwl8tn3"},"_contentSize":{"__type__":"cc.Size","width":98,"height":71},"_position":{"__type__":"cc.Vec3","x":54},"_scale":{"__type__":"cc.Vec3","x":1,"y":1,"z":1}},{"__type__":"cc.Node","_name":"Background","_parent":{"__id__":19},"_components":[{"__id__":21},{"__type__":"32540GFq4FAT5ZSyUpi/XyW","node":{"__id__":20},"img":{"__id__":21},"url":"texture/eqiup/yifu.png"}],"_prefab":{"__type__":"cc.PrefabInfo","root":{"__id__":1},"asset":{"__uuid__":"2a0/1heWpEfYXPOBsjcu7U"},"fileId":"a3927RBytCP71GRnoOasFH"},"_contentSize":{"__type__":"cc.Size","width":94,"height":94},"_scale":{"__type__":"cc.Vec3","x":1,"y":1,"z":1}},{"__type__":"cc.Sprite","node":{"__id__":20},"_sizeMode":2,"_isTrimmedMode":false},{"__type__":"cc.Node","_name":"checkmark","_parent":{"__id__":19},"_components":[{"__id__":23},{"__type__":"32540GFq4FAT5ZSyUpi/XyW","node":{"__id__":22},"img":{"__id__":23},"url":"texture/eqiup/nowyifu.png"}],"_prefab":{"__type__":"cc.PrefabInfo","root":{"__id__":1},"asset":{"__uuid__":"2a0/1heWpEfYXPOBsjcu7U"},"fileId":"90oJp7S/pD+rwl65afd5Lb"},"_contentSize":{"__type__":"cc.Size","width":98,"height":104},"_scale":{"__type__":"cc.Vec3","x":1,"y":1,"z":1}},{"__type__":"cc.Sprite","node":{"__id__":22},"_sizeMode":2,"_isTrimmedMode":false},{"__type__":"cc.Node","_name":"newequip","_parent":{"__id__":19},"_children":[{"__id__":25}],"_level":1,"_components":[{"__type__":"cc.Sprite","node":{"__id__":24},"_sizeMode":0},{"__type__":"cc.Widget","node":{"__id__":24},"_alignFlags":33,"_right":-10,"_top":-21.5},{"__type__":"c32d3/RV3xNvKlWl8y5Qfpd","node":{"__id__":24}},{"__type__":"e3479iAGVZKSav0YYzE5i1n","node":{"__id__":24},"count":{"__id__":27},"type":6,"bg":{"__id__":25}}],"_prefab":{"__type__":"cc.PrefabInfo","root":{"__id__":1},"asset":{"__uuid__":"2a0/1heWpEfYXPOBsjcu7U"},"fileId":"f6GCQbbRFGY7Y47Nng2N75"},"_contentSize":{"__type__":"cc.Size","width":33,"height":33},"_position":{"__type__":"cc.Vec3","x":42.5,"y":40.5},"_scale":{"__type__":"cc.Vec3","x":1,"y":1,"z":1}},{"__type__":"cc.Node","_name":"1","_parent":{"__id__":24},"_children":[{"__id__":26}],"_active":false,"_level":2,"_components":[{"__type__":"cc.Sprite","node":{"__id__":25},"_spriteFrame":{"__uuid__":"feneBpRqdJCKkZJU3JeSj5"},"_sizeMode":0}],"_prefab":{"__type__":"cc.PrefabInfo","root":{"__id__":1},"asset":{"__uuid__":"2a0/1heWpEfYXPOBsjcu7U"},"fileId":"1fLbgnCZlDh7SoBn84gPn6"},"_contentSize":{"__type__":"cc.Size","width":33,"height":33},"_scale":{"__type__":"cc.Vec3","x":1,"y":1,"z":1}},{"__type__":"cc.Node","_name":"text1","_parent":{"__id__":25},"_level":3,"_components":[{"__id__":27}],"_prefab":{"__type__":"cc.PrefabInfo","root":{"__id__":1},"asset":{"__uuid__":"2a0/1heWpEfYXPOBsjcu7U"},"fileId":"50Nm8Iy6xP4rkEFWO8/nI4"},"_contentSize":{"__type__":"cc.Size","width":13.9,"height":27},"_position":{"__type__":"cc.Vec3","x":-1.3,"y":0.3},"_scale":{"__type__":"cc.Vec3","x":1,"y":1,"z":1}},{"__type__":"cc.Label","node":{"__id__":26},"_srcBlendFactor":1,"_useOriginalSize":false,"_string":"1","_N$string":"1","_fontSize":25,"_lineHeight":27,"_N$horizontalAlign":1,"_N$verticalAlign":1},{"__type__":"cc.Node","_name":"toggle2","_parent":{"__id__":18},"_children":[{"__id__":29},{"__id__":31},{"__id__":33}],"_components":[{"__type__":"cc.Toggle","node":{"__id__":28},"_N$transition":3,"transition":3,"_N$target":{"__id__":28},"_N$isChecked":false,"checkMark":{"__id__":32}}],"_prefab":{"__type__":"cc.PrefabInfo","root":{"__id__":1},"asset":{"__uuid__":"2a0/1heWpEfYXPOBsjcu7U"},"fileId":"03BclH4KxJap8d/mBATrr/"},"_contentSize":{"__type__":"cc.Size","width":98,"height":71},"_position":{"__type__":"cc.Vec3","x":160},"_scale":{"__type__":"cc.Vec3","x":1,"y":1,"z":1}},{"__type__":"cc.Node","_name":"Background","_parent":{"__id__":28},"_components":[{"__id__":30},{"__type__":"32540GFq4FAT5ZSyUpi/XyW","node":{"__id__":29},"img":{"__id__":30},"url":"texture/eqiup/maozhi.png"}],"_prefab":{"__type__":"cc.PrefabInfo","root":{"__id__":1},"asset":{"__uuid__":"2a0/1heWpEfYXPOBsjcu7U"},"fileId":"d4ElDNpb1F571tkrThN1uc"},"_contentSize":{"__type__":"cc.Size","width":94,"height":94},"_scale":{"__type__":"cc.Vec3","x":1,"y":1,"z":1}},{"__type__":"cc.Sprite","node":{"__id__":29},"_sizeMode":2,"_isTrimmedMode":false},{"__type__":"cc.Node","_name":"checkmark","_parent":{"__id__":28},"_active":false,"_components":[{"__id__":32},{"__type__":"32540GFq4FAT5ZSyUpi/XyW","node":{"__id__":31},"img":{"__id__":32},"url":"texture/eqiup/nowmaozhi.png"}],"_prefab":{"__type__":"cc.PrefabInfo","root":{"__id__":1},"asset":{"__uuid__":"2a0/1heWpEfYXPOBsjcu7U"},"fileId":"e4qM7sYV5G/4KB/HEMgo1A"},"_contentSize":{"__type__":"cc.Size","width":98,"height":104},"_scale":{"__type__":"cc.Vec3","x":1,"y":1,"z":1}},{"__type__":"cc.Sprite","node":{"__id__":31},"_sizeMode":2,"_isTrimmedMode":false},{"__type__":"cc.Node","_name":"newequip1","_parent":{"__id__":28},"_children":[{"__id__":34}],"_level":1,"_components":[{"__type__":"cc.Sprite","node":{"__id__":33},"_sizeMode":0},{"__type__":"cc.Widget","node":{"__id__":33},"_alignFlags":33,"_right":-10,"_top":-21.5},{"__type__":"c32d3/RV3xNvKlWl8y5Qfpd","node":{"__id__":33}},{"__type__":"e3479iAGVZKSav0YYzE5i1n","node":{"__id__":33},"count":{"__id__":36},"type":6,"bg":{"__id__":34},"equiptype":1}],"_prefab":{"__type__":"cc.PrefabInfo","root":{"__id__":1},"asset":{"__uuid__":"2a0/1heWpEfYXPOBsjcu7U"},"fileId":"8atEKoZ6VL+ZVwhPHIrMHd"},"_contentSize":{"__type__":"cc.Size","width":33,"height":33},"_position":{"__type__":"cc.Vec3","x":42.5,"y":40.5},"_scale":{"__type__":"cc.Vec3","x":1,"y":1,"z":1}},{"__type__":"cc.Node","_name":"2","_parent":{"__id__":33},"_children":[{"__id__":35}],"_active":false,"_level":2,"_components":[{"__type__":"cc.Sprite","node":{"__id__":34},"_spriteFrame":{"__uuid__":"feneBpRqdJCKkZJU3JeSj5"},"_sizeMode":0}],"_prefab":{"__type__":"cc.PrefabInfo","root":{"__id__":1},"asset":{"__uuid__":"2a0/1heWpEfYXPOBsjcu7U"},"fileId":"83bW4owJtAiIhPpBhcERVW"},"_contentSize":{"__type__":"cc.Size","width":33,"height":33},"_scale":{"__type__":"cc.Vec3","x":1,"y":1,"z":1}},{"__type__":"cc.Node","_name":"text2","_parent":{"__id__":34},"_level":3,"_components":[{"__id__":36}],"_prefab":{"__type__":"cc.PrefabInfo","root":{"__id__":1},"asset":{"__uuid__":"2a0/1heWpEfYXPOBsjcu7U"},"fileId":"f86iqzzCxBloAXjaR86uND"},"_contentSize":{"__type__":"cc.Size","width":13.9,"height":27},"_position":{"__type__":"cc.Vec3","x":-1.3,"y":0.3},"_scale":{"__type__":"cc.Vec3","x":1,"y":1,"z":1}},{"__type__":"cc.Label","node":{"__id__":35},"_srcBlendFactor":1,"_useOriginalSize":false,"_string":"1","_N$string":"1","_fontSize":25,"_lineHeight":27,"_N$horizontalAlign":1,"_N$verticalAlign":1},{"__type__":"cc.Node","_name":"toggle3","_parent":{"__id__":18},"_children":[{"__id__":38},{"__id__":40},{"__id__":42}],"_components":[{"__type__":"cc.Toggle","node":{"__id__":37},"_N$transition":3,"transition":3,"_N$target":{"__id__":37},"_N$isChecked":false,"checkMark":{"__id__":41}}],"_prefab":{"__type__":"cc.PrefabInfo","root":{"__id__":1},"asset":{"__uuid__":"2a0/1heWpEfYXPOBsjcu7U"},"fileId":"3dZzcJpFxAfr3TG2eCAUiu"},"_contentSize":{"__type__":"cc.Size","width":98,"height":71},"_position":{"__type__":"cc.Vec3","x":266},"_scale":{"__type__":"cc.Vec3","x":1,"y":1,"z":1}},{"__type__":"cc.Node","_name":"Background","_parent":{"__id__":37},"_components":[{"__id__":39},{"__type__":"32540GFq4FAT5ZSyUpi/XyW","node":{"__id__":38},"img":{"__id__":39},"url":"texture/eqiup/wuqi.png"}],"_prefab":{"__type__":"cc.PrefabInfo","root":{"__id__":1},"asset":{"__uuid__":"2a0/1heWpEfYXPOBsjcu7U"},"fileId":"8dd40KyNVAIJZnUKyNnibD"},"_contentSize":{"__type__":"cc.Size","width":94,"height":94},"_scale":{"__type__":"cc.Vec3","x":1,"y":1,"z":1}},{"__type__":"cc.Sprite","node":{"__id__":38},"_sizeMode":2,"_isTrimmedMode":false},{"__type__":"cc.Node","_name":"checkmark","_parent":{"__id__":37},"_active":false,"_components":[{"__id__":41},{"__type__":"32540GFq4FAT5ZSyUpi/XyW","node":{"__id__":40},"img":{"__id__":41},"url":"texture/eqiup/nowwuqi.png"}],"_prefab":{"__type__":"cc.PrefabInfo","root":{"__id__":1},"asset":{"__uuid__":"2a0/1heWpEfYXPOBsjcu7U"},"fileId":"dcRe/0TpFHPL9mKbmPTEBs"},"_contentSize":{"__type__":"cc.Size","width":98,"height":104},"_scale":{"__type__":"cc.Vec3","x":1,"y":1,"z":1}},{"__type__":"cc.Sprite","node":{"__id__":40},"_sizeMode":2,"_isTrimmedMode":false},{"__type__":"cc.Node","_name":"newequip","_parent":{"__id__":37},"_children":[{"__id__":43}],"_level":1,"_components":[{"__type__":"cc.Sprite","node":{"__id__":42},"_sizeMode":0},{"__type__":"cc.Widget","node":{"__id__":42},"_alignFlags":33,"_right":-10,"_top":-21.5},{"__type__":"c32d3/RV3xNvKlWl8y5Qfpd","node":{"__id__":42}},{"__type__":"e3479iAGVZKSav0YYzE5i1n","node":{"__id__":42},"count":{"__id__":45},"type":6,"bg":{"__id__":43},"equiptype":2}],"_prefab":{"__type__":"cc.PrefabInfo","root":{"__id__":1},"asset":{"__uuid__":"2a0/1heWpEfYXPOBsjcu7U"},"fileId":"faXYcBfqRJOripCDezLXpZ"},"_contentSize":{"__type__":"cc.Size","width":33,"height":33},"_position":{"__type__":"cc.Vec3","x":42.5,"y":40.5},"_scale":{"__type__":"cc.Vec3","x":1,"y":1,"z":1}},{"__type__":"cc.Node","_name":"3","_parent":{"__id__":42},"_children":[{"__id__":44}],"_active":false,"_level":2,"_components":[{"__type__":"cc.Sprite","node":{"__id__":43},"_spriteFrame":{"__uuid__":"feneBpRqdJCKkZJU3JeSj5"},"_sizeMode":0}],"_prefab":{"__type__":"cc.PrefabInfo","root":{"__id__":1},"asset":{"__uuid__":"2a0/1heWpEfYXPOBsjcu7U"},"fileId":"616rhk6uZGraGbJCxvIlb6"},"_contentSize":{"__type__":"cc.Size","width":33,"height":33},"_scale":{"__type__":"cc.Vec3","x":1,"y":1,"z":1}},{"__type__":"cc.Node","_name":"text3","_parent":{"__id__":43},"_level":3,"_components":[{"__id__":45}],"_prefab":{"__type__":"cc.PrefabInfo","root":{"__id__":1},"asset":{"__uuid__":"2a0/1heWpEfYXPOBsjcu7U"},"fileId":"54VGbELzpI7L0WgqqutHEP"},"_contentSize":{"__type__":"cc.Size","width":13.9,"height":27},"_position":{"__type__":"cc.Vec3","x":-1.3,"y":0.3},"_scale":{"__type__":"cc.Vec3","x":1,"y":1,"z":1}},{"__type__":"cc.Label","node":{"__id__":44},"_srcBlendFactor":1,"_useOriginalSize":false,"_string":"1","_N$string":"1","_fontSize":25,"_lineHeight":27,"_N$horizontalAlign":1,"_N$verticalAlign":1},{"__type__":"cc.Node","_name":"toggle4","_parent":{"__id__":18},"_children":[{"__id__":47},{"__id__":49},{"__id__":51}],"_level":3,"_components":[{"__type__":"cc.Toggle","node":{"__id__":46},"_N$transition":3,"transition":3,"_N$target":{"__id__":46},"_N$isChecked":false,"checkMark":{"__id__":50}}],"_prefab":{"__type__":"cc.PrefabInfo","root":{"__id__":1},"asset":{"__uuid__":"2a0/1heWpEfYXPOBsjcu7U"},"fileId":"a4qzBo9X9DS740hVODWSGi"},"_contentSize":{"__type__":"cc.Size","width":98,"height":71},"_position":{"__type__":"cc.Vec3","x":372},"_scale":{"__type__":"cc.Vec3","x":1,"y":1,"z":1}},{"__type__":"cc.Node","_name":"Background","_parent":{"__id__":46},"_components":[{"__id__":48},{"__type__":"32540GFq4FAT5ZSyUpi/XyW","node":{"__id__":47},"img":{"__id__":48},"url":"texture/eqiup/chibang.png"}],"_prefab":{"__type__":"cc.PrefabInfo","root":{"__id__":1},"asset":{"__uuid__":"2a0/1heWpEfYXPOBsjcu7U"},"fileId":"7207h6DR1GSb8OwgbTXEJP"},"_contentSize":{"__type__":"cc.Size","width":94,"height":94},"_scale":{"__type__":"cc.Vec3","x":1,"y":1,"z":1}},{"__type__":"cc.Sprite","node":{"__id__":47},"_sizeMode":2,"_isTrimmedMode":false},{"__type__":"cc.Node","_name":"checkmark","_parent":{"__id__":46},"_active":false,"_components":[{"__id__":50},{"__type__":"32540GFq4FAT5ZSyUpi/XyW","node":{"__id__":49},"img":{"__id__":50},"url":"texture/eqiup/nowchibang.png"}],"_prefab":{"__type__":"cc.PrefabInfo","root":{"__id__":1},"asset":{"__uuid__":"2a0/1heWpEfYXPOBsjcu7U"},"fileId":"9fcX/4OiJGwrrerGjZiwBA"},"_contentSize":{"__type__":"cc.Size","width":98,"height":104},"_scale":{"__type__":"cc.Vec3","x":1,"y":1,"z":1}},{"__type__":"cc.Sprite","node":{"__id__":49},"_sizeMode":2,"_isTrimmedMode":false},{"__type__":"cc.Node","_name":"newequip","_parent":{"__id__":46},"_children":[{"__id__":52}],"_level":4,"_components":[{"__type__":"cc.Sprite","node":{"__id__":51},"_sizeMode":0},{"__type__":"cc.Widget","node":{"__id__":51},"_alignFlags":33,"_right":-10,"_top":-21.5},{"__type__":"c32d3/RV3xNvKlWl8y5Qfpd","node":{"__id__":51}},{"__type__":"e3479iAGVZKSav0YYzE5i1n","node":{"__id__":51},"count":{"__id__":54},"type":6,"bg":{"__id__":52},"equiptype":3}],"_prefab":{"__type__":"cc.PrefabInfo","root":{"__id__":1},"asset":{"__uuid__":"2a0/1heWpEfYXPOBsjcu7U"},"fileId":"9dJNJFb8ZH/r2JmdMMW7pi"},"_contentSize":{"__type__":"cc.Size","width":33,"height":33},"_position":{"__type__":"cc.Vec3","x":42.5,"y":40.5},"_scale":{"__type__":"cc.Vec3","x":1,"y":1,"z":1}},{"__type__":"cc.Node","_name":"4","_parent":{"__id__":51},"_children":[{"__id__":53}],"_active":false,"_level":2,"_components":[{"__type__":"cc.Sprite","node":{"__id__":52},"_spriteFrame":{"__uuid__":"feneBpRqdJCKkZJU3JeSj5"},"_sizeMode":0}],"_prefab":{"__type__":"cc.PrefabInfo","root":{"__id__":1},"asset":{"__uuid__":"2a0/1heWpEfYXPOBsjcu7U"},"fileId":"51neMNrEdNwLrtsLINuLuS"},"_contentSize":{"__type__":"cc.Size","width":33,"height":33},"_scale":{"__type__":"cc.Vec3","x":1,"y":1,"z":1}},{"__type__":"cc.Node","_name":"text4","_parent":{"__id__":52},"_level":3,"_components":[{"__id__":54}],"_prefab":{"__type__":"cc.PrefabInfo","root":{"__id__":1},"asset":{"__uuid__":"2a0/1heWpEfYXPOBsjcu7U"},"fileId":"f5I5yPhUFFW468RM3LMfdH"},"_contentSize":{"__type__":"cc.Size","width":13.9,"height":27},"_position":{"__type__":"cc.Vec3","x":-1.3,"y":0.3},"_scale":{"__type__":"cc.Vec3","x":1,"y":1,"z":1}},{"__type__":"cc.Label","node":{"__id__":53},"_srcBlendFactor":1,"_useOriginalSize":false,"_string":"1","_N$string":"1","_fontSize":25,"_lineHeight":27,"_N$horizontalAlign":1,"_N$verticalAlign":1},{"__type__":"cc.Node","_name":"toggle5","_parent":{"__id__":18},"_children":[{"__id__":56},{"__id__":58},{"__id__":60}],"_level":3,"_components":[{"__type__":"cc.Toggle","node":{"__id__":55},"_N$transition":3,"transition":3,"_N$target":{"__id__":55},"_N$isChecked":false,"checkMark":{"__id__":59}}],"_prefab":{"__type__":"cc.PrefabInfo","root":{"__id__":1},"asset":{"__uuid__":"2a0/1heWpEfYXPOBsjcu7U"},"fileId":"07E/XbkNlIs7acoHWJNN3q"},"_contentSize":{"__type__":"cc.Size","width":98,"height":71},"_position":{"__type__":"cc.Vec3","x":478},"_scale":{"__type__":"cc.Vec3","x":1,"y":1,"z":1}},{"__type__":"cc.Node","_name":"Background","_parent":{"__id__":55},"_components":[{"__id__":57},{"__type__":"32540GFq4FAT5ZSyUpi/XyW","node":{"__id__":56},"img":{"__id__":57},"url":"texture/eqiup/hushou.png"}],"_prefab":{"__type__":"cc.PrefabInfo","root":{"__id__":1},"asset":{"__uuid__":"2a0/1heWpEfYXPOBsjcu7U"},"fileId":"8bCm07UbFHTKW+KpidcfkC"},"_contentSize":{"__type__":"cc.Size","width":94,"height":94},"_scale":{"__type__":"cc.Vec3","x":1,"y":1,"z":1}},{"__type__":"cc.Sprite","node":{"__id__":56},"_sizeMode":2,"_isTrimmedMode":false},{"__type__":"cc.Node","_name":"checkmark","_parent":{"__id__":55},"_active":false,"_components":[{"__id__":59},{"__type__":"32540GFq4FAT5ZSyUpi/XyW","node":{"__id__":58},"img":{"__id__":59},"url":"texture/eqiup/nowhushou.png"}],"_prefab":{"__type__":"cc.PrefabInfo","root":{"__id__":1},"asset":{"__uuid__":"2a0/1heWpEfYXPOBsjcu7U"},"fileId":"0a5xmmfPZFW7bjKDfYwg+x"},"_contentSize":{"__type__":"cc.Size","width":98,"height":104},"_scale":{"__type__":"cc.Vec3","x":1,"y":1,"z":1}},{"__type__":"cc.Sprite","node":{"__id__":58},"_sizeMode":2,"_isTrimmedMode":false},{"__type__":"cc.Node","_name":"newequip","_parent":{"__id__":55},"_children":[{"__id__":61}],"_level":4,"_components":[{"__type__":"cc.Sprite","node":{"__id__":60},"_sizeMode":0},{"__type__":"cc.Widget","node":{"__id__":60},"_alignFlags":33,"_right":-10,"_top":-21.5},{"__type__":"c32d3/RV3xNvKlWl8y5Qfpd","node":{"__id__":60}},{"__type__":"e3479iAGVZKSav0YYzE5i1n","node":{"__id__":60},"count":{"__id__":63},"type":6,"bg":{"__id__":61},"equiptype":4}],"_prefab":{"__type__":"cc.PrefabInfo","root":{"__id__":1},"asset":{"__uuid__":"2a0/1heWpEfYXPOBsjcu7U"},"fileId":"b3gYi0qzRF/LGgB9Rw3Cvq"},"_contentSize":{"__type__":"cc.Size","width":33,"height":33},"_position":{"__type__":"cc.Vec3","x":42.5,"y":40.5},"_scale":{"__type__":"cc.Vec3","x":1,"y":1,"z":1}},{"__type__":"cc.Node","_name":"5","_parent":{"__id__":60},"_children":[{"__id__":62}],"_active":false,"_level":2,"_components":[{"__type__":"cc.Sprite","node":{"__id__":61},"_spriteFrame":{"__uuid__":"feneBpRqdJCKkZJU3JeSj5"},"_sizeMode":0}],"_prefab":{"__type__":"cc.PrefabInfo","root":{"__id__":1},"asset":{"__uuid__":"2a0/1heWpEfYXPOBsjcu7U"},"fileId":"3bIa16Y45Nq77w8+31vuAS"},"_contentSize":{"__type__":"cc.Size","width":33,"height":33},"_scale":{"__type__":"cc.Vec3","x":1,"y":1,"z":1}},{"__type__":"cc.Node","_name":"text5","_parent":{"__id__":61},"_level":3,"_components":[{"__id__":63}],"_prefab":{"__type__":"cc.PrefabInfo","root":{"__id__":1},"asset":{"__uuid__":"2a0/1heWpEfYXPOBsjcu7U"},"fileId":"f18BAUkEFGKqTFgYm0ZYYa"},"_contentSize":{"__type__":"cc.Size","width":13.9,"height":27},"_position":{"__type__":"cc.Vec3","x":-1.3,"y":0.3},"_scale":{"__type__":"cc.Vec3","x":1,"y":1,"z":1}},{"__type__":"cc.Label","node":{"__id__":62},"_srcBlendFactor":1,"_useOriginalSize":false,"_string":"1","_N$string":"1","_fontSize":25,"_lineHeight":27,"_N$horizontalAlign":1,"_N$verticalAlign":1},{"__type__":"cc.Node","_name":"toggle6","_parent":{"__id__":18},"_children":[{"__id__":65},{"__id__":67},{"__id__":69}],"_level":3,"_components":[{"__type__":"cc.Toggle","node":{"__id__":64},"_N$transition":3,"transition":3,"_N$target":{"__id__":64},"_N$isChecked":false,"checkMark":{"__id__":68}}],"_prefab":{"__type__":"cc.PrefabInfo","root":{"__id__":1},"asset":{"__uuid__":"2a0/1heWpEfYXPOBsjcu7U"},"fileId":"6fG5SHzphJF6Py2/Hy3nwe"},"_contentSize":{"__type__":"cc.Size","width":98,"height":71},"_position":{"__type__":"cc.Vec3","x":584},"_scale":{"__type__":"cc.Vec3","x":1,"y":1,"z":1}},{"__type__":"cc.Node","_name":"Background","_parent":{"__id__":64},"_components":[{"__id__":66},{"__type__":"32540GFq4FAT5ZSyUpi/XyW","node":{"__id__":65},"img":{"__id__":66},"url":"texture/eqiup/tuteng.png"}],"_prefab":{"__type__":"cc.PrefabInfo","root":{"__id__":1},"asset":{"__uuid__":"2a0/1heWpEfYXPOBsjcu7U"},"fileId":"09bEFmNXxHNYUMYBOwJN+C"},"_contentSize":{"__type__":"cc.Size","width":94,"height":94},"_scale":{"__type__":"cc.Vec3","x":1,"y":1,"z":1}},{"__type__":"cc.Sprite","node":{"__id__":65},"_sizeMode":2,"_isTrimmedMode":false},{"__type__":"cc.Node","_name":"checkmark","_parent":{"__id__":64},"_active":false,"_components":[{"__id__":68},{"__type__":"32540GFq4FAT5ZSyUpi/XyW","node":{"__id__":67},"img":{"__id__":68},"url":"texture/eqiup/nowtuteng.png"}],"_prefab":{"__type__":"cc.PrefabInfo","root":{"__id__":1},"asset":{"__uuid__":"2a0/1heWpEfYXPOBsjcu7U"},"fileId":"71qWRlXulB4LTRBSOe3I52"},"_contentSize":{"__type__":"cc.Size","width":98,"height":104},"_scale":{"__type__":"cc.Vec3","x":1,"y":1,"z":1}},{"__type__":"cc.Sprite","node":{"__id__":67},"_sizeMode":2,"_isTrimmedMode":false},{"__type__":"cc.Node","_name":"newequip","_parent":{"__id__":64},"_children":[{"__id__":70}],"_level":4,"_components":[{"__type__":"cc.Sprite","node":{"__id__":69},"_sizeMode":0},{"__type__":"cc.Widget","node":{"__id__":69},"_alignFlags":33,"_right":-10,"_top":-21.5},{"__type__":"c32d3/RV3xNvKlWl8y5Qfpd","node":{"__id__":69}},{"__type__":"e3479iAGVZKSav0YYzE5i1n","node":{"__id__":69},"count":{"__id__":72},"type":6,"bg":{"__id__":70},"equiptype":5}],"_prefab":{"__type__":"cc.PrefabInfo","root":{"__id__":1},"asset":{"__uuid__":"2a0/1heWpEfYXPOBsjcu7U"},"fileId":"d5jVNJf0dPgJeHyGUyQx+3"},"_contentSize":{"__type__":"cc.Size","width":33,"height":33},"_position":{"__type__":"cc.Vec3","x":42.5,"y":40.5},"_scale":{"__type__":"cc.Vec3","x":1,"y":1,"z":1}},{"__type__":"cc.Node","_name":"6","_parent":{"__id__":69},"_children":[{"__id__":71}],"_active":false,"_level":2,"_components":[{"__type__":"cc.Sprite","node":{"__id__":70},"_spriteFrame":{"__uuid__":"feneBpRqdJCKkZJU3JeSj5"},"_sizeMode":0}],"_prefab":{"__type__":"cc.PrefabInfo","root":{"__id__":1},"asset":{"__uuid__":"2a0/1heWpEfYXPOBsjcu7U"},"fileId":"cavaYWoS5MOqTW4AifSGqt"},"_contentSize":{"__type__":"cc.Size","width":33,"height":33},"_scale":{"__type__":"cc.Vec3","x":1,"y":1,"z":1}},{"__type__":"cc.Node","_name":"text6","_parent":{"__id__":70},"_level":3,"_components":[{"__id__":72}],"_prefab":{"__type__":"cc.PrefabInfo","root":{"__id__":1},"asset":{"__uuid__":"2a0/1heWpEfYXPOBsjcu7U"},"fileId":"34bC13B3FCda3tgwEO80ZN"},"_contentSize":{"__type__":"cc.Size","width":13.9,"height":27},"_position":{"__type__":"cc.Vec3","x":-1.3,"y":0.3},"_scale":{"__type__":"cc.Vec3","x":1,"y":1,"z":1}},{"__type__":"cc.Label","node":{"__id__":71},"_srcBlendFactor":1,"_useOriginalSize":false,"_string":"1","_N$string":"1","_fontSize":25,"_lineHeight":27,"_N$horizontalAlign":1,"_N$verticalAlign":1},{"__type__":"cc.Node","_name":"toggle7","_parent":{"__id__":18},"_children":[{"__id__":74},{"__id__":76}],"_level":3,"_components":[{"__type__":"cc.Toggle","node":{"__id__":73},"_N$transition":3,"transition":3,"_N$target":{"__id__":73},"_N$isChecked":false,"checkMark":{"__id__":77}}],"_prefab":{"__type__":"cc.PrefabInfo","root":{"__id__":1},"asset":{"__uuid__":"2a0/1heWpEfYXPOBsjcu7U"},"fileId":"c2PKC8uuhBPbCPUc82e82f"},"_contentSize":{"__type__":"cc.Size","width":98,"height":71},"_position":{"__type__":"cc.Vec3","x":690},"_scale":{"__type__":"cc.Vec3","x":1,"y":1,"z":1}},{"__type__":"cc.Node","_name":"Background","_parent":{"__id__":73},"_components":[{"__id__":75},{"__type__":"32540GFq4FAT5ZSyUpi/XyW","node":{"__id__":74},"img":{"__id__":75},"url":"texture/eqiup/dazhao.png"}],"_prefab":{"__type__":"cc.PrefabInfo","root":{"__id__":1},"asset":{"__uuid__":"2a0/1heWpEfYXPOBsjcu7U"},"fileId":"f0HxNVVApK76coqzQY648K"},"_contentSize":{"__type__":"cc.Size","width":94,"height":94},"_scale":{"__type__":"cc.Vec3","x":1,"y":1,"z":1}},{"__type__":"cc.Sprite","node":{"__id__":74},"_sizeMode":2,"_isTrimmedMode":false},{"__type__":"cc.Node","_name":"checkmark","_parent":{"__id__":73},"_active":false,"_components":[{"__id__":77},{"__type__":"32540GFq4FAT5ZSyUpi/XyW","node":{"__id__":76},"img":{"__id__":77},"url":"texture/eqiup/nowdazhao.png"}],"_prefab":{"__type__":"cc.PrefabInfo","root":{"__id__":1},"asset":{"__uuid__":"2a0/1heWpEfYXPOBsjcu7U"},"fileId":"40CloKCc1JHqzFXhrQRs8s"},"_contentSize":{"__type__":"cc.Size","width":98,"height":104},"_scale":{"__type__":"cc.Vec3","x":1,"y":1,"z":1}},{"__type__":"cc.Sprite","node":{"__id__":76},"_sizeMode":2,"_isTrimmedMode":false},{"__type__":"cc.ToggleContainer","node":{"__id__":18}},{"__type__":"cc.Node","_name":"scrollview","_parent":{"__id__":17},"_children":[{"__id__":80}],"_level":4,"_components":[{"__id__":82},{"__type__":"cc.Widget","node":{"__id__":79},"_alignFlags":1,"_top":104}],"_prefab":{"__type__":"cc.PrefabInfo","root":{"__id__":1},"asset":{"__uuid__":"2a0/1heWpEfYXPOBsjcu7U"},"fileId":"b5idnXj9hIwItoxCC0FvOJ"},"_contentSize":{"__type__":"cc.Size","width":750,"height":667},"_anchorPoint":{"__type__":"cc.Vec2","x":0.5,"y":1},"_position":{"__type__":"cc.Vec3","y":513.5},"_scale":{"__type__":"cc.Vec3","x":1,"y":1,"z":1}},{"__type__":"cc.Node","_name":"view","_parent":{"__id__":79},"_children":[{"__id__":81}],"_components":[{"__type__":"cc.Mask","node":{"__id__":80}},{"__type__":"cc.Widget","node":{"__id__":80},"alignMode":2,"_alignFlags":45,"_originalWidth":750,"_originalHeight":667}],"_prefab":{"__type__":"cc.PrefabInfo","root":{"__id__":1},"asset":{"__uuid__":"2a0/1heWpEfYXPOBsjcu7U"},"fileId":"07RThwuolGv6V4s1Fa/1ME"},"_contentSize":{"__type__":"cc.Size","width":750,"height":667},"_anchorPoint":{"__type__":"cc.Vec2","x":0.5,"y":1},"_scale":{"__type__":"cc.Vec3","x":1,"y":1,"z":1}},{"__type__":"cc.Node","_name":"itemcontent","_parent":{"__id__":80},"_level":1,"_components":[{"__type__":"cc.Layout","node":{"__id__":81},"_layoutSize":{"__type__":"cc.Size","width":200,"height":300},"_resize":1,"_N$layoutType":2,"_N$paddingBottom":300,"_N$spacingY":5}],"_prefab":{"__type__":"cc.PrefabInfo","root":{"__id__":1},"asset":{"__uuid__":"2a0/1heWpEfYXPOBsjcu7U"},"fileId":"deEA6ETsNO9Y6I7+tHAqN6"},"_color":{"__type__":"cc.Color","r":44,"g":44,"b":44},"_contentSize":{"__type__":"cc.Size","width":200,"height":300},"_anchorPoint":{"__type__":"cc.Vec2","x":0.5,"y":1},"_scale":{"__type__":"cc.Vec3","x":1,"y":1,"z":1}},{"__type__":"cc.ScrollView","node":{"__id__":79},"horizontal":false,"brake":0.75,"bounceDuration":0.23,"_N$content":{"__id__":81},"content":{"__id__":81},"_N$horizontalScrollBar":null,"_N$verticalScrollBar":null}],{"__type__":"cc.SpriteFrame","content":{"name":"fankui","texture":"a1kFce2/xNx60AtnsccfV2","rect":[911,1140,48,69],"offset":[0,0],"originalSize":[48,69],"capInsets":[11,11,11,13]}},{"__type__":"cc.SpriteFrame","content":{"name":"zhuanshi","texture":"a1kFce2/xNx60AtnsccfV2","rect":[363,1035,41,32],"offset":[0,0],"originalSize":[41,32],"capInsets":[0,0,0,0]}},{"__type__":"cc.SpriteFrame","content":{"name":"close2","texture":"a1kFce2/xNx60AtnsccfV2","rect":[488,1194,137,51],"offset":[0,0],"originalSize":[137,51],"capInsets":[0,0,0,0]}},{"__type__":"cc.SpriteFrame","content":{"name":"redttoast","texture":"a1kFce2/xNx60AtnsccfV2","rect":[930,1020,33,33],"offset":[0,0],"originalSize":[33,33],"capInsets":[0,0,0,0]}}]