[{"__type__":"cc.SpriteFrame","content":{"name":"top","texture":"a1kFce2/xNx60AtnsccfV2","rect":[488,1250,137,51],"offset":[0,0],"originalSize":[137,51],"capInsets":[0,0,0,0]}},{"__type__":"cc.SpriteFrame","content":{"name":"offbot","texture":"a1kFce2/xNx60AtnsccfV2","rect":[62,476,45,584],"offset":[0,0],"originalSize":[45,584],"capInsets":[9,76,14,75]}},{"__type__":"cc.SpriteFrame","content":{"name":"diamondsicon@2x","texture":"a1kFce2/xNx60AtnsccfV2","rect":[538,752,32,37],"offset":[0,0],"originalSize":[32,37],"capInsets":[0,0,0,0]}},{"__type__":"cc.SpriteFrame","content":{"name":"juse","texture":"a1kFce2/xNx60AtnsccfV2","rect":[545,572,192,96],"offset":[0,0],"originalSize":[192,96],"capInsets":[0,0,0,0]}},{"__type__":"cc.SpriteFrame","content":{"name":"putong","texture":"a1kFce2/xNx60AtnsccfV2","rect":[62,0,750,114],"offset":[0,0],"originalSize":[750,114],"capInsets":[0,0,0,0]}},[{"__type__":"cc.Prefab","_name":"artifact","data":{"__id__":1}},{"__type__":"cc.Node","_name":"artifact","_children":[{"__id__":2},{"__type__":"cc.Node","_name":"tempNode","_parent":{"__id__":1},"_level":2,"_prefab":{"__type__":"cc.PrefabInfo","root":{"__id__":1},"asset":{"__uuid__":"d4nQCpqfFAyL2DQn6kmCY3"},"fileId":"15j42tAMJNt7LB4eB9HVxH"},"_scale":{"__type__":"cc.Vec3","x":1,"y":1,"z":1}}],"_level":1,"_components":[{"__type__":"d5ab2GuW8BCaahPvBTJSCYN","node":{"__id__":1},"toporbot":{"__id__":5},"close":{"__id__":6},"content":{"__id__":2},"scllveiwnode":{"__id__":14}},{"__type__":"fb313dkA39IurbANzEhQlm8","node":{"__id__":1},"content":{"__id__":16},"item":{"__uuid__":"415kIlnoRKSbBJbIDcRo5x"},"artifact":{"__id__":44},"gem":{"__id__":12},"getartifact":{"__id__":58},"buyconi":{"__id__":49},"archive":{"__id__":18},"newdata":{"__id__":56}},{"__type__":"cc.BlockInputEvents","node":{"__id__":1}}],"_prefab":{"__type__":"cc.PrefabInfo","root":{"__id__":1},"asset":{"__uuid__":"d4nQCpqfFAyL2DQn6kmCY3"},"fileId":"33b8AQzFxPsKUfy9W9i/vs"},"_contentSize":{"__type__":"cc.Size","width":750,"height":1334},"_scale":{"__type__":"cc.Vec3","x":1,"y":1,"z":1}},{"__type__":"cc.Node","_name":"content","_parent":{"__id__":1},"_children":[{"__id__":3},{"__id__":7}],"_active":false,"_level":2,"_components":[{"__type__":"cc.Layout","node":{"__id__":2},"_layoutSize":{"__type__":"cc.Size","width":750,"height":1336},"_resize":1,"_N$layoutType":2}],"_prefab":{"__type__":"cc.PrefabInfo","root":{"__id__":1},"asset":{"__uuid__":"d4nQCpqfFAyL2DQn6kmCY3"},"fileId":"bbleP7gbZJJrPctSmuKGFm"},"_contentSize":{"__type__":"cc.Size","width":750,"height":1336},"_scale":{"__type__":"cc.Vec3","x":1,"y":1,"z":1}},{"__type__":"cc.Node","_name":"New Layout","_parent":{"__id__":2},"_children":[{"__id__":4},{"__id__":6}],"_level":3,"_components":[{"__type__":"cc.Layout","node":{"__id__":3},"_layoutSize":{"__type__":"cc.Size","width":274,"height":51},"_resize":1,"_N$layoutType":1},{"__type__":"cc.Widget","node":{"__id__":3},"_alignFlags":32}],"_prefab":{"__type__":"cc.PrefabInfo","root":{"__id__":1},"asset":{"__uuid__":"d4nQCpqfFAyL2DQn6kmCY3"},"fileId":"30uvAWOLVIvrksHkmhRXvv"},"_contentSize":{"__type__":"cc.Size","width":274,"height":51},"_position":{"__type__":"cc.Vec3","x":238,"y":642.5},"_scale":{"__type__":"cc.Vec3","x":1,"y":1,"z":1}},{"__type__":"cc.Node","_name":"toporbot","_parent":{"__id__":3},"_level":4,"_components":[{"__id__":5}],"_prefab":{"__type__":"cc.PrefabInfo","root":{"__id__":1},"asset":{"__uuid__":"d4nQCpqfFAyL2DQn6kmCY3"},"fileId":"a2tggqHvJGeYr8Lws1/wHJ"},"_contentSize":{"__type__":"cc.Size","width":137,"height":51},"_position":{"__type__":"cc.Vec3","x":-68.5},"_scale":{"__type__":"cc.Vec3","x":1,"y":1,"z":1}},{"__type__":"cc.Sprite","node":{"__id__":4},"_spriteFrame":{"__uuid__":"12qpKJQ3RCbqrybjtU0rwu"}},{"__type__":"cc.Node","_name":"close","_parent":{"__id__":3},"_level":4,"_components":[{"__type__":"cc.Sprite","node":{"__id__":6},"_spriteFrame":{"__uuid__":"f6QNi/9LlAcoWPPZi1FSJA"}}],"_prefab":{"__type__":"cc.PrefabInfo","root":{"__id__":1},"asset":{"__uuid__":"d4nQCpqfFAyL2DQn6kmCY3"},"fileId":"f4b+Dm4PpOILZUZMEUs+AU"},"_contentSize":{"__type__":"cc.Size","width":137,"height":51},"_position":{"__type__":"cc.Vec3","x":68.5},"_scale":{"__type__":"cc.Vec3","x":1,"y":1,"z":1}},{"__type__":"cc.Node","_name":"New Sprite(Splash)","_parent":{"__id__":2},"_children":[{"__id__":8},{"__id__":13}],"_level":3,"_components":[{"__type__":"cc.Sprite","node":{"__id__":7},"_spriteFrame":{"__uuid__":"18gvDXhbVPo5ajnO6RQPt2"},"_type":1,"_sizeMode":0},{"__type__":"cc.Layout","node":{"__id__":7},"_N$layoutType":2}],"_prefab":{"__type__":"cc.PrefabInfo","root":{"__id__":1},"asset":{"__uuid__":"d4nQCpqfFAyL2DQn6kmCY3"},"fileId":"25s6BOpRVFE6lepbYInFbs"},"_contentSize":{"__type__":"cc.Size","width":750,"height":1285},"_position":{"__type__":"cc.Vec3","y":-25.5},"_scale":{"__type__":"cc.Vec3","x":1,"y":1,"z":1}},{"__type__":"cc.Node","_name":"title","_parent":{"__id__":7},"_children":[{"__id__":9}],"_level":4,"_components":[{"__type__":"cc.Sprite","node":{"__id__":8},"_sizeMode":0}],"_prefab":{"__type__":"cc.PrefabInfo","root":{"__id__":1},"asset":{"__uuid__":"d4nQCpqfFAyL2DQn6kmCY3"},"fileId":"baINPqAmpMALNCFH+JcqG7"},"_contentSize":{"__type__":"cc.Size","width":750,"height":50},"_position":{"__type__":"cc.Vec3","y":617.5},"_scale":{"__type__":"cc.Vec3","x":1,"y":1,"z":1}},{"__type__":"cc.Node","_name":"New Sprite(Splash)","_parent":{"__id__":8},"_children":[{"__id__":10},{"__id__":11}],"_level":4,"_components":[{"__type__":"cc.Sprite","node":{"__id__":9},"_spriteFrame":{"__uuid__":"efZhw4g9lDKYd8Os8FPRZU"},"_type":1,"_sizeMode":0},{"__type__":"cc.Widget","node":{"__id__":9},"_alignFlags":37,"_right":10,"_top":12.5,"_bottom":12.5,"_originalHeight":20}],"_prefab":{"__type__":"cc.PrefabInfo","root":{"__id__":1},"asset":{"__uuid__":"d4nQCpqfFAyL2DQn6kmCY3"},"fileId":"d3q3KAOk1E0J4EAFpS2A3a"},"_color":{"__type__":"cc.Color","r":44,"g":44,"b":36},"_contentSize":{"__type__":"cc.Size","width":110,"height":25},"_anchorPoint":{"__type__":"cc.Vec2","x":1,"y":0.5},"_position":{"__type__":"cc.Vec3","x":365},"_scale":{"__type__":"cc.Vec3","x":1,"y":1,"z":1}},{"__type__":"cc.Node","_name":"金币拷贝3@2x","_parent":{"__id__":9},"_level":5,"_components":[{"__type__":"cc.Sprite","node":{"__id__":10},"_spriteFrame":{"__uuid__":"23qu98Kw5A3YnDzqDwfXkf"},"_sizeMode":0}],"_prefab":{"__type__":"cc.PrefabInfo","root":{"__id__":1},"asset":{"__uuid__":"d4nQCpqfFAyL2DQn6kmCY3"},"fileId":"9ffXLgbo1F84YknwIpIDrO"},"_contentSize":{"__type__":"cc.Size","width":30,"height":30},"_position":{"__type__":"cc.Vec3","x":-99.7},"_scale":{"__type__":"cc.Vec3","x":1,"y":1,"z":1}},{"__type__":"cc.Node","_name":"coin","_parent":{"__id__":9},"_level":5,"_components":[{"__id__":12}],"_prefab":{"__type__":"cc.PrefabInfo","root":{"__id__":1},"asset":{"__uuid__":"d4nQCpqfFAyL2DQn6kmCY3"},"fileId":"70Ids5nPJFx4lJmrhQNBt/"},"_contentSize":{"__type__":"cc.Size","width":85,"height":22},"_anchorPoint":{"__type__":"cc.Vec2","x":1,"y":0.5},"_scale":{"__type__":"cc.Vec3","x":1,"y":1,"z":1}},{"__type__":"cc.Label","node":{"__id__":11},"_srcBlendFactor":1,"_useOriginalSize":false,"_string":"0","_N$string":"0","_fontSize":20,"_lineHeight":22,"_enableWrapText":false,"_N$verticalAlign":1,"_N$fontFamily":"苹方","_N$overflow":1},{"__type__":"cc.Node","_name":"New Sprite(Splash)","_parent":{"__id__":7},"_children":[{"__id__":14}],"_level":4,"_components":[{"__type__":"cc.Sprite","node":{"__id__":13},"_sizeMode":0}],"_prefab":{"__type__":"cc.PrefabInfo","root":{"__id__":1},"asset":{"__uuid__":"d4nQCpqfFAyL2DQn6kmCY3"},"fileId":"fc8YsFQkJPNJu+BCKaNJYp"},"_color":{"__type__":"cc.Color","r":44,"g":44,"b":44},"_contentSize":{"__type__":"cc.Size","width":750,"height":1235},"_position":{"__type__":"cc.Vec3","y":-25},"_scale":{"__type__":"cc.Vec3","x":1,"y":1,"z":1}},{"__type__":"cc.Node","_name":"scrollview","_parent":{"__id__":13},"_children":[{"__id__":15}],"_level":4,"_components":[{"__type__":"cc.ScrollView","node":{"__id__":14},"horizontal":false,"brake":0.75,"bounceDuration":0.23,"_N$content":{"__id__":16},"content":{"__id__":16},"_N$horizontalScrollBar":null,"_N$verticalScrollBar":null},{"__type__":"cc.Widget","node":{"__id__":14},"_alignFlags":1}],"_prefab":{"__type__":"cc.PrefabInfo","root":{"__id__":1},"asset":{"__uuid__":"d4nQCpqfFAyL2DQn6kmCY3"},"fileId":"5aNphj91tIA5NHpvBrqUjw"},"_contentSize":{"__type__":"cc.Size","width":750,"height":667},"_anchorPoint":{"__type__":"cc.Vec2","x":0.5,"y":1},"_position":{"__type__":"cc.Vec3","y":617.5},"_scale":{"__type__":"cc.Vec3","x":1,"y":1,"z":1}},{"__type__":"cc.Node","_name":"view","_parent":{"__id__":14},"_children":[{"__id__":16}],"_components":[{"__type__":"cc.Mask","node":{"__id__":15}},{"__type__":"cc.Widget","node":{"__id__":15},"alignMode":2,"_alignFlags":45,"_originalWidth":750,"_originalHeight":667}],"_prefab":{"__type__":"cc.PrefabInfo","root":{"__id__":1},"asset":{"__uuid__":"d4nQCpqfFAyL2DQn6kmCY3"},"fileId":"f7fZ2suUxE+ZSgjMky7CpT"},"_contentSize":{"__type__":"cc.Size","width":750,"height":667},"_anchorPoint":{"__type__":"cc.Vec2","x":0.5,"y":1},"_scale":{"__type__":"cc.Vec3","x":1,"y":1,"z":1}},{"__type__":"cc.Node","_name":"itemcontent","_parent":{"__id__":15},"_children":[{"__id__":17},{"__id__":41}],"_level":1,"_components":[{"__type__":"cc.Layout","node":{"__id__":16},"_layoutSize":{"__type__":"cc.Size","width":200,"height":519},"_resize":1,"_N$layoutType":2,"_N$paddingBottom":300,"_N$spacingY":5}],"_prefab":{"__type__":"cc.PrefabInfo","root":{"__id__":1},"asset":{"__uuid__":"d4nQCpqfFAyL2DQn6kmCY3"},"fileId":"3eicKiLz9LZaZ91BqjLNYj"},"_color":{"__type__":"cc.Color","r":44,"g":44,"b":44},"_contentSize":{"__type__":"cc.Size","width":200,"height":519},"_anchorPoint":{"__type__":"cc.Vec2","x":0.5,"y":1},"_scale":{"__type__":"cc.Vec3","x":1,"y":1,"z":1}},{"__type__":"cc.Node","_name":"user","_parent":{"__id__":16},"_children":[{"__id__":18},{"__id__":22}],"_level":3,"_components":[{"__type__":"cc.Sprite","node":{"__id__":17},"_sizeMode":0},{"__type__":"b1886Niq/5GlJhGE0V4eta5","node":{"__id__":17}}],"_prefab":{"__type__":"cc.PrefabInfo","root":{"__id__":1},"asset":{"__uuid__":"d4nQCpqfFAyL2DQn6kmCY3"},"fileId":"6c9b/dO8REob1ocmQDQHF9"},"_color":{"__type__":"cc.Color","r":44,"g":44,"b":44},"_contentSize":{"__type__":"cc.Size","width":750,"height":100},"_position":{"__type__":"cc.Vec3","y":-50},"_scale":{"__type__":"cc.Vec3","x":1,"y":1,"z":1}},{"__type__":"cc.Node","_name":"archive","_parent":{"__id__":17},"_children":[{"__id__":19},{"__id__":21}],"_level":4,"_components":[{"__type__":"cc.Layout","node":{"__id__":18},"_layoutSize":{"__type__":"cc.Size","width":60,"height":80},"_resize":1,"_N$layoutType":2},{"__type__":"cc.Widget","node":{"__id__":18},"_alignFlags":12,"_left":12},{"__type__":"cc.Button","node":{"__id__":18},"_N$transition":3,"transition":3,"_N$target":{"__id__":18}}],"_prefab":{"__type__":"cc.PrefabInfo","root":{"__id__":1},"asset":{"__uuid__":"d4nQCpqfFAyL2DQn6kmCY3"},"fileId":"bfMpkxBOtOi5nRc0x75Wb2"},"_contentSize":{"__type__":"cc.Size","width":60,"height":80},"_position":{"__type__":"cc.Vec3","x":-333,"y":-10},"_scale":{"__type__":"cc.Vec3","x":1,"y":1,"z":1}},{"__type__":"cc.Node","_name":"achievement ","_parent":{"__id__":18},"_level":5,"_components":[{"__id__":20},{"__type__":"32540GFq4FAT5ZSyUpi/XyW","node":{"__id__":19},"img":{"__id__":20},"url":"texture/artifact/tujian.png"}],"_prefab":{"__type__":"cc.PrefabInfo","root":{"__id__":1},"asset":{"__uuid__":"d4nQCpqfFAyL2DQn6kmCY3"},"fileId":"bcJPYmqqxNYakIhSVuhMUO"},"_contentSize":{"__type__":"cc.Size","width":46,"height":58},"_position":{"__type__":"cc.Vec3","y":11},"_scale":{"__type__":"cc.Vec3","x":1,"y":1,"z":1}},{"__type__":"cc.Sprite","node":{"__id__":19}},{"__type__":"cc.Node","_name":"New Label","_parent":{"__id__":18},"_level":5,"_components":[{"__type__":"cc.Label","node":{"__id__":21},"_srcBlendFactor":1,"_useOriginalSize":false,"_string":"图鉴","_N$string":"图鉴","_fontSize":20,"_lineHeight":22,"_N$horizontalAlign":1,"_N$verticalAlign":1,"_N$fontFamily":"苹方"}],"_prefab":{"__type__":"cc.PrefabInfo","root":{"__id__":1},"asset":{"__uuid__":"d4nQCpqfFAyL2DQn6kmCY3"},"fileId":"27vdc2m5FKirJ6eeG7jVYP"},"_contentSize":{"__type__":"cc.Size","width":40,"height":22},"_position":{"__type__":"cc.Vec3","y":-29},"_scale":{"__type__":"cc.Vec3","x":1,"y":1,"z":1}},{"__type__":"cc.Node","_name":"buylayout","_parent":{"__id__":17},"_children":[{"__id__":23},{"__id__":36},{"__id__":37}],"_active":false,"_level":4,"_components":[{"__type__":"5ff40EGOZtA6LRC4MsOjSaI","node":{"__id__":22},"buystate":{"__id__":37},"multiplayout":{"__id__":23},"type":2,"showNode":[{"__id__":18}]},{"__type__":"3c769gAzvpNCKKHVkplkBKR","node":{"__id__":22},"multipleBt":[{"__id__":24},{"__id__":27},{"__id__":30},{"__id__":33}],"textmultiple":{"__id__":39},"type":2}],"_prefab":{"__type__":"cc.PrefabInfo","root":{"__id__":1},"asset":{"__uuid__":"d4nQCpqfFAyL2DQn6kmCY3"},"fileId":"f5hd1WMIBNcqUotmQ9sGDK"},"_color":{"__type__":"cc.Color","r":44,"g":44,"b":44},"_contentSize":{"__type__":"cc.Size","width":750,"height":100},"_anchorPoint":{"__type__":"cc.Vec2","x":1,"y":0.5},"_position":{"__type__":"cc.Vec3","x":375},"_scale":{"__type__":"cc.Vec3","x":1,"y":1,"z":1}},{"__type__":"cc.Node","_name":"New Layout","_parent":{"__id__":22},"_children":[{"__id__":24},{"__id__":27},{"__id__":30},{"__id__":33}],"_level":5,"_components":[{"__type__":"cc.Sprite","node":{"__id__":23},"_type":1,"_sizeMode":0},{"__type__":"cc.Layout","node":{"__id__":23},"_layoutSize":{"__type__":"cc.Size","width":527,"height":150},"_resize":1,"_N$layoutType":1,"_N$spacingX":5}],"_prefab":{"__type__":"cc.PrefabInfo","root":{"__id__":1},"asset":{"__uuid__":"d4nQCpqfFAyL2DQn6kmCY3"},"fileId":"9fTyQuYm9MBoCnqemszLRk"},"_color":{"__type__":"cc.Color","r":40,"g":45,"b":48},"_contentSize":{"__type__":"cc.Size","width":527,"height":150},"_position":{"__type__":"cc.Vec3","x":-474,"y":-7},"_scale":{"__type__":"cc.Vec3","x":1,"y":1,"z":1}},{"__type__":"cc.Node","_name":"buymax","_parent":{"__id__":23},"_children":[{"__id__":25}],"_level":6,"_components":[{"__id__":26},{"__type__":"cc.Button","node":{"__id__":24},"_N$transition":3,"transition":3,"_N$target":{"__id__":24}},{"__type__":"32540GFq4FAT5ZSyUpi/XyW","node":{"__id__":24},"img":{"__id__":26},"url":"texture/myhero/countbuylaout.png"}],"_prefab":{"__type__":"cc.PrefabInfo","root":{"__id__":1},"asset":{"__uuid__":"d4nQCpqfFAyL2DQn6kmCY3"},"fileId":"57U5JbSBNGd712uLhOJPaT"},"_contentSize":{"__type__":"cc.Size","width":128,"height":60},"_position":{"__type__":"cc.Vec3","x":-199.5},"_scale":{"__type__":"cc.Vec3","x":1,"y":1,"z":1}},{"__type__":"cc.Node","_name":"New Label","_parent":{"__id__":24},"_level":6,"_components":[{"__type__":"cc.Label","node":{"__id__":25},"_srcBlendFactor":1,"_useOriginalSize":false,"_string":"最大","_N$string":"最大","_fontSize":30,"_lineHeight":32,"_N$horizontalAlign":1,"_N$verticalAlign":1}],"_prefab":{"__type__":"cc.PrefabInfo","root":{"__id__":1},"asset":{"__uuid__":"d4nQCpqfFAyL2DQn6kmCY3"},"fileId":"7a1gqxaHRMrYnYjRfoglbV"},"_contentSize":{"__type__":"cc.Size","width":60,"height":32},"_scale":{"__type__":"cc.Vec3","x":1,"y":1,"z":1}},{"__type__":"cc.Sprite","node":{"__id__":24}},{"__type__":"cc.Node","_name":"buytenhu","_parent":{"__id__":23},"_children":[{"__id__":28}],"_level":6,"_components":[{"__id__":29},{"__type__":"cc.Button","node":{"__id__":27},"_N$transition":3,"transition":3,"_N$target":{"__id__":27}},{"__type__":"32540GFq4FAT5ZSyUpi/XyW","node":{"__id__":27},"img":{"__id__":29},"url":"texture/myhero/countbuylaout.png"}],"_prefab":{"__type__":"cc.PrefabInfo","root":{"__id__":1},"asset":{"__uuid__":"d4nQCpqfFAyL2DQn6kmCY3"},"fileId":"dcqhKgw69O6J2uJqj+w1MU"},"_contentSize":{"__type__":"cc.Size","width":128,"height":60},"_position":{"__type__":"cc.Vec3","x":-66.5},"_scale":{"__type__":"cc.Vec3","x":1,"y":1,"z":1}},{"__type__":"cc.Node","_name":"New Label","_parent":{"__id__":27},"_level":6,"_components":[{"__type__":"cc.Label","node":{"__id__":28},"_srcBlendFactor":1,"_useOriginalSize":false,"_string":"x100","_N$string":"x100","_fontSize":30,"_lineHeight":32,"_N$horizontalAlign":1,"_N$verticalAlign":1}],"_prefab":{"__type__":"cc.PrefabInfo","root":{"__id__":1},"asset":{"__uuid__":"d4nQCpqfFAyL2DQn6kmCY3"},"fileId":"bfxfKjGttONIPhCq5FLtGY"},"_contentSize":{"__type__":"cc.Size","width":65.05,"height":32},"_scale":{"__type__":"cc.Vec3","x":1,"y":1,"z":1}},{"__type__":"cc.Sprite","node":{"__id__":27}},{"__type__":"cc.Node","_name":"buyten","_parent":{"__id__":23},"_children":[{"__id__":31}],"_level":6,"_components":[{"__id__":32},{"__type__":"cc.Button","node":{"__id__":30},"_N$transition":3,"transition":3,"_N$target":{"__id__":30}},{"__type__":"32540GFq4FAT5ZSyUpi/XyW","node":{"__id__":30},"img":{"__id__":32},"url":"texture/myhero/countbuylaout.png"}],"_prefab":{"__type__":"cc.PrefabInfo","root":{"__id__":1},"asset":{"__uuid__":"d4nQCpqfFAyL2DQn6kmCY3"},"fileId":"e9Om+g+Q9JiZwWTqu/wQ3t"},"_contentSize":{"__type__":"cc.Size","width":128,"height":60},"_position":{"__type__":"cc.Vec3","x":66.5},"_scale":{"__type__":"cc.Vec3","x":1,"y":1,"z":1}},{"__type__":"cc.Node","_name":"New Label","_parent":{"__id__":30},"_level":6,"_components":[{"__type__":"cc.Label","node":{"__id__":31},"_srcBlendFactor":1,"_useOriginalSize":false,"_string":"x10","_N$string":"x10","_fontSize":30,"_lineHeight":32,"_N$horizontalAlign":1,"_N$verticalAlign":1}],"_prefab":{"__type__":"cc.PrefabInfo","root":{"__id__":1},"asset":{"__uuid__":"d4nQCpqfFAyL2DQn6kmCY3"},"fileId":"0fQW4M6E1PVZlUUPwTQD3n"},"_contentSize":{"__type__":"cc.Size","width":48.37,"height":32},"_scale":{"__type__":"cc.Vec3","x":1,"y":1,"z":1}},{"__type__":"cc.Sprite","node":{"__id__":30}},{"__type__":"cc.Node","_name":"buyone","_parent":{"__id__":23},"_children":[{"__id__":34}],"_level":6,"_components":[{"__id__":35},{"__type__":"cc.Button","node":{"__id__":33},"_N$transition":3,"transition":3,"_N$target":{"__id__":33}},{"__type__":"32540GFq4FAT5ZSyUpi/XyW","node":{"__id__":33},"img":{"__id__":35},"url":"texture/myhero/countbuylaout.png"}],"_prefab":{"__type__":"cc.PrefabInfo","root":{"__id__":1},"asset":{"__uuid__":"d4nQCpqfFAyL2DQn6kmCY3"},"fileId":"26DUby2LxPd4+aW/ckFBQx"},"_contentSize":{"__type__":"cc.Size","width":128,"height":60},"_position":{"__type__":"cc.Vec3","x":199.5},"_scale":{"__type__":"cc.Vec3","x":1,"y":1,"z":1}},{"__type__":"cc.Node","_name":"New Label","_parent":{"__id__":33},"_level":6,"_components":[{"__type__":"cc.Label","node":{"__id__":34},"_srcBlendFactor":1,"_useOriginalSize":false,"_string":"x1","_N$string":"x1","_fontSize":30,"_lineHeight":32,"_N$horizontalAlign":1,"_N$verticalAlign":1}],"_prefab":{"__type__":"cc.PrefabInfo","root":{"__id__":1},"asset":{"__uuid__":"d4nQCpqfFAyL2DQn6kmCY3"},"fileId":"c6jUT7ZYhEELqk4K1AUSJL"},"_contentSize":{"__type__":"cc.Size","width":31.68,"height":32},"_scale":{"__type__":"cc.Vec3","x":1,"y":1,"z":1}},{"__type__":"cc.Sprite","node":{"__id__":33}},{"__type__":"cc.Node","_name":"New Sprite(Splash)","_parent":{"__id__":22},"_level":5,"_components":[{"__type__":"cc.Sprite","node":{"__id__":36},"_sizeMode":0},{"__type__":"cc.Widget","node":{"__id__":36},"_alignFlags":32}],"_prefab":{"__type__":"cc.PrefabInfo","root":{"__id__":1},"asset":{"__uuid__":"d4nQCpqfFAyL2DQn6kmCY3"},"fileId":"e2xd5qoJFEwbi1DomoQePz"},"_color":{"__type__":"cc.Color","r":44,"g":44,"b":44},"_contentSize":{"__type__":"cc.Size","width":192,"height":100},"_position":{"__type__":"cc.Vec3","x":-96},"_scale":{"__type__":"cc.Vec3","x":1,"y":1,"z":1}},{"__type__":"cc.Node","_name":"buy","_parent":{"__id__":22},"_children":[{"__id__":38}],"_level":5,"_components":[{"__id__":40},{"__type__":"cc.Widget","node":{"__id__":37},"_alignFlags":33,"_right":10,"_top":27},{"__type__":"cc.Button","node":{"__id__":37},"_N$transition":3,"transition":3,"_N$target":{"__id__":37}},{"__type__":"32540GFq4FAT5ZSyUpi/XyW","node":{"__id__":37},"img":{"__id__":40},"url":"texture/myhero/countbuy.png"}],"_prefab":{"__type__":"cc.PrefabInfo","root":{"__id__":1},"asset":{"__uuid__":"d4nQCpqfFAyL2DQn6kmCY3"},"fileId":"a3PUYFDapIO4mT/ackJltR"},"_contentSize":{"__type__":"cc.Size","width":192,"height":60},"_position":{"__type__":"cc.Vec3","x":-106,"y":-7},"_scale":{"__type__":"cc.Vec3","x":1,"y":1,"z":1}},{"__type__":"cc.Node","_name":"buynumber","_parent":{"__id__":37},"_level":6,"_components":[{"__id__":39}],"_prefab":{"__type__":"cc.PrefabInfo","root":{"__id__":1},"asset":{"__uuid__":"d4nQCpqfFAyL2DQn6kmCY3"},"fileId":"3clZIUUXpD85YpFV+KcsMk"},"_contentSize":{"__type__":"cc.Size","width":91.68,"height":32},"_scale":{"__type__":"cc.Vec3","x":1,"y":1,"z":1}},{"__type__":"cc.Label","node":{"__id__":38},"_srcBlendFactor":1,"_useOriginalSize":false,"_string":"购买x1","_N$string":"购买x1","_fontSize":30,"_lineHeight":32,"_N$horizontalAlign":1,"_N$verticalAlign":1},{"__type__":"cc.Sprite","node":{"__id__":37},"_sizeMode":0},{"__type__":"cc.Node","_name":"bg","_parent":{"__id__":16},"_children":[{"__id__":42},{"__id__":46}],"_level":2,"_components":[{"__type__":"cc.Sprite","node":{"__id__":41},"_spriteFrame":{"__uuid__":"88CNDsqApDTqps5c7V/Mbz"}}],"_prefab":{"__type__":"cc.PrefabInfo","root":{"__id__":1},"asset":{"__uuid__":"d4nQCpqfFAyL2DQn6kmCY3"},"fileId":"82yNeH0O9GHrbM4fhkm1cm"},"_contentSize":{"__type__":"cc.Size","width":750,"height":114},"_position":{"__type__":"cc.Vec3","y":-162},"_scale":{"__type__":"cc.Vec3","x":1,"y":1,"z":1}},{"__type__":"cc.Node","_name":"right","_parent":{"__id__":41},"_children":[{"__id__":43},{"__id__":45}],"_level":3,"_components":[{"__type__":"cc.Layout","node":{"__id__":42},"_layoutSize":{"__type__":"cc.Size","width":200,"height":63},"_resize":1,"_N$layoutType":2,"_N$spacingY":5},{"__type__":"cc.Widget","node":{"__id__":42},"_alignFlags":8,"_left":10}],"_prefab":{"__type__":"cc.PrefabInfo","root":{"__id__":1},"asset":{"__uuid__":"d4nQCpqfFAyL2DQn6kmCY3"},"fileId":"63C/UGqopGvIkz948bm2CH"},"_contentSize":{"__type__":"cc.Size","width":200,"height":63},"_anchorPoint":{"__type__":"cc.Vec2","y":0.5},"_position":{"__type__":"cc.Vec3","x":-365},"_scale":{"__type__":"cc.Vec3","x":1,"y":1,"z":1}},{"__type__":"cc.Node","_name":"artifactnumber","_parent":{"__id__":42},"_level":4,"_components":[{"__id__":44}],"_prefab":{"__type__":"cc.PrefabInfo","root":{"__id__":1},"asset":{"__uuid__":"d4nQCpqfFAyL2DQn6kmCY3"},"fileId":"cdSj6rniNCYJFOqlM4ezIC"},"_contentSize":{"__type__":"cc.Size","width":218.33,"height":32},"_anchorPoint":{"__type__":"cc.Vec2","y":0.5},"_position":{"__type__":"cc.Vec3","y":15.5},"_scale":{"__type__":"cc.Vec3","x":1,"y":1,"z":1}},{"__type__":"cc.Label","node":{"__id__":43},"_srcBlendFactor":1,"_useOriginalSize":false,"_string":"发现神器：0/100","_N$string":"发现神器：0/100","_fontSize":30,"_lineHeight":32,"_N$horizontalAlign":1,"_N$verticalAlign":1,"_N$fontFamily":"苹方"},{"__type__":"cc.Node","_name":"New Label","_parent":{"__id__":42},"_level":4,"_components":[{"__type__":"cc.Label","node":{"__id__":45},"_srcBlendFactor":1,"_useOriginalSize":false,"_string":"花费符石以发现新的神器","_N$string":"花费符石以发现新的神器","_fontSize":24,"_lineHeight":26,"_N$horizontalAlign":1,"_N$verticalAlign":1,"_N$fontFamily":"苹方"}],"_prefab":{"__type__":"cc.PrefabInfo","root":{"__id__":1},"asset":{"__uuid__":"d4nQCpqfFAyL2DQn6kmCY3"},"fileId":"acMftMfRBIzKQpMK1bw4gL"},"_color":{"__type__":"cc.Color","r":173,"g":177,"b":202},"_contentSize":{"__type__":"cc.Size","width":264,"height":26},"_anchorPoint":{"__type__":"cc.Vec2","y":0.5},"_position":{"__type__":"cc.Vec3","y":-18.5},"_scale":{"__type__":"cc.Vec3","x":1,"y":1,"z":1}},{"__type__":"cc.Node","_name":"livebt","_parent":{"__id__":41},"_children":[{"__id__":47},{"__id__":51},{"__id__":56}],"_level":3,"_components":[{"__id__":58},{"__type__":"cc.Widget","node":{"__id__":46},"_alignFlags":32,"_right":15},{"__type__":"cc.Button","node":{"__id__":46},"_N$transition":1,"transition":1,"_N$normalColor":{"__type__":"cc.Color","r":255,"g":255,"b":255},"_N$target":{"__id__":46}}],"_prefab":{"__type__":"cc.PrefabInfo","root":{"__id__":1},"asset":{"__uuid__":"d4nQCpqfFAyL2DQn6kmCY3"},"fileId":"9bd6tBFrRJkZFNk7eabRpR"},"_contentSize":{"__type__":"cc.Size","width":192,"height":96},"_position":{"__type__":"cc.Vec3","x":264},"_scale":{"__type__":"cc.Vec3","x":1,"y":1,"z":1}},{"__type__":"cc.Node","_name":"numnode","_parent":{"__id__":46},"_children":[{"__id__":48},{"__id__":50}],"_level":4,"_components":[{"__type__":"cc.Layout","node":{"__id__":47},"_layoutSize":{"__type__":"cc.Size","width":76.71000000000001,"height":32},"_resize":1,"_N$layoutType":1,"_N$spacingX":5},{"__type__":"cc.Widget","node":{"__id__":47},"_alignFlags":32,"_right":0.7949999999999946}],"_prefab":{"__type__":"cc.PrefabInfo","root":{"__id__":1},"asset":{"__uuid__":"d4nQCpqfFAyL2DQn6kmCY3"},"fileId":"cdrM7MJONFGqTYlxBQA7VX"},"_contentSize":{"__type__":"cc.Size","width":76.71000000000001,"height":32},"_anchorPoint":{"__type__":"cc.Vec2","x":1,"y":0.5},"_position":{"__type__":"cc.Vec3","x":95.20500000000001,"y":29},"_scale":{"__type__":"cc.Vec3","x":1,"y":1,"z":1}},{"__type__":"cc.Node","_name":"cost","_parent":{"__id__":47},"_level":5,"_components":[{"__id__":49}],"_prefab":{"__type__":"cc.PrefabInfo","root":{"__id__":1},"asset":{"__uuid__":"d4nQCpqfFAyL2DQn6kmCY3"},"fileId":"811wAvRn5PbYKi8PKCyIyo"},"_contentSize":{"__type__":"cc.Size","width":41.71,"height":27},"_anchorPoint":{"__type__":"cc.Vec2","x":1,"y":0.5},"_position":{"__type__":"cc.Vec3","x":-35.00000000000001},"_scale":{"__type__":"cc.Vec3","x":1,"y":1,"z":1}},{"__type__":"cc.Label","node":{"__id__":48},"_srcBlendFactor":1,"_useOriginalSize":false,"_string":"100","_N$string":"100","_fontSize":25,"_lineHeight":27,"_N$horizontalAlign":1,"_N$verticalAlign":1},{"__type__":"cc.Node","_name":"jinbi","_parent":{"__id__":47},"_level":5,"_components":[{"__type__":"cc.Sprite","node":{"__id__":50},"_spriteFrame":{"__uuid__":"23qu98Kw5A3YnDzqDwfXkf"},"_sizeMode":0}],"_prefab":{"__type__":"cc.PrefabInfo","root":{"__id__":1},"asset":{"__uuid__":"d4nQCpqfFAyL2DQn6kmCY3"},"fileId":"ad7hlkIxlO+YHTkVEfMFP1"},"_contentSize":{"__type__":"cc.Size","width":30,"height":30},"_position":{"__type__":"cc.Vec3","x":-15.000000000000007},"_scale":{"__type__":"cc.Vec3","x":1,"y":1,"z":1}},{"__type__":"cc.Node","_name":"textnode","_parent":{"__id__":46},"_children":[{"__id__":52},{"__id__":53}],"_level":4,"_prefab":{"__type__":"cc.PrefabInfo","root":{"__id__":1},"asset":{"__uuid__":"d4nQCpqfFAyL2DQn6kmCY3"},"fileId":"7dP8x/NE9Pe4gYSRL14l+G"},"_contentSize":{"__type__":"cc.Size","width":180,"height":50},"_position":{"__type__":"cc.Vec3","y":-14},"_scale":{"__type__":"cc.Vec3","x":1,"y":1,"z":1}},{"__type__":"cc.Node","_name":"typetext","_parent":{"__id__":51},"_level":5,"_components":[{"__type__":"cc.Label","node":{"__id__":52},"_srcBlendFactor":1,"_useOriginalSize":false,"_string":"发掘","_N$string":"发掘","_fontSize":35,"_lineHeight":37,"_N$horizontalAlign":1,"_N$verticalAlign":1,"_N$overflow":2}],"_prefab":{"__type__":"cc.PrefabInfo","root":{"__id__":1},"asset":{"__uuid__":"d4nQCpqfFAyL2DQn6kmCY3"},"fileId":"73ZitjtV1Meqt0ApO9Ra+/"},"_contentSize":{"__type__":"cc.Size","width":180,"height":37},"_scale":{"__type__":"cc.Vec3","x":1,"y":1,"z":1}},{"__type__":"cc.Node","_name":"resnode","_parent":{"__id__":51},"_children":[{"__id__":54},{"__id__":55}],"_active":false,"_level":5,"_components":[{"__type__":"cc.Layout","node":{"__id__":53},"_layoutSize":{"__type__":"cc.Size","width":180,"height":46},"_resize":1,"_N$layoutType":2}],"_prefab":{"__type__":"cc.PrefabInfo","root":{"__id__":1},"asset":{"__uuid__":"d4nQCpqfFAyL2DQn6kmCY3"},"fileId":"4b/Q/pJpVG2KuNLoAJTi7C"},"_contentSize":{"__type__":"cc.Size","width":180,"height":46},"_scale":{"__type__":"cc.Vec3","x":1,"y":1,"z":1}},{"__type__":"cc.Node","_name":"livetop","_parent":{"__id__":53},"_level":6,"_components":[{"__type__":"cc.Label","node":{"__id__":54},"_srcBlendFactor":1,"_useOriginalSize":false,"_string":"等级提升 x80","_N$string":"等级提升 x80","_fontSize":21,"_lineHeight":23,"_N$horizontalAlign":1,"_N$verticalAlign":1}],"_prefab":{"__type__":"cc.PrefabInfo","root":{"__id__":1},"asset":{"__uuid__":"d4nQCpqfFAyL2DQn6kmCY3"},"fileId":"8a/LbvybFDjbr4wSEOx6dI"},"_contentSize":{"__type__":"cc.Size","width":123.69,"height":23},"_position":{"__type__":"cc.Vec3","y":11.5},"_scale":{"__type__":"cc.Vec3","x":1,"y":1,"z":1}},{"__type__":"cc.Node","_name":"adddps","_parent":{"__id__":53},"_level":6,"_components":[{"__type__":"cc.Label","node":{"__id__":55},"_srcBlendFactor":1,"_useOriginalSize":false,"_string":"+5.66 dps","_N$string":"+5.66 dps","_fontSize":21,"_lineHeight":23,"_N$horizontalAlign":1,"_N$verticalAlign":1}],"_prefab":{"__type__":"cc.PrefabInfo","root":{"__id__":1},"asset":{"__uuid__":"d4nQCpqfFAyL2DQn6kmCY3"},"fileId":"e4iGwOiDdFhrqThTxxJJqb"},"_color":{"__type__":"cc.Color","r":195,"g":90,"b":5},"_contentSize":{"__type__":"cc.Size","width":92.83,"height":23},"_position":{"__type__":"cc.Vec3","y":-11.5},"_scale":{"__type__":"cc.Vec3","x":1,"y":1,"z":1}},{"__type__":"cc.Node","_name":"newdata","_parent":{"__id__":46},"_children":[{"__id__":57}],"_active":false,"_level":4,"_components":[{"__type__":"cc.Sprite","node":{"__id__":56},"_spriteFrame":{"__uuid__":"feneBpRqdJCKkZJU3JeSj5"}},{"__type__":"cc.Widget","node":{"__id__":56},"_alignFlags":9,"_left":-10,"_top":-5},{"__type__":"c32d3/RV3xNvKlWl8y5Qfpd","node":{"__id__":56}}],"_prefab":{"__type__":"cc.PrefabInfo","root":{"__id__":1},"asset":{"__uuid__":"d4nQCpqfFAyL2DQn6kmCY3"},"fileId":"88u8zLQj5NaKAe4ZO/rMNg"},"_contentSize":{"__type__":"cc.Size","width":33,"height":33},"_position":{"__type__":"cc.Vec3","x":-89.5,"y":36.5},"_scale":{"__type__":"cc.Vec3","x":1,"y":1,"z":1}},{"__type__":"cc.Node","_name":"New Label","_parent":{"__id__":56},"_level":5,"_components":[{"__type__":"cc.Label","node":{"__id__":57},"_srcBlendFactor":1,"_useOriginalSize":false,"_string":"新","_N$string":"新","_fontSize":20,"_lineHeight":22,"_N$horizontalAlign":1,"_N$verticalAlign":1}],"_prefab":{"__type__":"cc.PrefabInfo","root":{"__id__":1},"asset":{"__uuid__":"d4nQCpqfFAyL2DQn6kmCY3"},"fileId":"8c5GJ3CQxJWId+rZD0vbFX"},"_contentSize":{"__type__":"cc.Size","width":20,"height":22},"_scale":{"__type__":"cc.Vec3","x":1,"y":1,"z":1}},{"__type__":"cc.Sprite","node":{"__id__":46},"_spriteFrame":{"__uuid__":"75g/YViOlLwpft+QSeCKg6"}}],{"__type__":"cc.SpriteFrame","content":{"name":"kuang","texture":"a1kFce2/xNx60AtnsccfV2","rect":[914,371,34,76],"offset":[0,0],"originalSize":[34,76],"capInsets":[10,13,10,13]}},{"__type__":"cc.SpriteFrame","content":{"name":"close2","texture":"a1kFce2/xNx60AtnsccfV2","rect":[488,1194,137,51],"offset":[0,0],"originalSize":[137,51],"capInsets":[0,0,0,0]}},{"__type__":"cc.SpriteFrame","content":{"name":"redttoast","texture":"a1kFce2/xNx60AtnsccfV2","rect":[930,1020,33,33],"offset":[0,0],"originalSize":[33,33],"capInsets":[0,0,0,0]}}]