[{"__type__":"cc.SpriteFrame","content":{"name":"putong","texture":"a1kFce2/xNx60AtnsccfV2","rect":[62,0,750,114],"offset":[0,0],"originalSize":[750,114],"capInsets":[0,0,0,0]}},[{"__type__":"cc.Prefab","_name":"item","data":{"__id__":1}},{"__type__":"cc.Node","_name":"content","_children":[{"__id__":2}],"_level":1,"_components":[{"__type__":"a91acrw/59JXa0L7SZT16ZX","node":{"__id__":1},"img":{"__id__":5},"level":{"__id__":17},"artifaname":{"__id__":9},"artifadesc":{"__id__":12},"artifadesc1":{"__id__":14},"state":{"__id__":19},"statenode":{"__id__":15}}],"_prefab":{"__type__":"cc.PrefabInfo","root":{"__id__":1},"asset":{"__uuid__":"a7evRgbWNBDqX5fbA9Rq3P"},"fileId":"aaweu1medLwL2iZXZH/lQa"},"_contentSize":{"__type__":"cc.Size","width":699,"height":114},"_anchorPoint":{"__type__":"cc.Vec2","x":0.5,"y":1},"_scale":{"__type__":"cc.Vec3","x":1,"y":1,"z":1}},{"__type__":"cc.Node","_name":"bg","_parent":{"__id__":1},"_children":[{"__id__":3},{"__id__":15}],"_level":2,"_components":[{"__type__":"cc.Sprite","node":{"__id__":2},"_spriteFrame":{"__uuid__":"88CNDsqApDTqps5c7V/Mbz"},"_sizeMode":0}],"_prefab":{"__type__":"cc.PrefabInfo","root":{"__id__":1},"asset":{"__uuid__":"a7evRgbWNBDqX5fbA9Rq3P"},"fileId":"15nd5/vzdApIIObvL5vNPB"},"_contentSize":{"__type__":"cc.Size","width":699,"height":114},"_position":{"__type__":"cc.Vec3","y":-57},"_scale":{"__type__":"cc.Vec3","x":1,"y":1,"z":1}},{"__type__":"cc.Node","_name":"info","_parent":{"__id__":2},"_children":[{"__id__":4},{"__id__":6}],"_level":3,"_components":[{"__type__":"cc.Layout","node":{"__id__":3},"_layoutSize":{"__type__":"cc.Size","width":290,"height":114},"_resize":1,"_N$layoutType":1},{"__type__":"cc.Widget","node":{"__id__":3},"_alignFlags":8,"_left":15}],"_prefab":{"__type__":"cc.PrefabInfo","root":{"__id__":1},"asset":{"__uuid__":"a7evRgbWNBDqX5fbA9Rq3P"},"fileId":"a9K+Lp141Btqx3VU3pN6nf"},"_contentSize":{"__type__":"cc.Size","width":290,"height":114},"_position":{"__type__":"cc.Vec3","x":-189.5},"_scale":{"__type__":"cc.Vec3","x":1,"y":1,"z":1}},{"__type__":"cc.Node","_name":"head","_parent":{"__id__":3},"_level":4,"_components":[{"__id__":5}],"_prefab":{"__type__":"cc.PrefabInfo","root":{"__id__":1},"asset":{"__uuid__":"a7evRgbWNBDqX5fbA9Rq3P"},"fileId":"b3bxeLarNB/r0gxH+uuHDl"},"_contentSize":{"__type__":"cc.Size","width":90,"height":90},"_position":{"__type__":"cc.Vec3","x":-100},"_scale":{"__type__":"cc.Vec3","x":1,"y":1,"z":1}},{"__type__":"cc.Sprite","node":{"__id__":4},"_sizeMode":0},{"__type__":"cc.Node","_name":"textinfo","_parent":{"__id__":3},"_children":[{"__id__":7},{"__id__":10}],"_level":4,"_components":[{"__type__":"cc.Layout","node":{"__id__":6},"_layoutSize":{"__type__":"cc.Size","width":200,"height":71},"_resize":1,"_N$layoutType":2,"_N$spacingY":5}],"_prefab":{"__type__":"cc.PrefabInfo","root":{"__id__":1},"asset":{"__uuid__":"a7evRgbWNBDqX5fbA9Rq3P"},"fileId":"e71fY6R/9GSLX3Pcn/r+Tj"},"_contentSize":{"__type__":"cc.Size","width":200,"height":71},"_position":{"__type__":"cc.Vec3","x":45},"_scale":{"__type__":"cc.Vec3","x":1,"y":1,"z":1}},{"__type__":"cc.Node","_name":"New Layout","_parent":{"__id__":6},"_children":[{"__id__":8}],"_level":5,"_components":[{"__type__":"cc.Layout","node":{"__id__":7},"_layoutSize":{"__type__":"cc.Size","width":200,"height":26},"_resize":1,"_N$layoutType":2}],"_prefab":{"__type__":"cc.PrefabInfo","root":{"__id__":1},"asset":{"__uuid__":"a7evRgbWNBDqX5fbA9Rq3P"},"fileId":"a8Fx7X+ZhErqiqjj5HEJ6G"},"_contentSize":{"__type__":"cc.Size","width":200,"height":26},"_position":{"__type__":"cc.Vec3","x":15,"y":22.5},"_scale":{"__type__":"cc.Vec3","x":1,"y":1,"z":1}},{"__type__":"cc.Node","_name":"artifactname","_parent":{"__id__":7},"_level":6,"_components":[{"__id__":9},{"__type__":"cc.Widget","node":{"__id__":8},"_alignFlags":8}],"_prefab":{"__type__":"cc.PrefabInfo","root":{"__id__":1},"asset":{"__uuid__":"a7evRgbWNBDqX5fbA9Rq3P"},"fileId":"c6ww98LMFAI4wBv6gQ4ZFK"},"_contentSize":{"__type__":"cc.Size","height":26},"_anchorPoint":{"__type__":"cc.Vec2","y":0.5},"_position":{"__type__":"cc.Vec3","x":-100},"_scale":{"__type__":"cc.Vec3","x":1,"y":1,"z":1}},{"__type__":"cc.Label","node":{"__id__":8},"_srcBlendFactor":1,"_useOriginalSize":false,"_fontSize":24,"_lineHeight":26,"_N$horizontalAlign":1,"_N$verticalAlign":1,"_N$fontFamily":"苹方"},{"__type__":"cc.Node","_name":"New Layout","_parent":{"__id__":6},"_children":[{"__id__":11},{"__id__":13}],"_level":5,"_components":[{"__type__":"cc.Layout","node":{"__id__":10},"_layoutSize":{"__type__":"cc.Size","width":200,"height":40},"_N$layoutType":2,"_N$spacingY":5}],"_prefab":{"__type__":"cc.PrefabInfo","root":{"__id__":1},"asset":{"__uuid__":"a7evRgbWNBDqX5fbA9Rq3P"},"fileId":"df3hJEz1JPMp6n5tKdXFX2"},"_contentSize":{"__type__":"cc.Size","width":200,"height":40},"_anchorPoint":{"__type__":"cc.Vec2","y":0.5},"_position":{"__type__":"cc.Vec3","x":-85,"y":-15.5},"_scale":{"__type__":"cc.Vec3","x":1,"y":1,"z":1}},{"__type__":"cc.Node","_name":"attack","_parent":{"__id__":10},"_level":6,"_components":[{"__id__":12}],"_prefab":{"__type__":"cc.PrefabInfo","root":{"__id__":1},"asset":{"__uuid__":"a7evRgbWNBDqX5fbA9Rq3P"},"fileId":"64u0eaJptItaGv2Z/NU0wm"},"_color":{"__type__":"cc.Color","r":173,"g":177,"b":202},"_contentSize":{"__type__":"cc.Size","width":400,"height":20},"_anchorPoint":{"__type__":"cc.Vec2","y":1},"_position":{"__type__":"cc.Vec3","y":20},"_scale":{"__type__":"cc.Vec3","x":1,"y":1,"z":1}},{"__type__":"cc.Label","node":{"__id__":11},"_srcBlendFactor":1,"_fontSize":20,"_lineHeight":20,"_N$overflow":3},{"__type__":"cc.Node","_name":"attack1","_parent":{"__id__":10},"_level":6,"_components":[{"__id__":14}],"_prefab":{"__type__":"cc.PrefabInfo","root":{"__id__":1},"asset":{"__uuid__":"a7evRgbWNBDqX5fbA9Rq3P"},"fileId":"8cMDeh1A9NxYNM2ohjkXS5"},"_color":{"__type__":"cc.Color","r":173,"g":177,"b":202},"_contentSize":{"__type__":"cc.Size","width":400,"height":20},"_anchorPoint":{"__type__":"cc.Vec2","y":1},"_position":{"__type__":"cc.Vec3","y":-5},"_scale":{"__type__":"cc.Vec3","x":1,"y":1,"z":1}},{"__type__":"cc.Label","node":{"__id__":13},"_srcBlendFactor":1,"_fontSize":20,"_lineHeight":20,"_N$overflow":3},{"__type__":"cc.Node","_name":"node","_parent":{"__id__":2},"_children":[{"__id__":16},{"__id__":18}],"_level":3,"_components":[{"__type__":"cc.Layout","node":{"__id__":15},"_layoutSize":{"__type__":"cc.Size","width":97.87,"height":44},"_resize":1,"_N$layoutType":2},{"__type__":"cc.Widget","node":{"__id__":15},"_alignFlags":32,"_right":10}],"_prefab":{"__type__":"cc.PrefabInfo","root":{"__id__":1},"asset":{"__uuid__":"a7evRgbWNBDqX5fbA9Rq3P"},"fileId":"0awD41KiNK7rfVNuySgrzT"},"_contentSize":{"__type__":"cc.Size","width":97.87,"height":44},"_position":{"__type__":"cc.Vec3","x":290.565},"_scale":{"__type__":"cc.Vec3","x":1,"y":1,"z":1}},{"__type__":"cc.Node","_name":"level","_parent":{"__id__":15},"_level":4,"_components":[{"__id__":17}],"_prefab":{"__type__":"cc.PrefabInfo","root":{"__id__":1},"asset":{"__uuid__":"a7evRgbWNBDqX5fbA9Rq3P"},"fileId":"5cozGLTbxEAZJbVWJL0qFT"},"_contentSize":{"__type__":"cc.Size","height":22},"_position":{"__type__":"cc.Vec3","y":11},"_scale":{"__type__":"cc.Vec3","x":1,"y":1,"z":1}},{"__type__":"cc.Label","node":{"__id__":16},"_srcBlendFactor":1,"_useOriginalSize":false,"_fontSize":20,"_lineHeight":22,"_N$horizontalAlign":1,"_N$verticalAlign":1,"_N$fontFamily":"苹方"},{"__type__":"cc.Node","_name":"New Label","_parent":{"__id__":15},"_level":4,"_components":[{"__id__":19}],"_prefab":{"__type__":"cc.PrefabInfo","root":{"__id__":1},"asset":{"__uuid__":"a7evRgbWNBDqX5fbA9Rq3P"},"fileId":"e0NuQo6vdAo5FocS2QzEIj"},"_contentSize":{"__type__":"cc.Size","height":22},"_position":{"__type__":"cc.Vec3","y":-11},"_scale":{"__type__":"cc.Vec3","x":1,"y":1,"z":1}},{"__type__":"cc.Label","node":{"__id__":18},"_srcBlendFactor":1,"_useOriginalSize":false,"_fontSize":20,"_lineHeight":22,"_N$horizontalAlign":1,"_N$verticalAlign":1,"_N$fontFamily":"苹方"}]]