{"__type__":"cc.JsonAsset","_name":"arrow","json":{"2001":{"ID":"2001","name":"勇士箭","order":"1","type":"0","count":"0","random":"1","range":"800","speed":"800","hurt":"10","crit":"0","two":"0","three":"0","four":"0"},"2002":{"ID":"2002","name":"猎鹰箭","order":"2","type":"1","count":"1000","random":"1","range":"850","speed":"800","hurt":"10","crit":"2","two":"0","three":"0","four":"0"},"2003":{"ID":"2003","name":"惊雷箭","order":"3","type":"2","count":"2","random":"1","range":"900","speed":"900","hurt":"10","crit":"5","two":"0","three":"0","four":"0"},"2004":{"ID":"2004","name":"红岩箭","order":"4","type":"1","count":"5000","random":"1","range":"950","speed":"900","hurt":"10","crit":"10","two":"0","three":"0","four":"0"},"2005":{"ID":"2005","name":"荒火箭","order":"5","type":"1","count":"12000","random":"1","range":"1000","speed":"900","hurt":"10","crit":"12","two":"0","three":"0","four":"0"},"2006":{"ID":"2006","name":"寒霜箭","order":"6","type":"3","count":"20","random":"1","range":"1050","speed":"900","hurt":"10","crit":"15","two":"0","three":"0","four":"0"},"2007":{"ID":"2007","name":"极冰箭","order":"7","type":"5","count":"150","random":"1","range":"1100","speed":"900","hurt":"10","crit":"20","two":"0","three":"0","four":"0"},"2008":{"ID":"2008","name":"星耀箭","order":"8","type":"1","count":"25000","random":"1","range":"1200","speed":"900","hurt":"10","crit":"25","two":"1","three":"0","four":"0"},"2009":{"ID":"2009","name":"钻石箭","order":"9","type":"1","count":"40000","random":"1","range":"1200","speed":"900","hurt":"10","crit":"30","two":"0","three":"1","four":"0"},"2010":{"ID":"2010","name":"光影箭","order":"10","type":"1","count":"80000","random":"1","range":"1200","speed":"900","hurt":"10","crit":"40","two":"0","three":"0","four":"1"}}}