[{"__type__":"cc.SpriteFrame","content":{"name":"loading_0","texture":"74K+JsvItIQKoGprkOPpAZ","rect":[0,414,458,49],"offset":[0,0],"originalSize":[458,49],"capInsets":[0,0,0,0]}},{"__type__":"cc.SpriteFrame","content":{"name":"loading_icon","texture":"74K+JsvItIQKoGprkOPpAZ","rect":[0,0,596,224],"offset":[0,0],"originalSize":[596,224],"capInsets":[0,0,0,0]}},{"__type__":"cc.SpriteFrame","content":{"name":"loading_2","texture":"74K+JsvItIQKoGprkOPpAZ","rect":[0,229,356,180],"offset":[0,0],"originalSize":[356,180],"capInsets":[0,0,0,0]}},{"__type__":"cc.SpriteAtlas","_name":"loading.plist","_spriteFrames":{"loading_0":{"__uuid__":"41aKWtRmlDDYdZ9/xlhrJu"},"loading_1":{"__uuid__":"b1Bs9qMWNPtoHcAbJQmtVO"},"loading_2":{"__uuid__":"4biQTNoXdJ9Z6yadogutTe"},"loading_icon":{"__uuid__":"474sLOy3FH/paCg6aTpQCE"}}},{"__type__":"cc.SpriteFrame","content":{"name":"loading_back","texture":"12fVahaw1E0KNjniAVWN7v","rect":[0,0,1080,1920],"offset":[0,0],"originalSize":[1080,1920],"capInsets":[0,0,0,0]}},{"__type__":"cc.SpriteFrame","content":{"name":"loading_1","texture":"74K+JsvItIQKoGprkOPpAZ","rect":[0,468,442,34],"offset":[0,0],"originalSize":[442,34],"capInsets":[0,0,0,0]}},[{"__type__":"cc.SceneAsset","_name":"loading","scene":{"__id__":1},"asyncLoadAssets":null},{"__type__":"cc.Scene","_name":"New Node","_children":[{"__id__":2}],"_active":false,"_anchorPoint":{"__type__":"cc.Vec2"},"_scale":{"__type__":"cc.Vec3","x":0.253303035982009,"y":0.253303035982009,"z":1},"autoReleaseAssets":true},{"__type__":"cc.Node","_name":"Canvas","_parent":{"__id__":1},"_children":[{"__id__":3},{"__id__":4},{"__id__":5},{"__id__":6},{"__id__":7}],"_level":1,"_components":[{"__type__":"cc.Canvas","node":{"__id__":2},"_designResolution":{"__type__":"cc.Size","width":750,"height":1334},"_fitWidth":true,"_fitHeight":false},{"__type__":"ea22fJe6IBCeb/G6eHAZ93V","node":{"__id__":2},"progressBar":{"__id__":10}}],"_contentSize":{"__type__":"cc.Size","width":750,"height":1334},"_position":{"__type__":"cc.Vec3","x":375,"y":667},"_scale":{"__type__":"cc.Vec3","x":1,"y":1,"z":1},"_id":"72Wd/k4/dKEIxHkejb9wx8"},{"__type__":"cc.Node","_name":"Main Camera","_parent":{"__id__":2},"_level":1,"_components":[{"__type__":"cc.Camera","node":{"__id__":3},"_clearFlags":7,"_depth":-1}],"_scale":{"__type__":"cc.Vec3","x":1,"y":1,"z":1}},{"__type__":"cc.Node","_name":"bg","_parent":{"__id__":2},"_components":[{"__type__":"cc.Sprite","node":{"__id__":4},"_spriteFrame":{"__uuid__":"86Lk5ujt1Mi4P6QL+BpaA3"},"_sizeMode":2},{"__type__":"cc.Widget","node":{"__id__":4},"alignMode":2,"_alignFlags":45,"_left":-165,"_right":-165,"_top":-293,"_bottom":-293,"_originalWidth":100,"_originalHeight":100}],"_contentSize":{"__type__":"cc.Size","width":1080,"height":1920},"_scale":{"__type__":"cc.Vec3","x":1,"y":1,"z":1}},{"__type__":"cc.Node","_name":"hall_13","_parent":{"__id__":2},"_level":2,"_components":[{"__type__":"cc.Sprite","node":{"__id__":5},"_spriteFrame":{"__uuid__":"474sLOy3FH/paCg6aTpQCE"}}],"_contentSize":{"__type__":"cc.Size","width":596,"height":224},"_position":{"__type__":"cc.Vec3","x":14,"y":286},"_scale":{"__type__":"cc.Vec3","x":1,"y":1,"z":1}},{"__type__":"cc.Node","_name":"text","_parent":{"__id__":2},"_level":2,"_components":[{"__type__":"cc.Sprite","node":{"__id__":6},"_spriteFrame":{"__uuid__":"4biQTNoXdJ9Z6yadogutTe"}},{"__type__":"cc.Widget","node":{"__id__":6},"_alignFlags":18,"_top":731.5,"_verticalCenter":-170}],"_contentSize":{"__type__":"cc.Size","width":356,"height":180},"_position":{"__type__":"cc.Vec3","y":-170},"_scale":{"__type__":"cc.Vec3","x":1,"y":1,"z":1}},{"__type__":"cc.Node","_name":"progressBar","_parent":{"__id__":2},"_children":[{"__id__":8}],"_level":1,"_components":[{"__type__":"cc.Sprite","node":{"__id__":7},"_spriteFrame":{"__uuid__":"41aKWtRmlDDYdZ9/xlhrJu"},"_type":1},{"__id__":10},{"__type__":"cc.Widget","node":{"__id__":7},"_alignFlags":20,"_bottom":176.5}],"_contentSize":{"__type__":"cc.Size","width":458,"height":49},"_position":{"__type__":"cc.Vec3","y":-466},"_scale":{"__type__":"cc.Vec3","x":1,"y":1,"z":1}},{"__type__":"cc.Node","_name":"bar","_parent":{"__id__":7},"_components":[{"__id__":9}],"_contentSize":{"__type__":"cc.Size","width":445,"height":38},"_anchorPoint":{"__type__":"cc.Vec2","y":0.5},"_position":{"__type__":"cc.Vec3","x":-223},"_scale":{"__type__":"cc.Vec3","x":1,"y":1,"z":1}},{"__type__":"cc.Sprite","node":{"__id__":8},"_spriteFrame":{"__uuid__":"b1Bs9qMWNPtoHcAbJQmtVO"},"_type":3,"_sizeMode":0},{"__type__":"cc.ProgressBar","node":{"__id__":7},"_N$barSprite":{"__id__":9},"_N$mode":2,"_N$progress":0}]]