[{"__type__":"cc.SpriteFrame","content":{"name":"hall_9","texture":"3cyNE3RVFIp6f21rOo5lm3","rect":[160,619,27,37],"offset":[0,0],"originalSize":[27,37],"capInsets":[0,0,0,0]}},{"__type__":"cc.SpriteFrame","content":{"name":"hall_11","texture":"3cyNE3RVFIp6f21rOo5lm3","rect":[633,254,46,46],"offset":[0,0],"originalSize":[46,46],"capInsets":[0,0,0,0]}},{"__type__":"cc.SpriteFrame","content":{"name":"hall_13","texture":"3cyNE3RVFIp6f21rOo5lm3","rect":[0,0,596,224],"offset":[0,0],"originalSize":[596,224],"capInsets":[0,0,0,0]}},{"__type__":"cc.SpriteFrame","content":{"name":"bg2","texture":"22CB1rWVFP2K/GEL1Ic1ym","rect":[0,0,1679,1680],"offset":[0,0],"originalSize":[1679,1680],"capInsets":[0,0,0,0]}},{"__type__":"cc.SpriteFrame","content":{"name":"hall_12","texture":"3cyNE3RVFIp6f21rOo5lm3","rect":[355,229,166,150],"offset":[0,0],"originalSize":[166,150],"capInsets":[0,0,0,0]}},{"__type__":"cc.SpriteFrame","content":{"name":"bg1","texture":"626z9UT21GBoysxFhweu7H","rect":[0,0,1680,1680],"offset":[0,0],"originalSize":[1680,1680],"capInsets":[0,0,0,0]}},{"__type__":"cc.SpriteFrame","content":{"name":"hall_1","texture":"3cyNE3RVFIp6f21rOo5lm3","rect":[527,653,41,44],"offset":[0,0],"originalSize":[41,44],"capInsets":[0,0,0,0]}},{"__type__":"cc.SpriteFrame","content":{"name":"hall_5","texture":"3cyNE3RVFIp6f21rOo5lm3","rect":[454,384,142,141],"offset":[0,0],"originalSize":[142,141],"capInsets":[0,0,0,0]}},{"__type__":"cc.SpriteFrame","content":{"name":"1_1","texture":"beM5qOisRGyLdVxpfO7Crs","rect":[653,262,15,38],"offset":[0,0],"originalSize":[15,38],"capInsets":[0,0,0,0]}},{"__type__":"cc.SpriteFrame","content":{"name":"bg3","texture":"71LhfGPsJAPp7B27iA2Un6","rect":[0,0,1679,1680],"offset":[0,0],"originalSize":[1679,1680],"capInsets":[0,0,0,0]}},{"__type__":"cc.SpriteFrame","content":{"name":"hall_3","texture":"3cyNE3RVFIp6f21rOo5lm3","rect":[0,619,155,53],"offset":[0,0],"originalSize":[155,53],"capInsets":[0,0,0,0]}},{"__type__":"cc.SpriteFrame","content":{"name":"default_sprite_splash","texture":"02delMVqdBD70a/HSD99FK","rect":[0,0,2,2],"offset":[0,0],"originalSize":[2,2],"capInsets":[0,0,0,0]}},{"__type__":"cc.SpriteFrame","content":{"name":"hall_2","texture":"3cyNE3RVFIp6f21rOo5lm3","rect":[0,677,125,22],"offset":[0,0],"originalSize":[125,22],"capInsets":[0,0,0,0]}},{"__type__":"cc.SpriteFrame","content":{"name":"moregame","texture":"0bMd7BZztBDJwnRMLr3pr2","rect":[0,0,106,106],"offset":[0,0],"originalSize":[106,106],"capInsets":[0,0,0,0]}},{"__type__":"cc.SpriteFrame","content":{"name":"hall_10","texture":"3cyNE3RVFIp6f21rOo5lm3","rect":[283,384,166,150],"offset":[0,0],"originalSize":[166,150],"capInsets":[0,0,0,0]}},{"__type__":"cc.SpriteFrame","content":{"name":"hall_7","texture":"3cyNE3RVFIp6f21rOo5lm3","rect":[202,583,174,43],"offset":[0,0],"originalSize":[174,43],"capInsets":[0,0,0,0]}},{"__type__":"cc.SpriteFrame","content":{"name":"hall_6","texture":"3cyNE3RVFIp6f21rOo5lm3","rect":[527,609,72,39],"offset":[0,0],"originalSize":[72,39],"capInsets":[0,0,0,0]}},{"__type__":"cc.SpriteFrame","content":{"name":"hall_8","texture":"3cyNE3RVFIp6f21rOo5lm3","rect":[601,384,100,100],"offset":[0,0],"originalSize":[100,100],"capInsets":[0,0,0,0]}},{"__type__":"cc.SpriteFrame","content":{"name":"DW_1","texture":"beM5qOisRGyLdVxpfO7Crs","rect":[261,0,256,166],"offset":[0,0],"originalSize":[256,166],"capInsets":[0,0,0,0]}},{"__type__":"cc.BitmapFont","_name":"coin_num","spriteFrame":{"__uuid__":"ddT682nrRBv4NoPhtfGxbl"},"fontSize":40,"_fntConfig":{"commonHeight":40,"fontSize":40,"atlasName":"coin_num.png","fontDefDictionary":{"47":{"rect":{"x":0,"y":28,"width":19,"height":30},"xOffset":0,"yOffset":0,"xAdvance":19},"48":{"rect":{"x":80,"y":28,"width":19,"height":28},"xOffset":0,"yOffset":0,"xAdvance":19},"49":{"rect":{"x":0,"y":58,"width":16,"height":28},"xOffset":0,"yOffset":0,"xAdvance":16},"50":{"rect":{"x":61,"y":28,"width":19,"height":28},"xOffset":0,"yOffset":0,"xAdvance":19},"51":{"rect":{"x":61,"y":0,"width":19,"height":28},"xOffset":0,"yOffset":0,"xAdvance":19},"52":{"rect":{"x":0,"y":0,"width":21,"height":28},"xOffset":0,"yOffset":0,"xAdvance":21},"53":{"rect":{"x":41,"y":0,"width":20,"height":28},"xOffset":0,"yOffset":0,"xAdvance":20},"54":{"rect":{"x":41,"y":28,"width":19,"height":28},"xOffset":0,"yOffset":0,"xAdvance":19},"55":{"rect":{"x":21,"y":28,"width":20,"height":28},"xOffset":0,"yOffset":0,"xAdvance":20},"56":{"rect":{"x":21,"y":0,"width":20,"height":28},"xOffset":0,"yOffset":0,"xAdvance":20},"57":{"rect":{"x":80,"y":0,"width":19,"height":28},"xOffset":0,"yOffset":0,"xAdvance":19}},"kerningDict":{}}},{"__type__":"cc.SpriteFrame","content":{"name":"hall_0","texture":"3cyNE3RVFIp6f21rOo5lm3","rect":[232,631,144,40],"offset":[0,0],"originalSize":[144,40],"capInsets":[0,0,0,0]}},{"__type__":"cc.SpriteFrame","content":{"name":"coin_num","texture":"56l8+CmmJJiZkjyaXobOGj","rect":[0,0,99,86],"offset":[0,0],"originalSize":[99,86],"capInsets":[0,0,0,0]}},{"__type__":"cc.SpriteFrame","content":{"name":"bg0","texture":"3aIAsOP6pJ3b77jNhje75l","rect":[0,0,1680,1680],"offset":[0,0],"originalSize":[1680,1680],"capInsets":[0,0,0,0]}},[{"__type__":"cc.SceneAsset","_name":"hall","scene":{"__id__":1},"asyncLoadAssets":null},{"__type__":"cc.Scene","_name":"New Node","_children":[{"__id__":2}],"_active":false,"_anchorPoint":{"__type__":"cc.Vec2"},"_scale":{"__type__":"cc.Vec3","x":0.44133210129993145,"y":0.44133210129993145,"z":1},"autoReleaseAssets":true},{"__type__":"cc.Node","_name":"Canvas","_parent":{"__id__":1},"_children":[{"__id__":3},{"__id__":4},{"__id__":11},{"__id__":24},{"__id__":26}],"_level":1,"_components":[{"__type__":"cc.Canvas","node":{"__id__":2},"_designResolution":{"__type__":"cc.Size","width":750,"height":1334},"_fitWidth":true,"_fitHeight":false},{"__type__":"5a7caAX7xRODoLPWIgrEWpR","node":{"__id__":2},"gradeAtlas":{"__uuid__":"018B1jjOtGU7imTkaT3hJi"},"startBtn":{"__id__":27},"shareBtn":{"__id__":31},"shopBtn":{"__id__":28},"friendBtn":{"__id__":20},"avatarNode":{"__id__":12},"gradeNode":{"__id__":33},"stageNode":{"__id__":25},"idLabel":{"__id__":22},"bubbleNode":{"__id__":30},"moreNode":{"__id__":23}}],"_contentSize":{"__type__":"cc.Size","width":750,"height":1334},"_position":{"__type__":"cc.Vec3","x":375,"y":667},"_scale":{"__type__":"cc.Vec3","x":1,"y":1,"z":1},"_id":"d1lBUtkvlCi6khJOqmbqCw"},{"__type__":"cc.Node","_name":"Main Camera","_parent":{"__id__":2},"_level":2,"_components":[{"__type__":"cc.Camera","node":{"__id__":3},"_clearFlags":7,"_depth":-1}],"_scale":{"__type__":"cc.Vec3","x":1,"y":1,"z":1}},{"__type__":"cc.Node","_name":"back","_parent":{"__id__":2},"_children":[{"__id__":5},{"__id__":8}],"_level":2,"_contentSize":{"__type__":"cc.Size","width":3359,"height":3359},"_scale":{"__type__":"cc.Vec3","x":1,"y":1,"z":1}},{"__type__":"cc.Node","_name":"back1","_parent":{"__id__":4},"_children":[{"__id__":6},{"__id__":7}],"_level":4,"_components":[{"__type__":"cc.Layout","node":{"__id__":5},"_layoutSize":{"__type__":"cc.Size","width":3359,"height":1680},"_resize":1,"_N$layoutType":1},{"__type__":"cc.Widget","node":{"__id__":5},"_alignFlags":1}],"_contentSize":{"__type__":"cc.Size","width":3359,"height":1680},"_position":{"__type__":"cc.Vec3","y":839.5},"_scale":{"__type__":"cc.Vec3","x":1,"y":1,"z":1}},{"__type__":"cc.Node","_name":"bg3","_parent":{"__id__":5},"_level":4,"_components":[{"__type__":"cc.Sprite","node":{"__id__":6},"_spriteFrame":{"__uuid__":"89tksnH0NOpJcz5W9icOQd"}}],"_contentSize":{"__type__":"cc.Size","width":1679,"height":1680},"_position":{"__type__":"cc.Vec3","x":-840},"_scale":{"__type__":"cc.Vec3","x":1,"y":1,"z":1}},{"__type__":"cc.Node","_name":"bg0","_parent":{"__id__":5},"_level":4,"_components":[{"__type__":"cc.Sprite","node":{"__id__":7},"_spriteFrame":{"__uuid__":"e5MYlvPf9C35RxFdrD8+OH"},"_sizeMode":2,"_isTrimmedMode":false}],"_contentSize":{"__type__":"cc.Size","width":1680,"height":1680},"_position":{"__type__":"cc.Vec3","x":839.5},"_scale":{"__type__":"cc.Vec3","x":1,"y":1,"z":1}},{"__type__":"cc.Node","_name":"back2","_parent":{"__id__":4},"_children":[{"__id__":9},{"__id__":10}],"_level":4,"_components":[{"__type__":"cc.Layout","node":{"__id__":8},"_layoutSize":{"__type__":"cc.Size","width":3359,"height":1680},"_resize":1,"_N$layoutType":1},{"__type__":"cc.Widget","node":{"__id__":8},"_alignFlags":4}],"_contentSize":{"__type__":"cc.Size","width":3359,"height":1680},"_position":{"__type__":"cc.Vec3","y":-839.5},"_scale":{"__type__":"cc.Vec3","x":1,"y":1,"z":1}},{"__type__":"cc.Node","_name":"bg2","_parent":{"__id__":8},"_level":4,"_components":[{"__type__":"cc.Sprite","node":{"__id__":9},"_spriteFrame":{"__uuid__":"3bS45FPZ5Cb6eIANZaIOYw"},"_sizeMode":2,"_isTrimmedMode":false}],"_contentSize":{"__type__":"cc.Size","width":1679,"height":1680},"_position":{"__type__":"cc.Vec3","x":-840},"_scale":{"__type__":"cc.Vec3","x":1,"y":1,"z":1}},{"__type__":"cc.Node","_name":"bg1","_parent":{"__id__":8},"_level":4,"_components":[{"__type__":"cc.Sprite","node":{"__id__":10},"_spriteFrame":{"__uuid__":"5enLwPpNxPKqTvjY2YazYC"},"_sizeMode":2,"_isTrimmedMode":false}],"_contentSize":{"__type__":"cc.Size","width":1680,"height":1680},"_position":{"__type__":"cc.Vec3","x":839.5},"_scale":{"__type__":"cc.Vec3","x":1,"y":1,"z":1}},{"__type__":"cc.Node","_name":"top","_parent":{"__id__":2},"_children":[{"__id__":12},{"__id__":19},{"__id__":20},{"__id__":21},{"__id__":23}],"_level":2,"_components":[{"__type__":"cc.Widget","node":{"__id__":11},"_alignFlags":1}],"_contentSize":{"__type__":"cc.Size","width":750,"height":500},"_position":{"__type__":"cc.Vec3","y":417},"_scale":{"__type__":"cc.Vec3","x":1,"y":1,"z":1}},{"__type__":"cc.Node","_name":"avatar","_parent":{"__id__":11},"_children":[{"__id__":13},{"__id__":14},{"__id__":15},{"__id__":16},{"__id__":17},{"__id__":18}],"_level":3,"_components":[{"__type__":"cc.Widget","node":{"__id__":12},"_alignFlags":9,"_left":2,"_top":64},{"__type__":"49ea2bj+9VJVq/o+i5vycKT","node":{"__id__":12},"delay":0.5}],"_contentSize":{"__type__":"cc.Size","width":274,"height":100},"_position":{"__type__":"cc.Vec3","x":-236,"y":136},"_scale":{"__type__":"cc.Vec3","x":1,"y":1,"z":1}},{"__type__":"cc.Node","_name":"img","_parent":{"__id__":12},"_level":4,"_components":[{"__type__":"cc.Sprite","node":{"__id__":13},"_spriteFrame":{"__uuid__":"a2MjXRFdtLlYQ5ouAFv/+R"},"_sizeMode":0}],"_contentSize":{"__type__":"cc.Size","width":90,"height":90},"_position":{"__type__":"cc.Vec3","x":-72},"_scale":{"__type__":"cc.Vec3","x":1,"y":1,"z":1}},{"__type__":"cc.Node","_name":"hall_8","_parent":{"__id__":12},"_level":4,"_components":[{"__type__":"cc.Sprite","node":{"__id__":14},"_spriteFrame":{"__uuid__":"c2Wfw7WyRF+ahY61wMSXg8"}}],"_contentSize":{"__type__":"cc.Size","width":100,"height":100},"_position":{"__type__":"cc.Vec3","x":-73},"_scale":{"__type__":"cc.Vec3","x":1,"y":1,"z":1}},{"__type__":"cc.Node","_name":"hall_7","_parent":{"__id__":12},"_level":4,"_components":[{"__type__":"cc.Sprite","node":{"__id__":15},"_spriteFrame":{"__uuid__":"b7C8fUIvZGgrC/2UnpBHLN"}}],"_contentSize":{"__type__":"cc.Size","width":174,"height":43},"_position":{"__type__":"cc.Vec3","x":67,"y":27},"_scale":{"__type__":"cc.Vec3","x":1,"y":1,"z":1}},{"__type__":"cc.Node","_name":"nick","_parent":{"__id__":12},"_level":4,"_components":[{"__type__":"cc.Label","node":{"__id__":16},"_useOriginalSize":false,"_string":"神级2D弓箭手","_N$string":"神级2D弓箭手","_fontSize":24,"_N$horizontalAlign":1,"_N$verticalAlign":1,"_N$fontFamily":"苹方"}],"_color":{"__type__":"cc.Color","r":247,"g":240,"b":180},"_contentSize":{"__type__":"cc.Size","width":149.33,"height":40},"_position":{"__type__":"cc.Vec3","x":67,"y":28},"_scale":{"__type__":"cc.Vec3","x":1,"y":1,"z":1}},{"__type__":"cc.Node","_name":"coin_icon","_parent":{"__id__":12},"_level":4,"_components":[{"__type__":"cc.Sprite","node":{"__id__":17},"_spriteFrame":{"__uuid__":"6fVDNitvBHWpeub/SHcmtI"},"_sizeMode":2}],"_contentSize":{"__type__":"cc.Size","width":41,"height":44},"_position":{"__type__":"cc.Vec3","x":4,"y":-23},"_scale":{"__type__":"cc.Vec3","x":1,"y":1,"z":1}},{"__type__":"cc.Node","_name":"coin","_parent":{"__id__":12},"_level":4,"_components":[{"__type__":"cc.Label","node":{"__id__":18},"_useOriginalSize":false,"_string":"9999999","_N$string":"9999999","_fontSize":42,"_N$file":{"__uuid__":"d201mEu09CLp3uJPdPot7s"},"_isSystemFontUsed":false,"_N$horizontalAlign":1,"_N$verticalAlign":1}],"_contentSize":{"__type__":"cc.Size","width":139.65,"height":42},"_anchorPoint":{"__type__":"cc.Vec2","y":0.5},"_position":{"__type__":"cc.Vec3","x":32,"y":-32},"_scale":{"__type__":"cc.Vec3","x":1,"y":1,"z":1}},{"__type__":"cc.Node","_name":"logo","_parent":{"__id__":11},"_level":3,"_components":[{"__type__":"cc.Sprite","node":{"__id__":19},"_spriteFrame":{"__uuid__":"25LlXLsWBDN5+W6x2Q2KW6"}}],"_contentSize":{"__type__":"cc.Size","width":504,"height":178},"_position":{"__type__":"cc.Vec3","y":-82},"_scale":{"__type__":"cc.Vec3","x":1,"y":1,"z":1}},{"__type__":"cc.Node","_name":"rankBtn","_parent":{"__id__":11},"_level":3,"_components":[{"__type__":"cc.Sprite","node":{"__id__":20},"_spriteFrame":{"__uuid__":"7doyvXglhOt7pTJU6QHdyf"},"_sizeMode":2,"_isTrimmedMode":false},{"__type__":"cc.Button","node":{"__id__":20},"zoomScale":0.9,"_N$transition":3,"transition":3},{"__type__":"cc.Widget","node":{"__id__":20},"_alignFlags":8,"_left":32},{"__type__":"49ea2bj+9VJVq/o+i5vycKT","node":{"__id__":20},"must":true}],"_opacity":200,"_contentSize":{"__type__":"cc.Size","width":142,"height":141},"_position":{"__type__":"cc.Vec3","x":-272,"y":-238},"_scale":{"__type__":"cc.Vec3","x":1,"y":1,"z":1}},{"__type__":"cc.Node","_name":"uid","_parent":{"__id__":11},"_active":false,"_level":3,"_components":[{"__id__":22}],"_contentSize":{"__type__":"cc.Size","width":97.87,"height":40},"_position":{"__type__":"cc.Vec3","x":164,"y":137},"_scale":{"__type__":"cc.Vec3","x":1,"y":1,"z":1}},{"__type__":"cc.Label","node":{"__id__":21},"_useOriginalSize":false,"_string":"Label","_N$string":"Label","_N$horizontalAlign":1,"_N$verticalAlign":1},{"__type__":"cc.Node","_name":"moregame","_parent":{"__id__":11},"_level":3,"_components":[{"__type__":"cc.Sprite","node":{"__id__":23},"_spriteFrame":{"__uuid__":"abFfScyCVOq6fI+Bsz8bn+"}},{"__type__":"cc.Button","node":{"__id__":23},"_N$transition":3,"transition":3},{"__type__":"51258eufzdAPqKZ/MrfbP30","node":{"__id__":23}}],"_contentSize":{"__type__":"cc.Size","width":106,"height":106},"_position":{"__type__":"cc.Vec3","x":-272,"y":-669},"_scale":{"__type__":"cc.Vec3","x":1,"y":1,"z":1}},{"__type__":"cc.Node","_name":"center","_parent":{"__id__":2},"_children":[{"__id__":25}],"_level":2,"_contentSize":{"__type__":"cc.Size","width":750,"height":200},"_scale":{"__type__":"cc.Vec3","x":1,"y":1,"z":1}},{"__type__":"cc.Node","_name":"stage","_parent":{"__id__":24},"_level":3,"_position":{"__type__":"cc.Vec3","y":33},"_scale":{"__type__":"cc.Vec3","x":1,"y":1,"z":1}},{"__type__":"cc.Node","_name":"bottom","_parent":{"__id__":2},"_children":[{"__id__":27},{"__id__":28},{"__id__":31},{"__id__":33}],"_level":2,"_components":[{"__type__":"cc.Widget","node":{"__id__":26},"_alignFlags":4}],"_contentSize":{"__type__":"cc.Size","width":750,"height":400},"_position":{"__type__":"cc.Vec3","y":-467},"_scale":{"__type__":"cc.Vec3","x":1,"y":1,"z":1}},{"__type__":"cc.Node","_name":"startBtn","_parent":{"__id__":26},"_level":3,"_components":[{"__type__":"cc.Sprite","node":{"__id__":27},"_spriteFrame":{"__uuid__":"fd7LbqK5pJEqLLr/yLjPKl"},"_sizeMode":0,"_isTrimmedMode":false},{"__type__":"cc.Button","node":{"__id__":27},"zoomScale":0.9,"_N$transition":3,"transition":3}],"_contentSize":{"__type__":"cc.Size","width":350,"height":150},"_position":{"__type__":"cc.Vec3","y":39},"_scale":{"__type__":"cc.Vec3","x":1,"y":1,"z":1}},{"__type__":"cc.Node","_name":"shopBtn","_parent":{"__id__":26},"_children":[{"__id__":29},{"__id__":30}],"_level":3,"_components":[{"__type__":"cc.Sprite","node":{"__id__":28},"_spriteFrame":{"__uuid__":"50oGHhBH9CPqd+uIT2CuAE"},"_sizeMode":2,"_isTrimmedMode":false},{"__type__":"cc.Button","node":{"__id__":28},"zoomScale":0.9,"_N$transition":3,"transition":3},{"__type__":"cc.Widget","node":{"__id__":28},"_alignFlags":32,"_right":12}],"_opacity":200,"_contentSize":{"__type__":"cc.Size","width":166,"height":150},"_position":{"__type__":"cc.Vec3","x":280,"y":39},"_scale":{"__type__":"cc.Vec3","x":1,"y":1,"z":1}},{"__type__":"cc.Node","_name":"hall_6","_parent":{"__id__":28},"_level":4,"_components":[{"__type__":"cc.Sprite","node":{"__id__":29},"_spriteFrame":{"__uuid__":"b9bqvy4ihJNYFQ1NHcgOTH"}}],"_contentSize":{"__type__":"cc.Size","width":72,"height":39},"_position":{"__type__":"cc.Vec3","y":-96},"_scale":{"__type__":"cc.Vec3","x":1,"y":1,"z":1}},{"__type__":"cc.Node","_name":"hall_11","_parent":{"__id__":28},"_active":false,"_level":4,"_components":[{"__type__":"cc.Sprite","node":{"__id__":30},"_spriteFrame":{"__uuid__":"1cREMscNZGip3rMI4LXSEZ"}}],"_contentSize":{"__type__":"cc.Size","width":46,"height":46},"_position":{"__type__":"cc.Vec3","x":67,"y":67},"_scale":{"__type__":"cc.Vec3","x":1,"y":1,"z":1}},{"__type__":"cc.Node","_name":"shareBtn","_parent":{"__id__":26},"_children":[{"__id__":32}],"_active":false,"_level":3,"_components":[{"__type__":"cc.Sprite","node":{"__id__":31},"_spriteFrame":{"__uuid__":"b1lbuZit5MQrMEpcq5fhKm"},"_sizeMode":2,"_isTrimmedMode":false},{"__type__":"cc.Button","node":{"__id__":31},"zoomScale":0.9,"_N$transition":3,"transition":3},{"__type__":"cc.Widget","node":{"__id__":31},"_alignFlags":8,"_left":12}],"_opacity":200,"_contentSize":{"__type__":"cc.Size","width":166,"height":150},"_position":{"__type__":"cc.Vec3","x":-280,"y":39},"_scale":{"__type__":"cc.Vec3","x":1,"y":1,"z":1}},{"__type__":"cc.Node","_name":"hall_0","_parent":{"__id__":31},"_level":4,"_components":[{"__type__":"cc.Sprite","node":{"__id__":32},"_spriteFrame":{"__uuid__":"d3sk5dBjhDAYyNri8l3kT2"}}],"_contentSize":{"__type__":"cc.Size","width":148,"height":40},"_position":{"__type__":"cc.Vec3","y":-96},"_scale":{"__type__":"cc.Vec3","x":1,"y":1,"z":1}},{"__type__":"cc.Node","_name":"grade","_parent":{"__id__":26},"_children":[{"__id__":34},{"__id__":35},{"__id__":40},{"__id__":41},{"__id__":42}],"_level":3,"_components":[{"__type__":"cc.Button","node":{"__id__":33},"zoomScale":0.9,"_N$transition":3,"transition":3}],"_contentSize":{"__type__":"cc.Size","width":226,"height":200},"_position":{"__type__":"cc.Vec3","y":234},"_scale":{"__type__":"cc.Vec3","x":1,"y":1,"z":1}},{"__type__":"cc.Node","_name":"icon_bg","_parent":{"__id__":33},"_level":3,"_components":[{"__type__":"cc.Sprite","node":{"__id__":34},"_spriteFrame":{"__uuid__":"ce+1GymutP9a6oXgnV5A9g"}}],"_contentSize":{"__type__":"cc.Size","width":256,"height":166},"_position":{"__type__":"cc.Vec3","y":49},"_scale":{"__type__":"cc.Vec3","x":1,"y":1,"z":1}},{"__type__":"cc.Node","_name":"progress","_parent":{"__id__":33},"_children":[{"__id__":36},{"__id__":37},{"__id__":39}],"_level":4,"_position":{"__type__":"cc.Vec3","y":-51},"_scale":{"__type__":"cc.Vec3","x":1,"y":1,"z":1}},{"__type__":"cc.Node","_name":"back","_parent":{"__id__":35},"_level":5,"_components":[{"__type__":"cc.Sprite","node":{"__id__":36},"_spriteFrame":{"__uuid__":"98XPBZaWdFCamUci97t6cn"}}],"_contentSize":{"__type__":"cc.Size","width":155,"height":53},"_scale":{"__type__":"cc.Vec3","x":1,"y":1,"z":1}},{"__type__":"cc.Node","_name":"bar","_parent":{"__id__":35},"_level":5,"_components":[{"__id__":38},{"__type__":"cc.ProgressBar","node":{"__id__":37},"_N$barSprite":{"__id__":38},"_N$mode":2}],"_contentSize":{"__type__":"cc.Size","width":125,"height":22},"_anchorPoint":{"__type__":"cc.Vec2","y":0.5},"_position":{"__type__":"cc.Vec3","x":-62.5},"_scale":{"__type__":"cc.Vec3","x":1,"y":1,"z":1}},{"__type__":"cc.Sprite","node":{"__id__":37},"_spriteFrame":{"__uuid__":"a6z6F+JXpEio4MT2LkfTB5"},"_type":3},{"__type__":"cc.Node","_name":"text","_parent":{"__id__":35},"_level":5,"_components":[{"__type__":"cc.Label","node":{"__id__":39},"_useOriginalSize":false,"_string":"1/5","_N$string":"1/5","_N$file":{"__uuid__":"d201mEu09CLp3uJPdPot7s"},"_isSystemFontUsed":false,"_N$horizontalAlign":1,"_N$verticalAlign":1}],"_contentSize":{"__type__":"cc.Size","width":55,"height":40},"_anchorPoint":{"__type__":"cc.Vec2","y":0.5},"_position":{"__type__":"cc.Vec3","x":-30,"y":-35},"_scale":{"__type__":"cc.Vec3","x":1,"y":1,"z":1}},{"__type__":"cc.Node","_name":"icon_name","_parent":{"__id__":33},"_level":4,"_components":[{"__type__":"cc.Sprite","node":{"__id__":40},"_spriteFrame":{"__uuid__":"fajXo7IgtF6LxcapY4DNFt"}}],"_contentSize":{"__type__":"cc.Size","width":77,"height":44},"_position":{"__type__":"cc.Vec3","y":-16},"_scale":{"__type__":"cc.Vec3","x":1,"y":1,"z":1}},{"__type__":"cc.Node","_name":"icon_num","_parent":{"__id__":33},"_level":4,"_components":[{"__type__":"cc.Sprite","node":{"__id__":41},"_spriteFrame":{"__uuid__":"85x6kQ3ZdCa6vxwQUhQOrm"}}],"_contentSize":{"__type__":"cc.Size","width":15,"height":38},"_position":{"__type__":"cc.Vec3","y":37},"_scale":{"__type__":"cc.Vec3","x":1,"y":1,"z":1}},{"__type__":"cc.Node","_name":"badge","_parent":{"__id__":33},"_level":3,"_components":[{"__type__":"cc.Sprite","node":{"__id__":42},"_spriteFrame":{"__uuid__":"0dL5VrHLZMhp48+6uvEJ2k"}}],"_contentSize":{"__type__":"cc.Size","width":27,"height":37},"_position":{"__type__":"cc.Vec3","x":-51,"y":-80},"_scale":{"__type__":"cc.Vec3","x":1,"y":1,"z":1}}],{"__type__":"cc.SpriteFrame","content":{"name":"dw1","texture":"beM5qOisRGyLdVxpfO7Crs","rect":[0,732,77,44],"offset":[0,0],"originalSize":[77,44],"capInsets":[0,0,0,0]}},{"__type__":"cc.SpriteFrame","content":{"name":"hall_4","texture":"3cyNE3RVFIp6f21rOo5lm3","rect":[0,229,350,150],"offset":[0,0],"originalSize":[350,150],"capInsets":[0,0,0,0]}}]