[{"__type__":"cc.SpriteFrame","content":{"name":"close (2)","texture":"a1kFce2/xNx60AtnsccfV2","rect":[383,897,28,27],"offset":[0,0],"originalSize":[28,27],"capInsets":[0,0,0,0]}},{"__type__":"cc.SpriteFrame","content":{"name":"tanchuanbg","texture":"a1kFce2/xNx60AtnsccfV2","rect":[821,756,80,78],"offset":[0,0],"originalSize":[80,78],"capInsets":[11,11,11,10]}},{"__type__":"cc.SpriteFrame","content":{"name":"shangcehng","texture":"a1kFce2/xNx60AtnsccfV2","rect":[62,412,679,59],"offset":[0,0],"originalSize":[679,59],"capInsets":[0,0,0,0]}},[{"__type__":"cc.Prefab","_name":"Explain","data":{"__id__":1}},{"__type__":"cc.Node","_name":"Explain","_children":[{"__id__":2}],"_level":1,"_components":[{"__type__":"38aa0ihHrVHXrAF36LNs5nL","node":{"__id__":1},"context":{"__id__":8},"close":{"__id__":5}}],"_prefab":{"__type__":"cc.PrefabInfo","root":{"__id__":1},"asset":{"__uuid__":"c6bIKauadKy6VpsRnFe9KM"},"fileId":"95vPvs0opDkqCTlYov4cRN"},"_contentSize":{"__type__":"cc.Size","width":650,"height":650},"_scale":{"__type__":"cc.Vec3","x":1,"y":1,"z":1}},{"__type__":"cc.Node","_name":"bg","_parent":{"__id__":1},"_children":[{"__id__":3},{"__id__":7}],"_level":2,"_components":[{"__type__":"cc.Sprite","node":{"__id__":2},"_spriteFrame":{"__uuid__":"510X4D6aFPGa9wjpS7Ot5t"},"_type":1,"_sizeMode":0}],"_prefab":{"__type__":"cc.PrefabInfo","root":{"__id__":1},"asset":{"__uuid__":"c6bIKauadKy6VpsRnFe9KM"},"fileId":"99+3SEostJnJgVpNK4bs8h"},"_contentSize":{"__type__":"cc.Size","width":500,"height":500},"_scale":{"__type__":"cc.Vec3","x":1,"y":1,"z":1}},{"__type__":"cc.Node","_name":"title","_parent":{"__id__":2},"_children":[{"__id__":4},{"__id__":5}],"_level":3,"_components":[{"__type__":"cc.Sprite","node":{"__id__":3},"_spriteFrame":{"__uuid__":"b3CLDo9FhEhpyt697OG5HT"},"_type":1,"_sizeMode":0},{"__type__":"cc.Widget","node":{"__id__":3},"_alignFlags":1,"_top":9}],"_prefab":{"__type__":"cc.PrefabInfo","root":{"__id__":1},"asset":{"__uuid__":"c6bIKauadKy6VpsRnFe9KM"},"fileId":"eeAojjbkhN+aLRH+cL2ZNM"},"_contentSize":{"__type__":"cc.Size","width":480,"height":50},"_position":{"__type__":"cc.Vec3","y":216},"_scale":{"__type__":"cc.Vec3","x":1,"y":1,"z":1}},{"__type__":"cc.Node","_name":"text","_parent":{"__id__":3},"_level":4,"_components":[{"__type__":"cc.Label","node":{"__id__":4},"_srcBlendFactor":1,"_useOriginalSize":false,"_string":"赛季排行规则","_N$string":"赛季排行规则","_fontSize":35,"_lineHeight":37,"_N$horizontalAlign":1,"_N$verticalAlign":1}],"_prefab":{"__type__":"cc.PrefabInfo","root":{"__id__":1},"asset":{"__uuid__":"c6bIKauadKy6VpsRnFe9KM"},"fileId":"7a32Kw85hDM7kOzytj7tNO"},"_color":{"__type__":"cc.Color","r":255,"g":62,"b":62},"_contentSize":{"__type__":"cc.Size","width":210,"height":37},"_scale":{"__type__":"cc.Vec3","x":1,"y":1,"z":1}},{"__type__":"cc.Node","_name":"closenode","_parent":{"__id__":3},"_children":[{"__id__":6}],"_level":4,"_components":[{"__type__":"cc.Widget","node":{"__id__":5},"_alignFlags":32},{"__type__":"cc.Button","node":{"__id__":5},"_N$transition":3,"transition":3,"_N$target":{"__id__":5}}],"_prefab":{"__type__":"cc.PrefabInfo","root":{"__id__":1},"asset":{"__uuid__":"c6bIKauadKy6VpsRnFe9KM"},"fileId":"34sBbzTyJEN7Bstc+WG1FW"},"_contentSize":{"__type__":"cc.Size","width":70,"height":70},"_position":{"__type__":"cc.Vec3","x":205},"_scale":{"__type__":"cc.Vec3","x":1,"y":1,"z":1}},{"__type__":"cc.Node","_name":"close","_parent":{"__id__":5},"_level":5,"_components":[{"__type__":"cc.Sprite","node":{"__id__":6},"_spriteFrame":{"__uuid__":"33DcKl9v5Ef6qoSRMZ5ejJ"}}],"_prefab":{"__type__":"cc.PrefabInfo","root":{"__id__":1},"asset":{"__uuid__":"c6bIKauadKy6VpsRnFe9KM"},"fileId":"7bW/qBq8JACqlEBh7asnQq"},"_contentSize":{"__type__":"cc.Size","width":28,"height":27},"_scale":{"__type__":"cc.Vec3","x":1,"y":1,"z":1}},{"__type__":"cc.Node","_name":"context","_parent":{"__id__":2},"_level":3,"_components":[{"__id__":8}],"_prefab":{"__type__":"cc.PrefabInfo","root":{"__id__":1},"asset":{"__uuid__":"c6bIKauadKy6VpsRnFe9KM"},"fileId":"f0viLmiV1HvLP7wfQ9YEgB"},"_contentSize":{"__type__":"cc.Size","width":400,"height":324},"_anchorPoint":{"__type__":"cc.Vec2","x":0.5,"y":1},"_position":{"__type__":"cc.Vec3","y":172},"_scale":{"__type__":"cc.Vec3","x":1,"y":1,"z":1}},{"__type__":"cc.Label","node":{"__id__":7},"_srcBlendFactor":1,"_useOriginalSize":false,"_string":"       守护家园全服赛季排名为每两月一次，世界排行榜只显示前100名；\n       第一名官方提供限定冠军title，皮肤及特定专属装备；\n       第2-3名title，特定专属装备；\n       第4-10名特定专属装备；\n       第10-50，51-100，101-200，201-500，501-1000名都将获得赛季专属礼品；\n       详情请关注官方公告。\n       大家踊跃参加，更多官方好礼等着大家！！！","_N$string":"       守护家园全服赛季排名为每两月一次，世界排行榜只显示前100名；\n       第一名官方提供限定冠军title，皮肤及特定专属装备；\n       第2-3名title，特定专属装备；\n       第4-10名特定专属装备；\n       第10-50，51-100，101-200，201-500，501-1000名都将获得赛季专属礼品；\n       详情请关注官方公告。\n       大家踊跃参加，更多官方好礼等着大家！！！","_fontSize":25,"_lineHeight":27,"_N$verticalAlign":1,"_N$overflow":3}]]