[[{"__type__":"cc.Prefab","_name":"GetNewArchive","data":{"__id__":1}},{"__type__":"cc.Node","_name":"coin","_children":[{"__id__":2}],"_level":1,"_components":[{"__type__":"cc.Label","node":{"__id__":1},"_srcBlendFactor":1,"_useOriginalSize":false,"_fontSize":20,"_lineHeight":22,"_enableWrapText":false,"_N$verticalAlign":1,"_N$fontFamily":"苹方","_N$overflow":1},{"__type__":"23bc0gyDFJLWrE7jrkj/uM0","node":{"__id__":1},"close":{"__id__":5},"img":{"__id__":22},"myname":{"__id__":26},"desc":{"__id__":28},"diam1":{"__id__":9},"diam2":{"__id__":11},"shareBtn":{"__id__":23},"deim":{"__id__":19},"tip":{"__id__":29}}],"_prefab":{"__type__":"cc.PrefabInfo","root":{"__id__":1},"asset":{"__uuid__":"01maSeb0FCJ5k1ansbN53j"},"fileId":"70Ids5nPJFx4lJmrhQNBt/"},"_contentSize":{"__type__":"cc.Size","width":699,"height":930},"_scale":{"__type__":"cc.Vec3","x":1,"y":1,"z":1}},{"__type__":"cc.Node","_name":"content","_parent":{"__id__":1},"_children":[{"__id__":3},{"__id__":7},{"__id__":12},{"__id__":21},{"__id__":23},{"__id__":25},{"__id__":27},{"__id__":29}],"_level":2,"_components":[{"__type__":"cc.Sprite","node":{"__id__":2},"_spriteFrame":{"__uuid__":"ffp1vMUE1DtY7hRljXF2Sg"},"_type":1,"_sizeMode":0}],"_prefab":{"__type__":"cc.PrefabInfo","root":{"__id__":1},"asset":{"__uuid__":"01maSeb0FCJ5k1ansbN53j"},"fileId":"96/I3H++ZEn5m+PhDGezUc"},"_contentSize":{"__type__":"cc.Size","width":699,"height":930},"_scale":{"__type__":"cc.Vec3","x":1,"y":1,"z":1}},{"__type__":"cc.Node","_name":"alert-shangcehng","_parent":{"__id__":2},"_children":[{"__id__":4},{"__id__":5}],"_level":3,"_components":[{"__type__":"cc.Sprite","node":{"__id__":3},"_spriteFrame":{"__uuid__":"b3CLDo9FhEhpyt697OG5HT"}},{"__type__":"cc.Widget","node":{"__id__":3},"_alignFlags":1,"_top":9.5}],"_prefab":{"__type__":"cc.PrefabInfo","root":{"__id__":1},"asset":{"__uuid__":"01maSeb0FCJ5k1ansbN53j"},"fileId":"a7MMx14+hK4qlsz76vtVcc"},"_contentSize":{"__type__":"cc.Size","width":679,"height":59},"_position":{"__type__":"cc.Vec3","y":426},"_scale":{"__type__":"cc.Vec3","x":1,"y":1,"z":1}},{"__type__":"cc.Node","_name":"New Label","_parent":{"__id__":3},"_level":4,"_components":[{"__type__":"cc.Label","node":{"__id__":4},"_srcBlendFactor":1,"_useOriginalSize":false,"_string":"获得新神器","_N$string":"获得新神器","_N$horizontalAlign":1,"_N$verticalAlign":1}],"_prefab":{"__type__":"cc.PrefabInfo","root":{"__id__":1},"asset":{"__uuid__":"01maSeb0FCJ5k1ansbN53j"},"fileId":"239TakNFdLdYD6yE08P2JE"},"_contentSize":{"__type__":"cc.Size","width":200,"height":40},"_scale":{"__type__":"cc.Vec3","x":1,"y":1,"z":1}},{"__type__":"cc.Node","_name":"New Sprite(Splash)","_parent":{"__id__":3},"_children":[{"__id__":6}],"_level":4,"_components":[{"__type__":"cc.Sprite","node":{"__id__":5},"_sizeMode":0},{"__type__":"cc.Widget","node":{"__id__":5},"_alignFlags":32,"_right":1.5}],"_prefab":{"__type__":"cc.PrefabInfo","root":{"__id__":1},"asset":{"__uuid__":"01maSeb0FCJ5k1ansbN53j"},"fileId":"f5Ehqq4EJFgoz0qGRV6tq/"},"_contentSize":{"__type__":"cc.Size","width":70,"height":70},"_position":{"__type__":"cc.Vec3","x":303},"_scale":{"__type__":"cc.Vec3","x":1,"y":1,"z":1}},{"__type__":"cc.Node","_name":"alert-close","_parent":{"__id__":5},"_level":5,"_components":[{"__type__":"cc.Sprite","node":{"__id__":6},"_spriteFrame":{"__uuid__":"33DcKl9v5Ef6qoSRMZ5ejJ"}}],"_prefab":{"__type__":"cc.PrefabInfo","root":{"__id__":1},"asset":{"__uuid__":"01maSeb0FCJ5k1ansbN53j"},"fileId":"78dZ1Fjz9KhJFck2i/570Q"},"_contentSize":{"__type__":"cc.Size","width":28,"height":27},"_scale":{"__type__":"cc.Vec3","x":1,"y":1,"z":1}},{"__type__":"cc.Node","_name":"di","_parent":{"__id__":2},"_children":[{"__id__":8},{"__id__":10}],"_level":3,"_components":[{"__type__":"cc.Widget","node":{"__id__":7},"_alignFlags":4,"_bottom":268},{"__type__":"cc.Layout","node":{"__id__":7},"_N$layoutType":2,"_N$paddingTop":20,"_N$spacingY":10},{"__type__":"cc.Sprite","node":{"__id__":7},"_type":1,"_sizeMode":0}],"_prefab":{"__type__":"cc.PrefabInfo","root":{"__id__":1},"asset":{"__uuid__":"01maSeb0FCJ5k1ansbN53j"},"fileId":"b2MKBXceVC5L0ftu4JLkUo"},"_contentSize":{"__type__":"cc.Size","width":400,"height":110},"_position":{"__type__":"cc.Vec3","y":-142},"_scale":{"__type__":"cc.Vec3","x":1,"y":1,"z":1}},{"__type__":"cc.Node","_name":"diam1","_parent":{"__id__":7},"_level":4,"_components":[{"__id__":9}],"_prefab":{"__type__":"cc.PrefabInfo","root":{"__id__":1},"asset":{"__uuid__":"01maSeb0FCJ5k1ansbN53j"},"fileId":"3aNsHSfj1DUZIkgAYXPhRE"},"_contentSize":{"__type__":"cc.Size","width":189.64,"height":27},"_position":{"__type__":"cc.Vec3","y":21.5},"_scale":{"__type__":"cc.Vec3","x":1,"y":1,"z":1}},{"__type__":"cc.Label","node":{"__id__":8},"_srcBlendFactor":1,"_useOriginalSize":false,"_string":"+90%的神器伤害","_N$string":"+90%的神器伤害","_fontSize":25,"_lineHeight":27,"_N$horizontalAlign":1,"_N$verticalAlign":1},{"__type__":"cc.Node","_name":"diam2","_parent":{"__id__":7},"_level":4,"_components":[{"__id__":11}],"_prefab":{"__type__":"cc.PrefabInfo","root":{"__id__":1},"asset":{"__uuid__":"01maSeb0FCJ5k1ansbN53j"},"fileId":"e5hm7XpDlAf58bCOlsbfgt"},"_color":{"__type__":"cc.Color","r":246,"g":208,"b":58},"_contentSize":{"__type__":"cc.Size","width":149.35,"height":27},"_position":{"__type__":"cc.Vec3","y":-15.5},"_scale":{"__type__":"cc.Vec3","x":1,"y":1,"z":1}},{"__type__":"cc.Label","node":{"__id__":10},"_srcBlendFactor":1,"_useOriginalSize":false,"_string":"×1.6所有黄金","_N$string":"×1.6所有黄金","_fontSize":25,"_lineHeight":27,"_N$horizontalAlign":1,"_N$verticalAlign":1},{"__type__":"cc.Node","_name":"tuibian","_parent":{"__id__":2},"_children":[{"__id__":13},{"__id__":15}],"_level":3,"_components":[{"__id__":20},{"__type__":"32540GFq4FAT5ZSyUpi/XyW","node":{"__id__":12},"img":{"__id__":20},"url":"texture/myhero/tuibiancontent.png"}],"_prefab":{"__type__":"cc.PrefabInfo","root":{"__id__":1},"asset":{"__uuid__":"01maSeb0FCJ5k1ansbN53j"},"fileId":"0eAuEutTRM8aDNAqsBSIJR"},"_contentSize":{"__type__":"cc.Size","width":398,"height":147},"_position":{"__type__":"cc.Vec3","y":-255},"_scale":{"__type__":"cc.Vec3","x":1,"y":1,"z":1}},{"__type__":"cc.Node","_name":"titlenode","_parent":{"__id__":12},"_children":[{"__id__":14}],"_level":5,"_prefab":{"__type__":"cc.PrefabInfo","root":{"__id__":1},"asset":{"__uuid__":"01maSeb0FCJ5k1ansbN53j"},"fileId":"17Tpp2uFtHELv0DKMoL1rs"},"_contentSize":{"__type__":"cc.Size","width":398,"height":44},"_position":{"__type__":"cc.Vec3","y":52.2},"_scale":{"__type__":"cc.Vec3","x":1,"y":1,"z":1}},{"__type__":"cc.Node","_name":"title","_parent":{"__id__":13},"_level":6,"_components":[{"__type__":"cc.Label","node":{"__id__":14},"_srcBlendFactor":1,"_useOriginalSize":false,"_string":"分享奖励","_N$string":"分享奖励","_fontSize":30,"_lineHeight":32,"_N$horizontalAlign":1,"_N$verticalAlign":1,"_N$fontFamily":"苹方"}],"_prefab":{"__type__":"cc.PrefabInfo","root":{"__id__":1},"asset":{"__uuid__":"01maSeb0FCJ5k1ansbN53j"},"fileId":"49e1DMTnFP3pFHxXHkuR2W"},"_color":{"__type__":"cc.Color","r":232,"g":139,"b":255},"_contentSize":{"__type__":"cc.Size","width":120,"height":32},"_scale":{"__type__":"cc.Vec3","x":1,"y":1,"z":1}},{"__type__":"cc.Node","_name":"content","_parent":{"__id__":12},"_children":[{"__id__":16},{"__id__":18}],"_level":5,"_components":[{"__type__":"cc.Layout","node":{"__id__":15},"_layoutSize":{"__type__":"cc.Size","width":252.25,"height":100},"_resize":1,"_N$layoutType":1,"_N$spacingX":20}],"_prefab":{"__type__":"cc.PrefabInfo","root":{"__id__":1},"asset":{"__uuid__":"01maSeb0FCJ5k1ansbN53j"},"fileId":"84GcFYfvdOH7WiP2GO4WmU"},"_contentSize":{"__type__":"cc.Size","width":252.25,"height":100},"_position":{"__type__":"cc.Vec3","y":-20},"_scale":{"__type__":"cc.Vec3","x":1,"y":1,"z":1}},{"__type__":"cc.Node","_name":"baoshi","_parent":{"__id__":15},"_level":6,"_components":[{"__id__":17},{"__type__":"32540GFq4FAT5ZSyUpi/XyW","node":{"__id__":16},"img":{"__id__":17},"url":"texture/signin/1.png"}],"_prefab":{"__type__":"cc.PrefabInfo","root":{"__id__":1},"asset":{"__uuid__":"01maSeb0FCJ5k1ansbN53j"},"fileId":"88gSruH6NHcoY5pRZCQ8+V"},"_contentSize":{"__type__":"cc.Size","width":75,"height":47},"_position":{"__type__":"cc.Vec3","x":-81.125},"_scale":{"__type__":"cc.Vec3","x":1.2,"y":1.2,"z":1}},{"__type__":"cc.Sprite","node":{"__id__":16},"_sizeMode":0},{"__type__":"cc.Node","_name":"text","_parent":{"__id__":15},"_level":6,"_components":[{"__id__":19}],"_prefab":{"__type__":"cc.PrefabInfo","root":{"__id__":1},"asset":{"__uuid__":"01maSeb0FCJ5k1ansbN53j"},"fileId":"afKVDgc8xMzpwMQGsY0GjD"},"_contentSize":{"__type__":"cc.Size","width":142.25,"height":40},"_position":{"__type__":"cc.Vec3","x":55},"_scale":{"__type__":"cc.Vec3","x":1,"y":1,"z":1}},{"__type__":"cc.Label","node":{"__id__":18},"_srcBlendFactor":1,"_useOriginalSize":false,"_string":"1个钻石","_N$string":"1个钻石","_N$horizontalAlign":1,"_N$verticalAlign":1},{"__type__":"cc.Sprite","node":{"__id__":12}},{"__type__":"cc.Node","_name":"imge","_parent":{"__id__":2},"_level":3,"_components":[{"__id__":22},{"__type__":"cc.Widget","node":{"__id__":21},"_alignFlags":1,"_top":81}],"_prefab":{"__type__":"cc.PrefabInfo","root":{"__id__":1},"asset":{"__uuid__":"01maSeb0FCJ5k1ansbN53j"},"fileId":"68K5dOGARN6LkD5CZ4nfCs"},"_contentSize":{"__type__":"cc.Size","width":450,"height":360},"_position":{"__type__":"cc.Vec3","y":204},"_scale":{"__type__":"cc.Vec3","x":1,"y":1,"z":1}},{"__type__":"cc.Sprite","node":{"__id__":21},"_sizeMode":0},{"__type__":"cc.Node","_name":"share","_parent":{"__id__":2},"_children":[{"__id__":24}],"_level":3,"_components":[{"__type__":"cc.Sprite","node":{"__id__":23},"_spriteFrame":{"__uuid__":"39PxN1FxBCxLjMGmRJhgVO"},"_sizeMode":0},{"__type__":"cc.Button","node":{"__id__":23},"_N$transition":3,"transition":3,"_N$target":{"__id__":23}}],"_prefab":{"__type__":"cc.PrefabInfo","root":{"__id__":1},"asset":{"__uuid__":"01maSeb0FCJ5k1ansbN53j"},"fileId":"49sDgfcV1CUrqu0BVYp94b"},"_contentSize":{"__type__":"cc.Size","width":261,"height":84},"_position":{"__type__":"cc.Vec3","y":-384},"_scale":{"__type__":"cc.Vec3","x":1,"y":1,"z":1}},{"__type__":"cc.Node","_name":"New Label","_parent":{"__id__":23},"_level":4,"_components":[{"__type__":"cc.Label","node":{"__id__":24},"_srcBlendFactor":1,"_useOriginalSize":false,"_string":"炫耀一下","_N$string":"炫耀一下","_N$horizontalAlign":1,"_N$verticalAlign":1}],"_prefab":{"__type__":"cc.PrefabInfo","root":{"__id__":1},"asset":{"__uuid__":"01maSeb0FCJ5k1ansbN53j"},"fileId":"ac8rTPLPlNUrFEmkGcG3av"},"_contentSize":{"__type__":"cc.Size","width":160,"height":40},"_scale":{"__type__":"cc.Vec3","x":1,"y":1,"z":1}},{"__type__":"cc.Node","_name":"myname","_parent":{"__id__":2},"_level":3,"_components":[{"__id__":26},{"__type__":"cc.Widget","node":{"__id__":25},"_alignFlags":1,"_top":441.5}],"_prefab":{"__type__":"cc.PrefabInfo","root":{"__id__":1},"asset":{"__uuid__":"01maSeb0FCJ5k1ansbN53j"},"fileId":"0btucDSctCkJ3mUDQeqGN7"},"_contentSize":{"__type__":"cc.Size","width":61.17,"height":27},"_position":{"__type__":"cc.Vec3","y":10},"_scale":{"__type__":"cc.Vec3","x":1,"y":1,"z":1}},{"__type__":"cc.Label","node":{"__id__":25},"_srcBlendFactor":1,"_useOriginalSize":false,"_string":"Label","_N$string":"Label","_fontSize":25,"_lineHeight":27,"_N$horizontalAlign":1,"_N$verticalAlign":1},{"__type__":"cc.Node","_name":"desc","_parent":{"__id__":2},"_level":3,"_components":[{"__id__":28},{"__type__":"cc.Widget","node":{"__id__":27},"_alignFlags":41,"_left":50,"_right":50,"_top":480.5,"_originalWidth":61.17}],"_prefab":{"__type__":"cc.PrefabInfo","root":{"__id__":1},"asset":{"__uuid__":"01maSeb0FCJ5k1ansbN53j"},"fileId":"0f6N5qd5lEDJnxfMx+YZuY"},"_contentSize":{"__type__":"cc.Size","width":599,"height":27},"_position":{"__type__":"cc.Vec3","y":-29},"_scale":{"__type__":"cc.Vec3","x":1,"y":1,"z":1}},{"__type__":"cc.Label","node":{"__id__":27},"_srcBlendFactor":1,"_useOriginalSize":false,"_string":"Label","_N$string":"Label","_fontSize":25,"_lineHeight":27,"_N$horizontalAlign":1,"_N$verticalAlign":1,"_N$overflow":3},{"__type__":"cc.Node","_name":"New Label","_parent":{"__id__":2},"_active":false,"_level":3,"_components":[{"__type__":"cc.Label","node":{"__id__":29},"_srcBlendFactor":1,"_useOriginalSize":false,"_string":"Tip:分享到群获得奖励","_N$string":"Tip:分享到群获得奖励","_fontSize":25,"_lineHeight":27,"_N$horizontalAlign":1,"_N$verticalAlign":1}],"_prefab":{"__type__":"cc.PrefabInfo","root":{"__id__":1},"asset":{"__uuid__":"01maSeb0FCJ5k1ansbN53j"},"fileId":"d4oOMNWFpBLKqYOGcPQiEj"},"_color":{"__type__":"cc.Color","r":189,"g":184,"b":184},"_contentSize":{"__type__":"cc.Size","width":240.75,"height":27},"_position":{"__type__":"cc.Vec3","y":-442},"_scale":{"__type__":"cc.Vec3","x":1,"y":1,"z":1}}],{"__type__":"cc.SpriteFrame","content":{"name":"close (2)","texture":"a1kFce2/xNx60AtnsccfV2","rect":[383,897,28,27],"offset":[0,0],"originalSize":[28,27],"capInsets":[0,0,0,0]}},{"__type__":"cc.SpriteFrame","content":{"name":"tanchuangtongyon","texture":"a1kFce2/xNx60AtnsccfV2","rect":[112,794,261,84],"offset":[0,0],"originalSize":[261,84],"capInsets":[0,0,0,0]}},{"__type__":"cc.SpriteFrame","content":{"name":"shangcehng","texture":"a1kFce2/xNx60AtnsccfV2","rect":[62,412,679,59],"offset":[0,0],"originalSize":[679,59],"capInsets":[0,0,0,0]}},{"__type__":"cc.SpriteFrame","content":{"name":"tanchuangbg3","texture":"a1kFce2/xNx60AtnsccfV2","rect":[821,839,78,78],"offset":[0,0],"originalSize":[78,78],"capInsets":[17,13,17,15]}}]