[{"__type__":"cc.SpriteFrame","content":{"name":"yellow_0","texture":"70/G6eTNhJbYv+ly3l4oyI","rect":[0,1,507,210],"offset":[-2.5,150],"originalSize":[512,512],"capInsets":[0,0,0,0]}},{"__type__":"cc.BitmapFont","_name":"yellow","spriteFrame":{"__uuid__":"10IwUnVMtOQ7CB7E+9zhjH"},"fontSize":32,"_fntConfig":{"commonHeight":32,"fontSize":32,"atlasName":"yellow_0.png","fontDefDictionary":{"46":{"rect":{"x":324,"y":159,"width":16,"height":52},"xOffset":0,"yOffset":0,"xAdvance":16},"48":{"rect":{"x":423,"y":0,"width":32,"height":52},"xOffset":0,"yOffset":0,"xAdvance":32},"49":{"rect":{"x":214,"y":159,"width":24,"height":52},"xOffset":0,"yOffset":0,"xAdvance":24},"50":{"rect":{"x":478,"y":53,"width":29,"height":52},"xOffset":0,"yOffset":0,"xAdvance":29},"51":{"rect":{"x":56,"y":159,"width":27,"height":52},"xOffset":0,"yOffset":0,"xAdvance":27},"52":{"rect":{"x":198,"y":53,"width":31,"height":52},"xOffset":0,"yOffset":0,"xAdvance":31},"53":{"rect":{"x":28,"y":159,"width":27,"height":52},"xOffset":0,"yOffset":0,"xAdvance":27},"54":{"rect":{"x":386,"y":53,"width":30,"height":52},"xOffset":0,"yOffset":0,"xAdvance":30},"55":{"rect":{"x":0,"y":159,"width":27,"height":52},"xOffset":0,"yOffset":0,"xAdvance":27},"56":{"rect":{"x":90,"y":106,"width":29,"height":52},"xOffset":0,"yOffset":0,"xAdvance":29},"57":{"rect":{"x":262,"y":53,"width":30,"height":52},"xOffset":0,"yOffset":0,"xAdvance":30},"65":{"rect":{"x":319,"y":0,"width":35,"height":52},"xOffset":0,"yOffset":0,"xAdvance":35},"66":{"rect":{"x":293,"y":53,"width":30,"height":52},"xOffset":0,"yOffset":0,"xAdvance":30},"67":{"rect":{"x":360,"y":106,"width":28,"height":52},"xOffset":0,"yOffset":0,"xAdvance":28},"68":{"rect":{"x":390,"y":0,"width":32,"height":52},"xOffset":0,"yOffset":0,"xAdvance":32},"69":{"rect":{"x":418,"y":106,"width":28,"height":52},"xOffset":0,"yOffset":0,"xAdvance":28},"70":{"rect":{"x":476,"y":106,"width":28,"height":52},"xOffset":0,"yOffset":0,"xAdvance":28},"71":{"rect":{"x":132,"y":53,"width":32,"height":52},"xOffset":0,"yOffset":0,"xAdvance":32},"72":{"rect":{"x":165,"y":53,"width":32,"height":52},"xOffset":0,"yOffset":0,"xAdvance":32},"73":{"rect":{"x":306,"y":159,"width":17,"height":52},"xOffset":0,"yOffset":0,"xAdvance":17},"74":{"rect":{"x":489,"y":0,"width":19,"height":52},"xOffset":0,"yOffset":0,"xAdvance":19},"75":{"rect":{"x":456,"y":0,"width":32,"height":52},"xOffset":0,"yOffset":0,"xAdvance":32},"76":{"rect":{"x":111,"y":159,"width":26,"height":52},"xOffset":0,"yOffset":0,"xAdvance":26},"77":{"rect":{"x":49,"y":0,"width":40,"height":52},"xOffset":0,"yOffset":0,"xAdvance":40},"78":{"rect":{"x":0,"y":53,"width":32,"height":52},"xOffset":0,"yOffset":0,"xAdvance":32},"79":{"rect":{"x":208,"y":0,"width":36,"height":52},"xOffset":0,"yOffset":0,"xAdvance":36},"80":{"rect":{"x":66,"y":53,"width":32,"height":52},"xOffset":0,"yOffset":0,"xAdvance":32},"81":{"rect":{"x":245,"y":0,"width":36,"height":52},"xOffset":0,"yOffset":0,"xAdvance":36},"82":{"rect":{"x":99,"y":53,"width":32,"height":52},"xOffset":0,"yOffset":0,"xAdvance":32},"83":{"rect":{"x":447,"y":106,"width":28,"height":52},"xOffset":0,"yOffset":0,"xAdvance":28},"84":{"rect":{"x":389,"y":106,"width":28,"height":52},"xOffset":0,"yOffset":0,"xAdvance":28},"85":{"rect":{"x":33,"y":53,"width":32,"height":52},"xOffset":0,"yOffset":0,"xAdvance":32},"86":{"rect":{"x":355,"y":0,"width":34,"height":52},"xOffset":0,"yOffset":0,"xAdvance":34},"87":{"rect":{"x":0,"y":0,"width":48,"height":52},"xOffset":0,"yOffset":0,"xAdvance":48},"88":{"rect":{"x":171,"y":0,"width":36,"height":52},"xOffset":0,"yOffset":0,"xAdvance":36},"89":{"rect":{"x":282,"y":0,"width":36,"height":52},"xOffset":0,"yOffset":0,"xAdvance":36},"90":{"rect":{"x":417,"y":53,"width":30,"height":52},"xOffset":0,"yOffset":0,"xAdvance":30},"97":{"rect":{"x":240,"y":106,"width":29,"height":52},"xOffset":0,"yOffset":0,"xAdvance":29},"98":{"rect":{"x":270,"y":106,"width":29,"height":52},"xOffset":0,"yOffset":0,"xAdvance":29},"99":{"rect":{"x":138,"y":159,"width":25,"height":52},"xOffset":0,"yOffset":0,"xAdvance":25},"100":{"rect":{"x":330,"y":106,"width":29,"height":52},"xOffset":0,"yOffset":0,"xAdvance":29},"101":{"rect":{"x":120,"y":106,"width":29,"height":52},"xOffset":0,"yOffset":0,"xAdvance":29},"102":{"rect":{"x":263,"y":159,"width":23,"height":52},"xOffset":0,"yOffset":0,"xAdvance":23},"103":{"rect":{"x":448,"y":53,"width":29,"height":52},"xOffset":0,"yOffset":0,"xAdvance":29},"104":{"rect":{"x":150,"y":106,"width":29,"height":52},"xOffset":0,"yOffset":0,"xAdvance":29},"105":{"rect":{"x":341,"y":159,"width":16,"height":52},"xOffset":0,"yOffset":0,"xAdvance":16},"106":{"rect":{"x":287,"y":159,"width":18,"height":52},"xOffset":0,"yOffset":0,"xAdvance":18},"107":{"rect":{"x":210,"y":106,"width":29,"height":52},"xOffset":0,"yOffset":0,"xAdvance":29},"108":{"rect":{"x":358,"y":159,"width":16,"height":52},"xOffset":0,"yOffset":0,"xAdvance":16},"109":{"rect":{"x":90,"y":0,"width":40,"height":52},"xOffset":0,"yOffset":0,"xAdvance":40},"110":{"rect":{"x":300,"y":106,"width":29,"height":52},"xOffset":0,"yOffset":0,"xAdvance":29},"111":{"rect":{"x":180,"y":106,"width":29,"height":52},"xOffset":0,"yOffset":0,"xAdvance":29},"112":{"rect":{"x":60,"y":106,"width":29,"height":52},"xOffset":0,"yOffset":0,"xAdvance":29},"113":{"rect":{"x":30,"y":106,"width":29,"height":52},"xOffset":0,"yOffset":0,"xAdvance":29},"114":{"rect":{"x":164,"y":159,"width":24,"height":52},"xOffset":0,"yOffset":0,"xAdvance":24},"115":{"rect":{"x":189,"y":159,"width":24,"height":52},"xOffset":0,"yOffset":0,"xAdvance":24},"116":{"rect":{"x":239,"y":159,"width":23,"height":52},"xOffset":0,"yOffset":0,"xAdvance":23},"117":{"rect":{"x":0,"y":106,"width":29,"height":52},"xOffset":0,"yOffset":0,"xAdvance":29},"118":{"rect":{"x":324,"y":53,"width":30,"height":52},"xOffset":0,"yOffset":0,"xAdvance":30},"119":{"rect":{"x":131,"y":0,"width":39,"height":52},"xOffset":0,"yOffset":0,"xAdvance":39},"120":{"rect":{"x":355,"y":53,"width":30,"height":52},"xOffset":0,"yOffset":0,"xAdvance":30},"121":{"rect":{"x":230,"y":53,"width":31,"height":52},"xOffset":0,"yOffset":0,"xAdvance":31},"122":{"rect":{"x":84,"y":159,"width":26,"height":52},"xOffset":0,"yOffset":0,"xAdvance":26}},"kerningDict":{}}}]