[{"__type__":"cc.SpriteFrame","content":{"name":"hand","texture":"b1yj/mxF9OBJhHeBC5mcov","rect":[100,0,99,113],"offset":[0,0],"originalSize":[99,113],"capInsets":[0,0,0,0]}},[{"__type__":"cc.Prefab","_name":"Guide1Win","data":{"__id__":1}},{"__type__":"cc.Node","_name":"Guide1Win","_children":[{"__id__":2}],"_level":1,"_components":[{"__type__":"32ba9h/LjZMsJ49iV2dUIFD","node":{"__id__":1},"mask":{"__id__":3},"bg":{"__id__":2}}],"_prefab":{"__type__":"cc.PrefabInfo","root":{"__id__":1},"asset":{"__uuid__":"4ftE/5GxZCz6JGtM9Wb+/B"},"fileId":"a21Cnj+EdE8qa0CDXGREYr"},"_contentSize":{"__type__":"cc.Size","width":750,"height":1334},"_position":{"__type__":"cc.Vec3","x":375,"y":667},"_scale":{"__type__":"cc.Vec3","x":1,"y":1,"z":1}},{"__type__":"cc.Node","_name":"New Node","_parent":{"__id__":1},"_children":[{"__id__":3},{"__id__":5}],"_prefab":{"__type__":"cc.PrefabInfo","root":{"__id__":1},"asset":{"__uuid__":"4ftE/5GxZCz6JGtM9Wb+/B"},"fileId":"abfhrMqHZAKYr2skw6ieeH"},"_contentSize":{"__type__":"cc.Size","width":600,"height":154},"_position":{"__type__":"cc.Vec3","x":-16,"y":39},"_scale":{"__type__":"cc.Vec3","x":1,"y":1,"z":1}},{"__type__":"cc.Node","_name":"mask","_parent":{"__id__":2},"_children":[{"__id__":4}],"_components":[{"__type__":"cc.Mask","node":{"__id__":3},"_N$inverted":true},{"__type__":"cc.Widget","node":{"__id__":3},"alignMode":2,"_alignFlags":45,"_originalWidth":176,"_originalHeight":154}],"_prefab":{"__type__":"cc.PrefabInfo","root":{"__id__":1},"asset":{"__uuid__":"4ftE/5GxZCz6JGtM9Wb+/B"},"fileId":"97/mA+FMdPJ4JkN51eYjd3"},"_color":{"__type__":"cc.Color","r":255,"g":238,"b":238},"_contentSize":{"__type__":"cc.Size","width":600,"height":154},"_scale":{"__type__":"cc.Vec3","x":1,"y":1,"z":1}},{"__type__":"cc.Node","_name":"Bottom","_parent":{"__id__":3},"_components":[{"__type__":"cc.Sprite","node":{"__id__":4},"_spriteFrame":{"__uuid__":"det3dRdi5H0rwSRZj+x2jw"},"_sizeMode":0},{"__type__":"cc.Widget","node":{"__id__":4},"alignMode":2,"_target":{"__id__":1},"_alignFlags":45,"_originalWidth":750,"_originalHeight":1334}],"_prefab":{"__type__":"cc.PrefabInfo","root":{"__id__":1},"asset":{"__uuid__":"4ftE/5GxZCz6JGtM9Wb+/B"},"fileId":"47mJeopdhNcrUWKaJVGCXn"},"_color":{"__type__":"cc.Color"},"_contentSize":{"__type__":"cc.Size","width":750,"height":1334},"_position":{"__type__":"cc.Vec3","x":16,"y":-39},"_scale":{"__type__":"cc.Vec3","x":1,"y":1,"z":1}},{"__type__":"cc.Node","_name":"DesNode","_parent":{"__id__":2},"_children":[{"__id__":6}],"_prefab":{"__type__":"cc.PrefabInfo","root":{"__id__":1},"asset":{"__uuid__":"4ftE/5GxZCz6JGtM9Wb+/B"},"fileId":"c7j0iuF/NB14xOWDfcfkUs"},"_position":{"__type__":"cc.Vec3","x":18,"y":37},"_scale":{"__type__":"cc.Vec3","x":1,"y":1,"z":1}},{"__type__":"cc.Node","_name":"arrow_up","_parent":{"__id__":5},"_components":[{"__type__":"cc.Sprite","node":{"__id__":6},"_spriteFrame":{"__uuid__":"33SEN3o7pF8a6UlRrqtwgA"}},{"__type__":"874793Zj9dE1J7eAc9IvKdI","node":{"__id__":6},"delay":0.1}],"_prefab":{"__type__":"cc.PrefabInfo","root":{"__id__":1},"asset":{"__uuid__":"4ftE/5GxZCz6JGtM9Wb+/B"},"fileId":"eaaBIm7iFEIYMmDPkcAEAG"},"_contentSize":{"__type__":"cc.Size","width":99,"height":113},"_position":{"__type__":"cc.Vec3","x":-18,"y":118},"_scale":{"__type__":"cc.Vec3","x":1,"y":1,"z":1},"_rotationX":-147,"_rotationY":-147,"_quat":{"__type__":"cc.Quat","z":0.958819734868193,"w":0.28401534470392276}}],{"__type__":"cc.SpriteFrame","content":{"name":"black","texture":"b1yj/mxF9OBJhHeBC5mcov","rect":[0,0,100,100],"offset":[0,0],"originalSize":[100,100],"capInsets":[0,0,0,0]}}]