[{"__type__":"cc.SpriteFrame","content":{"name":"diamondsicon@2x","texture":"a1kFce2/xNx60AtnsccfV2","rect":[538,752,32,37],"offset":[0,0],"originalSize":[32,37],"capInsets":[0,0,0,0]}},{"__type__":"cc.SpriteFrame","content":{"name":"vip","texture":"a1kFce2/xNx60AtnsccfV2","rect":[841,182,37,114],"offset":[0,0],"originalSize":[37,114],"capInsets":[0,0,0,0]}},[{"__type__":"cc.Prefab","_name":"artifactitem","data":{"__id__":1}},{"__type__":"cc.Node","_name":"artifactitem","_children":[{"__id__":2}],"_level":1,"_components":[{"__type__":"b1886Niq/5GlJhGE0V4eta5","node":{"__id__":1}},{"__type__":"b45747LdStKOKRHkdBkSB7g","node":{"__id__":1},"img":{"__id__":8},"level":{"__id__":16},"artifaname":{"__id__":12},"artifadesc":{"__id__":19},"artifadesc1":{"__id__":21},"levelBt":{"__id__":33},"textBt":{"__id__":30},"gemcount":{"__id__":25},"textlevel":{"__id__":32},"bg":{"__id__":34},"vipbg":{"__uuid__":"35OHzz4s5C9IfzeQiHW4sD"},"dong":{"__id__":6},"dongkuang":{"__id__":7}}],"_prefab":{"__type__":"cc.PrefabInfo","root":{"__id__":1},"asset":{"__uuid__":"415kIlnoRKSbBJbIDcRo5x"},"fileId":"d35e6j/UZM3Ljz7wfm0dVk"},"_contentSize":{"__type__":"cc.Size","width":750,"height":114},"_anchorPoint":{"__type__":"cc.Vec2","x":0.5,"y":1},"_scale":{"__type__":"cc.Vec3","x":1,"y":1,"z":1}},{"__type__":"cc.Node","_name":"bg","_parent":{"__id__":1},"_children":[{"__id__":3},{"__id__":22}],"_level":2,"_components":[{"__id__":34}],"_prefab":{"__type__":"cc.PrefabInfo","root":{"__id__":1},"asset":{"__uuid__":"415kIlnoRKSbBJbIDcRo5x"},"fileId":"75apbHQphAkZ8+maIf7ou7"},"_contentSize":{"__type__":"cc.Size","width":750,"height":114},"_position":{"__type__":"cc.Vec3","y":-57},"_scale":{"__type__":"cc.Vec3","x":1,"y":1,"z":1}},{"__type__":"cc.Node","_name":"info","_parent":{"__id__":2},"_children":[{"__id__":4},{"__id__":9}],"_level":3,"_components":[{"__type__":"cc.Layout","node":{"__id__":3},"_layoutSize":{"__type__":"cc.Size","width":300,"height":114},"_resize":1,"_N$layoutType":1},{"__type__":"cc.Widget","node":{"__id__":3},"_alignFlags":8,"_left":10}],"_prefab":{"__type__":"cc.PrefabInfo","root":{"__id__":1},"asset":{"__uuid__":"415kIlnoRKSbBJbIDcRo5x"},"fileId":"92n/ouE7dKsI9Am2ZEtPIO"},"_contentSize":{"__type__":"cc.Size","width":300,"height":114},"_position":{"__type__":"cc.Vec3","x":-215},"_scale":{"__type__":"cc.Vec3","x":1,"y":1,"z":1}},{"__type__":"cc.Node","_name":"head","_parent":{"__id__":3},"_children":[{"__id__":5},{"__id__":6},{"__id__":7}],"_level":4,"_components":[{"__id__":8}],"_prefab":{"__type__":"cc.PrefabInfo","root":{"__id__":1},"asset":{"__uuid__":"415kIlnoRKSbBJbIDcRo5x"},"fileId":"88prFONbVBTYNzcFyCR6oC"},"_contentSize":{"__type__":"cc.Size","width":100,"height":100},"_position":{"__type__":"cc.Vec3","x":-100},"_scale":{"__type__":"cc.Vec3","x":1,"y":1,"z":1}},{"__type__":"cc.Node","_name":"up","_parent":{"__id__":4},"_active":false,"_level":5,"_components":[{"__type__":"sp.Skeleton","node":{"__id__":5},"defaultAnimation":"up","loop":false,"premultipliedAlpha":false,"_N$skeletonData":{"__uuid__":"82zScqv5ZAPrXjlJzHEPqy"}}],"_prefab":{"__type__":"cc.PrefabInfo","root":{"__id__":1},"asset":{"__uuid__":"415kIlnoRKSbBJbIDcRo5x"},"fileId":"5e0E+kcLBCn6AbF7N+M3pW"},"_contentSize":{"__type__":"cc.Size","width":180,"height":180},"_position":{"__type__":"cc.Vec3","x":70},"_scale":{"__type__":"cc.Vec3","x":1,"y":1,"z":1}},{"__type__":"cc.Node","_name":"bg","_parent":{"__id__":4},"_active":false,"_level":5,"_components":[{"__type__":"cc.Sprite","node":{"__id__":6},"_spriteFrame":{"__uuid__":"a2MjXRFdtLlYQ5ouAFv/+R"},"_sizeMode":0}],"_prefab":{"__type__":"cc.PrefabInfo","root":{"__id__":1},"asset":{"__uuid__":"415kIlnoRKSbBJbIDcRo5x"},"fileId":"b6cN6xz0tDMLIAdONpOklk"},"_contentSize":{"__type__":"cc.Size","width":100,"height":100},"_scale":{"__type__":"cc.Vec3","x":1,"y":1,"z":1}},{"__type__":"cc.Node","_name":"kuang","_parent":{"__id__":4},"_active":false,"_level":5,"_components":[{"__type__":"cc.Sprite","node":{"__id__":7},"_spriteFrame":{"__uuid__":"a2MjXRFdtLlYQ5ouAFv/+R"},"_sizeMode":0}],"_prefab":{"__type__":"cc.PrefabInfo","root":{"__id__":1},"asset":{"__uuid__":"415kIlnoRKSbBJbIDcRo5x"},"fileId":"e2RY+ytXRDaoUns6BokyYY"},"_contentSize":{"__type__":"cc.Size","width":100,"height":100},"_scale":{"__type__":"cc.Vec3","x":1,"y":1,"z":1}},{"__type__":"cc.Sprite","node":{"__id__":4},"_sizeMode":0},{"__type__":"cc.Node","_name":"textinfo","_parent":{"__id__":3},"_children":[{"__id__":10},{"__id__":17}],"_level":4,"_prefab":{"__type__":"cc.PrefabInfo","root":{"__id__":1},"asset":{"__uuid__":"415kIlnoRKSbBJbIDcRo5x"},"fileId":"166PAaqitOuqE5U5frZ/qj"},"_contentSize":{"__type__":"cc.Size","width":200,"height":114},"_position":{"__type__":"cc.Vec3","x":50},"_scale":{"__type__":"cc.Vec3","x":1,"y":1,"z":1}},{"__type__":"cc.Node","_name":"New Layout","_parent":{"__id__":9},"_children":[{"__id__":11},{"__id__":13}],"_level":5,"_components":[{"__type__":"cc.Layout","node":{"__id__":10},"_layoutSize":{"__type__":"cc.Size","width":200,"height":44},"_resize":1,"_N$layoutType":2},{"__type__":"cc.Widget","node":{"__id__":10},"_alignFlags":9,"_left":15,"_top":15}],"_prefab":{"__type__":"cc.PrefabInfo","root":{"__id__":1},"asset":{"__uuid__":"415kIlnoRKSbBJbIDcRo5x"},"fileId":"82yr2eGgRAcKI94sdtQlBz"},"_contentSize":{"__type__":"cc.Size","width":200,"height":44},"_position":{"__type__":"cc.Vec3","x":15,"y":20},"_scale":{"__type__":"cc.Vec3","x":1,"y":1,"z":1}},{"__type__":"cc.Node","_name":"artifactname","_parent":{"__id__":10},"_level":6,"_components":[{"__id__":12},{"__type__":"cc.Widget","node":{"__id__":11},"_alignFlags":8}],"_prefab":{"__type__":"cc.PrefabInfo","root":{"__id__":1},"asset":{"__uuid__":"415kIlnoRKSbBJbIDcRo5x"},"fileId":"2d5b5C5vpOgYeGiTS7Hjjw"},"_contentSize":{"__type__":"cc.Size","height":26},"_anchorPoint":{"__type__":"cc.Vec2","y":0.5},"_position":{"__type__":"cc.Vec3","x":-100,"y":9},"_scale":{"__type__":"cc.Vec3","x":1,"y":1,"z":1}},{"__type__":"cc.Label","node":{"__id__":11},"_srcBlendFactor":1,"_useOriginalSize":false,"_fontSize":24,"_lineHeight":26,"_N$horizontalAlign":1,"_N$verticalAlign":1,"_N$fontFamily":"苹方"},{"__type__":"cc.Node","_name":"livenode","_parent":{"__id__":10},"_children":[{"__id__":14},{"__id__":15}],"_level":6,"_components":[{"__type__":"cc.Layout","node":{"__id__":13},"_layoutSize":{"__type__":"cc.Size","width":34.04,"height":18},"_resize":1,"_N$layoutType":1},{"__type__":"cc.Widget","node":{"__id__":13},"_alignFlags":8}],"_prefab":{"__type__":"cc.PrefabInfo","root":{"__id__":1},"asset":{"__uuid__":"415kIlnoRKSbBJbIDcRo5x"},"fileId":"aem+4FJD9ERp26n2MsR+fH"},"_contentSize":{"__type__":"cc.Size","width":34.04,"height":18},"_anchorPoint":{"__type__":"cc.Vec2","y":0.5},"_position":{"__type__":"cc.Vec3","x":-100,"y":-13},"_scale":{"__type__":"cc.Vec3","x":1,"y":1,"z":1}},{"__type__":"cc.Node","_name":"live","_parent":{"__id__":13},"_level":7,"_components":[{"__type__":"cc.Label","node":{"__id__":14},"_srcBlendFactor":1,"_useOriginalSize":false,"_string":"LV.","_N$string":"LV.","_fontSize":18,"_lineHeight":20,"_N$horizontalAlign":1,"_N$verticalAlign":1}],"_prefab":{"__type__":"cc.PrefabInfo","root":{"__id__":1},"asset":{"__uuid__":"415kIlnoRKSbBJbIDcRo5x"},"fileId":"eegZOVTVNCK5x1xQXRhHh+"},"_color":{"__type__":"cc.Color","r":173,"g":177,"b":202},"_contentSize":{"__type__":"cc.Size","width":24.03,"height":20},"_position":{"__type__":"cc.Vec3","x":12.015},"_scale":{"__type__":"cc.Vec3","x":1,"y":1,"z":1}},{"__type__":"cc.Node","_name":"livenumber","_parent":{"__id__":13},"_level":7,"_components":[{"__id__":16}],"_prefab":{"__type__":"cc.PrefabInfo","root":{"__id__":1},"asset":{"__uuid__":"415kIlnoRKSbBJbIDcRo5x"},"fileId":"ecOSLgRAtJZpwN683VgiHx"},"_color":{"__type__":"cc.Color","r":82,"g":255},"_contentSize":{"__type__":"cc.Size","width":10.01,"height":20},"_position":{"__type__":"cc.Vec3","x":29.035},"_scale":{"__type__":"cc.Vec3","x":1,"y":1,"z":1}},{"__type__":"cc.Label","node":{"__id__":15},"_srcBlendFactor":1,"_useOriginalSize":false,"_string":"0","_N$string":"0","_fontSize":18,"_lineHeight":20,"_N$horizontalAlign":1,"_N$verticalAlign":1},{"__type__":"cc.Node","_name":"New Layout","_parent":{"__id__":9},"_children":[{"__id__":18},{"__id__":20}],"_level":5,"_components":[{"__type__":"cc.Layout","node":{"__id__":17},"_layoutSize":{"__type__":"cc.Size","width":200,"height":40},"_N$layoutType":2},{"__type__":"cc.Widget","node":{"__id__":17},"_alignFlags":13,"_left":15,"_top":61,"_bottom":13,"_originalHeight":40}],"_prefab":{"__type__":"cc.PrefabInfo","root":{"__id__":1},"asset":{"__uuid__":"415kIlnoRKSbBJbIDcRo5x"},"fileId":"b8TUXGbmVGzYxOEbWGmEg5"},"_contentSize":{"__type__":"cc.Size","width":200,"height":40},"_anchorPoint":{"__type__":"cc.Vec2","y":0.5},"_position":{"__type__":"cc.Vec3","x":-85,"y":-24},"_scale":{"__type__":"cc.Vec3","x":1,"y":1,"z":1}},{"__type__":"cc.Node","_name":"attack","_parent":{"__id__":17},"_level":6,"_components":[{"__id__":19}],"_prefab":{"__type__":"cc.PrefabInfo","root":{"__id__":1},"asset":{"__uuid__":"415kIlnoRKSbBJbIDcRo5x"},"fileId":"3bgbqns5dNCLiPpKpFYe7a"},"_color":{"__type__":"cc.Color","r":173,"g":177,"b":202},"_contentSize":{"__type__":"cc.Size","width":400,"height":20},"_anchorPoint":{"__type__":"cc.Vec2","y":1},"_position":{"__type__":"cc.Vec3","y":20},"_scale":{"__type__":"cc.Vec3","x":1,"y":1,"z":1}},{"__type__":"cc.Label","node":{"__id__":18},"_srcBlendFactor":1,"_fontSize":20,"_lineHeight":20,"_N$overflow":3},{"__type__":"cc.Node","_name":"attack1","_parent":{"__id__":17},"_level":6,"_components":[{"__id__":21}],"_prefab":{"__type__":"cc.PrefabInfo","root":{"__id__":1},"asset":{"__uuid__":"415kIlnoRKSbBJbIDcRo5x"},"fileId":"9cZ/MDY/lF3oSY7PBZHGwt"},"_color":{"__type__":"cc.Color","r":173,"g":177,"b":202},"_contentSize":{"__type__":"cc.Size","width":400,"height":20},"_anchorPoint":{"__type__":"cc.Vec2","y":1},"_scale":{"__type__":"cc.Vec3","x":1,"y":1,"z":1}},{"__type__":"cc.Label","node":{"__id__":20},"_srcBlendFactor":1,"_fontSize":20,"_lineHeight":20,"_N$overflow":3},{"__type__":"cc.Node","_name":"livebt","_parent":{"__id__":2},"_children":[{"__id__":23},{"__id__":27}],"_level":3,"_components":[{"__id__":33},{"__type__":"cc.Widget","node":{"__id__":22},"_alignFlags":32,"_right":15},{"__type__":"cc.Button","node":{"__id__":22},"_N$transition":1,"transition":1,"_N$normalColor":{"__type__":"cc.Color","r":255,"g":255,"b":255},"_N$target":{"__id__":22}}],"_prefab":{"__type__":"cc.PrefabInfo","root":{"__id__":1},"asset":{"__uuid__":"415kIlnoRKSbBJbIDcRo5x"},"fileId":"e8/GQIZURN3YVGXXPpW4RZ"},"_contentSize":{"__type__":"cc.Size","width":192,"height":96},"_position":{"__type__":"cc.Vec3","x":264},"_scale":{"__type__":"cc.Vec3","x":1,"y":1,"z":1}},{"__type__":"cc.Node","_name":"numnode","_parent":{"__id__":22},"_children":[{"__id__":24},{"__id__":26}],"_level":4,"_components":[{"__type__":"cc.Layout","node":{"__id__":23},"_layoutSize":{"__type__":"cc.Size","width":48.9,"height":32},"_resize":1,"_N$layoutType":1,"_N$spacingX":5},{"__type__":"cc.Widget","node":{"__id__":23},"_alignFlags":32,"_right":8}],"_prefab":{"__type__":"cc.PrefabInfo","root":{"__id__":1},"asset":{"__uuid__":"415kIlnoRKSbBJbIDcRo5x"},"fileId":"c4C0kqjhJJwbdPI7I/atPC"},"_contentSize":{"__type__":"cc.Size","width":48.9,"height":32},"_anchorPoint":{"__type__":"cc.Vec2","x":1,"y":0.5},"_position":{"__type__":"cc.Vec3","x":88,"y":29},"_scale":{"__type__":"cc.Vec3","x":1,"y":1,"z":1}},{"__type__":"cc.Node","_name":"cost","_parent":{"__id__":23},"_level":5,"_components":[{"__id__":25}],"_prefab":{"__type__":"cc.PrefabInfo","root":{"__id__":1},"asset":{"__uuid__":"415kIlnoRKSbBJbIDcRo5x"},"fileId":"f9qCL91VZCsap4zHrOFM7Z"},"_contentSize":{"__type__":"cc.Size","width":13.9,"height":27},"_position":{"__type__":"cc.Vec3","x":-41.949999999999996},"_scale":{"__type__":"cc.Vec3","x":1,"y":1,"z":1}},{"__type__":"cc.Label","node":{"__id__":24},"_srcBlendFactor":1,"_useOriginalSize":false,"_string":"0","_N$string":"0","_fontSize":25,"_lineHeight":27,"_N$horizontalAlign":1,"_N$verticalAlign":1},{"__type__":"cc.Node","_name":"jinbi","_parent":{"__id__":23},"_level":5,"_components":[{"__type__":"cc.Sprite","node":{"__id__":26},"_spriteFrame":{"__uuid__":"23qu98Kw5A3YnDzqDwfXkf"},"_sizeMode":0}],"_prefab":{"__type__":"cc.PrefabInfo","root":{"__id__":1},"asset":{"__uuid__":"415kIlnoRKSbBJbIDcRo5x"},"fileId":"faIuWYYtVDl7eMBJtHcPKj"},"_contentSize":{"__type__":"cc.Size","width":30,"height":30},"_position":{"__type__":"cc.Vec3","x":-14.999999999999993},"_scale":{"__type__":"cc.Vec3","x":1,"y":1,"z":1}},{"__type__":"cc.Node","_name":"textnode","_parent":{"__id__":22},"_children":[{"__id__":28}],"_level":4,"_prefab":{"__type__":"cc.PrefabInfo","root":{"__id__":1},"asset":{"__uuid__":"415kIlnoRKSbBJbIDcRo5x"},"fileId":"f7IIEiktVH9oYgkedW7gWd"},"_contentSize":{"__type__":"cc.Size","width":180,"height":50},"_position":{"__type__":"cc.Vec3","y":-14},"_scale":{"__type__":"cc.Vec3","x":1,"y":1,"z":1}},{"__type__":"cc.Node","_name":"resnode","_parent":{"__id__":27},"_children":[{"__id__":29},{"__id__":31}],"_level":5,"_components":[{"__type__":"cc.Layout","node":{"__id__":28},"_layoutSize":{"__type__":"cc.Size","width":180,"height":23},"_resize":1,"_N$layoutType":2}],"_prefab":{"__type__":"cc.PrefabInfo","root":{"__id__":1},"asset":{"__uuid__":"415kIlnoRKSbBJbIDcRo5x"},"fileId":"bcg5Gm1OlHGpHMcECa42HN"},"_contentSize":{"__type__":"cc.Size","width":180,"height":23},"_scale":{"__type__":"cc.Vec3","x":1,"y":1,"z":1}},{"__type__":"cc.Node","_name":"livetop","_parent":{"__id__":28},"_level":6,"_components":[{"__id__":30}],"_prefab":{"__type__":"cc.PrefabInfo","root":{"__id__":1},"asset":{"__uuid__":"415kIlnoRKSbBJbIDcRo5x"},"fileId":"f6jT5H3VBA36oNKUlAHOhK"},"_contentSize":{"__type__":"cc.Size","width":42,"height":23},"_scale":{"__type__":"cc.Vec3","x":1,"y":1,"z":1}},{"__type__":"cc.Label","node":{"__id__":29},"_srcBlendFactor":1,"_useOriginalSize":false,"_string":"升级","_N$string":"升级","_fontSize":21,"_lineHeight":23,"_N$horizontalAlign":1,"_N$verticalAlign":1},{"__type__":"cc.Node","_name":"adddps","_parent":{"__id__":28},"_active":false,"_level":6,"_components":[{"__id__":32}],"_prefab":{"__type__":"cc.PrefabInfo","root":{"__id__":1},"asset":{"__uuid__":"415kIlnoRKSbBJbIDcRo5x"},"fileId":"1b3GVg5VNLv4iuFI41s7+z"},"_color":{"__type__":"cc.Color","r":195,"g":90,"b":5},"_contentSize":{"__type__":"cc.Size","width":22.18,"height":23},"_position":{"__type__":"cc.Vec3","y":-11.5},"_scale":{"__type__":"cc.Vec3","x":1,"y":1,"z":1}},{"__type__":"cc.Label","node":{"__id__":31},"_srcBlendFactor":1,"_useOriginalSize":false,"_string":"x1","_N$string":"x1","_fontSize":21,"_lineHeight":23,"_N$horizontalAlign":1,"_N$verticalAlign":1},{"__type__":"cc.Sprite","node":{"__id__":22},"_spriteFrame":{"__uuid__":"75g/YViOlLwpft+QSeCKg6"}},{"__type__":"cc.Sprite","node":{"__id__":2},"_spriteFrame":{"__uuid__":"88CNDsqApDTqps5c7V/Mbz"},"_sizeMode":0}],{"__type__":"cc.SpriteFrame","content":{"name":"juse","texture":"a1kFce2/xNx60AtnsccfV2","rect":[545,572,192,96],"offset":[0,0],"originalSize":[192,96],"capInsets":[0,0,0,0]}},{"__type__":"cc.SpriteFrame","content":{"name":"putong","texture":"a1kFce2/xNx60AtnsccfV2","rect":[62,0,750,114],"offset":[0,0],"originalSize":[750,114],"capInsets":[0,0,0,0]}},{"__type__":"cc.SpriteFrame","content":{"name":"default_sprite_splash","texture":"02delMVqdBD70a/HSD99FK","rect":[0,0,2,2],"offset":[0,0],"originalSize":[2,2],"capInsets":[0,0,0,0]}}]