[{"__type__":"cc.SpriteFrame","content":{"name":"902805","texture":"c4FweMIK9JObpk1sAwWLZQ","rect":[945,945,40,40],"offset":[0,0],"originalSize":[40,40],"capInsets":[0,0,0,0]}},{"__type__":"cc.SpriteFrame","content":{"name":"902104","texture":"c4FweMIK9JObpk1sAwWLZQ","rect":[815,175,40,40],"offset":[0,0],"originalSize":[40,40],"capInsets":[0,0,0,0]}},{"__type__":"cc.SpriteFrame","content":{"name":"900802","texture":"c4FweMIK9JObpk1sAwWLZQ","rect":[540,10,40,40],"offset":[0,0],"originalSize":[40,40],"capInsets":[0,0,0,0]}},{"__type__":"cc.SpriteFrame","content":{"name":"901604","texture":"c4FweMIK9JObpk1sAwWLZQ","rect":[705,230,40,40],"offset":[0,0],"originalSize":[40,40],"capInsets":[0,0,0,0]}},{"__type__":"cc.SpriteFrame","content":{"name":"901902","texture":"c4FweMIK9JObpk1sAwWLZQ","rect":[760,285,40,40],"offset":[0,0],"originalSize":[40,40],"capInsets":[0,0,0,0]}},{"__type__":"cc.SpriteFrame","content":{"name":"902102","texture":"c4FweMIK9JObpk1sAwWLZQ","rect":[815,65,40,40],"offset":[0,0],"originalSize":[40,40],"capInsets":[0,0,0,0]}},{"__type__":"cc.SpriteFrame","content":{"name":"902905","texture":"c4FweMIK9JObpk1sAwWLZQ","rect":[980,340,40,40],"offset":[0,0],"originalSize":[40,40],"capInsets":[0,0,0,0]}},{"__type__":"cc.SpriteFrame","content":{"name":"901701","texture":"c4FweMIK9JObpk1sAwWLZQ","rect":[705,450,40,40],"offset":[0,0],"originalSize":[40,40],"capInsets":[0,0,0,0]}},{"__type__":"cc.SpriteFrame","content":{"name":"902704","texture":"c4FweMIK9JObpk1sAwWLZQ","rect":[930,505,40,40],"offset":[0,0],"originalSize":[40,40],"capInsets":[0,0,0,0]}},{"__type__":"cc.SpriteFrame","content":{"name":"901201","texture":"c4FweMIK9JObpk1sAwWLZQ","rect":[600,505,40,40],"offset":[0,0],"originalSize":[40,40],"capInsets":[0,0,0,0]}},{"__type__":"cc.SpriteFrame","content":{"name":"901704","texture":"c4FweMIK9JObpk1sAwWLZQ","rect":[710,615,40,40],"offset":[0,0],"originalSize":[40,40],"capInsets":[0,0,0,0]}},{"__type__":"cc.SpriteFrame","content":{"name":"900604","texture":"c4FweMIK9JObpk1sAwWLZQ","rect":[485,340,40,40],"offset":[0,0],"originalSize":[40,40],"capInsets":[0,0,0,0]}},{"__type__":"cc.SpriteFrame","content":{"name":"901507","texture":"c4FweMIK9JObpk1sAwWLZQ","rect":[705,10,40,40],"offset":[0,0],"originalSize":[40,40],"capInsets":[0,0,0,0]}},{"__type__":"cc.SpriteFrame","content":{"name":"900302","texture":"c4FweMIK9JObpk1sAwWLZQ","rect":[430,65,40,40],"offset":[0,0],"originalSize":[40,40],"capInsets":[0,0,0,0]}},{"__type__":"cc.SpriteFrame","content":{"name":"902603","texture":"c4FweMIK9JObpk1sAwWLZQ","rect":[925,65,40,40],"offset":[0,0],"originalSize":[40,40],"capInsets":[0,0,0,0]}},{"__type__":"cc.SpriteFrame","content":{"name":"900506","texture":"c4FweMIK9JObpk1sAwWLZQ","rect":[485,65,40,40],"offset":[0,0],"originalSize":[40,40],"capInsets":[0,0,0,0]}},{"__type__":"cc.SpriteFrame","content":{"name":"902807","texture":"c4FweMIK9JObpk1sAwWLZQ","rect":[980,65,40,40],"offset":[0,0],"originalSize":[40,40],"capInsets":[0,0,0,0]}},{"__type__":"cc.SpriteFrame","content":{"name":"900801","texture":"c4FweMIK9JObpk1sAwWLZQ","rect":[505,945,40,40],"offset":[0,0],"originalSize":[40,40],"capInsets":[0,0,0,0]}},{"__type__":"cc.SpriteFrame","content":{"name":"901002","texture":"c4FweMIK9JObpk1sAwWLZQ","rect":[545,780,40,40],"offset":[0,0],"originalSize":[40,40],"capInsets":[0,0,0,0]}},{"__type__":"cc.SpriteFrame","content":{"name":"901904","texture":"c4FweMIK9JObpk1sAwWLZQ","rect":[760,395,40,40],"offset":[0,0],"originalSize":[40,40],"capInsets":[0,0,0,0]}},{"__type__":"cc.SpriteFrame","content":{"name":"900504","texture":"c4FweMIK9JObpk1sAwWLZQ","rect":[450,945,40,40],"offset":[0,0],"originalSize":[40,40],"capInsets":[0,0,0,0]}},{"__type__":"cc.SpriteFrame","content":{"name":"901407","texture":"c4FweMIK9JObpk1sAwWLZQ","rect":[655,615,40,40],"offset":[0,0],"originalSize":[40,40],"capInsets":[0,0,0,0]}},{"__type__":"cc.SpriteFrame","content":{"name":"900005","texture":"c4FweMIK9JObpk1sAwWLZQ","rect":[285,955,40,40],"offset":[0,0],"originalSize":[40,40],"capInsets":[0,0,0,0]}},{"__type__":"cc.SpriteFrame","content":{"name":"902501","texture":"c4FweMIK9JObpk1sAwWLZQ","rect":[875,560,40,40],"offset":[0,0],"originalSize":[40,40],"capInsets":[0,0,0,0]}},{"__type__":"cc.SpriteFrame","content":{"name":"902305","texture":"c4FweMIK9JObpk1sAwWLZQ","rect":[870,10,40,40],"offset":[0,0],"originalSize":[40,40],"capInsets":[0,0,0,0]}},{"__type__":"cc.SpriteFrame","content":{"name":"901402","texture":"c4FweMIK9JObpk1sAwWLZQ","rect":[650,340,40,40],"offset":[0,0],"originalSize":[40,40],"capInsets":[0,0,0,0]}},{"__type__":"cc.SpriteFrame","content":{"name":"902901","texture":"c4FweMIK9JObpk1sAwWLZQ","rect":[980,120,40,40],"offset":[0,0],"originalSize":[40,40],"capInsets":[0,0,0,0]}},{"__type__":"cc.SpriteFrame","content":{"name":"902105","texture":"c4FweMIK9JObpk1sAwWLZQ","rect":[815,230,40,40],"offset":[0,0],"originalSize":[40,40],"capInsets":[0,0,0,0]}},{"__type__":"cc.SpriteFrame","content":{"name":"902906","texture":"c4FweMIK9JObpk1sAwWLZQ","rect":[980,395,40,40],"offset":[0,0],"originalSize":[40,40],"capInsets":[0,0,0,0]}},{"__type__":"cc.SpriteFrame","content":{"name":"900805","texture":"c4FweMIK9JObpk1sAwWLZQ","rect":[540,175,40,40],"offset":[0,0],"originalSize":[40,40],"capInsets":[0,0,0,0]}},{"__type__":"cc.SpriteFrame","content":{"name":"902007","texture":"c4FweMIK9JObpk1sAwWLZQ","rect":[780,945,40,40],"offset":[0,0],"originalSize":[40,40],"capInsets":[0,0,0,0]}},{"__type__":"cc.SpriteFrame","content":{"name":"900404","texture":"c4FweMIK9JObpk1sAwWLZQ","rect":[435,560,40,40],"offset":[0,0],"originalSize":[40,40],"capInsets":[0,0,0,0]}},{"__type__":"cc.SpriteFrame","content":{"name":"902507","texture":"c4FweMIK9JObpk1sAwWLZQ","rect":[890,890,40,40],"offset":[0,0],"originalSize":[40,40],"capInsets":[0,0,0,0]}},{"__type__":"cc.SpriteFrame","content":{"name":"900902","texture":"c4FweMIK9JObpk1sAwWLZQ","rect":[540,395,40,40],"offset":[0,0],"originalSize":[40,40],"capInsets":[0,0,0,0]}},{"__type__":"cc.SpriteFrame","content":{"name":"901401","texture":"c4FweMIK9JObpk1sAwWLZQ","rect":[650,285,40,40],"offset":[0,0],"originalSize":[40,40],"capInsets":[0,0,0,0]}},{"__type__":"cc.SpriteFrame","content":{"name":"901007","texture":"c4FweMIK9JObpk1sAwWLZQ","rect":[595,65,40,40],"offset":[0,0],"originalSize":[40,40],"capInsets":[0,0,0,0]}},{"__type__":"cc.SpriteFrame","content":{"name":"9000","texture":"c4FweMIK9JObpk1sAwWLZQ","rect":[10,220,90,90],"offset":[0,0],"originalSize":[90,90],"capInsets":[0,0,0,0]}},{"__type__":"cc.SpriteFrame","content":{"name":"902402","texture":"c4FweMIK9JObpk1sAwWLZQ","rect":[870,230,40,40],"offset":[0,0],"originalSize":[40,40],"capInsets":[0,0,0,0]}},{"__type__":"cc.SpriteFrame","content":{"name":"900402","texture":"c4FweMIK9JObpk1sAwWLZQ","rect":[430,450,40,40],"offset":[0,0],"originalSize":[40,40],"capInsets":[0,0,0,0]}},{"__type__":"cc.SpriteFrame","content":{"name":"9020","texture":"c4FweMIK9JObpk1sAwWLZQ","rect":[220,430,90,90],"offset":[0,0],"originalSize":[90,90],"capInsets":[0,0,0,0]}},{"__type__":"cc.SpriteFrame","content":{"name":"901603","texture":"c4FweMIK9JObpk1sAwWLZQ","rect":[705,175,40,40],"offset":[0,0],"originalSize":[40,40],"capInsets":[0,0,0,0]}},{"__type__":"cc.SpriteFrame","content":{"name":"901804","texture":"c4FweMIK9JObpk1sAwWLZQ","rect":[760,10,40,40],"offset":[0,0],"originalSize":[40,40],"capInsets":[0,0,0,0]}},{"__type__":"cc.SpriteFrame","content":{"name":"901205","texture":"c4FweMIK9JObpk1sAwWLZQ","rect":[600,725,40,40],"offset":[0,0],"originalSize":[40,40],"capInsets":[0,0,0,0]}},{"__type__":"cc.SpriteFrame","content":{"name":"9022","texture":"c4FweMIK9JObpk1sAwWLZQ","rect":[220,640,90,90],"offset":[0,0],"originalSize":[90,90],"capInsets":[0,0,0,0]}},{"__type__":"cc.SpriteFrame","content":{"name":"900601","texture":"c4FweMIK9JObpk1sAwWLZQ","rect":[485,175,40,40],"offset":[0,0],"originalSize":[40,40],"capInsets":[0,0,0,0]}},{"__type__":"cc.SpriteFrame","content":{"name":"901606","texture":"c4FweMIK9JObpk1sAwWLZQ","rect":[705,340,40,40],"offset":[0,0],"originalSize":[40,40],"capInsets":[0,0,0,0]}},{"__type__":"cc.SpriteFrame","content":{"name":"900202","texture":"c4FweMIK9JObpk1sAwWLZQ","rect":[380,645,40,40],"offset":[0,0],"originalSize":[40,40],"capInsets":[0,0,0,0]}},{"__type__":"cc.SpriteFrame","content":{"name":"900804","texture":"c4FweMIK9JObpk1sAwWLZQ","rect":[540,120,40,40],"offset":[0,0],"originalSize":[40,40],"capInsets":[0,0,0,0]}},{"__type__":"cc.SpriteFrame","content":{"name":"900807","texture":"c4FweMIK9JObpk1sAwWLZQ","rect":[540,285,40,40],"offset":[0,0],"originalSize":[40,40],"capInsets":[0,0,0,0]}},{"__type__":"cc.SpriteFrame","content":{"name":"9015","texture":"c4FweMIK9JObpk1sAwWLZQ","rect":[115,850,90,90],"offset":[0,0],"originalSize":[90,90],"capInsets":[0,0,0,0]}},{"__type__":"cc.SpriteFrame","content":{"name":"901903","texture":"c4FweMIK9JObpk1sAwWLZQ","rect":[760,340,40,40],"offset":[0,0],"originalSize":[40,40],"capInsets":[0,0,0,0]}},{"__type__":"cc.SpriteFrame","content":{"name":"900204","texture":"c4FweMIK9JObpk1sAwWLZQ","rect":[380,755,40,40],"offset":[0,0],"originalSize":[40,40],"capInsets":[0,0,0,0]}},{"__type__":"cc.SpriteFrame","content":{"name":"901601","texture":"c4FweMIK9JObpk1sAwWLZQ","rect":[705,65,40,40],"offset":[0,0],"originalSize":[40,40],"capInsets":[0,0,0,0]}},{"__type__":"cc.SpriteFrame","content":{"name":"900707","texture":"c4FweMIK9JObpk1sAwWLZQ","rect":[505,890,40,40],"offset":[0,0],"originalSize":[40,40],"capInsets":[0,0,0,0]}},{"__type__":"cc.SpriteFrame","content":{"name":"902803","texture":"c4FweMIK9JObpk1sAwWLZQ","rect":[930,835,40,40],"offset":[0,0],"originalSize":[40,40],"capInsets":[0,0,0,0]}},{"__type__":"cc.SpriteFrame","content":{"name":"901806","texture":"c4FweMIK9JObpk1sAwWLZQ","rect":[760,120,40,40],"offset":[0,0],"originalSize":[40,40],"capInsets":[0,0,0,0]}},{"__type__":"cc.SpriteFrame","content":{"name":"902004","texture":"c4FweMIK9JObpk1sAwWLZQ","rect":[765,780,40,40],"offset":[0,0],"originalSize":[40,40],"capInsets":[0,0,0,0]}},{"__type__":"cc.SpriteFrame","content":{"name":"901302","texture":"c4FweMIK9JObpk1sAwWLZQ","rect":[615,945,40,40],"offset":[0,0],"originalSize":[40,40],"capInsets":[0,0,0,0]}},{"__type__":"cc.SpriteFrame","content":{"name":"900303","texture":"c4FweMIK9JObpk1sAwWLZQ","rect":[430,120,40,40],"offset":[0,0],"originalSize":[40,40],"capInsets":[0,0,0,0]}},{"__type__":"cc.SpriteFrame","content":{"name":"901207","texture":"c4FweMIK9JObpk1sAwWLZQ","rect":[600,835,40,40],"offset":[0,0],"originalSize":[40,40],"capInsets":[0,0,0,0]}},{"__type__":"cc.SpriteFrame","content":{"name":"900904","texture":"c4FweMIK9JObpk1sAwWLZQ","rect":[545,505,40,40],"offset":[0,0],"originalSize":[40,40],"capInsets":[0,0,0,0]}},{"__type__":"cc.SpriteFrame","content":{"name":"901204","texture":"c4FweMIK9JObpk1sAwWLZQ","rect":[600,670,40,40],"offset":[0,0],"originalSize":[40,40],"capInsets":[0,0,0,0]}},{"__type__":"cc.SpriteFrame","content":{"name":"901003","texture":"c4FweMIK9JObpk1sAwWLZQ","rect":[545,835,40,40],"offset":[0,0],"originalSize":[40,40],"capInsets":[0,0,0,0]}},{"__type__":"cc.SpriteFrame","content":{"name":"900103","texture":"c4FweMIK9JObpk1sAwWLZQ","rect":[325,755,40,40],"offset":[0,0],"originalSize":[40,40],"capInsets":[0,0,0,0]}},{"__type__":"cc.SpriteFrame","content":{"name":"901404","texture":"c4FweMIK9JObpk1sAwWLZQ","rect":[650,450,40,40],"offset":[0,0],"originalSize":[40,40],"capInsets":[0,0,0,0]}},{"__type__":"cc.SpriteFrame","content":{"name":"901202","texture":"c4FweMIK9JObpk1sAwWLZQ","rect":[600,560,40,40],"offset":[0,0],"originalSize":[40,40],"capInsets":[0,0,0,0]}},{"__type__":"cc.SpriteFrame","content":{"name":"902207","texture":"c4FweMIK9JObpk1sAwWLZQ","rect":[820,725,40,40],"offset":[0,0],"originalSize":[40,40],"capInsets":[0,0,0,0]}},{"__type__":"cc.SpriteFrame","content":{"name":"900607","texture":"c4FweMIK9JObpk1sAwWLZQ","rect":[490,505,40,40],"offset":[0,0],"originalSize":[40,40],"capInsets":[0,0,0,0]}},{"__type__":"cc.SpriteFrame","content":{"name":"9004","texture":"c4FweMIK9JObpk1sAwWLZQ","rect":[10,640,90,90],"offset":[0,0],"originalSize":[90,90],"capInsets":[0,0,0,0]}},{"__type__":"cc.SpriteFrame","content":{"name":"902101","texture":"c4FweMIK9JObpk1sAwWLZQ","rect":[815,10,40,40],"offset":[0,0],"originalSize":[40,40],"capInsets":[0,0,0,0]}},{"__type__":"cc.SpriteFrame","content":{"name":"902907","texture":"c4FweMIK9JObpk1sAwWLZQ","rect":[980,450,40,40],"offset":[0,0],"originalSize":[40,40],"capInsets":[0,0,0,0]}},{"__type__":"cc.SpriteFrame","content":{"name":"901001","texture":"c4FweMIK9JObpk1sAwWLZQ","rect":[545,725,40,40],"offset":[0,0],"originalSize":[40,40],"capInsets":[0,0,0,0]}},{"__type__":"cc.SpriteFrame","content":{"name":"9019","texture":"c4FweMIK9JObpk1sAwWLZQ","rect":[220,325,90,90],"offset":[0,0],"originalSize":[90,90],"capInsets":[0,0,0,0]}},{"__type__":"cc.SpriteFrame","content":{"name":"902806","texture":"c4FweMIK9JObpk1sAwWLZQ","rect":[980,10,40,40],"offset":[0,0],"originalSize":[40,40],"capInsets":[0,0,0,0]}},{"__type__":"cc.SpriteFrame","content":{"name":"9018","texture":"c4FweMIK9JObpk1sAwWLZQ","rect":[220,220,90,90],"offset":[0,0],"originalSize":[90,90],"capInsets":[0,0,0,0]}},{"__type__":"cc.SpriteFrame","content":{"name":"900102","texture":"c4FweMIK9JObpk1sAwWLZQ","rect":[325,700,40,40],"offset":[0,0],"originalSize":[40,40],"capInsets":[0,0,0,0]}},{"__type__":"cc.SpriteFrame","content":{"name":"900503","texture":"c4FweMIK9JObpk1sAwWLZQ","rect":[450,890,40,40],"offset":[0,0],"originalSize":[40,40],"capInsets":[0,0,0,0]}},{"__type__":"cc.SpriteFrame","content":{"name":"901705","texture":"c4FweMIK9JObpk1sAwWLZQ","rect":[710,670,40,40],"offset":[0,0],"originalSize":[40,40],"capInsets":[0,0,0,0]}},{"__type__":"cc.SpriteFrame","content":{"name":"902903","texture":"c4FweMIK9JObpk1sAwWLZQ","rect":[980,230,40,40],"offset":[0,0],"originalSize":[40,40],"capInsets":[0,0,0,0]}},{"__type__":"cc.SpriteFrame","content":{"name":"900602","texture":"c4FweMIK9JObpk1sAwWLZQ","rect":[485,230,40,40],"offset":[0,0],"originalSize":[40,40],"capInsets":[0,0,0,0]}},{"__type__":"cc.SpriteFrame","content":{"name":"902204","texture":"c4FweMIK9JObpk1sAwWLZQ","rect":[820,560,40,40],"offset":[0,0],"originalSize":[40,40],"capInsets":[0,0,0,0]}},{"__type__":"cc.SpriteFrame","content":{"name":"901206","texture":"c4FweMIK9JObpk1sAwWLZQ","rect":[600,780,40,40],"offset":[0,0],"originalSize":[40,40],"capInsets":[0,0,0,0]}},{"__type__":"cc.SpriteFrame","content":{"name":"902904","texture":"c4FweMIK9JObpk1sAwWLZQ","rect":[980,285,40,40],"offset":[0,0],"originalSize":[40,40],"capInsets":[0,0,0,0]}},{"__type__":"cc.SpriteFrame","content":{"name":"900105","texture":"c4FweMIK9JObpk1sAwWLZQ","rect":[325,865,40,40],"offset":[0,0],"originalSize":[40,40],"capInsets":[0,0,0,0]}},{"__type__":"cc.SpriteFrame","content":{"name":"900201","texture":"c4FweMIK9JObpk1sAwWLZQ","rect":[380,590,40,40],"offset":[0,0],"originalSize":[40,40],"capInsets":[0,0,0,0]}},{"__type__":"cc.SpriteFrame","content":{"name":"900505","texture":"c4FweMIK9JObpk1sAwWLZQ","rect":[485,10,40,40],"offset":[0,0],"originalSize":[40,40],"capInsets":[0,0,0,0]}},{"__type__":"cc.SpriteFrame","content":{"name":"901103","texture":"c4FweMIK9JObpk1sAwWLZQ","rect":[595,230,40,40],"offset":[0,0],"originalSize":[40,40],"capInsets":[0,0,0,0]}},{"__type__":"cc.SpriteFrame","content":{"name":"902504","texture":"c4FweMIK9JObpk1sAwWLZQ","rect":[875,725,40,40],"offset":[0,0],"originalSize":[40,40],"capInsets":[0,0,0,0]}},{"__type__":"cc.SpriteFrame","content":{"name":"901807","texture":"c4FweMIK9JObpk1sAwWLZQ","rect":[760,175,40,40],"offset":[0,0],"originalSize":[40,40],"capInsets":[0,0,0,0]}},{"__type__":"cc.SpriteFrame","content":{"name":"902203","texture":"c4FweMIK9JObpk1sAwWLZQ","rect":[820,505,40,40],"offset":[0,0],"originalSize":[40,40],"capInsets":[0,0,0,0]}},{"__type__":"cc.SpriteFrame","content":{"name":"902206","texture":"c4FweMIK9JObpk1sAwWLZQ","rect":[820,670,40,40],"offset":[0,0],"originalSize":[40,40],"capInsets":[0,0,0,0]}},{"__type__":"cc.SpriteFrame","content":{"name":"902604","texture":"c4FweMIK9JObpk1sAwWLZQ","rect":[925,120,40,40],"offset":[0,0],"originalSize":[40,40],"capInsets":[0,0,0,0]}},{"__type__":"cc.SpriteFrame","content":{"name":"901702","texture":"c4FweMIK9JObpk1sAwWLZQ","rect":[710,505,40,40],"offset":[0,0],"originalSize":[40,40],"capInsets":[0,0,0,0]}},{"__type__":"cc.SpriteFrame","content":{"name":"9005","texture":"c4FweMIK9JObpk1sAwWLZQ","rect":[10,745,90,90],"offset":[0,0],"originalSize":[90,90],"capInsets":[0,0,0,0]}},{"__type__":"cc.SpriteFrame","content":{"name":"901905","texture":"c4FweMIK9JObpk1sAwWLZQ","rect":[760,450,40,40],"offset":[0,0],"originalSize":[40,40],"capInsets":[0,0,0,0]}},{"__type__":"cc.SpriteFrame","content":{"name":"902002","texture":"c4FweMIK9JObpk1sAwWLZQ","rect":[765,670,40,40],"offset":[0,0],"originalSize":[40,40],"capInsets":[0,0,0,0]}},{"__type__":"cc.SpriteFrame","content":{"name":"902802","texture":"c4FweMIK9JObpk1sAwWLZQ","rect":[930,780,40,40],"offset":[0,0],"originalSize":[40,40],"capInsets":[0,0,0,0]}},{"__type__":"cc.SpriteFrame","content":{"name":"902702","texture":"c4FweMIK9JObpk1sAwWLZQ","rect":[925,395,40,40],"offset":[0,0],"originalSize":[40,40],"capInsets":[0,0,0,0]}},{"__type__":"cc.SpriteFrame","content":{"name":"900106","texture":"c4FweMIK9JObpk1sAwWLZQ","rect":[340,920,40,40],"offset":[0,0],"originalSize":[40,40],"capInsets":[0,0,0,0]}},{"__type__":"cc.SpriteFrame","content":{"name":"900706","texture":"c4FweMIK9JObpk1sAwWLZQ","rect":[490,835,40,40],"offset":[0,0],"originalSize":[40,40],"capInsets":[0,0,0,0]}},{"__type__":"cc.SpriteFrame","content":{"name":"900107","texture":"c4FweMIK9JObpk1sAwWLZQ","rect":[380,535,40,40],"offset":[0,0],"originalSize":[40,40],"capInsets":[0,0,0,0]}},{"__type__":"cc.SpriteFrame","content":{"name":"9002","texture":"c4FweMIK9JObpk1sAwWLZQ","rect":[10,430,90,90],"offset":[0,0],"originalSize":[90,90],"capInsets":[0,0,0,0]}},{"__type__":"cc.SpriteFrame","content":{"name":"902505","texture":"c4FweMIK9JObpk1sAwWLZQ","rect":[875,780,40,40],"offset":[0,0],"originalSize":[40,40],"capInsets":[0,0,0,0]}},{"__type__":"cc.SpriteFrame","content":{"name":"9017","texture":"c4FweMIK9JObpk1sAwWLZQ","rect":[220,115,90,90],"offset":[0,0],"originalSize":[90,90],"capInsets":[0,0,0,0]}},{"__type__":"cc.SpriteFrame","content":{"name":"901101","texture":"c4FweMIK9JObpk1sAwWLZQ","rect":[595,120,40,40],"offset":[0,0],"originalSize":[40,40],"capInsets":[0,0,0,0]}},{"__type__":"cc.SpriteFrame","content":{"name":"902804","texture":"c4FweMIK9JObpk1sAwWLZQ","rect":[945,890,40,40],"offset":[0,0],"originalSize":[40,40],"capInsets":[0,0,0,0]}},{"__type__":"cc.SpriteFrame","content":{"name":"901406","texture":"c4FweMIK9JObpk1sAwWLZQ","rect":[655,560,40,40],"offset":[0,0],"originalSize":[40,40],"capInsets":[0,0,0,0]}},{"__type__":"cc.SpriteFrame","content":{"name":"901506","texture":"c4FweMIK9JObpk1sAwWLZQ","rect":[670,945,40,40],"offset":[0,0],"originalSize":[40,40],"capInsets":[0,0,0,0]}},{"__type__":"cc.SpriteFrame","content":{"name":"900004","texture":"c4FweMIK9JObpk1sAwWLZQ","rect":[230,955,40,40],"offset":[0,0],"originalSize":[40,40],"capInsets":[0,0,0,0]}},{"__type__":"cc.SpriteFrame","content":{"name":"902302","texture":"c4FweMIK9JObpk1sAwWLZQ","rect":[820,835,40,40],"offset":[0,0],"originalSize":[40,40],"capInsets":[0,0,0,0]}},{"__type__":"cc.SpriteFrame","content":{"name":"900702","texture":"c4FweMIK9JObpk1sAwWLZQ","rect":[490,615,40,40],"offset":[0,0],"originalSize":[40,40],"capInsets":[0,0,0,0]}},{"__type__":"cc.SpriteFrame","content":{"name":"902605","texture":"c4FweMIK9JObpk1sAwWLZQ","rect":[925,175,40,40],"offset":[0,0],"originalSize":[40,40],"capInsets":[0,0,0,0]}},{"__type__":"cc.SpriteFrame","content":{"name":"902706","texture":"c4FweMIK9JObpk1sAwWLZQ","rect":[930,615,40,40],"offset":[0,0],"originalSize":[40,40],"capInsets":[0,0,0,0]}},{"__type__":"cc.SpriteFrame","content":{"name":"901803","texture":"c4FweMIK9JObpk1sAwWLZQ","rect":[725,945,40,40],"offset":[0,0],"originalSize":[40,40],"capInsets":[0,0,0,0]}},{"__type__":"cc.SpriteFrame","content":{"name":"900007","texture":"c4FweMIK9JObpk1sAwWLZQ","rect":[325,590,40,40],"offset":[0,0],"originalSize":[40,40],"capInsets":[0,0,0,0]}},{"__type__":"cc.SpriteFrame","content":{"name":"900203","texture":"c4FweMIK9JObpk1sAwWLZQ","rect":[380,700,40,40],"offset":[0,0],"originalSize":[40,40],"capInsets":[0,0,0,0]}},{"__type__":"cc.SpriteFrame","content":{"name":"900406","texture":"c4FweMIK9JObpk1sAwWLZQ","rect":[435,670,40,40],"offset":[0,0],"originalSize":[40,40],"capInsets":[0,0,0,0]}},{"__type__":"cc.SpriteFrame","content":{"name":"9008","texture":"c4FweMIK9JObpk1sAwWLZQ","rect":[115,115,90,90],"offset":[0,0],"originalSize":[90,90],"capInsets":[0,0,0,0]}},{"__type__":"cc.SpriteAtlas","_name":"hero.plist","_spriteFrames":{"8000":{"__uuid__":"d4XA36RUZOjZ8446tFw6e1"},"8001":{"__uuid__":"c3146TnO1GWYk7KrkD9WKv"},"9000":{"__uuid__":"33BOoNWoBPk41Yz6zvwdnn"},"9001":{"__uuid__":"81m+nP3Z5HIrM/4/b5SJkF"},"9002":{"__uuid__":"695nh9utJBRLant0q4yu8B"},"9003":{"__uuid__":"9cDHBpojBIZJPQp0Vq3DGx"},"9004":{"__uuid__":"4c/qPbALxAYbWZ9uEWoPjh"},"9005":{"__uuid__":"64V5iesQ9IL6i2ji5+xbG2"},"9006":{"__uuid__":"88yswiiBhLnoV4vYzEn5pv"},"9007":{"__uuid__":"9dfjHFDlJDIoCYFBysqm9y"},"9008":{"__uuid__":"7cwcaH2zhDSK7h8bCYPWss"},"9009":{"__uuid__":"8cwx0eNARCOKpjmFU6jR83"},"9010":{"__uuid__":"d0Q72imNVC67NKT7hC8s1V"},"9011":{"__uuid__":"fbgh612slKaph2hlqp0aHX"},"9012":{"__uuid__":"f0cHPaR7tM/645aLsppwQ2"},"9013":{"__uuid__":"e4rTDKXG1NwKBtJaR58H36"},"9014":{"__uuid__":"896FZNTgtPyL68VNlXqZd4"},"9015":{"__uuid__":"3eU+agBIhBHoXWGuzShd4c"},"9016":{"__uuid__":"bf5VqFjn1FF5AkfPPCyfGc"},"9017":{"__uuid__":"6caIsgl6NMd6ODK1dVkK/6"},"9018":{"__uuid__":"4fLcEFdIRAy4NUdj0JWYg6"},"9019":{"__uuid__":"4ds2TnssNPW5PA2/bWAutO"},"9020":{"__uuid__":"34P+VHHI9ClaXta6tRR5He"},"9021":{"__uuid__":"d290jxFchPHL6PnBsXB5Sk"},"9022":{"__uuid__":"36Zh16ZudAPaO88F6kEe03"},"9023":{"__uuid__":"c8BFip605JL6rM77HsNLHM"},"9024":{"__uuid__":"b4Y0T1TS9MzKlTG0LcUtJp"},"9025":{"__uuid__":"8dAFbPCAVDU7AshZzbStMg"},"9026":{"__uuid__":"fdELpepFxCV6yJ2iPM6jgE"},"9027":{"__uuid__":"d5hPhjVVVLxIdvRZPHNeKK"},"9028":{"__uuid__":"a9IymjG1dBb4mhdpBADRG/"},"9029":{"__uuid__":"fbx/Hs9jJOmpTPZEWduUs8"},"100000":{"__uuid__":"b4lSDlp/tKzaGZBLHciDZI"},"900001":{"__uuid__":"fevQGQAntO5YKxF9k4oX1Q"},"900002":{"__uuid__":"c2yPrapXtL2IpYn4wW3Xts"},"900003":{"__uuid__":"86dgCGrYRJaY9Ntn9pQv3l"},"900004":{"__uuid__":"74WADE1rZFP5d/V8Qd+vBp"},"900005":{"__uuid__":"1dhz+u8rFLnIc/mHuUH00N"},"900006":{"__uuid__":"8dBgf92ihF041kbRUvyMa6"},"900007":{"__uuid__":"798JeqgxROtK6mB6/mab6U"},"900101":{"__uuid__":"94yzJNP9BOtb2OG93i/6n1"},"900102":{"__uuid__":"4fTo15Q2xGJaU0+6I6O7K+"},"900103":{"__uuid__":"4a0gnEdYJDZZLCiPhC0ivF"},"900104":{"__uuid__":"cbdClALlJGYoOiaeDCvKNf"},"900105":{"__uuid__":"59m/Hr3aNC84CX1kIXKqGJ"},"900106":{"__uuid__":"68HSgPtB1JnZjGqFxzKsY9"},"900107":{"__uuid__":"69qhbXjKNMZZwGyx51rYQb"},"900201":{"__uuid__":"59nJG2IMRCM46z8/g4vGXW"},"900202":{"__uuid__":"3cWqs6oxhKE62HM8KW9y5V"},"900203":{"__uuid__":"7bCVwApyBBf6NG5ZM+Bam4"},"900204":{"__uuid__":"40MKyqwXVBFoch7bYjmB6I"},"900205":{"__uuid__":"c0Zz6UY7REHaOCj96HUjd6"},"900206":{"__uuid__":"c32g+WP25PoayftXs62hf0"},"900207":{"__uuid__":"ebTFuJMnNMvafgQkZQkA0r"},"900301":{"__uuid__":"ea9QPHLQRMw4LC9nZ/phFc"},"900302":{"__uuid__":"114M3RZcBGU7CG9iEujH4/"},"900303":{"__uuid__":"44qk9q7O1KgaSrKG1OopBA"},"900304":{"__uuid__":"d0DT4GwINJ8YIBxoEspR1c"},"900305":{"__uuid__":"c0s9GBnwdN4rHUCcimPEb0"},"900306":{"__uuid__":"f1Qbu1gxVPAYLVPW2kngzM"},"900307":{"__uuid__":"edpB2aOd9ELpQok+Qfkkqc"},"900401":{"__uuid__":"bfMAnrrrlJGor5lJ9gNdZa"},"900402":{"__uuid__":"34GQtmBDJPDqfZuPOq/i5N"},"900403":{"__uuid__":"e0UGml+4hJOKyX8RL1DbEQ"},"900404":{"__uuid__":"28L+Ou96tOdbifjg6sWswN"},"900405":{"__uuid__":"9e/kUQNvFB1q2PqRq3SUvw"},"900406":{"__uuid__":"7b6rxZYWRBebZgAYGsmfQt"},"900407":{"__uuid__":"a5wNvRradAO7WvPd25hZXv"},"900501":{"__uuid__":"96izBvYhhGG4RTQqHxFwPE"},"900502":{"__uuid__":"aaiRJrLZREeq7a96A6hW7r"},"900503":{"__uuid__":"51QxPEoCpJzbEML6JsBtmx"},"900504":{"__uuid__":"1cFLE4nQJNjpws8lmUIczW"},"900505":{"__uuid__":"5e/83guHNKrLCGJKdgfvh0"},"900506":{"__uuid__":"15XDWqFUtN4ZvmH0lzZA5H"},"900507":{"__uuid__":"eegPhMA21BMbJ5hEXIqsS6"},"900601":{"__uuid__":"37FkWfFKJBX5eTgGqdH9A8"},"900602":{"__uuid__":"54gd60391AK6KM7t1RbiIs"},"900603":{"__uuid__":"9aNqESqTRDdpNmObPLRKHH"},"900604":{"__uuid__":"11QfA86CtAko/K2fQkKRQs"},"900605":{"__uuid__":"9apMjklNBM6KYDPhCntul3"},"900606":{"__uuid__":"f2ON42QDBBqIrTWD35bfB7"},"900607":{"__uuid__":"4cQZUzRNpK06rZjJVw4lb+"},"900701":{"__uuid__":"c66Zc2Q2pAyL9tty70cxRV"},"900702":{"__uuid__":"747dK89W9JyY7FHFJAk6Zg"},"900703":{"__uuid__":"b3njEvGdZDEIGfwHra3t1s"},"900704":{"__uuid__":"fe4HWYyzVL9baxC3VRCKiq"},"900705":{"__uuid__":"b0wP6HGdVN0L+WfYeRKuCr"},"900706":{"__uuid__":"68n+u0akNJUb79/NqBm5id"},"900707":{"__uuid__":"41aPMGAr9MK5gKmejAPHnv"},"900801":{"__uuid__":"16dnM26K5PJYGa8/lVUvSY"},"900802":{"__uuid__":"03C+/qHVxH452jejjk7v8R"},"900803":{"__uuid__":"ceb8zPevVC1pDFyXNaUARK"},"900804":{"__uuid__":"3caBxIeVBMvauvCA21TPD4"},"900805":{"__uuid__":"26lOxGoJlLt4ZQZfbZkpzp"},"900806":{"__uuid__":"e5iV8d+llCZZv6XaDdVHX6"},"900807":{"__uuid__":"3eJPs/hblKyoiCZ8wc+dtl"},"900901":{"__uuid__":"cdvzs+iFBDkq+TN1reCC32"},"900902":{"__uuid__":"2bvUwYgqhJkaWYdOGembf2"},"900903":{"__uuid__":"9dkCNCF11H4KP9xtVNsOXh"},"900904":{"__uuid__":"45peNoXclJZYiKPHRHgVzr"},"900905":{"__uuid__":"ebL9DdddxNO7aWlxwWGpyY"},"900906":{"__uuid__":"a9QzfLJnJDaqrPwwKb4wNI"},"900907":{"__uuid__":"b22LcDEFlF6KRfTRJS/1x6"},"901001":{"__uuid__":"4dabSTkR5N3oFvionhhSie"},"901002":{"__uuid__":"17Y5g00dBFGaPRsaaIj/2u"},"901003":{"__uuid__":"48IzRPk8NAcIOviGGP30IN"},"901004":{"__uuid__":"99hzhlfU5KdbJuwY0/Zy9M"},"901005":{"__uuid__":"9deKoiSBVCzZ5TYBHSvChd"},"901006":{"__uuid__":"baGg3vTB9Bw5QHl42FSxb/"},"901007":{"__uuid__":"32MLwE9HBHXI+J0f8Y1CoC"},"901101":{"__uuid__":"6enzeBtClOK5t+cxYaX4Bt"},"901102":{"__uuid__":"98kscdmhlPibLsimRBzxeK"},"901103":{"__uuid__":"60Q8HAqn9PP6Oe8XB+QQPg"},"901104":{"__uuid__":"d3b3wYac9NEbJ5tlRcMgyy"},"901105":{"__uuid__":"fenjfaPJhHVZERed35RdRw"},"901106":{"__uuid__":"c0JDI+oTdJYYidxg+RitSo"},"901107":{"__uuid__":"afce50UPRKj71EssgmcHy9"},"901201":{"__uuid__":"0anCHK8ClLOYJJ8JtrjlE2"},"901202":{"__uuid__":"4bsYgV4D9Apb5QE5Wldc5Y"},"901203":{"__uuid__":"93o3LLetZJ3oPdXplhwe3L"},"901204":{"__uuid__":"478EseCPlHUbQ/RMBQaby8"},"901205":{"__uuid__":"36PqyIYtxFIJRqZqSoaILO"},"901206":{"__uuid__":"55wwMUWUhFP6MTQsR/z7oB"},"901207":{"__uuid__":"44sS44dLxLU7U6ik6aPBSe"},"901301":{"__uuid__":"c0beljPaZOQJXGOIX2tr12"},"901302":{"__uuid__":"44XM5880BFOqqtwg95PJYs"},"901303":{"__uuid__":"f8bzqNjypCU5zJXTbqbZHu"},"901304":{"__uuid__":"96AJ2UPcFChaxabOAvFJ04"},"901305":{"__uuid__":"9dgtFdcplNg7qxVQ6Lmtqr"},"901306":{"__uuid__":"9eo0XBN29CXYNREU3P2m7/"},"901307":{"__uuid__":"daSgu8XJVAfLq6OHdoUuyr"},"901401":{"__uuid__":"2cnq98KLVBWYZlsjhZY0U0"},"901402":{"__uuid__":"24/sHHtVJCg6RlIyZOpov6"},"901403":{"__uuid__":"ffYt3JJrRHrrtmwRbNum04"},"901404":{"__uuid__":"4bWRsKvTRF9J+q3GBsRFWp"},"901405":{"__uuid__":"d9CIQx4MpCf6ZbNSwJXoTI"},"901406":{"__uuid__":"71Uh/AIxdCgrIyNrcx1Hjq"},"901407":{"__uuid__":"1c1D50muxIKKJ48oAT3d9f"},"901501":{"__uuid__":"eaZUDOW21IUJawEbzwILb8"},"901502":{"__uuid__":"8401gmGY5Ae6DZdu3F8kWI"},"901503":{"__uuid__":"e6A05MMURHKKlJW++TGVSD"},"901504":{"__uuid__":"c1BUR9/BFABKwIgoy1tMnb"},"901505":{"__uuid__":"9duDWmZW9D8LHTVKZb3zkh"},"901506":{"__uuid__":"71iKnstp5MjoIyjktqVCCP"},"901507":{"__uuid__":"11wuDPXzNPeKRU1CZ8QZjT"},"901601":{"__uuid__":"406BrZeLlKqJONfzenhNcT"},"901602":{"__uuid__":"deBwxJHs9G2KxUYKNr9vR1"},"901603":{"__uuid__":"34dUM2r+9O16wZpakGXme2"},"901604":{"__uuid__":"04yYbU7XREwKhyJ8ABJhsz"},"901605":{"__uuid__":"86QLgLNapFz4YNTzq10EKu"},"901606":{"__uuid__":"3a/UX+JERE3qqGj8qlrS/m"},"901607":{"__uuid__":"95kgpnuN9EGbQNVhMBhkHk"},"901701":{"__uuid__":"08XnsH7gZF3ZGSEd+wXJwN"},"901702":{"__uuid__":"64RmUcbt9ANIFX4N2HblH1"},"901703":{"__uuid__":"f0uOuy12ZEIao9CFef64K3"},"901704":{"__uuid__":"0baohdrHdGm5E9p+UBJMAD"},"901705":{"__uuid__":"52020hQDRK8YU9/5+IRUB5"},"901706":{"__uuid__":"97hwhH49ZG3546D4isIOPk"},"901707":{"__uuid__":"8aQ2eJTFlEprzgRN8MxN5c"},"901801":{"__uuid__":"f3KJYrRLhJaaJOayK1Zjt5"},"901802":{"__uuid__":"fdlqTMdilMTbv/Jav5HQCl"},"901803":{"__uuid__":"79JRdZ5SFHYrIKfF5rQg4Z"},"901804":{"__uuid__":"34qY9hkzlLZIpVjUe47faJ"},"901805":{"__uuid__":"b7lYFxAelFfajNvPN5yGJA"},"901806":{"__uuid__":"42+jcTGtNA/qV7TMj531Bn"},"901807":{"__uuid__":"61NYEAdo1JC7sMMxB/BF0R"},"901901":{"__uuid__":"a2u6YjhG1FoalmxqzBvtcs"},"901902":{"__uuid__":"06dJVaWsZKcrfgTtCV6j0Q"},"901903":{"__uuid__":"3ebdtPV6VKwJxz7COiZE11"},"901904":{"__uuid__":"18yEb4m9BHWY19QuVYf9Fg"},"901905":{"__uuid__":"65feBPxYJDOIza+u0Gxz3y"},"901906":{"__uuid__":"d18cYZSb5IZZVSAJGX890z"},"901907":{"__uuid__":"8dBMmzXURMparZAH0HA8Gn"},"902001":{"__uuid__":"e5gcV/x4ZAZY16c/WK0/Ms"},"902002":{"__uuid__":"66VeSxC7RCgp7q7BTTLlX6"},"902003":{"__uuid__":"b7Rb5ML29FF5vpv7SM4qia"},"902004":{"__uuid__":"43UK56KtNAw7lsY8pJP5jO"},"902005":{"__uuid__":"dfZwbugvZDebBAPw6StmWv"},"902006":{"__uuid__":"cdk0CDCnBF560kSWHXGOHu"},"902007":{"__uuid__":"27BHdgDJRMk4jNGT3DIfVh"},"902101":{"__uuid__":"4dChfWi2RGIpw++26BGEqP"},"902102":{"__uuid__":"06iYWvqbJOHbTI29Hs+pad"},"902103":{"__uuid__":"acoI0rRfFPR43F0DRo6Wzy"},"902104":{"__uuid__":"02MgzqPg5Mk5KmrYeVC9dY"},"902105":{"__uuid__":"26GjArT01B3rimJ0c/9D//"},"902106":{"__uuid__":"c3Ll82m8JBHrIk4RZG/Ts+"},"902107":{"__uuid__":"d3OUv0f0lEL4yPw++SUz7b"},"902201":{"__uuid__":"adLrx2ZNVPEJ9FT7tbmcAS"},"902202":{"__uuid__":"8b+dHggeVLG4Nzw+3kXhrI"},"902203":{"__uuid__":"611u38XSRIyJ645Bs58PqM"},"902204":{"__uuid__":"55ufAb2C9Ce4BQ7vRP3MLf"},"902205":{"__uuid__":"acKqjTWiRPrL/NfVD1jCIm"},"902206":{"__uuid__":"62ZGjTBL5OXbOO99uuhKub"},"902207":{"__uuid__":"4cOalRIGRFn7dF8iz32dV9"},"902301":{"__uuid__":"9f3mCFrQ1F8YICfwJIfNgj"},"902302":{"__uuid__":"74s19KxyxB/ZYnYuLixo/F"},"902303":{"__uuid__":"d4moa/eCdIs59QzsZFUz9h"},"902304":{"__uuid__":"f7isT2qQdGJLOyehRCzFIY"},"902305":{"__uuid__":"20Et2T5VVF4IKVYZ7g1gNk"},"902306":{"__uuid__":"ee6+3ynTFNQpjVLp1OV41a"},"902307":{"__uuid__":"b0bwTckJdCI5nQxdFRztvt"},"902401":{"__uuid__":"cdfaWSGWxPjrHoOzRguiR3"},"902402":{"__uuid__":"33F9ixxA9HUag10tJhaZqS"},"902403":{"__uuid__":"aaJL8Lx5dFtJiZA5VSfrZg"},"902404":{"__uuid__":"bcrWWMkxVBir9uqoVajMww"},"902405":{"__uuid__":"bbEphCYJRGB5FfH9r1Wh1o"},"902406":{"__uuid__":"bfKW9hN2JIvJgF1c9j6T8M"},"902407":{"__uuid__":"a2ye27VWRJ8o5urzmfnktc"},"902501":{"__uuid__":"1e1GjaM4hFTaar+6Y2GSg3"},"902502":{"__uuid__":"d4qU03/HtDDZcI5JFNSRvf"},"902503":{"__uuid__":"d7sF6zYPBOtYtiFgIWWQpm"},"902504":{"__uuid__":"60yXWB+69NYaMlo93t39ZT"},"902505":{"__uuid__":"6a9rbat2pOH7N7y99WHpkr"},"902506":{"__uuid__":"92B7WcYGtKCIewcx/nuWYw"},"902507":{"__uuid__":"289W5cJ6xOXKTUKqO79KyI"},"902601":{"__uuid__":"a4LIg4EjBA1a9zmVukD7da"},"902602":{"__uuid__":"b0RD7amK9LjLwtLE9Ko/1a"},"902603":{"__uuid__":"13iPfpZVpB5JYCOludEyBX"},"902604":{"__uuid__":"63inDlU9tIOqyaZVuZ5O4k"},"902605":{"__uuid__":"75bPAOU6dCOLp4C/DURpo2"},"902606":{"__uuid__":"faBN56MvZJhq8a4McQI924"},"902607":{"__uuid__":"fauHOVww1L1bYPpW06oJJ9"},"902701":{"__uuid__":"82coKMbilLWbh3nYDYYJCk"},"902702":{"__uuid__":"67Jsc02Z9DjpP05x9Ibf1L"},"902703":{"__uuid__":"a7uF52iexJC7su8UT7moZG"},"902704":{"__uuid__":"099YXVKItNBIZ3E/d1oPI3"},"902705":{"__uuid__":"911ACmHFxD156ZqfeFqm/9"},"902706":{"__uuid__":"78diAy0vBF57lSsGdOhs52"},"902707":{"__uuid__":"abjR2ycpRMLojbYwMe1W5+"},"902801":{"__uuid__":"8262Wq/I5ESr1Baa9zsppv"},"902802":{"__uuid__":"66k4DUhHlNxap8gRhMq23D"},"902803":{"__uuid__":"42VkPI1c1C3JkMtJBF5T19"},"902804":{"__uuid__":"71QDVWhRhGurg7Xn1fU+8b"},"902805":{"__uuid__":"01PUMwudtFX6hLQINYhJcR"},"902806":{"__uuid__":"4eBzwPsbxI2bto6zhxYmWB"},"902807":{"__uuid__":"157d/2tCFFR53H3IBwLjeI"},"902901":{"__uuid__":"25ph80kepGaJFelm0AsFaV"},"902902":{"__uuid__":"f6wndABLpEuIYlyJcHwt/G"},"902903":{"__uuid__":"54aZoOx51L5LnSkJbNQ0z2"},"902904":{"__uuid__":"58mTXiT4lP+r+8Xxhz07VV"},"902905":{"__uuid__":"06zmTwB6xP6LT7+5lTha9w"},"902906":{"__uuid__":"26j81bdZtJk6kYMHhuAK/y"},"902907":{"__uuid__":"4dUSltWO9EeIDP+8Zi5BwB"}}},{"__type__":"cc.SpriteFrame","content":{"name":"9001","texture":"c4FweMIK9JObpk1sAwWLZQ","rect":[10,325,90,90],"offset":[0,0],"originalSize":[90,90],"capInsets":[0,0,0,0]}},{"__type__":"cc.SpriteFrame","content":{"name":"902701","texture":"c4FweMIK9JObpk1sAwWLZQ","rect":[925,340,40,40],"offset":[0,0],"originalSize":[40,40],"capInsets":[0,0,0,0]}},{"__type__":"cc.SpriteFrame","content":{"name":"902801","texture":"c4FweMIK9JObpk1sAwWLZQ","rect":[930,725,40,40],"offset":[0,0],"originalSize":[40,40],"capInsets":[0,0,0,0]}},{"__type__":"cc.SpriteFrame","content":{"name":"901502","texture":"c4FweMIK9JObpk1sAwWLZQ","rect":[655,725,40,40],"offset":[0,0],"originalSize":[40,40],"capInsets":[0,0,0,0]}},{"__type__":"cc.SpriteFrame","content":{"name":"901605","texture":"c4FweMIK9JObpk1sAwWLZQ","rect":[705,285,40,40],"offset":[0,0],"originalSize":[40,40],"capInsets":[0,0,0,0]}},{"__type__":"cc.SpriteFrame","content":{"name":"900003","texture":"c4FweMIK9JObpk1sAwWLZQ","rect":[175,955,40,40],"offset":[0,0],"originalSize":[40,40],"capInsets":[0,0,0,0]}},{"__type__":"cc.SpriteFrame","content":{"name":"9006","texture":"c4FweMIK9JObpk1sAwWLZQ","rect":[10,850,90,90],"offset":[0,0],"originalSize":[90,90],"capInsets":[0,0,0,0]}},{"__type__":"cc.SpriteFrame","content":{"name":"9014","texture":"c4FweMIK9JObpk1sAwWLZQ","rect":[115,745,90,90],"offset":[0,0],"originalSize":[90,90],"capInsets":[0,0,0,0]}},{"__type__":"cc.SpriteFrame","content":{"name":"901707","texture":"c4FweMIK9JObpk1sAwWLZQ","rect":[710,780,40,40],"offset":[0,0],"originalSize":[40,40],"capInsets":[0,0,0,0]}},{"__type__":"cc.SpriteFrame","content":{"name":"902202","texture":"c4FweMIK9JObpk1sAwWLZQ","rect":[815,450,40,40],"offset":[0,0],"originalSize":[40,40],"capInsets":[0,0,0,0]}},{"__type__":"cc.SpriteFrame","content":{"name":"9009","texture":"c4FweMIK9JObpk1sAwWLZQ","rect":[115,220,90,90],"offset":[0,0],"originalSize":[90,90],"capInsets":[0,0,0,0]}},{"__type__":"cc.SpriteFrame","content":{"name":"9025","texture":"c4FweMIK9JObpk1sAwWLZQ","rect":[325,10,90,90],"offset":[0,0],"originalSize":[90,90],"capInsets":[0,0,0,0]}},{"__type__":"cc.SpriteFrame","content":{"name":"901907","texture":"c4FweMIK9JObpk1sAwWLZQ","rect":[765,560,40,40],"offset":[0,0],"originalSize":[40,40],"capInsets":[0,0,0,0]}},{"__type__":"cc.SpriteFrame","content":{"name":"900006","texture":"c4FweMIK9JObpk1sAwWLZQ","rect":[325,535,40,40],"offset":[0,0],"originalSize":[40,40],"capInsets":[0,0,0,0]}},{"__type__":"cc.SpriteFrame","content":{"name":"902705","texture":"c4FweMIK9JObpk1sAwWLZQ","rect":[930,560,40,40],"offset":[0,0],"originalSize":[40,40],"capInsets":[0,0,0,0]}},{"__type__":"cc.SpriteFrame","content":{"name":"902506","texture":"c4FweMIK9JObpk1sAwWLZQ","rect":[875,835,40,40],"offset":[0,0],"originalSize":[40,40],"capInsets":[0,0,0,0]}},{"__type__":"cc.SpriteFrame","content":{"name":"901203","texture":"c4FweMIK9JObpk1sAwWLZQ","rect":[600,615,40,40],"offset":[0,0],"originalSize":[40,40],"capInsets":[0,0,0,0]}},{"__type__":"cc.SpriteFrame","content":{"name":"900101","texture":"c4FweMIK9JObpk1sAwWLZQ","rect":[325,645,40,40],"offset":[0,0],"originalSize":[40,40],"capInsets":[0,0,0,0]}},{"__type__":"cc.SpriteFrame","content":{"name":"901607","texture":"c4FweMIK9JObpk1sAwWLZQ","rect":[705,395,40,40],"offset":[0,0],"originalSize":[40,40],"capInsets":[0,0,0,0]}},{"__type__":"cc.SpriteFrame","content":{"name":"901304","texture":"c4FweMIK9JObpk1sAwWLZQ","rect":[650,65,40,40],"offset":[0,0],"originalSize":[40,40],"capInsets":[0,0,0,0]}},{"__type__":"cc.SpriteFrame","content":{"name":"900501","texture":"c4FweMIK9JObpk1sAwWLZQ","rect":[435,780,40,40],"offset":[0,0],"originalSize":[40,40],"capInsets":[0,0,0,0]}},{"__type__":"cc.SpriteFrame","content":{"name":"901706","texture":"c4FweMIK9JObpk1sAwWLZQ","rect":[710,725,40,40],"offset":[0,0],"originalSize":[40,40],"capInsets":[0,0,0,0]}},{"__type__":"cc.SpriteFrame","content":{"name":"901102","texture":"c4FweMIK9JObpk1sAwWLZQ","rect":[595,175,40,40],"offset":[0,0],"originalSize":[40,40],"capInsets":[0,0,0,0]}},{"__type__":"cc.SpriteFrame","content":{"name":"901004","texture":"c4FweMIK9JObpk1sAwWLZQ","rect":[560,890,40,40],"offset":[0,0],"originalSize":[40,40],"capInsets":[0,0,0,0]}},{"__type__":"cc.SpriteFrame","content":{"name":"900603","texture":"c4FweMIK9JObpk1sAwWLZQ","rect":[485,285,40,40],"offset":[0,0],"originalSize":[40,40],"capInsets":[0,0,0,0]}},{"__type__":"cc.SpriteFrame","content":{"name":"900605","texture":"c4FweMIK9JObpk1sAwWLZQ","rect":[485,395,40,40],"offset":[0,0],"originalSize":[40,40],"capInsets":[0,0,0,0]}},{"__type__":"cc.SpriteFrame","content":{"name":"9003","texture":"c4FweMIK9JObpk1sAwWLZQ","rect":[10,535,90,90],"offset":[0,0],"originalSize":[90,90],"capInsets":[0,0,0,0]}},{"__type__":"cc.SpriteFrame","content":{"name":"901005","texture":"c4FweMIK9JObpk1sAwWLZQ","rect":[560,945,40,40],"offset":[0,0],"originalSize":[40,40],"capInsets":[0,0,0,0]}},{"__type__":"cc.SpriteFrame","content":{"name":"9007","texture":"c4FweMIK9JObpk1sAwWLZQ","rect":[115,10,90,90],"offset":[0,0],"originalSize":[90,90],"capInsets":[0,0,0,0]}},{"__type__":"cc.SpriteFrame","content":{"name":"901305","texture":"c4FweMIK9JObpk1sAwWLZQ","rect":[650,120,40,40],"offset":[0,0],"originalSize":[40,40],"capInsets":[0,0,0,0]}},{"__type__":"cc.SpriteFrame","content":{"name":"900903","texture":"c4FweMIK9JObpk1sAwWLZQ","rect":[540,450,40,40],"offset":[0,0],"originalSize":[40,40],"capInsets":[0,0,0,0]}},{"__type__":"cc.SpriteFrame","content":{"name":"901505","texture":"c4FweMIK9JObpk1sAwWLZQ","rect":[670,890,40,40],"offset":[0,0],"originalSize":[40,40],"capInsets":[0,0,0,0]}},{"__type__":"cc.SpriteFrame","content":{"name":"901306","texture":"c4FweMIK9JObpk1sAwWLZQ","rect":[650,175,40,40],"offset":[0,0],"originalSize":[40,40],"capInsets":[0,0,0,0]}},{"__type__":"cc.SpriteFrame","content":{"name":"900405","texture":"c4FweMIK9JObpk1sAwWLZQ","rect":[435,615,40,40],"offset":[0,0],"originalSize":[40,40],"capInsets":[0,0,0,0]}},{"__type__":"cc.SpriteFrame","content":{"name":"902301","texture":"c4FweMIK9JObpk1sAwWLZQ","rect":[820,780,40,40],"offset":[0,0],"originalSize":[40,40],"capInsets":[0,0,0,0]}},{"__type__":"cc.SpriteFrame","content":{"name":"901901","texture":"c4FweMIK9JObpk1sAwWLZQ","rect":[760,230,40,40],"offset":[0,0],"originalSize":[40,40],"capInsets":[0,0,0,0]}},{"__type__":"cc.SpriteFrame","content":{"name":"902407","texture":"c4FweMIK9JObpk1sAwWLZQ","rect":[875,505,40,40],"offset":[0,0],"originalSize":[40,40],"capInsets":[0,0,0,0]}},{"__type__":"cc.SpriteFrame","content":{"name":"902601","texture":"c4FweMIK9JObpk1sAwWLZQ","rect":[890,945,40,40],"offset":[0,0],"originalSize":[40,40],"capInsets":[0,0,0,0]}},{"__type__":"cc.SpriteFrame","content":{"name":"900407","texture":"c4FweMIK9JObpk1sAwWLZQ","rect":[435,725,40,40],"offset":[0,0],"originalSize":[40,40],"capInsets":[0,0,0,0]}},{"__type__":"cc.SpriteFrame","content":{"name":"902703","texture":"c4FweMIK9JObpk1sAwWLZQ","rect":[925,450,40,40],"offset":[0,0],"originalSize":[40,40],"capInsets":[0,0,0,0]}},{"__type__":"cc.SpriteFrame","content":{"name":"9028","texture":"c4FweMIK9JObpk1sAwWLZQ","rect":[325,325,90,90],"offset":[0,0],"originalSize":[90,90],"capInsets":[0,0,0,0]}},{"__type__":"cc.SpriteFrame","content":{"name":"900906","texture":"c4FweMIK9JObpk1sAwWLZQ","rect":[545,615,40,40],"offset":[0,0],"originalSize":[40,40],"capInsets":[0,0,0,0]}},{"__type__":"cc.SpriteFrame","content":{"name":"902403","texture":"c4FweMIK9JObpk1sAwWLZQ","rect":[870,285,40,40],"offset":[0,0],"originalSize":[40,40],"capInsets":[0,0,0,0]}},{"__type__":"cc.SpriteFrame","content":{"name":"900502","texture":"c4FweMIK9JObpk1sAwWLZQ","rect":[435,835,40,40],"offset":[0,0],"originalSize":[40,40],"capInsets":[0,0,0,0]}},{"__type__":"cc.SpriteFrame","content":{"name":"902707","texture":"c4FweMIK9JObpk1sAwWLZQ","rect":[930,670,40,40],"offset":[0,0],"originalSize":[40,40],"capInsets":[0,0,0,0]}},{"__type__":"cc.SpriteFrame","content":{"name":"902205","texture":"c4FweMIK9JObpk1sAwWLZQ","rect":[820,615,40,40],"offset":[0,0],"originalSize":[40,40],"capInsets":[0,0,0,0]}},{"__type__":"cc.SpriteFrame","content":{"name":"902103","texture":"c4FweMIK9JObpk1sAwWLZQ","rect":[815,120,40,40],"offset":[0,0],"originalSize":[40,40],"capInsets":[0,0,0,0]}},{"__type__":"cc.SpriteFrame","content":{"name":"902201","texture":"c4FweMIK9JObpk1sAwWLZQ","rect":[815,395,40,40],"offset":[0,0],"originalSize":[40,40],"capInsets":[0,0,0,0]}},{"__type__":"cc.SpriteFrame","content":{"name":"901107","texture":"c4FweMIK9JObpk1sAwWLZQ","rect":[595,450,40,40],"offset":[0,0],"originalSize":[40,40],"capInsets":[0,0,0,0]}},{"__type__":"cc.SpriteFrame","content":{"name":"902602","texture":"c4FweMIK9JObpk1sAwWLZQ","rect":[925,10,40,40],"offset":[0,0],"originalSize":[40,40],"capInsets":[0,0,0,0]}},{"__type__":"cc.SpriteFrame","content":{"name":"902307","texture":"c4FweMIK9JObpk1sAwWLZQ","rect":[870,120,40,40],"offset":[0,0],"originalSize":[40,40],"capInsets":[0,0,0,0]}},{"__type__":"cc.SpriteFrame","content":{"name":"900705","texture":"c4FweMIK9JObpk1sAwWLZQ","rect":[490,780,40,40],"offset":[0,0],"originalSize":[40,40],"capInsets":[0,0,0,0]}},{"__type__":"cc.SpriteFrame","content":{"name":"900907","texture":"c4FweMIK9JObpk1sAwWLZQ","rect":[545,670,40,40],"offset":[0,0],"originalSize":[40,40],"capInsets":[0,0,0,0]}},{"__type__":"cc.SpriteFrame","content":{"name":"900703","texture":"c4FweMIK9JObpk1sAwWLZQ","rect":[490,670,40,40],"offset":[0,0],"originalSize":[40,40],"capInsets":[0,0,0,0]}},{"__type__":"cc.SpriteFrame","content":{"name":"9024","texture":"c4FweMIK9JObpk1sAwWLZQ","rect":[220,850,90,90],"offset":[0,0],"originalSize":[90,90],"capInsets":[0,0,0,0]}},{"__type__":"cc.SpriteFrame","content":{"name":"100000","texture":"c4FweMIK9JObpk1sAwWLZQ","rect":[10,955,40,40],"offset":[0,0],"originalSize":[40,40],"capInsets":[0,0,0,0]}},{"__type__":"cc.SpriteFrame","content":{"name":"902003","texture":"c4FweMIK9JObpk1sAwWLZQ","rect":[765,725,40,40],"offset":[0,0],"originalSize":[40,40],"capInsets":[0,0,0,0]}},{"__type__":"cc.SpriteFrame","content":{"name":"901805","texture":"c4FweMIK9JObpk1sAwWLZQ","rect":[760,65,40,40],"offset":[0,0],"originalSize":[40,40],"capInsets":[0,0,0,0]}},{"__type__":"cc.SpriteFrame","content":{"name":"901006","texture":"c4FweMIK9JObpk1sAwWLZQ","rect":[595,10,40,40],"offset":[0,0],"originalSize":[40,40],"capInsets":[0,0,0,0]}},{"__type__":"cc.SpriteFrame","content":{"name":"902405","texture":"c4FweMIK9JObpk1sAwWLZQ","rect":[870,395,40,40],"offset":[0,0],"originalSize":[40,40],"capInsets":[0,0,0,0]}},{"__type__":"cc.SpriteFrame","content":{"name":"902404","texture":"c4FweMIK9JObpk1sAwWLZQ","rect":[870,340,40,40],"offset":[0,0],"originalSize":[40,40],"capInsets":[0,0,0,0]}},{"__type__":"cc.SpriteFrame","content":{"name":"902406","texture":"c4FweMIK9JObpk1sAwWLZQ","rect":[870,450,40,40],"offset":[0,0],"originalSize":[40,40],"capInsets":[0,0,0,0]}},{"__type__":"cc.SpriteFrame","content":{"name":"900401","texture":"c4FweMIK9JObpk1sAwWLZQ","rect":[430,395,40,40],"offset":[0,0],"originalSize":[40,40],"capInsets":[0,0,0,0]}},{"__type__":"cc.SpriteFrame","content":{"name":"9016","texture":"c4FweMIK9JObpk1sAwWLZQ","rect":[220,10,90,90],"offset":[0,0],"originalSize":[90,90],"capInsets":[0,0,0,0]}},{"__type__":"cc.SpriteFrame","content":{"name":"901106","texture":"c4FweMIK9JObpk1sAwWLZQ","rect":[595,395,40,40],"offset":[0,0],"originalSize":[40,40],"capInsets":[0,0,0,0]}},{"__type__":"cc.SpriteFrame","content":{"name":"900205","texture":"c4FweMIK9JObpk1sAwWLZQ","rect":[380,810,40,40],"offset":[0,0],"originalSize":[40,40],"capInsets":[0,0,0,0]}},{"__type__":"cc.SpriteFrame","content":{"name":"901301","texture":"c4FweMIK9JObpk1sAwWLZQ","rect":[615,890,40,40],"offset":[0,0],"originalSize":[40,40],"capInsets":[0,0,0,0]}},{"__type__":"cc.SpriteFrame","content":{"name":"900305","texture":"c4FweMIK9JObpk1sAwWLZQ","rect":[430,230,40,40],"offset":[0,0],"originalSize":[40,40],"capInsets":[0,0,0,0]}},{"__type__":"cc.SpriteFrame","content":{"name":"901504","texture":"c4FweMIK9JObpk1sAwWLZQ","rect":[655,835,40,40],"offset":[0,0],"originalSize":[40,40],"capInsets":[0,0,0,0]}},{"__type__":"cc.SpriteFrame","content":{"name":"900002","texture":"c4FweMIK9JObpk1sAwWLZQ","rect":[120,955,40,40],"offset":[0,0],"originalSize":[40,40],"capInsets":[0,0,0,0]}},{"__type__":"cc.SpriteFrame","content":{"name":"902106","texture":"c4FweMIK9JObpk1sAwWLZQ","rect":[815,285,40,40],"offset":[0,0],"originalSize":[40,40],"capInsets":[0,0,0,0]}},{"__type__":"cc.SpriteFrame","content":{"name":"8001","texture":"c4FweMIK9JObpk1sAwWLZQ","rect":[10,115,90,90],"offset":[0,0],"originalSize":[90,90],"capInsets":[0,0,0,0]}},{"__type__":"cc.SpriteFrame","content":{"name":"900206","texture":"c4FweMIK9JObpk1sAwWLZQ","rect":[380,865,40,40],"offset":[0,0],"originalSize":[40,40],"capInsets":[0,0,0,0]}},{"__type__":"cc.SpriteFrame","content":{"name":"900701","texture":"c4FweMIK9JObpk1sAwWLZQ","rect":[490,560,40,40],"offset":[0,0],"originalSize":[40,40],"capInsets":[0,0,0,0]}},{"__type__":"cc.SpriteFrame","content":{"name":"9023","texture":"c4FweMIK9JObpk1sAwWLZQ","rect":[220,745,90,90],"offset":[0,0],"originalSize":[90,90],"capInsets":[0,0,0,0]}},{"__type__":"cc.SpriteFrame","content":{"name":"900104","texture":"c4FweMIK9JObpk1sAwWLZQ","rect":[325,810,40,40],"offset":[0,0],"originalSize":[40,40],"capInsets":[0,0,0,0]}},{"__type__":"cc.SpriteFrame","content":{"name":"902401","texture":"c4FweMIK9JObpk1sAwWLZQ","rect":[870,175,40,40],"offset":[0,0],"originalSize":[40,40],"capInsets":[0,0,0,0]}},{"__type__":"cc.SpriteFrame","content":{"name":"902006","texture":"c4FweMIK9JObpk1sAwWLZQ","rect":[780,890,40,40],"offset":[0,0],"originalSize":[40,40],"capInsets":[0,0,0,0]}},{"__type__":"cc.SpriteFrame","content":{"name":"900901","texture":"c4FweMIK9JObpk1sAwWLZQ","rect":[540,340,40,40],"offset":[0,0],"originalSize":[40,40],"capInsets":[0,0,0,0]}},{"__type__":"cc.SpriteFrame","content":{"name":"900803","texture":"c4FweMIK9JObpk1sAwWLZQ","rect":[540,65,40,40],"offset":[0,0],"originalSize":[40,40],"capInsets":[0,0,0,0]}},{"__type__":"cc.SpriteFrame","content":{"name":"900304","texture":"c4FweMIK9JObpk1sAwWLZQ","rect":[430,175,40,40],"offset":[0,0],"originalSize":[40,40],"capInsets":[0,0,0,0]}},{"__type__":"cc.SpriteFrame","content":{"name":"9010","texture":"c4FweMIK9JObpk1sAwWLZQ","rect":[115,325,90,90],"offset":[0,0],"originalSize":[90,90],"capInsets":[0,0,0,0]}},{"__type__":"cc.SpriteFrame","content":{"name":"901906","texture":"c4FweMIK9JObpk1sAwWLZQ","rect":[765,505,40,40],"offset":[0,0],"originalSize":[40,40],"capInsets":[0,0,0,0]}},{"__type__":"cc.SpriteFrame","content":{"name":"9021","texture":"c4FweMIK9JObpk1sAwWLZQ","rect":[220,535,90,90],"offset":[0,0],"originalSize":[90,90],"capInsets":[0,0,0,0]}},{"__type__":"cc.SpriteFrame","content":{"name":"902107","texture":"c4FweMIK9JObpk1sAwWLZQ","rect":[815,340,40,40],"offset":[0,0],"originalSize":[40,40],"capInsets":[0,0,0,0]}},{"__type__":"cc.SpriteFrame","content":{"name":"901104","texture":"c4FweMIK9JObpk1sAwWLZQ","rect":[595,285,40,40],"offset":[0,0],"originalSize":[40,40],"capInsets":[0,0,0,0]}},{"__type__":"cc.SpriteFrame","content":{"name":"8000","texture":"c4FweMIK9JObpk1sAwWLZQ","rect":[10,10,90,90],"offset":[0,0],"originalSize":[90,90],"capInsets":[0,0,0,0]}},{"__type__":"cc.SpriteFrame","content":{"name":"902303","texture":"c4FweMIK9JObpk1sAwWLZQ","rect":[835,890,40,40],"offset":[0,0],"originalSize":[40,40],"capInsets":[0,0,0,0]}},{"__type__":"cc.SpriteFrame","content":{"name":"902502","texture":"c4FweMIK9JObpk1sAwWLZQ","rect":[875,615,40,40],"offset":[0,0],"originalSize":[40,40],"capInsets":[0,0,0,0]}},{"__type__":"cc.SpriteFrame","content":{"name":"9027","texture":"c4FweMIK9JObpk1sAwWLZQ","rect":[325,220,90,90],"offset":[0,0],"originalSize":[90,90],"capInsets":[0,0,0,0]}},{"__type__":"cc.SpriteFrame","content":{"name":"902503","texture":"c4FweMIK9JObpk1sAwWLZQ","rect":[875,670,40,40],"offset":[0,0],"originalSize":[40,40],"capInsets":[0,0,0,0]}},{"__type__":"cc.SpriteFrame","content":{"name":"901405","texture":"c4FweMIK9JObpk1sAwWLZQ","rect":[655,505,40,40],"offset":[0,0],"originalSize":[40,40],"capInsets":[0,0,0,0]}},{"__type__":"cc.SpriteFrame","content":{"name":"901307","texture":"c4FweMIK9JObpk1sAwWLZQ","rect":[650,230,40,40],"offset":[0,0],"originalSize":[40,40],"capInsets":[0,0,0,0]}},{"__type__":"cc.SpriteFrame","content":{"name":"901602","texture":"c4FweMIK9JObpk1sAwWLZQ","rect":[705,120,40,40],"offset":[0,0],"originalSize":[40,40],"capInsets":[0,0,0,0]}},{"__type__":"cc.SpriteFrame","content":{"name":"902005","texture":"c4FweMIK9JObpk1sAwWLZQ","rect":[765,835,40,40],"offset":[0,0],"originalSize":[40,40],"capInsets":[0,0,0,0]}},{"__type__":"cc.SpriteFrame","content":{"name":"900403","texture":"c4FweMIK9JObpk1sAwWLZQ","rect":[435,505,40,40],"offset":[0,0],"originalSize":[40,40],"capInsets":[0,0,0,0]}},{"__type__":"cc.SpriteFrame","content":{"name":"9013","texture":"c4FweMIK9JObpk1sAwWLZQ","rect":[115,640,90,90],"offset":[0,0],"originalSize":[90,90],"capInsets":[0,0,0,0]}},{"__type__":"cc.SpriteFrame","content":{"name":"902001","texture":"c4FweMIK9JObpk1sAwWLZQ","rect":[765,615,40,40],"offset":[0,0],"originalSize":[40,40],"capInsets":[0,0,0,0]}},{"__type__":"cc.SpriteFrame","content":{"name":"900806","texture":"c4FweMIK9JObpk1sAwWLZQ","rect":[540,230,40,40],"offset":[0,0],"originalSize":[40,40],"capInsets":[0,0,0,0]}},{"__type__":"cc.SpriteFrame","content":{"name":"901503","texture":"c4FweMIK9JObpk1sAwWLZQ","rect":[655,780,40,40],"offset":[0,0],"originalSize":[40,40],"capInsets":[0,0,0,0]}},{"__type__":"cc.SpriteFrame","content":{"name":"901501","texture":"c4FweMIK9JObpk1sAwWLZQ","rect":[655,670,40,40],"offset":[0,0],"originalSize":[40,40],"capInsets":[0,0,0,0]}},{"__type__":"cc.SpriteFrame","content":{"name":"900301","texture":"c4FweMIK9JObpk1sAwWLZQ","rect":[430,10,40,40],"offset":[0,0],"originalSize":[40,40],"capInsets":[0,0,0,0]}},{"__type__":"cc.SpriteFrame","content":{"name":"900905","texture":"c4FweMIK9JObpk1sAwWLZQ","rect":[545,560,40,40],"offset":[0,0],"originalSize":[40,40],"capInsets":[0,0,0,0]}},{"__type__":"cc.SpriteFrame","content":{"name":"900207","texture":"c4FweMIK9JObpk1sAwWLZQ","rect":[395,920,40,40],"offset":[0,0],"originalSize":[40,40],"capInsets":[0,0,0,0]}},{"__type__":"cc.SpriteFrame","content":{"name":"900307","texture":"c4FweMIK9JObpk1sAwWLZQ","rect":[430,340,40,40],"offset":[0,0],"originalSize":[40,40],"capInsets":[0,0,0,0]}},{"__type__":"cc.SpriteFrame","content":{"name":"900507","texture":"c4FweMIK9JObpk1sAwWLZQ","rect":[485,120,40,40],"offset":[0,0],"originalSize":[40,40],"capInsets":[0,0,0,0]}},{"__type__":"cc.SpriteFrame","content":{"name":"902306","texture":"c4FweMIK9JObpk1sAwWLZQ","rect":[870,65,40,40],"offset":[0,0],"originalSize":[40,40],"capInsets":[0,0,0,0]}},{"__type__":"cc.SpriteFrame","content":{"name":"9012","texture":"c4FweMIK9JObpk1sAwWLZQ","rect":[115,535,90,90],"offset":[0,0],"originalSize":[90,90],"capInsets":[0,0,0,0]}},{"__type__":"cc.SpriteFrame","content":{"name":"901703","texture":"c4FweMIK9JObpk1sAwWLZQ","rect":[710,560,40,40],"offset":[0,0],"originalSize":[40,40],"capInsets":[0,0,0,0]}},{"__type__":"cc.SpriteFrame","content":{"name":"900306","texture":"c4FweMIK9JObpk1sAwWLZQ","rect":[430,285,40,40],"offset":[0,0],"originalSize":[40,40],"capInsets":[0,0,0,0]}},{"__type__":"cc.SpriteFrame","content":{"name":"900606","texture":"c4FweMIK9JObpk1sAwWLZQ","rect":[485,450,40,40],"offset":[0,0],"originalSize":[40,40],"capInsets":[0,0,0,0]}},{"__type__":"cc.SpriteFrame","content":{"name":"901801","texture":"c4FweMIK9JObpk1sAwWLZQ","rect":[710,835,40,40],"offset":[0,0],"originalSize":[40,40],"capInsets":[0,0,0,0]}},{"__type__":"cc.SpriteFrame","content":{"name":"902902","texture":"c4FweMIK9JObpk1sAwWLZQ","rect":[980,175,40,40],"offset":[0,0],"originalSize":[40,40],"capInsets":[0,0,0,0]}},{"__type__":"cc.SpriteFrame","content":{"name":"902304","texture":"c4FweMIK9JObpk1sAwWLZQ","rect":[835,945,40,40],"offset":[0,0],"originalSize":[40,40],"capInsets":[0,0,0,0]}},{"__type__":"cc.SpriteFrame","content":{"name":"901303","texture":"c4FweMIK9JObpk1sAwWLZQ","rect":[650,10,40,40],"offset":[0,0],"originalSize":[40,40],"capInsets":[0,0,0,0]}},{"__type__":"cc.SpriteFrame","content":{"name":"902606","texture":"c4FweMIK9JObpk1sAwWLZQ","rect":[925,230,40,40],"offset":[0,0],"originalSize":[40,40],"capInsets":[0,0,0,0]}},{"__type__":"cc.SpriteFrame","content":{"name":"902607","texture":"c4FweMIK9JObpk1sAwWLZQ","rect":[925,285,40,40],"offset":[0,0],"originalSize":[40,40],"capInsets":[0,0,0,0]}},{"__type__":"cc.SpriteFrame","content":{"name":"9011","texture":"c4FweMIK9JObpk1sAwWLZQ","rect":[115,430,90,90],"offset":[0,0],"originalSize":[90,90],"capInsets":[0,0,0,0]}},{"__type__":"cc.SpriteFrame","content":{"name":"9029","texture":"c4FweMIK9JObpk1sAwWLZQ","rect":[325,430,90,90],"offset":[0,0],"originalSize":[90,90],"capInsets":[0,0,0,0]}},{"__type__":"cc.SpriteFrame","content":{"name":"9026","texture":"c4FweMIK9JObpk1sAwWLZQ","rect":[325,115,90,90],"offset":[0,0],"originalSize":[90,90],"capInsets":[0,0,0,0]}},{"__type__":"cc.SpriteFrame","content":{"name":"901802","texture":"c4FweMIK9JObpk1sAwWLZQ","rect":[725,890,40,40],"offset":[0,0],"originalSize":[40,40],"capInsets":[0,0,0,0]}},{"__type__":"cc.SpriteFrame","content":{"name":"901105","texture":"c4FweMIK9JObpk1sAwWLZQ","rect":[595,340,40,40],"offset":[0,0],"originalSize":[40,40],"capInsets":[0,0,0,0]}},{"__type__":"cc.SpriteFrame","content":{"name":"900001","texture":"c4FweMIK9JObpk1sAwWLZQ","rect":[65,955,40,40],"offset":[0,0],"originalSize":[40,40],"capInsets":[0,0,0,0]}},{"__type__":"cc.SpriteFrame","content":{"name":"900704","texture":"c4FweMIK9JObpk1sAwWLZQ","rect":[490,725,40,40],"offset":[0,0],"originalSize":[40,40],"capInsets":[0,0,0,0]}},{"__type__":"cc.SpriteFrame","content":{"name":"901403","texture":"c4FweMIK9JObpk1sAwWLZQ","rect":[650,395,40,40],"offset":[0,0],"originalSize":[40,40],"capInsets":[0,0,0,0]}}]