[{"__type__":"cc.SpriteFrame","content":{"name":"vip","texture":"d2mZm4YZ1NYqPd05Z8hLBU","rect":[619,0,71,38],"offset":[0,0],"originalSize":[71,38],"capInsets":[0,0,0,0]}},{"__type__":"cc.SpriteFrame","content":{"name":"unout","texture":"d2mZm4YZ1NYqPd05Z8hLBU","rect":[0,387,100,165],"offset":[0,0],"originalSize":[100,165],"capInsets":[17,29,26,38]}},[{"__type__":"cc.Prefab","_name":"item","data":{"__id__":1}},{"__type__":"cc.Node","_name":"New Layout","_children":[{"__id__":2},{"__id__":8},{"__id__":10},{"__id__":12},{"__id__":13}],"_level":1,"_components":[{"__type__":"49628HHKYhLUpDrw2D53Jfm","node":{"__id__":1},"bg":{"__id__":7},"img":{"__id__":9},"dami":{"__id__":6},"maskbg":{"__id__":11},"textsize":{"__id__":4},"ok":{"__id__":12},"vip":{"__id__":13}}],"_prefab":{"__type__":"cc.PrefabInfo","root":{"__id__":1},"asset":{"__uuid__":"84MqhxZehG56W9xhurFUyz"},"fileId":"33gEBg4ohNfK+fWVWNK53r"},"_contentSize":{"__type__":"cc.Size","width":155,"height":162},"_position":{"__type__":"cc.Vec3","x":-247.5,"y":102.5},"_scale":{"__type__":"cc.Vec3","x":1,"y":1,"z":1}},{"__type__":"cc.Node","_name":"bg","_parent":{"__id__":1},"_children":[{"__id__":3},{"__id__":5}],"_level":2,"_components":[{"__id__":7}],"_prefab":{"__type__":"cc.PrefabInfo","root":{"__id__":1},"asset":{"__uuid__":"84MqhxZehG56W9xhurFUyz"},"fileId":"8aKajP87xB/osB3v3n+JjG"},"_contentSize":{"__type__":"cc.Size","width":155,"height":162},"_scale":{"__type__":"cc.Vec3","x":1,"y":1,"z":1}},{"__type__":"cc.Node","_name":"New Label","_parent":{"__id__":2},"_level":3,"_components":[{"__id__":4},{"__type__":"cc.Widget","node":{"__id__":3},"_alignFlags":1,"_top":5.900000000000006}],"_prefab":{"__type__":"cc.PrefabInfo","root":{"__id__":1},"asset":{"__uuid__":"84MqhxZehG56W9xhurFUyz"},"fileId":"1dEWcCnDZGMrJ8y+sFBCG1"},"_contentSize":{"__type__":"cc.Size","width":60,"height":22},"_position":{"__type__":"cc.Vec3","y":64.1},"_scale":{"__type__":"cc.Vec3","x":1,"y":1,"z":1}},{"__type__":"cc.Label","node":{"__id__":3},"_srcBlendFactor":1,"_useOriginalSize":false,"_string":"第一天","_N$string":"第一天","_fontSize":20,"_lineHeight":22,"_N$horizontalAlign":1,"_N$verticalAlign":1},{"__type__":"cc.Node","_name":"daim","_parent":{"__id__":2},"_level":3,"_components":[{"__id__":6},{"__type__":"cc.Widget","node":{"__id__":5},"_alignFlags":1,"_top":127}],"_prefab":{"__type__":"cc.PrefabInfo","root":{"__id__":1},"asset":{"__uuid__":"84MqhxZehG56W9xhurFUyz"},"fileId":"f52Kqi3B9MIq3+OeWz1J6i"},"_contentSize":{"__type__":"cc.Size","width":33.06,"height":30},"_position":{"__type__":"cc.Vec3","y":-61},"_scale":{"__type__":"cc.Vec3","x":1,"y":1,"z":1}},{"__type__":"cc.Label","node":{"__id__":5},"_srcBlendFactor":1,"_useOriginalSize":false,"_string":"×5","_N$string":"×5","_fontSize":29,"_lineHeight":30,"_N$horizontalAlign":1,"_N$verticalAlign":1},{"__type__":"cc.Sprite","node":{"__id__":2},"_sizeMode":0},{"__type__":"cc.Node","_name":"img","_parent":{"__id__":1},"_active":false,"_level":2,"_components":[{"__id__":9}],"_prefab":{"__type__":"cc.PrefabInfo","root":{"__id__":1},"asset":{"__uuid__":"84MqhxZehG56W9xhurFUyz"},"fileId":"a5bCsU4ORPNaZCmbF46aJh"},"_contentSize":{"__type__":"cc.Size","width":100,"height":165},"_scale":{"__type__":"cc.Vec3","x":1,"y":1,"z":1}},{"__type__":"cc.Sprite","node":{"__id__":8},"_spriteFrame":{"__uuid__":"23iEDXax9E340a4qV736oL"},"_type":1},{"__type__":"cc.Node","_name":"maskbg","_parent":{"__id__":1},"_level":2,"_components":[{"__id__":11}],"_prefab":{"__type__":"cc.PrefabInfo","root":{"__id__":1},"asset":{"__uuid__":"84MqhxZehG56W9xhurFUyz"},"fileId":"beWS6KD4BKJKirLjKYQ6kH"},"_contentSize":{"__type__":"cc.Size","width":155,"height":162},"_position":{"__type__":"cc.Vec3","y":-1},"_scale":{"__type__":"cc.Vec3","x":1,"y":1,"z":1}},{"__type__":"cc.Sprite","node":{"__id__":10},"_sizeMode":0},{"__type__":"cc.Node","_name":"ok","_parent":{"__id__":1},"_active":false,"_level":2,"_components":[{"__type__":"cc.Sprite","node":{"__id__":12},"_spriteFrame":{"__uuid__":"f84W24Ze9Po4upo1MlP/K8"},"_sizeMode":0},{"__type__":"cc.Widget","node":{"__id__":12},"_alignFlags":36,"_right":5,"_bottom":5}],"_prefab":{"__type__":"cc.PrefabInfo","root":{"__id__":1},"asset":{"__uuid__":"84MqhxZehG56W9xhurFUyz"},"fileId":"30edFEPT9Llq+FvH2sXfCJ"},"_contentSize":{"__type__":"cc.Size","width":40,"height":34},"_position":{"__type__":"cc.Vec3","x":52.5,"y":-59},"_scale":{"__type__":"cc.Vec3","x":1,"y":1,"z":1}},{"__type__":"cc.Node","_name":"layout","_parent":{"__id__":1},"_children":[{"__id__":14}],"_active":false,"_level":2,"_components":[{"__type__":"cc.Widget","node":{"__id__":13},"_alignFlags":33,"_top":20}],"_prefab":{"__type__":"cc.PrefabInfo","root":{"__id__":1},"asset":{"__uuid__":"84MqhxZehG56W9xhurFUyz"},"fileId":"36Yd21yolNxaf1VaBgekGr"},"_contentSize":{"__type__":"cc.Size","width":138,"height":41},"_anchorPoint":{"__type__":"cc.Vec2","x":1,"y":0.5},"_position":{"__type__":"cc.Vec3","x":77.5,"y":40.5},"_scale":{"__type__":"cc.Vec3","x":1,"y":1,"z":1}},{"__type__":"cc.Node","_name":"bg","_parent":{"__id__":13},"_children":[{"__id__":15}],"_level":3,"_components":[{"__type__":"cc.Sprite","node":{"__id__":14},"_spriteFrame":{"__uuid__":"f5Y8AdYe1Cw6gy+6hjXGgd"}}],"_prefab":{"__type__":"cc.PrefabInfo","root":{"__id__":1},"asset":{"__uuid__":"84MqhxZehG56W9xhurFUyz"},"fileId":"c5PB8Opj1AL6eDx+ZMrPkw"},"_contentSize":{"__type__":"cc.Size","width":138,"height":41},"_anchorPoint":{"__type__":"cc.Vec2","x":1,"y":0.5},"_scale":{"__type__":"cc.Vec3","x":1,"y":1,"z":1}},{"__type__":"cc.Node","_name":"vip","_parent":{"__id__":14},"_level":4,"_components":[{"__type__":"cc.Sprite","node":{"__id__":15},"_spriteFrame":{"__uuid__":"09fWtSPWxKeIUS5dwCCW0u"}},{"__type__":"cc.Widget","node":{"__id__":15},"_alignFlags":32,"_right":23.200000000000003}],"_prefab":{"__type__":"cc.PrefabInfo","root":{"__id__":1},"asset":{"__uuid__":"84MqhxZehG56W9xhurFUyz"},"fileId":"24nkTG42JEqLqwJyybbvvQ"},"_contentSize":{"__type__":"cc.Size","width":71,"height":38},"_position":{"__type__":"cc.Vec3","x":-58.7},"_scale":{"__type__":"cc.Vec3","x":1,"y":1,"z":1}}],{"__type__":"cc.SpriteFrame","content":{"name":"send","texture":"d2mZm4YZ1NYqPd05Z8hLBU","rect":[690,0,138,41],"offset":[0,0],"originalSize":[138,41],"capInsets":[0,0,0,0]}},{"__type__":"cc.SpriteFrame","content":{"name":"ok","texture":"a1kFce2/xNx60AtnsccfV2","rect":[754,323,40,34],"offset":[0,0],"originalSize":[40,34],"capInsets":[0,0,0,0]}}]