[{"__type__":"cc.SpriteFrame","content":{"name":"bg12","texture":"454HGCoFlHYoIY6xPhVONw","rect":[775,476,169,163],"offset":[0,0],"originalSize":[169,163],"capInsets":[0,0,0,0]}},{"__type__":"cc.SpriteFrame","content":{"name":"bg02","texture":"454HGCoFlHYoIY6xPhVONw","rect":[10,775,750,584],"offset":[0,0],"originalSize":[750,584],"capInsets":[0,0,0,0]}},{"__type__":"cc.SpriteFrame","content":{"name":"bg32","texture":"454HGCoFlHYoIY6xPhVONw","rect":[939,654,132,72],"offset":[0,0],"originalSize":[132,72],"rotated":1,"capInsets":[0,0,0,0]}},{"__type__":"cc.SpriteFrame","content":{"name":"bg01","texture":"454HGCoFlHYoIY6xPhVONw","rect":[10,10,750,750],"offset":[0,0],"originalSize":[750,750],"capInsets":[0,0,0,0]}},{"__type__":"cc.SpriteFrame","content":{"name":"bg11","texture":"454HGCoFlHYoIY6xPhVONw","rect":[775,298,169,163],"offset":[0,0],"originalSize":[169,163],"capInsets":[0,0,0,0]}},{"__type__":"cc.SpriteFrame","content":{"name":"bg00","texture":"454HGCoFlHYoIY6xPhVONw","rect":[775,10,273,237],"offset":[0,0],"originalSize":[273,237],"rotated":1,"capInsets":[0,0,0,0]}},{"__type__":"cc.SpriteFrame","content":{"name":"bg31","texture":"454HGCoFlHYoIY6xPhVONw","rect":[939,801,136,69],"offset":[0,0],"originalSize":[136,69],"rotated":1,"capInsets":[0,0,0,0]}},{"__type__":"cc.SpriteFrame","content":{"name":"bg21","texture":"454HGCoFlHYoIY6xPhVONw","rect":[775,654,149,130],"offset":[0,0],"originalSize":[149,130],"capInsets":[0,0,0,0]}},{"__type__":"cc.SpriteFrame","content":{"name":"bg22","texture":"454HGCoFlHYoIY6xPhVONw","rect":[775,799,149,130],"offset":[0,0],"originalSize":[149,130],"capInsets":[0,0,0,0]}},{"__type__":"cc.SpriteAtlas","_name":"1.plist","_spriteFrames":{"bg00":{"__uuid__":"bds4vNESlHd68QxVg6C8UM"},"bg01":{"__uuid__":"5dn1PGv8tK251GRR3fHxZR"},"bg02":{"__uuid__":"511b/OXWVCBbsJzJAgAJFQ"},"bg11":{"__uuid__":"a33cV2clZJ9ofht+GuErmp"},"bg12":{"__uuid__":"3bFu1DBb9NN7ZwHiGcpd6V"},"bg21":{"__uuid__":"e5TheZRmhIoI3lWW6SQUgt"},"bg22":{"__uuid__":"ee2hPHUbpN0IXJL0s9DKcX"},"bg31":{"__uuid__":"be7dxwFRFJwLxkDtTeSt1r"},"bg32":{"__uuid__":"59DftedxtDOax19IrNFp8x"}}}]