[{"__type__":"cc.SpriteFrame","content":{"name":"question","texture":"d2mZm4YZ1NYqPd05Z8hLBU","rect":[828,0,47,47],"offset":[0,0],"originalSize":[47,47],"capInsets":[0,0,0,0]}},{"__type__":"cc.SpriteFrame","content":{"name":"default_btn_disabled","texture":"71VhFCTINJM6/Ky3oX9nBT","rect":[0,0,40,40],"offset":[0,0],"originalSize":[40,40],"capInsets":[12,12,12,12]}},{"__type__":"cc.SpriteFrame","content":{"name":"close (2)","texture":"a1kFce2/xNx60AtnsccfV2","rect":[383,897,28,27],"offset":[0,0],"originalSize":[28,27],"capInsets":[0,0,0,0]}},{"__type__":"cc.SpriteFrame","content":{"name":"tanchuangtongyon","texture":"a1kFce2/xNx60AtnsccfV2","rect":[112,794,261,84],"offset":[0,0],"originalSize":[261,84],"capInsets":[0,0,0,0]}},{"__type__":"cc.SpriteFrame","content":{"name":"tanchuanbg","texture":"a1kFce2/xNx60AtnsccfV2","rect":[821,756,80,78],"offset":[0,0],"originalSize":[80,78],"capInsets":[11,11,11,10]}},{"__type__":"cc.SpriteFrame","content":{"name":"fairy","texture":"44xTUogfdFiK6frQoW+pAO","rect":[474,0,257,49],"offset":[0,0],"originalSize":[257,49],"capInsets":[0,0,0,0]}},{"__type__":"cc.SpriteFrame","content":{"name":"lock","texture":"d2mZm4YZ1NYqPd05Z8hLBU","rect":[261,249,90,90],"offset":[0,0],"originalSize":[90,90],"capInsets":[0,0,0,0]}},{"__type__":"cc.SpriteFrame","content":{"name":"putong","texture":"a1kFce2/xNx60AtnsccfV2","rect":[62,0,750,114],"offset":[0,0],"originalSize":[750,114],"capInsets":[0,0,0,0]}},{"__type__":"cc.SpriteFrame","content":{"name":"shangcehng","texture":"a1kFce2/xNx60AtnsccfV2","rect":[62,412,679,59],"offset":[0,0],"originalSize":[679,59],"capInsets":[0,0,0,0]}},[{"__type__":"cc.Prefab","_name":"ElseHeroInfo","data":{"__id__":1}},{"__type__":"cc.Node","_name":"elseinfo","_children":[{"__id__":2},{"__id__":35}],"_level":1,"_components":[{"__type__":"37a3dhSwFJF864QewRdsOmO","node":{"__id__":1},"close":{"__id__":6},"itemsnode":{"__id__":34},"item":{"__uuid__":"cbYL61johC3aOlHzJuM58O"},"heroimg":{"__id__":13},"heroname":{"__id__":17},"herolevel":{"__id__":25},"herodesc":{"__id__":31},"herodps":{"__id__":29},"cardcount":{"__id__":20},"cardinfo":{"__id__":9},"cardnode":{"__id__":32},"shareBt":{"__id__":35},"lock":{"__id__":12}}],"_prefab":{"__type__":"cc.PrefabInfo","root":{"__id__":1},"asset":{"__uuid__":"d5Dx3NcgFHpI08ltBHVxGa"},"fileId":"99DNsUJO9L/KFWGuec0Fic"},"_contentSize":{"__type__":"cc.Size","width":699,"height":870},"_position":{"__type__":"cc.Vec3","x":-30.310000000000002},"_scale":{"__type__":"cc.Vec3","x":1,"y":1,"z":1}},{"__type__":"cc.Node","_name":"content","_parent":{"__id__":1},"_children":[{"__id__":3}],"_level":2,"_components":[{"__type__":"cc.Sprite","node":{"__id__":2},"_spriteFrame":{"__uuid__":"510X4D6aFPGa9wjpS7Ot5t"},"_type":1,"_sizeMode":0}],"_prefab":{"__type__":"cc.PrefabInfo","root":{"__id__":1},"asset":{"__uuid__":"d5Dx3NcgFHpI08ltBHVxGa"},"fileId":"e83zQzakVO6rvPPf5W3wFd"},"_contentSize":{"__type__":"cc.Size","width":699,"height":870},"_position":{"__type__":"cc.Vec3","y":93},"_scale":{"__type__":"cc.Vec3","x":1,"y":1,"z":1}},{"__type__":"cc.Node","_name":"New Node","_parent":{"__id__":2},"_children":[{"__id__":4},{"__id__":8},{"__id__":34}],"_level":3,"_components":[{"__type__":"cc.Layout","node":{"__id__":3},"_layoutSize":{"__type__":"cc.Size","width":680,"height":850},"_N$layoutType":2,"_N$spacingY":10}],"_prefab":{"__type__":"cc.PrefabInfo","root":{"__id__":1},"asset":{"__uuid__":"d5Dx3NcgFHpI08ltBHVxGa"},"fileId":"e8O7lBXE5KnpANTtT7r5Sw"},"_contentSize":{"__type__":"cc.Size","width":680,"height":850},"_scale":{"__type__":"cc.Vec3","x":1,"y":1,"z":1}},{"__type__":"cc.Node","_name":"New Node","_parent":{"__id__":3},"_children":[{"__id__":5},{"__id__":6}],"_level":4,"_components":[{"__type__":"cc.Sprite","node":{"__id__":4},"_spriteFrame":{"__uuid__":"b3CLDo9FhEhpyt697OG5HT"},"_type":1,"_sizeMode":0},{"__type__":"cc.Widget","node":{"__id__":4},"_alignFlags":41,"_originalWidth":680}],"_prefab":{"__type__":"cc.PrefabInfo","root":{"__id__":1},"asset":{"__uuid__":"d5Dx3NcgFHpI08ltBHVxGa"},"fileId":"29OEwaeZ5K5JC1XW7Dw48x"},"_contentSize":{"__type__":"cc.Size","width":680,"height":59},"_position":{"__type__":"cc.Vec3","y":395.5},"_scale":{"__type__":"cc.Vec3","x":1,"y":1,"z":1}},{"__type__":"cc.Node","_name":"New Label","_parent":{"__id__":4},"_level":4,"_components":[{"__type__":"cc.Label","node":{"__id__":5},"_srcBlendFactor":1,"_useOriginalSize":false,"_string":"英雄统计","_N$string":"英雄统计","_N$horizontalAlign":1,"_N$verticalAlign":1,"_N$fontFamily":"苹方"},{"__type__":"cc.Widget","node":{"__id__":5},"_alignFlags":18}],"_prefab":{"__type__":"cc.PrefabInfo","root":{"__id__":1},"asset":{"__uuid__":"d5Dx3NcgFHpI08ltBHVxGa"},"fileId":"3aKao9GAVH7aAOQts3VScQ"},"_contentSize":{"__type__":"cc.Size","width":160,"height":40},"_scale":{"__type__":"cc.Vec3","x":1,"y":1,"z":1}},{"__type__":"cc.Node","_name":"close","_parent":{"__id__":4},"_children":[{"__id__":7}],"_level":5,"_components":[{"__type__":"cc.Widget","node":{"__id__":6},"_alignFlags":32},{"__type__":"cc.Button","node":{"__id__":6},"_N$transition":3,"transition":3,"_N$target":{"__id__":6}}],"_prefab":{"__type__":"cc.PrefabInfo","root":{"__id__":1},"asset":{"__uuid__":"d5Dx3NcgFHpI08ltBHVxGa"},"fileId":"86mLiDvIlJvZS9+4jOCWtS"},"_contentSize":{"__type__":"cc.Size","width":70,"height":70},"_position":{"__type__":"cc.Vec3","x":305},"_scale":{"__type__":"cc.Vec3","x":1,"y":1,"z":1}},{"__type__":"cc.Node","_name":"lock","_parent":{"__id__":6},"_level":6,"_components":[{"__type__":"cc.Sprite","node":{"__id__":7},"_spriteFrame":{"__uuid__":"33DcKl9v5Ef6qoSRMZ5ejJ"},"_sizeMode":0}],"_prefab":{"__type__":"cc.PrefabInfo","root":{"__id__":1},"asset":{"__uuid__":"d5Dx3NcgFHpI08ltBHVxGa"},"fileId":"c7nq1VFGVLcIjfqG6+Obl3"},"_contentSize":{"__type__":"cc.Size","width":28,"height":27},"_scale":{"__type__":"cc.Vec3","x":1,"y":1,"z":1}},{"__type__":"cc.Node","_name":"New Node","_parent":{"__id__":3},"_children":[{"__id__":9},{"__id__":11},{"__id__":14},{"__id__":32}],"_level":4,"_components":[{"__type__":"cc.Sprite","node":{"__id__":8},"_spriteFrame":{"__uuid__":"88CNDsqApDTqps5c7V/Mbz"},"_sizeMode":0},{"__type__":"cc.Widget","node":{"__id__":8},"_alignFlags":40}],"_prefab":{"__type__":"cc.PrefabInfo","root":{"__id__":1},"asset":{"__uuid__":"d5Dx3NcgFHpI08ltBHVxGa"},"fileId":"9dx6Nc4lND3qr/csyw3jog"},"_contentSize":{"__type__":"cc.Size","width":680,"height":140},"_position":{"__type__":"cc.Vec3","y":286},"_scale":{"__type__":"cc.Vec3","x":1,"y":1,"z":1}},{"__type__":"cc.Node","_name":"info","_parent":{"__id__":8},"_children":[{"__id__":10}],"_level":5,"_components":[{"__type__":"cc.Button","node":{"__id__":9},"_N$transition":3,"transition":3,"_N$target":{"__id__":9}}],"_prefab":{"__type__":"cc.PrefabInfo","root":{"__id__":1},"asset":{"__uuid__":"d5Dx3NcgFHpI08ltBHVxGa"},"fileId":"f4crRipXVAjrUI4PZdXi77"},"_contentSize":{"__type__":"cc.Size","width":60,"height":60},"_position":{"__type__":"cc.Vec3","x":29.5,"y":30.5},"_scale":{"__type__":"cc.Vec3","x":1,"y":1,"z":1}},{"__type__":"cc.Node","_name":"question","_parent":{"__id__":9},"_level":6,"_components":[{"__type__":"cc.Sprite","node":{"__id__":10},"_spriteFrame":{"__uuid__":"0fvN9FuF1BbpYsSs/LNqtt"},"_sizeMode":0},{"__type__":"cc.Widget","node":{"__id__":10},"_alignFlags":9,"_left":15,"_top":15}],"_prefab":{"__type__":"cc.PrefabInfo","root":{"__id__":1},"asset":{"__uuid__":"d5Dx3NcgFHpI08ltBHVxGa"},"fileId":"3eA+YmzypMMqLqu+L+KxtG"},"_contentSize":{"__type__":"cc.Size","width":30,"height":30},"_scale":{"__type__":"cc.Vec3","x":1,"y":1,"z":1}},{"__type__":"cc.Node","_name":"herohead","_parent":{"__id__":8},"_children":[{"__id__":12}],"_level":5,"_components":[{"__id__":13},{"__type__":"cc.Widget","node":{"__id__":11},"_alignFlags":8,"_left":5}],"_prefab":{"__type__":"cc.PrefabInfo","root":{"__id__":1},"asset":{"__uuid__":"d5Dx3NcgFHpI08ltBHVxGa"},"fileId":"01XZDVX+5D1K7SBR4rheLg"},"_contentSize":{"__type__":"cc.Size","width":120,"height":120},"_position":{"__type__":"cc.Vec3","x":-275},"_scale":{"__type__":"cc.Vec3","x":1,"y":1,"z":1}},{"__type__":"cc.Node","_name":"lock","_parent":{"__id__":11},"_level":6,"_components":[{"__type__":"cc.Sprite","node":{"__id__":12},"_spriteFrame":{"__uuid__":"74tn1DPapIvpav8k2Cws8L"},"_sizeMode":0}],"_prefab":{"__type__":"cc.PrefabInfo","root":{"__id__":1},"asset":{"__uuid__":"d5Dx3NcgFHpI08ltBHVxGa"},"fileId":"12jYHr4sdMcoFzW+h3DUio"},"_contentSize":{"__type__":"cc.Size","width":125,"height":125},"_scale":{"__type__":"cc.Vec3","x":1,"y":1,"z":1}},{"__type__":"cc.Sprite","node":{"__id__":11},"_sizeMode":0},{"__type__":"cc.Node","_name":"New Node","_parent":{"__id__":8},"_children":[{"__id__":15},{"__id__":21},{"__id__":30}],"_level":5,"_components":[{"__type__":"cc.Layout","node":{"__id__":14},"_layoutSize":{"__type__":"cc.Size","width":300,"height":86},"_resize":1,"_N$layoutType":2},{"__type__":"cc.Widget","node":{"__id__":14},"_alignFlags":10,"_left":130}],"_prefab":{"__type__":"cc.PrefabInfo","root":{"__id__":1},"asset":{"__uuid__":"d5Dx3NcgFHpI08ltBHVxGa"},"fileId":"f7GzNGIBtLQJODm1sdo4g1"},"_contentSize":{"__type__":"cc.Size","width":300,"height":86},"_anchorPoint":{"__type__":"cc.Vec2","y":0.5},"_position":{"__type__":"cc.Vec3","x":-210},"_scale":{"__type__":"cc.Vec3","x":1,"y":1,"z":1}},{"__type__":"cc.Node","_name":"New Layout","_parent":{"__id__":14},"_children":[{"__id__":16},{"__id__":18}],"_level":6,"_components":[{"__type__":"cc.Layout","node":{"__id__":15},"_layoutSize":{"__type__":"cc.Size","width":201.39,"height":40},"_resize":1,"_N$layoutType":1,"_N$spacingX":5},{"__type__":"cc.Widget","node":{"__id__":15},"_alignFlags":8}],"_prefab":{"__type__":"cc.PrefabInfo","root":{"__id__":1},"asset":{"__uuid__":"d5Dx3NcgFHpI08ltBHVxGa"},"fileId":"64lw+IRk1NXopW2f7FWxmZ"},"_contentSize":{"__type__":"cc.Size","width":201.39,"height":40},"_anchorPoint":{"__type__":"cc.Vec2","y":0.5},"_position":{"__type__":"cc.Vec3","y":23},"_scale":{"__type__":"cc.Vec3","x":1,"y":1,"z":1}},{"__type__":"cc.Node","_name":"heroname","_parent":{"__id__":15},"_level":7,"_components":[{"__id__":17}],"_prefab":{"__type__":"cc.PrefabInfo","root":{"__id__":1},"asset":{"__uuid__":"d5Dx3NcgFHpI08ltBHVxGa"},"fileId":"3c5pPlytFCuLntf/pqWO1W"},"_contentSize":{"__type__":"cc.Size","width":161.39,"height":26},"_position":{"__type__":"cc.Vec3","x":80.695},"_scale":{"__type__":"cc.Vec3","x":1,"y":1,"z":1}},{"__type__":"cc.Label","node":{"__id__":16},"_srcBlendFactor":1,"_useOriginalSize":false,"_string":"墨镜枪手sad手","_N$string":"墨镜枪手sad手","_fontSize":24,"_lineHeight":26,"_enableWrapText":false,"_N$verticalAlign":1,"_N$overflow":1},{"__type__":"cc.Node","_name":"New Sprite(Splash)","_parent":{"__id__":15},"_children":[{"__id__":19}],"_level":7,"_components":[{"__type__":"cc.Sprite","node":{"__id__":18},"_spriteFrame":{"__uuid__":"d6vK0Qv/ZCX75ibNRWzPGE"},"_sizeMode":0}],"_prefab":{"__type__":"cc.PrefabInfo","root":{"__id__":1},"asset":{"__uuid__":"d5Dx3NcgFHpI08ltBHVxGa"},"fileId":"33CmbFNuNCpqQhOSiRuxSd"},"_contentSize":{"__type__":"cc.Size","width":35,"height":40},"_position":{"__type__":"cc.Vec3","x":183.89},"_scale":{"__type__":"cc.Vec3","x":1,"y":1,"z":1}},{"__type__":"cc.Node","_name":"New Label","_parent":{"__id__":18},"_level":8,"_components":[{"__id__":20}],"_prefab":{"__type__":"cc.PrefabInfo","root":{"__id__":1},"asset":{"__uuid__":"d5Dx3NcgFHpI08ltBHVxGa"},"fileId":"94jUZsR1NNALuaD8wqj0GR"},"_contentSize":{"__type__":"cc.Size","width":24.91,"height":26},"_scale":{"__type__":"cc.Vec3","x":1,"y":1,"z":1}},{"__type__":"cc.Label","node":{"__id__":19},"_srcBlendFactor":1,"_useOriginalSize":false,"_string":"11","_N$string":"11","_fontSize":24,"_lineHeight":26,"_N$horizontalAlign":1,"_N$verticalAlign":1},{"__type__":"cc.Node","_name":"New Node","_parent":{"__id__":14},"_children":[{"__id__":22},{"__id__":26}],"_level":6,"_components":[{"__type__":"cc.Widget","node":{"__id__":21},"_alignFlags":8}],"_prefab":{"__type__":"cc.PrefabInfo","root":{"__id__":1},"asset":{"__uuid__":"d5Dx3NcgFHpI08ltBHVxGa"},"fileId":"49Fgd/Ze9Nh46kJKMp01h+"},"_contentSize":{"__type__":"cc.Size","height":26},"_anchorPoint":{"__type__":"cc.Vec2","y":0.5},"_position":{"__type__":"cc.Vec3","y":-10},"_scale":{"__type__":"cc.Vec3","x":1,"y":1,"z":1}},{"__type__":"cc.Node","_name":"New Layout","_parent":{"__id__":21},"_children":[{"__id__":23},{"__id__":24}],"_level":7,"_components":[{"__type__":"cc.Layout","node":{"__id__":22},"_layoutSize":{"__type__":"cc.Size","width":40.49,"height":26},"_resize":1,"_N$layoutType":1},{"__type__":"cc.Widget","node":{"__id__":22},"_alignFlags":8}],"_prefab":{"__type__":"cc.PrefabInfo","root":{"__id__":1},"asset":{"__uuid__":"d5Dx3NcgFHpI08ltBHVxGa"},"fileId":"5dgoJJEvROF73oxL8IlM+9"},"_contentSize":{"__type__":"cc.Size","width":40.49,"height":26},"_anchorPoint":{"__type__":"cc.Vec2","y":0.5},"_scale":{"__type__":"cc.Vec3","x":1,"y":1,"z":1}},{"__type__":"cc.Node","_name":"New Label","_parent":{"__id__":22},"_level":8,"_components":[{"__type__":"cc.Label","node":{"__id__":23},"_srcBlendFactor":1,"_useOriginalSize":false,"_string":"LV.","_N$string":"LV.","_fontSize":22,"_lineHeight":24,"_N$horizontalAlign":1,"_N$verticalAlign":1}],"_prefab":{"__type__":"cc.PrefabInfo","root":{"__id__":1},"asset":{"__uuid__":"d5Dx3NcgFHpI08ltBHVxGa"},"fileId":"5f0//WU19MvoXWjWt66qLM"},"_color":{"__type__":"cc.Color","r":173,"g":177,"b":202},"_contentSize":{"__type__":"cc.Size","width":29.37,"height":24},"_position":{"__type__":"cc.Vec3","x":14.685},"_scale":{"__type__":"cc.Vec3","x":1,"y":1,"z":1}},{"__type__":"cc.Node","_name":"level","_parent":{"__id__":22},"_level":8,"_components":[{"__id__":25}],"_prefab":{"__type__":"cc.PrefabInfo","root":{"__id__":1},"asset":{"__uuid__":"d5Dx3NcgFHpI08ltBHVxGa"},"fileId":"1dCw4GgupHupT8r8uJQiqC"},"_color":{"__type__":"cc.Color","r":214,"g":255},"_contentSize":{"__type__":"cc.Size","width":11.12,"height":26},"_position":{"__type__":"cc.Vec3","x":34.93},"_scale":{"__type__":"cc.Vec3","x":1,"y":1,"z":1}},{"__type__":"cc.Label","node":{"__id__":24},"_srcBlendFactor":1,"_useOriginalSize":false,"_string":"2","_N$string":"2","_fontSize":20,"_lineHeight":26,"_N$horizontalAlign":1,"_N$verticalAlign":1},{"__type__":"cc.Node","_name":"New Node","_parent":{"__id__":21},"_children":[{"__id__":27},{"__id__":28}],"_level":7,"_components":[{"__type__":"cc.Layout","node":{"__id__":26},"_layoutSize":{"__type__":"cc.Size","width":105.84,"height":200},"_resize":1,"_N$layoutType":1}],"_prefab":{"__type__":"cc.PrefabInfo","root":{"__id__":1},"asset":{"__uuid__":"d5Dx3NcgFHpI08ltBHVxGa"},"fileId":"1dUxFDXpNLBZn2w2g7Ozf9"},"_contentSize":{"__type__":"cc.Size","width":105.84,"height":200},"_anchorPoint":{"__type__":"cc.Vec2","y":0.5},"_position":{"__type__":"cc.Vec3","x":96},"_scale":{"__type__":"cc.Vec3","x":1,"y":1,"z":1}},{"__type__":"cc.Node","_name":"New Label","_parent":{"__id__":26},"_level":8,"_components":[{"__type__":"cc.Label","node":{"__id__":27},"_srcBlendFactor":1,"_useOriginalSize":false,"_string":"DPS:","_N$string":"DPS:","_fontSize":22,"_lineHeight":24,"_N$horizontalAlign":1,"_N$verticalAlign":1}],"_prefab":{"__type__":"cc.PrefabInfo","root":{"__id__":1},"asset":{"__uuid__":"d5Dx3NcgFHpI08ltBHVxGa"},"fileId":"feX5M5lOtPR7m3S5Lt/ILD"},"_color":{"__type__":"cc.Color","r":173,"g":177,"b":202},"_contentSize":{"__type__":"cc.Size","width":51.35,"height":24},"_position":{"__type__":"cc.Vec3","x":25.675},"_scale":{"__type__":"cc.Vec3","x":1,"y":1,"z":1}},{"__type__":"cc.Node","_name":"dps","_parent":{"__id__":26},"_level":8,"_components":[{"__id__":29}],"_prefab":{"__type__":"cc.PrefabInfo","root":{"__id__":1},"asset":{"__uuid__":"d5Dx3NcgFHpI08ltBHVxGa"},"fileId":"e9sghMs+FIK5+LER5qZ+9H"},"_color":{"__type__":"cc.Color","r":214,"g":255},"_contentSize":{"__type__":"cc.Size","width":54.49,"height":26},"_anchorPoint":{"__type__":"cc.Vec2","y":0.5},"_position":{"__type__":"cc.Vec3","x":51.35},"_scale":{"__type__":"cc.Vec3","x":1,"y":1,"z":1}},{"__type__":"cc.Label","node":{"__id__":28},"_srcBlendFactor":1,"_useOriginalSize":false,"_string":"100ac","_N$string":"100ac","_fontSize":20,"_lineHeight":26,"_N$horizontalAlign":1,"_N$verticalAlign":1},{"__type__":"cc.Node","_name":"desc","_parent":{"__id__":14},"_level":6,"_components":[{"__id__":31},{"__type__":"cc.Widget","node":{"__id__":30},"_alignFlags":8}],"_prefab":{"__type__":"cc.PrefabInfo","root":{"__id__":1},"asset":{"__uuid__":"d5Dx3NcgFHpI08ltBHVxGa"},"fileId":"47j+pux85NEpn2CageXr4+"},"_color":{"__type__":"cc.Color","r":173,"g":177,"b":202},"_contentSize":{"__type__":"cc.Size","width":550,"height":20},"_anchorPoint":{"__type__":"cc.Vec2","y":0.5},"_position":{"__type__":"cc.Vec3","y":-33},"_scale":{"__type__":"cc.Vec3","x":1,"y":1,"z":1}},{"__type__":"cc.Label","node":{"__id__":30},"_srcBlendFactor":1,"_useOriginalSize":false,"_fontSize":18,"_lineHeight":20,"_N$verticalAlign":1,"_N$fontFamily":"苹方","_N$overflow":3},{"__type__":"cc.Node","_name":"fairy","_parent":{"__id__":8},"_children":[{"__id__":33}],"_level":5,"_components":[{"__type__":"cc.Sprite","node":{"__id__":32},"_spriteFrame":{"__uuid__":"56Lrm16vFMuL2Wru9O2Esq"}},{"__type__":"cc.Widget","node":{"__id__":32},"_alignFlags":33,"_right":17.900000000000006,"_top":16}],"_prefab":{"__type__":"cc.PrefabInfo","root":{"__id__":1},"asset":{"__uuid__":"d5Dx3NcgFHpI08ltBHVxGa"},"fileId":"71bZ9/fCxFRKppJzfaEOSk"},"_opacity":0,"_contentSize":{"__type__":"cc.Size","width":257,"height":49},"_position":{"__type__":"cc.Vec3","x":193.60000000000002,"y":29.5},"_scale":{"__type__":"cc.Vec3","x":1,"y":1,"z":1}},{"__type__":"cc.Node","_name":"text","_parent":{"__id__":32},"_level":6,"_components":[{"__type__":"cc.Label","node":{"__id__":33},"_srcBlendFactor":1,"_useOriginalSize":false,"_string":"累计使用卡牌数","_N$string":"累计使用卡牌数","_fontSize":25,"_lineHeight":27,"_N$horizontalAlign":1,"_N$verticalAlign":1,"_N$fontFamily":"苹方"}],"_prefab":{"__type__":"cc.PrefabInfo","root":{"__id__":1},"asset":{"__uuid__":"d5Dx3NcgFHpI08ltBHVxGa"},"fileId":"b0JharGu9ET4yrXedaY5Fa"},"_contentSize":{"__type__":"cc.Size","width":175,"height":27},"_scale":{"__type__":"cc.Vec3","x":1,"y":1,"z":1}},{"__type__":"cc.Node","_name":"heroskillnode","_parent":{"__id__":3},"_level":4,"_components":[{"__type__":"cc.Layout","node":{"__id__":34},"_layoutSize":{"__type__":"cc.Size","width":200,"height":150},"_resize":1,"_N$layoutType":2,"_N$spacingY":5}],"_prefab":{"__type__":"cc.PrefabInfo","root":{"__id__":1},"asset":{"__uuid__":"d5Dx3NcgFHpI08ltBHVxGa"},"fileId":"2c0SGsba1LEpJLD8xq52Ha"},"_contentSize":{"__type__":"cc.Size","width":200,"height":150},"_position":{"__type__":"cc.Vec3","y":131},"_scale":{"__type__":"cc.Vec3","x":1,"y":1,"z":1}},{"__type__":"cc.Node","_name":"share","_parent":{"__id__":1},"_children":[{"__id__":36}],"_level":2,"_components":[{"__type__":"cc.Sprite","node":{"__id__":35},"_spriteFrame":{"__uuid__":"39PxN1FxBCxLjMGmRJhgVO"},"_type":1,"_sizeMode":0},{"__type__":"cc.Button","node":{"__id__":35},"_N$transition":3,"transition":3,"_N$normalColor":{"__type__":"cc.Color","r":255,"g":255,"b":255},"_N$pressedColor":{"__type__":"cc.Color","r":255,"g":255,"b":255},"pressedColor":{"__type__":"cc.Color","r":255,"g":255,"b":255},"_N$disabledColor":{"__type__":"cc.Color","r":255,"g":255,"b":255},"_N$normalSprite":{"__uuid__":"f0BIwQ8D5Ml7nTNQbh1YlS"},"_N$pressedSprite":{"__uuid__":"e97GVMl6JHh5Ml5qEDdSGa"},"pressedSprite":{"__uuid__":"e97GVMl6JHh5Ml5qEDdSGa"},"_N$hoverSprite":{"__uuid__":"f0BIwQ8D5Ml7nTNQbh1YlS"},"hoverSprite":{"__uuid__":"f0BIwQ8D5Ml7nTNQbh1YlS"},"_N$disabledSprite":{"__uuid__":"29FYIk+N1GYaeWH/q1NxQO"},"_N$target":{"__id__":35}},{"__type__":"cc.Widget","node":{"__id__":35},"_alignFlags":1,"_top":788}],"_prefab":{"__type__":"cc.PrefabInfo","root":{"__id__":1},"asset":{"__uuid__":"d5Dx3NcgFHpI08ltBHVxGa"},"fileId":"81SGfLaBhLz7ujqsOWmKC1"},"_contentSize":{"__type__":"cc.Size","width":180,"height":70},"_position":{"__type__":"cc.Vec3","y":-388},"_scale":{"__type__":"cc.Vec3","x":1,"y":1,"z":1}},{"__type__":"cc.Node","_name":"Label","_parent":{"__id__":35},"_components":[{"__type__":"cc.Label","node":{"__id__":36},"_srcBlendFactor":1,"_useOriginalSize":false,"_string":"分享领钻石","_N$string":"分享领钻石","_fontSize":25,"_lineHeight":27,"_enableWrapText":false,"_N$horizontalAlign":1,"_N$verticalAlign":1,"_N$overflow":1}],"_prefab":{"__type__":"cc.PrefabInfo","root":{"__id__":1},"asset":{"__uuid__":"d5Dx3NcgFHpI08ltBHVxGa"},"fileId":"d13IzsBYFJcKeh8Gwf+s09"},"_contentSize":{"__type__":"cc.Size","width":130,"height":40},"_scale":{"__type__":"cc.Vec3","x":1,"y":1,"z":1}}],{"__type__":"cc.SpriteFrame","content":{"name":"kapai","texture":"a1kFce2/xNx60AtnsccfV2","rect":[379,929,32,38],"offset":[0,0],"originalSize":[32,38],"capInsets":[0,0,0,0]}},{"__type__":"cc.SpriteFrame","content":{"name":"default_btn_pressed","texture":"b4P/PCArtIdIH38t6mlw8Y","rect":[0,0,40,40],"offset":[0,0],"originalSize":[40,40],"capInsets":[12,12,12,12]}},{"__type__":"cc.SpriteFrame","content":{"name":"default_btn_normal","texture":"e8Ueib+qJEhL6mXAHdnwbi","rect":[0,0,40,40],"offset":[0,0],"originalSize":[40,40],"capInsets":[12,12,12,12]}}]