[[{"__type__":"cc.Prefab","_name":"itemtitle","data":{"__id__":1}},{"__type__":"cc.Node","_name":"itemtitle","_children":[{"__id__":2}],"_level":1,"_components":[{"__type__":"8ff3aTlKoFPJbOQ0juPxaCc","node":{"__id__":1},"img":{"__id__":5},"text":{"__id__":7}}],"_prefab":{"__type__":"cc.PrefabInfo","root":{"__id__":1},"asset":{"__uuid__":"a2MnRzPYtG/4g1/EwAL+ds"},"fileId":"a20EqZz6lIyKqwEWHJyT8O"},"_contentSize":{"__type__":"cc.Size","width":699,"height":88},"_anchorPoint":{"__type__":"cc.Vec2","x":0.5,"y":1},"_scale":{"__type__":"cc.Vec3","x":1,"y":1,"z":1}},{"__type__":"cc.Node","_name":"bg","_parent":{"__id__":1},"_children":[{"__id__":3}],"_level":2,"_components":[{"__type__":"cc.Sprite","node":{"__id__":2},"_spriteFrame":{"__uuid__":"d6l015svpIOY5XH078cCax"},"_type":1,"_sizeMode":0}],"_prefab":{"__type__":"cc.PrefabInfo","root":{"__id__":1},"asset":{"__uuid__":"a2MnRzPYtG/4g1/EwAL+ds"},"fileId":"18ElPYvztIKIqBKAIoXyDq"},"_contentSize":{"__type__":"cc.Size","width":699,"height":88},"_position":{"__type__":"cc.Vec3","y":-44},"_scale":{"__type__":"cc.Vec3","x":1,"y":1,"z":1}},{"__type__":"cc.Node","_name":"New Layout","_parent":{"__id__":2},"_children":[{"__id__":4},{"__id__":6}],"_level":3,"_components":[{"__type__":"cc.Layout","node":{"__id__":3},"_layoutSize":{"__type__":"cc.Size","width":80,"height":150},"_resize":1,"_N$layoutType":1,"_N$spacingX":5}],"_prefab":{"__type__":"cc.PrefabInfo","root":{"__id__":1},"asset":{"__uuid__":"a2MnRzPYtG/4g1/EwAL+ds"},"fileId":"41Pe+GZkBCJ4VhazkGCIfc"},"_contentSize":{"__type__":"cc.Size","width":80,"height":150},"_scale":{"__type__":"cc.Vec3","x":1,"y":1,"z":1}},{"__type__":"cc.Node","_name":"New Sprite(Splash)","_parent":{"__id__":3},"_level":4,"_components":[{"__id__":5}],"_prefab":{"__type__":"cc.PrefabInfo","root":{"__id__":1},"asset":{"__uuid__":"a2MnRzPYtG/4g1/EwAL+ds"},"fileId":"14pJfCIJZOJYtdt48n7AdU"},"_contentSize":{"__type__":"cc.Size","width":75,"height":75},"_position":{"__type__":"cc.Vec3","x":-2.5},"_scale":{"__type__":"cc.Vec3","x":1,"y":1,"z":1}},{"__type__":"cc.Sprite","node":{"__id__":4}},{"__type__":"cc.Node","_name":"New Label","_parent":{"__id__":3},"_level":4,"_components":[{"__id__":7}],"_prefab":{"__type__":"cc.PrefabInfo","root":{"__id__":1},"asset":{"__uuid__":"a2MnRzPYtG/4g1/EwAL+ds"},"fileId":"943OZf+QVCNJe7fXZaASBM"},"_contentSize":{"__type__":"cc.Size","height":32},"_position":{"__type__":"cc.Vec3","x":40},"_scale":{"__type__":"cc.Vec3","x":1,"y":1,"z":1}},{"__type__":"cc.Label","node":{"__id__":6},"_srcBlendFactor":1,"_useOriginalSize":false,"_fontSize":30,"_lineHeight":32,"_N$horizontalAlign":1,"_N$verticalAlign":1}],{"__type__":"cc.SpriteFrame","content":{"name":"fenge","texture":"a1kFce2/xNx60AtnsccfV2","rect":[916,0,34,88],"offset":[0,0],"originalSize":[34,88],"capInsets":[7,10,6,11]}}]