[[{"__type__":"cc.Prefab","_name":"ArtifacVipAward","data":{"__id__":1}},{"__type__":"cc.Node","_name":"vipaward","_children":[{"__id__":2}],"_level":1,"_components":[{"__type__":"a3125LjnWpDw46garZizVTL","node":{"__id__":1},"colse":{"__id__":4},"clickBtn":{"__id__":34}}],"_prefab":{"__type__":"cc.PrefabInfo","root":{"__id__":1},"asset":{"__uuid__":"2f13rivHVParYeEsPPWeUF"},"fileId":"b1Bk6pRCdNBZaDvqbX0EaZ"},"_contentSize":{"__type__":"cc.Size","width":688,"height":428},"_scale":{"__type__":"cc.Vec3","x":1,"y":1,"z":1}},{"__type__":"cc.Node","_name":"New Sprite(Splash)","_parent":{"__id__":1},"_children":[{"__id__":3},{"__id__":9},{"__id__":11},{"__id__":19}],"_level":2,"_components":[{"__type__":"cc.Sprite","node":{"__id__":2},"_spriteFrame":{"__uuid__":"f3nuq+XOJNVoQOaU0+j0CS"},"_type":1,"_sizeMode":0}],"_prefab":{"__type__":"cc.PrefabInfo","root":{"__id__":1},"asset":{"__uuid__":"2f13rivHVParYeEsPPWeUF"},"fileId":"17tJLGigZO/48FW17IYTJM"},"_contentSize":{"__type__":"cc.Size","width":688,"height":428},"_scale":{"__type__":"cc.Vec3","x":1,"y":1,"z":1}},{"__type__":"cc.Node","_name":"alert-shangcehng","_parent":{"__id__":2},"_children":[{"__id__":4},{"__id__":6}],"_level":3,"_components":[{"__id__":8},{"__type__":"cc.Widget","node":{"__id__":3},"_alignFlags":1,"_top":-15},{"__type__":"32540GFq4FAT5ZSyUpi/XyW","node":{"__id__":3},"img":{"__id__":8},"url":"texture/newpacke/libaobiaoti.png"}],"_prefab":{"__type__":"cc.PrefabInfo","root":{"__id__":1},"asset":{"__uuid__":"2f13rivHVParYeEsPPWeUF"},"fileId":"a6mNnPIYRL64X6JQX316WF"},"_contentSize":{"__type__":"cc.Size","width":690,"height":110},"_position":{"__type__":"cc.Vec3","y":174},"_scale":{"__type__":"cc.Vec3","x":1,"y":1,"z":1}},{"__type__":"cc.Node","_name":"New Sprite(Splash)","_parent":{"__id__":3},"_children":[{"__id__":5}],"_level":4,"_components":[{"__type__":"cc.Sprite","node":{"__id__":4},"_sizeMode":0},{"__type__":"cc.Widget","node":{"__id__":4},"_alignFlags":36,"_right":15,"_bottom":5.5},{"__type__":"cc.Button","node":{"__id__":4},"_N$transition":3,"transition":3,"_N$target":{"__id__":4}}],"_prefab":{"__type__":"cc.PrefabInfo","root":{"__id__":1},"asset":{"__uuid__":"2f13rivHVParYeEsPPWeUF"},"fileId":"ddF9Zt80FPo5tFCgjVDD03"},"_contentSize":{"__type__":"cc.Size","width":70,"height":70},"_position":{"__type__":"cc.Vec3","x":295,"y":-14.5},"_scale":{"__type__":"cc.Vec3","x":1,"y":1,"z":1}},{"__type__":"cc.Node","_name":"alert-close","_parent":{"__id__":4},"_level":5,"_components":[{"__type__":"cc.Sprite","node":{"__id__":5},"_spriteFrame":{"__uuid__":"33DcKl9v5Ef6qoSRMZ5ejJ"}}],"_prefab":{"__type__":"cc.PrefabInfo","root":{"__id__":1},"asset":{"__uuid__":"2f13rivHVParYeEsPPWeUF"},"fileId":"aabkpmcOpK/JT4aUXtZvXi"},"_contentSize":{"__type__":"cc.Size","width":28,"height":27},"_scale":{"__type__":"cc.Vec3","x":1,"y":1,"z":1}},{"__type__":"cc.Node","_name":"New Sprite(Splash)","_parent":{"__id__":3},"_level":4,"_components":[{"__id__":7},{"__type__":"cc.Widget","node":{"__id__":6},"_alignFlags":9},{"__type__":"32540GFq4FAT5ZSyUpi/XyW","node":{"__id__":6},"img":{"__id__":7},"url":"texture/newpacke/xiangou.png"}],"_prefab":{"__type__":"cc.PrefabInfo","root":{"__id__":1},"asset":{"__uuid__":"2f13rivHVParYeEsPPWeUF"},"fileId":"48cfHLQyhEKaZrgkGGkVv2"},"_contentSize":{"__type__":"cc.Size","width":100,"height":100},"_position":{"__type__":"cc.Vec3","x":-295,"y":5},"_scale":{"__type__":"cc.Vec3","x":1,"y":1,"z":1}},{"__type__":"cc.Sprite","node":{"__id__":6},"_sizeMode":0},{"__type__":"cc.Sprite","node":{"__id__":3},"_sizeMode":0},{"__type__":"cc.Node","_name":"人物金币装饰@2x","_parent":{"__id__":2},"_level":3,"_components":[{"__id__":10},{"__type__":"cc.Widget","node":{"__id__":9},"_alignFlags":12},{"__type__":"32540GFq4FAT5ZSyUpi/XyW","node":{"__id__":9},"img":{"__id__":10},"url":"texture/newpacke/baixuenvwang.png"}],"_prefab":{"__type__":"cc.PrefabInfo","root":{"__id__":1},"asset":{"__uuid__":"2f13rivHVParYeEsPPWeUF"},"fileId":"86/uIHjltLOIgIDH8TZZGu"},"_contentSize":{"__type__":"cc.Size","width":186,"height":342},"_position":{"__type__":"cc.Vec3","x":-251,"y":-43},"_scale":{"__type__":"cc.Vec3","x":1,"y":1,"z":1}},{"__type__":"cc.Sprite","node":{"__id__":9}},{"__type__":"cc.Node","_name":"金币X2@2x","_parent":{"__id__":2},"_children":[{"__id__":12},{"__id__":14}],"_level":3,"_components":[{"__id__":18},{"__type__":"cc.Widget","node":{"__id__":11},"_alignFlags":32,"_right":32},{"__type__":"32540GFq4FAT5ZSyUpi/XyW","node":{"__id__":11},"img":{"__id__":18},"url":"texture/newpacke/yellow.png"}],"_prefab":{"__type__":"cc.PrefabInfo","root":{"__id__":1},"asset":{"__uuid__":"2f13rivHVParYeEsPPWeUF"},"fileId":"33ltg2HRNJV5WoWQF9+KuJ"},"_contentSize":{"__type__":"cc.Size","width":450,"height":150},"_position":{"__type__":"cc.Vec3","x":87,"y":21},"_scale":{"__type__":"cc.Vec3","x":1,"y":1,"z":1}},{"__type__":"cc.Node","_name":"符石图标@2x","_parent":{"__id__":11},"_level":4,"_components":[{"__id__":13},{"__type__":"cc.Widget","node":{"__id__":12},"_alignFlags":8,"_left":25.5},{"__type__":"32540GFq4FAT5ZSyUpi/XyW","node":{"__id__":12},"img":{"__id__":13},"url":"texture/newpacke/135.png"}],"_prefab":{"__type__":"cc.PrefabInfo","root":{"__id__":1},"asset":{"__uuid__":"2f13rivHVParYeEsPPWeUF"},"fileId":"411USWzL9JIKC/hg4zA3+k"},"_contentSize":{"__type__":"cc.Size","width":135,"height":135},"_position":{"__type__":"cc.Vec3","x":-132},"_scale":{"__type__":"cc.Vec3","x":1,"y":1,"z":1}},{"__type__":"cc.Sprite","node":{"__id__":12},"_isTrimmedMode":false},{"__type__":"cc.Node","_name":"New Layout","_parent":{"__id__":11},"_children":[{"__id__":15},{"__id__":16},{"__id__":17}],"_level":4,"_components":[{"__type__":"cc.Sprite","node":{"__id__":14},"_type":1,"_sizeMode":0},{"__type__":"cc.Layout","node":{"__id__":14},"_layoutSize":{"__type__":"cc.Size","width":270,"height":150},"_N$layoutType":2},{"__type__":"cc.Widget","node":{"__id__":14},"_alignFlags":32}],"_prefab":{"__type__":"cc.PrefabInfo","root":{"__id__":1},"asset":{"__uuid__":"2f13rivHVParYeEsPPWeUF"},"fileId":"5dEj8y5FlDxJyQN/AZxaAl"},"_contentSize":{"__type__":"cc.Size","width":270,"height":150},"_anchorPoint":{"__type__":"cc.Vec2","y":0.5},"_position":{"__type__":"cc.Vec3","x":-45},"_scale":{"__type__":"cc.Vec3","x":1,"y":1,"z":1}},{"__type__":"cc.Node","_name":"New Label","_parent":{"__id__":14},"_level":5,"_components":[{"__type__":"cc.Label","node":{"__id__":15},"_srcBlendFactor":1,"_useOriginalSize":false,"_string":"●+10%所有获得的金币","_N$string":"●+10%所有获得的金币","_fontSize":24,"_N$verticalAlign":1,"_N$overflow":1},{"__type__":"cc.Widget","node":{"__id__":15},"_alignFlags":40,"_originalWidth":200}],"_prefab":{"__type__":"cc.PrefabInfo","root":{"__id__":1},"asset":{"__uuid__":"2f13rivHVParYeEsPPWeUF"},"fileId":"d6/O0YNkVPGp+Qn7SproUU"},"_contentSize":{"__type__":"cc.Size","width":270,"height":40},"_anchorPoint":{"__type__":"cc.Vec2","y":0.5},"_position":{"__type__":"cc.Vec3","y":55},"_scale":{"__type__":"cc.Vec3","x":1,"y":1,"z":1}},{"__type__":"cc.Node","_name":"New Label","_parent":{"__id__":14},"_level":5,"_components":[{"__type__":"cc.Label","node":{"__id__":16},"_srcBlendFactor":1,"_useOriginalSize":false,"_string":"●+100%所有伤害","_N$string":"●+100%所有伤害","_fontSize":24,"_N$verticalAlign":1,"_N$overflow":1},{"__type__":"cc.Widget","node":{"__id__":16},"_alignFlags":40,"_originalWidth":200}],"_prefab":{"__type__":"cc.PrefabInfo","root":{"__id__":1},"asset":{"__uuid__":"2f13rivHVParYeEsPPWeUF"},"fileId":"61gDXB4LlAKLl25jyXijaN"},"_contentSize":{"__type__":"cc.Size","width":270,"height":40},"_anchorPoint":{"__type__":"cc.Vec2","y":0.5},"_position":{"__type__":"cc.Vec3","y":15},"_scale":{"__type__":"cc.Vec3","x":1,"y":1,"z":1}},{"__type__":"cc.Node","_name":"New Label","_parent":{"__id__":14},"_level":5,"_components":[{"__type__":"cc.Label","node":{"__id__":17},"_srcBlendFactor":1,"_useOriginalSize":false,"_string":"不计入神器获得的上限，不影响新神器的兑换价格","_N$string":"不计入神器获得的上限，不影响新神器的兑换价格","_fontSize":24,"_lineHeight":26,"_N$verticalAlign":1,"_N$fontFamily":"苹方","_N$overflow":3},{"__type__":"cc.Widget","node":{"__id__":17},"_alignFlags":40,"_originalWidth":200}],"_prefab":{"__type__":"cc.PrefabInfo","root":{"__id__":1},"asset":{"__uuid__":"2f13rivHVParYeEsPPWeUF"},"fileId":"63vS8d9iBM4JUQzXBw8sBL"},"_color":{"__type__":"cc.Color"},"_contentSize":{"__type__":"cc.Size","width":270,"height":52},"_anchorPoint":{"__type__":"cc.Vec2","y":0.5},"_position":{"__type__":"cc.Vec3","y":-31},"_scale":{"__type__":"cc.Vec3","x":1,"y":1,"z":1}},{"__type__":"cc.Sprite","node":{"__id__":11},"_type":1,"_sizeMode":0},{"__type__":"cc.Node","_name":"alert-xinshou2","_parent":{"__id__":2},"_children":[{"__id__":20}],"_level":3,"_components":[{"__id__":39},{"__type__":"cc.Widget","node":{"__id__":19},"_alignFlags":36,"_right":25,"_bottom":20},{"__type__":"32540GFq4FAT5ZSyUpi/XyW","node":{"__id__":19},"img":{"__id__":39},"url":"texture/newpacke/jusedi.png"}],"_prefab":{"__type__":"cc.PrefabInfo","root":{"__id__":1},"asset":{"__uuid__":"2f13rivHVParYeEsPPWeUF"},"fileId":"07aaw5nghGnK44rfLD3tXl"},"_contentSize":{"__type__":"cc.Size","width":490,"height":108},"_position":{"__type__":"cc.Vec3","x":74,"y":-140},"_scale":{"__type__":"cc.Vec3","x":1,"y":1,"z":1}},{"__type__":"cc.Node","_name":"New Layout","_parent":{"__id__":19},"_children":[{"__id__":21},{"__id__":25},{"__id__":26},{"__id__":33},{"__id__":34}],"_level":4,"_components":[{"__type__":"cc.Sprite","node":{"__id__":20},"_type":1,"_sizeMode":0},{"__type__":"cc.Layout","node":{"__id__":20},"_layoutSize":{"__type__":"cc.Size","width":490,"height":150},"_N$layoutType":1,"_N$paddingLeft":10,"_N$paddingRight":10,"_N$spacingX":10}],"_prefab":{"__type__":"cc.PrefabInfo","root":{"__id__":1},"asset":{"__uuid__":"2f13rivHVParYeEsPPWeUF"},"fileId":"d2P5CtKSpGZ5hpGaYvM49q"},"_contentSize":{"__type__":"cc.Size","width":490,"height":150},"_scale":{"__type__":"cc.Vec3","x":1,"y":1,"z":1}},{"__type__":"cc.Node","_name":"New Layout","_parent":{"__id__":20},"_children":[{"__id__":22},{"__id__":24}],"_level":5,"_components":[{"__type__":"cc.Sprite","node":{"__id__":21},"_type":1,"_sizeMode":0},{"__type__":"cc.Layout","node":{"__id__":21},"_layoutSize":{"__type__":"cc.Size","width":66,"height":86},"_resize":1,"_N$layoutType":2}],"_prefab":{"__type__":"cc.PrefabInfo","root":{"__id__":1},"asset":{"__uuid__":"2f13rivHVParYeEsPPWeUF"},"fileId":"09nY2+TpZCnKwRkDjU/ZYk"},"_contentSize":{"__type__":"cc.Size","width":66,"height":86},"_position":{"__type__":"cc.Vec3","x":-202},"_scale":{"__type__":"cc.Vec3","x":1,"y":1,"z":1}},{"__type__":"cc.Node","_name":"小符石图标@2x","_parent":{"__id__":21},"_level":6,"_components":[{"__id__":23},{"__type__":"32540GFq4FAT5ZSyUpi/XyW","node":{"__id__":22},"img":{"__id__":23},"url":"texture/newpacke/135.png"}],"_prefab":{"__type__":"cc.PrefabInfo","root":{"__id__":1},"asset":{"__uuid__":"2f13rivHVParYeEsPPWeUF"},"fileId":"baHRfyvBJNi4po2BdWrvx2"},"_contentSize":{"__type__":"cc.Size","width":60,"height":60},"_position":{"__type__":"cc.Vec3","y":13},"_scale":{"__type__":"cc.Vec3","x":1,"y":1,"z":1}},{"__type__":"cc.Sprite","node":{"__id__":22},"_sizeMode":0},{"__type__":"cc.Node","_name":"New Label","_parent":{"__id__":21},"_level":6,"_components":[{"__type__":"cc.Label","node":{"__id__":24},"_srcBlendFactor":1,"_useOriginalSize":false,"_string":"神器x2","_N$string":"神器x2","_fontSize":24,"_lineHeight":26,"_N$horizontalAlign":1,"_N$verticalAlign":1}],"_prefab":{"__type__":"cc.PrefabInfo","root":{"__id__":1},"asset":{"__uuid__":"2f13rivHVParYeEsPPWeUF"},"fileId":"46RhDTtT5H6Y1uRkXKjz/f"},"_contentSize":{"__type__":"cc.Size","width":73.35,"height":26},"_position":{"__type__":"cc.Vec3","y":-30},"_scale":{"__type__":"cc.Vec3","x":1,"y":1,"z":1}},{"__type__":"cc.Node","_name":"New Label","_parent":{"__id__":20},"_level":5,"_components":[{"__type__":"cc.Label","node":{"__id__":25},"_srcBlendFactor":1,"_useOriginalSize":false,"_string":"+","_N$string":"+","_fontSize":70,"_lineHeight":72,"_N$horizontalAlign":1,"_N$verticalAlign":1}],"_prefab":{"__type__":"cc.PrefabInfo","root":{"__id__":1},"asset":{"__uuid__":"2f13rivHVParYeEsPPWeUF"},"fileId":"79zJzyFSJMFIS8NKZkscKO"},"_contentSize":{"__type__":"cc.Size","width":40.88,"height":72},"_position":{"__type__":"cc.Vec3","x":-138.56},"_scale":{"__type__":"cc.Vec3","x":1,"y":1,"z":1}},{"__type__":"cc.Node","_name":"New Layout","_parent":{"__id__":20},"_children":[{"__id__":27},{"__id__":32}],"_level":5,"_components":[{"__type__":"cc.Sprite","node":{"__id__":26},"_type":1,"_sizeMode":0},{"__type__":"cc.Layout","node":{"__id__":26},"_layoutSize":{"__type__":"cc.Size","width":74,"height":86},"_resize":1,"_N$layoutType":2}],"_prefab":{"__type__":"cc.PrefabInfo","root":{"__id__":1},"asset":{"__uuid__":"2f13rivHVParYeEsPPWeUF"},"fileId":"acp9xzRHZDB6LvCrD3k6VR"},"_contentSize":{"__type__":"cc.Size","width":74,"height":86},"_position":{"__type__":"cc.Vec3","x":-71.12},"_scale":{"__type__":"cc.Vec3","x":1,"y":1,"z":1}},{"__type__":"cc.Node","_name":"New Sprite(Splash)","_parent":{"__id__":26},"_children":[{"__id__":28}],"_level":6,"_components":[{"__id__":31},{"__type__":"32540GFq4FAT5ZSyUpi/XyW","node":{"__id__":27},"img":{"__id__":31},"url":"texture/newpacke/zhuanshi3.png"}],"_prefab":{"__type__":"cc.PrefabInfo","root":{"__id__":1},"asset":{"__uuid__":"2f13rivHVParYeEsPPWeUF"},"fileId":"c8h1LPr+BJUIYDtBicIrxQ"},"_contentSize":{"__type__":"cc.Size","width":70,"height":60},"_position":{"__type__":"cc.Vec3","y":13},"_scale":{"__type__":"cc.Vec3","x":1,"y":1,"z":1}},{"__type__":"cc.Node","_name":"折扣标签1@2x","_parent":{"__id__":27},"_children":[{"__id__":29}],"_level":7,"_components":[{"__id__":30},{"__type__":"cc.Widget","node":{"__id__":28},"_alignFlags":36,"_right":-47,"_bottom":32},{"__type__":"32540GFq4FAT5ZSyUpi/XyW","node":{"__id__":28},"img":{"__id__":30},"url":"texture/newpacke/zhekoured.png"}],"_prefab":{"__type__":"cc.PrefabInfo","root":{"__id__":1},"asset":{"__uuid__":"2f13rivHVParYeEsPPWeUF"},"fileId":"c7kEUN5m9NNqkVf2hyjt8R"},"_contentSize":{"__type__":"cc.Size","width":84,"height":84},"_position":{"__type__":"cc.Vec3","x":40,"y":44},"_scale":{"__type__":"cc.Vec3","x":1,"y":1,"z":1}},{"__type__":"cc.Node","_name":"New Label","_parent":{"__id__":28},"_level":8,"_components":[{"__type__":"cc.Label","node":{"__id__":29},"_srcBlendFactor":1,"_useOriginalSize":false,"_string":"赠送","_N$string":"赠送","_fontSize":24,"_lineHeight":26,"_N$horizontalAlign":1,"_N$verticalAlign":1}],"_prefab":{"__type__":"cc.PrefabInfo","root":{"__id__":1},"asset":{"__uuid__":"2f13rivHVParYeEsPPWeUF"},"fileId":"37sqZgu0dPy4s8iOlex45+"},"_contentSize":{"__type__":"cc.Size","width":48,"height":26},"_scale":{"__type__":"cc.Vec3","x":1,"y":1,"z":1}},{"__type__":"cc.Sprite","node":{"__id__":28}},{"__type__":"cc.Sprite","node":{"__id__":27},"_sizeMode":0},{"__type__":"cc.Node","_name":"New Label","_parent":{"__id__":26},"_level":6,"_components":[{"__type__":"cc.Label","node":{"__id__":32},"_srcBlendFactor":1,"_useOriginalSize":false,"_string":"钻石x100","_N$string":"钻石x100","_fontSize":24,"_lineHeight":26,"_N$horizontalAlign":1,"_N$verticalAlign":1}],"_prefab":{"__type__":"cc.PrefabInfo","root":{"__id__":1},"asset":{"__uuid__":"2f13rivHVParYeEsPPWeUF"},"fileId":"9alky9v/hH66bdIuhjMH8g"},"_contentSize":{"__type__":"cc.Size","width":100.04,"height":26},"_position":{"__type__":"cc.Vec3","y":-30},"_scale":{"__type__":"cc.Vec3","x":1,"y":1,"z":1}},{"__type__":"cc.Node","_name":"New Label","_parent":{"__id__":20},"_level":5,"_components":[{"__type__":"cc.Label","node":{"__id__":33},"_srcBlendFactor":1,"_useOriginalSize":false,"_string":"=","_N$string":"=","_fontSize":72,"_lineHeight":74,"_N$horizontalAlign":1,"_N$verticalAlign":1}],"_prefab":{"__type__":"cc.PrefabInfo","root":{"__id__":1},"asset":{"__uuid__":"2f13rivHVParYeEsPPWeUF"},"fileId":"65mlRBy0FOt5CddWwz28iB"},"_contentSize":{"__type__":"cc.Size","width":42.05,"height":74},"_position":{"__type__":"cc.Vec3","x":-3.095000000000006},"_scale":{"__type__":"cc.Vec3","x":1,"y":1,"z":1}},{"__type__":"cc.Node","_name":"New Node","_parent":{"__id__":20},"_children":[{"__id__":35},{"__id__":36}],"_level":5,"_components":[{"__type__":"cc.Sprite","node":{"__id__":34},"_spriteFrame":{"__uuid__":"eapAElRfhC7rsLpGsAOX29"}},{"__type__":"cc.Button","node":{"__id__":34},"_N$transition":3,"transition":3,"_N$target":{"__id__":34}}],"_prefab":{"__type__":"cc.PrefabInfo","root":{"__id__":1},"asset":{"__uuid__":"2f13rivHVParYeEsPPWeUF"},"fileId":"c0WSm/DrlJ0bUhcYLL4qEh"},"_contentSize":{"__type__":"cc.Size","width":197,"height":91},"_position":{"__type__":"cc.Vec3","x":126.42999999999999},"_scale":{"__type__":"cc.Vec3","x":1,"y":1,"z":1}},{"__type__":"cc.Node","_name":"New Label","_parent":{"__id__":34},"_level":6,"_components":[{"__type__":"cc.Label","node":{"__id__":35},"_srcBlendFactor":1,"_useOriginalSize":false,"_string":"￥68.00","_N$string":"￥68.00","_fontSize":30,"_lineHeight":32,"_N$horizontalAlign":1,"_N$verticalAlign":1}],"_prefab":{"__type__":"cc.PrefabInfo","root":{"__id__":1},"asset":{"__uuid__":"2f13rivHVParYeEsPPWeUF"},"fileId":"7cBy+c6g9GLKTwwQUdV30S"},"_contentSize":{"__type__":"cc.Size","width":105.07,"height":32},"_scale":{"__type__":"cc.Vec3","x":1,"y":1,"z":1}},{"__type__":"cc.Node","_name":"折扣标签2@2x","_parent":{"__id__":34},"_children":[{"__id__":37}],"_level":6,"_components":[{"__id__":38},{"__type__":"cc.Widget","node":{"__id__":36},"_alignFlags":36,"_right":-25.5,"_bottom":49.5},{"__type__":"32540GFq4FAT5ZSyUpi/XyW","node":{"__id__":36},"img":{"__id__":38},"url":"texture/newpacke/zhekoubule.png"}],"_prefab":{"__type__":"cc.PrefabInfo","root":{"__id__":1},"asset":{"__uuid__":"2f13rivHVParYeEsPPWeUF"},"fileId":"9ckNr5GdtCnqo5GzQEyVoU"},"_contentSize":{"__type__":"cc.Size","width":84,"height":84},"_position":{"__type__":"cc.Vec3","x":82,"y":46},"_scale":{"__type__":"cc.Vec3","x":1,"y":1,"z":1}},{"__type__":"cc.Node","_name":"New Label","_parent":{"__id__":36},"_level":7,"_components":[{"__type__":"cc.Label","node":{"__id__":37},"_srcBlendFactor":1,"_useOriginalSize":false,"_string":"3折","_N$string":"3折","_fontSize":24,"_lineHeight":26,"_N$horizontalAlign":1,"_N$verticalAlign":1}],"_prefab":{"__type__":"cc.PrefabInfo","root":{"__id__":1},"asset":{"__uuid__":"2f13rivHVParYeEsPPWeUF"},"fileId":"869c8wSqhH/YooPQWDjfTL"},"_contentSize":{"__type__":"cc.Size","width":37.35,"height":26},"_scale":{"__type__":"cc.Vec3","x":1,"y":1,"z":1}},{"__type__":"cc.Sprite","node":{"__id__":36}},{"__type__":"cc.Sprite","node":{"__id__":19},"_type":1,"_sizeMode":0}],{"__type__":"cc.SpriteFrame","content":{"name":"close (2)","texture":"a1kFce2/xNx60AtnsccfV2","rect":[383,897,28,27],"offset":[0,0],"originalSize":[28,27],"capInsets":[0,0,0,0]}},{"__type__":"cc.SpriteFrame","content":{"name":"xinshou","texture":"a1kFce2/xNx60AtnsccfV2","rect":[545,476,197,91],"offset":[0,0],"originalSize":[197,91],"capInsets":[0,0,0,0]}},{"__type__":"cc.SpriteFrame","content":{"name":"tanchuangbg4","texture":"a1kFce2/xNx60AtnsccfV2","rect":[754,362,80,78],"offset":[0,0],"originalSize":[80,78],"capInsets":[10,9,9,10]}}]