[{"__type__":"cc.SpriteFrame","content":{"name":"bg02","texture":"5etifaFftJ9pTBRXqZ8GCf","rect":[10,775,750,584],"offset":[0,0],"originalSize":[750,584],"capInsets":[0,0,0,0]}},{"__type__":"cc.SpriteFrame","content":{"name":"bg11","texture":"5etifaFftJ9pTBRXqZ8GCf","rect":[775,298,169,163],"offset":[0,0],"originalSize":[169,163],"capInsets":[0,0,0,0]}},{"__type__":"cc.SpriteFrame","content":{"name":"bg00","texture":"5etifaFftJ9pTBRXqZ8GCf","rect":[775,10,273,237],"offset":[0,0],"originalSize":[273,237],"rotated":1,"capInsets":[0,0,0,0]}},{"__type__":"cc.SpriteFrame","content":{"name":"bg21","texture":"5etifaFftJ9pTBRXqZ8GCf","rect":[775,654,149,130],"offset":[0,0],"originalSize":[149,130],"capInsets":[0,0,0,0]}},{"__type__":"cc.SpriteFrame","content":{"name":"bg22","texture":"5etifaFftJ9pTBRXqZ8GCf","rect":[775,799,149,130],"offset":[0,0],"originalSize":[149,130],"capInsets":[0,0,0,0]}},{"__type__":"cc.SpriteAtlas","_name":"12.plist","_spriteFrames":{"bg00":{"__uuid__":"86XHeRTc5LVK3Kr8l+3Iri"},"bg01":{"__uuid__":"cdNZdq4ChK+4CYIb3LFXHy"},"bg02":{"__uuid__":"20LRjkodhK2KLZkONWofss"},"bg11":{"__uuid__":"2cm1kb2jNAILI3oU82PVj2"},"bg12":{"__uuid__":"f0yF0wL5BCWJbFyN9XKmq4"},"bg21":{"__uuid__":"9eJlP7FdlH9pgoLnKzwElI"},"bg22":{"__uuid__":"a1wQR9JJ1PHoiPiu1O0ZBf"},"bg31":{"__uuid__":"c1w4lHNwpIFaZd9CiN4AsU"},"bg32":{"__uuid__":"c4bFe8c+dHVZ1kjWPt8oSn"}}},{"__type__":"cc.SpriteFrame","content":{"name":"bg31","texture":"5etifaFftJ9pTBRXqZ8GCf","rect":[939,654,136,69],"offset":[0,0],"originalSize":[136,69],"rotated":1,"capInsets":[0,0,0,0]}},{"__type__":"cc.SpriteFrame","content":{"name":"bg32","texture":"5etifaFftJ9pTBRXqZ8GCf","rect":[939,805,136,69],"offset":[0,0],"originalSize":[136,69],"rotated":1,"capInsets":[0,0,0,0]}},{"__type__":"cc.SpriteFrame","content":{"name":"bg01","texture":"5etifaFftJ9pTBRXqZ8GCf","rect":[10,10,750,750],"offset":[0,0],"originalSize":[750,750],"capInsets":[0,0,0,0]}},{"__type__":"cc.SpriteFrame","content":{"name":"bg12","texture":"5etifaFftJ9pTBRXqZ8GCf","rect":[775,476,169,163],"offset":[0,0],"originalSize":[169,163],"capInsets":[0,0,0,0]}}]