[{"__type__":"cc.SpriteFrame","content":{"name":"bg","texture":"a1kFce2/xNx60AtnsccfV2","rect":[817,0,19,296],"offset":[0,0],"originalSize":[19,296],"capInsets":[7,13,5,31]}},[{"__type__":"cc.Prefab","_name":"TextInfo","data":{"__id__":1}},{"__type__":"cc.Node","_name":"bg","_children":[{"__id__":2},{"__id__":9}],"_level":1,"_components":[{"__type__":"cc.Sprite","node":{"__id__":1},"_spriteFrame":{"__uuid__":"5eRhrMrEJO/bOOzjVRAFoh"},"_type":1,"_sizeMode":0},{"__type__":"343a1FodxtP1oqrzeA2BSuu","node":{"__id__":1},"delete":{"__id__":7},"content":{"__id__":11},"title":{"__id__":6}}],"_prefab":{"__type__":"cc.PrefabInfo","root":{"__id__":1},"asset":{"__uuid__":"c1a0OcvLRItJ19j7y1r1Kw"},"fileId":"4d7hmLXJ9Lo6FEw0kbflWr"},"_contentSize":{"__type__":"cc.Size","width":650,"height":296},"_position":{"__type__":"cc.Vec3","y":-174},"_scale":{"__type__":"cc.Vec3","x":1,"y":1,"z":1}},{"__type__":"cc.Node","_name":"top","_parent":{"__id__":1},"_children":[{"__id__":3},{"__id__":5},{"__id__":7}],"_level":2,"_components":[{"__type__":"cc.Sprite","node":{"__id__":2},"_type":1,"_sizeMode":0},{"__type__":"cc.Widget","node":{"__id__":2},"_alignFlags":41,"_top":5,"_originalWidth":263}],"_prefab":{"__type__":"cc.PrefabInfo","root":{"__id__":1},"asset":{"__uuid__":"c1a0OcvLRItJ19j7y1r1Kw"},"fileId":"28WH8/3pRGZoO+Yhr9PH3g"},"_contentSize":{"__type__":"cc.Size","width":650,"height":44},"_position":{"__type__":"cc.Vec3","y":121},"_scale":{"__type__":"cc.Vec3","x":1,"y":1,"z":1}},{"__type__":"cc.Node","_name":"fred","_parent":{"__id__":2},"_level":3,"_components":[{"__id__":4},{"__type__":"32540GFq4FAT5ZSyUpi/XyW","node":{"__id__":3},"img":{"__id__":4},"url":"texture/emily/chat-icon.png"},{"__type__":"cc.Widget","node":{"__id__":3},"_alignFlags":8,"_left":11.5}],"_prefab":{"__type__":"cc.PrefabInfo","root":{"__id__":1},"asset":{"__uuid__":"c1a0OcvLRItJ19j7y1r1Kw"},"fileId":"92hjQOjCJAsLDxnB/1JXHr"},"_contentSize":{"__type__":"cc.Size","width":33,"height":44},"_position":{"__type__":"cc.Vec3","x":-297},"_scale":{"__type__":"cc.Vec3","x":1,"y":1,"z":1}},{"__type__":"cc.Sprite","node":{"__id__":3}},{"__type__":"cc.Node","_name":"title","_parent":{"__id__":2},"_level":3,"_components":[{"__id__":6},{"__type__":"cc.Widget","node":{"__id__":5},"_alignFlags":8,"_left":63}],"_prefab":{"__type__":"cc.PrefabInfo","root":{"__id__":1},"asset":{"__uuid__":"c1a0OcvLRItJ19j7y1r1Kw"},"fileId":"8etWxOwglJQZqP9qgTzVYh"},"_contentSize":{"__type__":"cc.Size","width":120,"height":32},"_position":{"__type__":"cc.Vec3","x":-202},"_scale":{"__type__":"cc.Vec3","x":1,"y":1,"z":1}},{"__type__":"cc.Label","node":{"__id__":5},"_srcBlendFactor":1,"_useOriginalSize":false,"_string":"系统消息","_N$string":"系统消息","_fontSize":30,"_lineHeight":32,"_N$horizontalAlign":1,"_N$verticalAlign":1},{"__type__":"cc.Node","_name":"delete","_parent":{"__id__":2},"_level":3,"_components":[{"__id__":8},{"__type__":"32540GFq4FAT5ZSyUpi/XyW","node":{"__id__":7},"img":{"__id__":8},"url":"texture/emily/trash.png"},{"__type__":"cc.Button","node":{"__id__":7},"_N$transition":3,"transition":3,"_N$target":{"__id__":7}}],"_prefab":{"__type__":"cc.PrefabInfo","root":{"__id__":1},"asset":{"__uuid__":"c1a0OcvLRItJ19j7y1r1Kw"},"fileId":"6aaGP+poRM57SuoSCBY59N"},"_contentSize":{"__type__":"cc.Size","width":60,"height":60},"_position":{"__type__":"cc.Vec3","x":285},"_scale":{"__type__":"cc.Vec3","x":1,"y":1,"z":1}},{"__type__":"cc.Sprite","node":{"__id__":7}},{"__type__":"cc.Node","_name":"layout","_parent":{"__id__":1},"_children":[{"__id__":10}],"_level":2,"_components":[{"__type__":"cc.Sprite","node":{"__id__":9},"_type":1,"_sizeMode":0},{"__type__":"cc.Layout","node":{"__id__":9},"_layoutSize":{"__type__":"cc.Size","width":480,"height":150},"_resize":1,"_N$layoutType":1},{"__type__":"cc.Widget","node":{"__id__":9},"_alignFlags":1,"_top":50}],"_prefab":{"__type__":"cc.PrefabInfo","root":{"__id__":1},"asset":{"__uuid__":"c1a0OcvLRItJ19j7y1r1Kw"},"fileId":"c6SKg4GfJOW5vCPHmzL/sI"},"_contentSize":{"__type__":"cc.Size","width":480,"height":150},"_position":{"__type__":"cc.Vec3","y":23},"_scale":{"__type__":"cc.Vec3","x":1,"y":1,"z":1}},{"__type__":"cc.Node","_name":"content","_parent":{"__id__":9},"_level":3,"_components":[{"__id__":11}],"_prefab":{"__type__":"cc.PrefabInfo","root":{"__id__":1},"asset":{"__uuid__":"c1a0OcvLRItJ19j7y1r1Kw"},"fileId":"73i6kbED1MPaLT7ktX7ts6"},"_contentSize":{"__type__":"cc.Size","width":480,"height":26},"_anchorPoint":{"__type__":"cc.Vec2","x":0.5,"y":1},"_position":{"__type__":"cc.Vec3","y":30},"_scale":{"__type__":"cc.Vec3","x":1,"y":1,"z":1}},{"__type__":"cc.Label","node":{"__id__":10},"_srcBlendFactor":1,"_useOriginalSize":false,"_fontSize":24,"_lineHeight":26,"_N$verticalAlign":1,"_N$overflow":3}]]