[{"__type__":"cc.SpriteFrame","content":{"name":"close (2)","texture":"a1kFce2/xNx60AtnsccfV2","rect":[383,897,28,27],"offset":[0,0],"originalSize":[28,27],"capInsets":[0,0,0,0]}},[{"__type__":"cc.Prefab","_name":"DoubleGold","data":{"__id__":1}},{"__type__":"cc.Node","_name":"DoubleGold","_children":[{"__id__":2}],"_level":1,"_components":[{"__type__":"cc.Sprite","node":{"__id__":1},"_sizeMode":0},{"__type__":"3158cZmnBFGkaJVcDG0HHy3","node":{"__id__":1},"colse":{"__id__":4},"clickBtn":{"__id__":17}}],"_prefab":{"__type__":"cc.PrefabInfo","root":{"__id__":1},"asset":{"__uuid__":"6bXTFsTalGc57yFW8O5ylK"},"fileId":"c52sbgsAxN67fUSRDrRF6J"},"_contentSize":{"__type__":"cc.Size","width":688,"height":428},"_position":{"__type__":"cc.Vec3","y":-512},"_scale":{"__type__":"cc.Vec3","x":1,"y":1,"z":1}},{"__type__":"cc.Node","_name":"New Sprite(Splash)","_parent":{"__id__":1},"_children":[{"__id__":3},{"__id__":11},{"__id__":13},{"__id__":17}],"_level":2,"_components":[{"__type__":"cc.Sprite","node":{"__id__":2},"_spriteFrame":{"__uuid__":"e3RSQdtkNG7rfvxod0UeJm"},"_type":1,"_sizeMode":0}],"_prefab":{"__type__":"cc.PrefabInfo","root":{"__id__":1},"asset":{"__uuid__":"6bXTFsTalGc57yFW8O5ylK"},"fileId":"f154b8swdPt5ipOE6aMpsO"},"_contentSize":{"__type__":"cc.Size","width":688,"height":428},"_scale":{"__type__":"cc.Vec3","x":1,"y":1,"z":1}},{"__type__":"cc.Node","_name":"alert-shangcehng","_parent":{"__id__":2},"_children":[{"__id__":4},{"__id__":6},{"__id__":9}],"_level":3,"_components":[{"__type__":"cc.Sprite","node":{"__id__":3},"_spriteFrame":{"__uuid__":"b3CLDo9FhEhpyt697OG5HT"},"_sizeMode":0},{"__type__":"cc.Widget","node":{"__id__":3},"_alignFlags":1,"_top":7.5}],"_prefab":{"__type__":"cc.PrefabInfo","root":{"__id__":1},"asset":{"__uuid__":"6bXTFsTalGc57yFW8O5ylK"},"fileId":"91zfAKrRVH6LKIj/FG2N/E"},"_contentSize":{"__type__":"cc.Size","width":670,"height":59},"_position":{"__type__":"cc.Vec3","y":177},"_scale":{"__type__":"cc.Vec3","x":1,"y":1,"z":1}},{"__type__":"cc.Node","_name":"New Sprite(Splash)","_parent":{"__id__":3},"_children":[{"__id__":5}],"_level":4,"_components":[{"__type__":"cc.Sprite","node":{"__id__":4},"_sizeMode":0},{"__type__":"cc.Widget","node":{"__id__":4},"_alignFlags":32,"_right":15},{"__type__":"cc.Button","node":{"__id__":4},"_N$transition":3,"transition":3,"_N$target":{"__id__":4}}],"_prefab":{"__type__":"cc.PrefabInfo","root":{"__id__":1},"asset":{"__uuid__":"6bXTFsTalGc57yFW8O5ylK"},"fileId":"bdSsHw9BpMLYgRHb2+thHe"},"_contentSize":{"__type__":"cc.Size","width":70,"height":70},"_position":{"__type__":"cc.Vec3","x":285},"_scale":{"__type__":"cc.Vec3","x":1,"y":1,"z":1}},{"__type__":"cc.Node","_name":"alert-close","_parent":{"__id__":4},"_level":5,"_components":[{"__type__":"cc.Sprite","node":{"__id__":5},"_spriteFrame":{"__uuid__":"33DcKl9v5Ef6qoSRMZ5ejJ"}}],"_prefab":{"__type__":"cc.PrefabInfo","root":{"__id__":1},"asset":{"__uuid__":"6bXTFsTalGc57yFW8O5ylK"},"fileId":"6cv5KgUb1APpWVVoaMeXoq"},"_contentSize":{"__type__":"cc.Size","width":28,"height":27},"_scale":{"__type__":"cc.Vec3","x":1,"y":1,"z":1}},{"__type__":"cc.Node","_name":"礼包title@2x","_parent":{"__id__":3},"_children":[{"__id__":7}],"_level":4,"_components":[{"__id__":8},{"__type__":"32540GFq4FAT5ZSyUpi/XyW","node":{"__id__":6},"img":{"__id__":8},"url":"texture/newpacke/libao.png"}],"_prefab":{"__type__":"cc.PrefabInfo","root":{"__id__":1},"asset":{"__uuid__":"6bXTFsTalGc57yFW8O5ylK"},"fileId":"ebwRID1hVJ0qK/4bMGSeh+"},"_contentSize":{"__type__":"cc.Size","width":454,"height":89},"_scale":{"__type__":"cc.Vec3","x":1,"y":1,"z":1}},{"__type__":"cc.Node","_name":"New Label","_parent":{"__id__":6},"_level":5,"_components":[{"__type__":"cc.Label","node":{"__id__":7},"_srcBlendFactor":1,"_useOriginalSize":false,"_string":"双倍金币","_N$string":"双倍金币","_N$horizontalAlign":1,"_N$verticalAlign":1,"_N$fontFamily":"苹方"}],"_prefab":{"__type__":"cc.PrefabInfo","root":{"__id__":1},"asset":{"__uuid__":"6bXTFsTalGc57yFW8O5ylK"},"fileId":"87tK93VJ5MlbeEJoGyECHQ"},"_contentSize":{"__type__":"cc.Size","width":160,"height":40},"_scale":{"__type__":"cc.Vec3","x":1,"y":1,"z":1}},{"__type__":"cc.Sprite","node":{"__id__":6}},{"__type__":"cc.Node","_name":"New Sprite(Splash)","_parent":{"__id__":3},"_level":4,"_components":[{"__id__":10},{"__type__":"cc.Widget","node":{"__id__":9},"_alignFlags":9,"_top":-24.5},{"__type__":"32540GFq4FAT5ZSyUpi/XyW","node":{"__id__":9},"img":{"__id__":10},"url":"texture/newpacke/feimai.png"}],"_prefab":{"__type__":"cc.PrefabInfo","root":{"__id__":1},"asset":{"__uuid__":"6bXTFsTalGc57yFW8O5ylK"},"fileId":"8bjr+3lN1OrIX+m8BaVnzZ"},"_contentSize":{"__type__":"cc.Size","width":100,"height":100},"_position":{"__type__":"cc.Vec3","x":-285,"y":4},"_scale":{"__type__":"cc.Vec3","x":1,"y":1,"z":1}},{"__type__":"cc.Sprite","node":{"__id__":9},"_sizeMode":0},{"__type__":"cc.Node","_name":"人物金币装饰@2x","_parent":{"__id__":2},"_level":3,"_components":[{"__id__":12},{"__type__":"cc.Widget","node":{"__id__":11},"_alignFlags":12},{"__type__":"32540GFq4FAT5ZSyUpi/XyW","node":{"__id__":11},"img":{"__id__":12},"url":"texture/newpacke/jinbi.png"}],"_prefab":{"__type__":"cc.PrefabInfo","root":{"__id__":1},"asset":{"__uuid__":"6bXTFsTalGc57yFW8O5ylK"},"fileId":"36ESy7oxZF/J2UvVXZ/5+U"},"_contentSize":{"__type__":"cc.Size","width":217,"height":369},"_position":{"__type__":"cc.Vec3","x":-235.5,"y":-29.5},"_scale":{"__type__":"cc.Vec3","x":1,"y":1,"z":1}},{"__type__":"cc.Sprite","node":{"__id__":11}},{"__type__":"cc.Node","_name":"金币X2@2x","_parent":{"__id__":2},"_children":[{"__id__":14},{"__id__":15}],"_level":3,"_components":[{"__id__":16},{"__type__":"cc.Widget","node":{"__id__":13},"_alignFlags":32,"_right":45},{"__type__":"32540GFq4FAT5ZSyUpi/XyW","node":{"__id__":13},"img":{"__id__":16},"url":"texture/newpacke/jinbibg.png"}],"_prefab":{"__type__":"cc.PrefabInfo","root":{"__id__":1},"asset":{"__uuid__":"6bXTFsTalGc57yFW8O5ylK"},"fileId":"8fl5ok6BxFNoPNKMBKNt4Z"},"_contentSize":{"__type__":"cc.Size","width":424,"height":193},"_position":{"__type__":"cc.Vec3","x":87},"_scale":{"__type__":"cc.Vec3","x":1,"y":1,"z":1}},{"__type__":"cc.Node","_name":"New Label","_parent":{"__id__":13},"_level":4,"_components":[{"__type__":"cc.Label","node":{"__id__":14},"_srcBlendFactor":1,"_useOriginalSize":false,"_string":"所有怪物掉落金币","_N$string":"所有怪物掉落金币","_fontSize":24,"_lineHeight":26,"_N$horizontalAlign":1,"_N$verticalAlign":1},{"__type__":"cc.Widget","node":{"__id__":14},"_alignFlags":12,"_left":40,"_bottom":5.5}],"_prefab":{"__type__":"cc.PrefabInfo","root":{"__id__":1},"asset":{"__uuid__":"6bXTFsTalGc57yFW8O5ylK"},"fileId":"a4M2ScYaFFs4SxLd6GKSri"},"_contentSize":{"__type__":"cc.Size","width":192,"height":26},"_position":{"__type__":"cc.Vec3","x":-76,"y":-78},"_scale":{"__type__":"cc.Vec3","x":1,"y":1,"z":1}},{"__type__":"cc.Node","_name":"New Label","_parent":{"__id__":13},"_level":4,"_components":[{"__type__":"cc.Label","node":{"__id__":15},"_srcBlendFactor":1,"_useOriginalSize":false,"_string":"永久x2","_N$string":"永久x2","_fontSize":30,"_lineHeight":32,"_N$horizontalAlign":1,"_N$verticalAlign":1},{"__type__":"cc.Widget","node":{"__id__":15},"_alignFlags":36,"_right":77.06,"_bottom":5.099999999999994}],"_prefab":{"__type__":"cc.PrefabInfo","root":{"__id__":1},"asset":{"__uuid__":"6bXTFsTalGc57yFW8O5ylK"},"fileId":"bfXdRR2N9OGY6x5b65oZWq"},"_contentSize":{"__type__":"cc.Size","width":91.68,"height":32},"_position":{"__type__":"cc.Vec3","x":89.1,"y":-75.4},"_scale":{"__type__":"cc.Vec3","x":1,"y":1,"z":1}},{"__type__":"cc.Sprite","node":{"__id__":13}},{"__type__":"cc.Node","_name":"alert-xinshou2","_parent":{"__id__":2},"_children":[{"__id__":18}],"_level":3,"_components":[{"__type__":"cc.Sprite","node":{"__id__":17},"_spriteFrame":{"__uuid__":"9dcwKcVcdFl4HDpnjlRpjk"}},{"__type__":"cc.Widget","node":{"__id__":17},"_alignFlags":36,"_right":62.5,"_bottom":24.5},{"__type__":"cc.Button","node":{"__id__":17},"_N$transition":3,"transition":3,"_N$target":{"__id__":17}}],"_prefab":{"__type__":"cc.PrefabInfo","root":{"__id__":1},"asset":{"__uuid__":"6bXTFsTalGc57yFW8O5ylK"},"fileId":"caVgFvrVVEAYf+7fLUOcem"},"_contentSize":{"__type__":"cc.Size","width":375,"height":71},"_position":{"__type__":"cc.Vec3","x":94,"y":-154},"_scale":{"__type__":"cc.Vec3","x":1,"y":1,"z":1}},{"__type__":"cc.Node","_name":"New Label","_parent":{"__id__":17},"_level":4,"_components":[{"__type__":"cc.Label","node":{"__id__":18},"_srcBlendFactor":1,"_useOriginalSize":false,"_string":"￥12.00  立刻购买","_N$string":"￥12.00  立刻购买","_fontSize":30,"_lineHeight":32,"_N$horizontalAlign":1,"_N$verticalAlign":1}],"_prefab":{"__type__":"cc.PrefabInfo","root":{"__id__":1},"asset":{"__uuid__":"6bXTFsTalGc57yFW8O5ylK"},"fileId":"9afzo525JDOLivcb0yE6Kt"},"_contentSize":{"__type__":"cc.Size","width":241.74,"height":32},"_scale":{"__type__":"cc.Vec3","x":1,"y":1,"z":1}}],{"__type__":"cc.SpriteFrame","content":{"name":"xinshou2","texture":"a1kFce2/xNx60AtnsccfV2","rect":[112,645,375,71],"offset":[0,0],"originalSize":[375,71],"capInsets":[0,0,0,0]}},{"__type__":"cc.SpriteFrame","content":{"name":"shangcehng","texture":"a1kFce2/xNx60AtnsccfV2","rect":[62,412,679,59],"offset":[0,0],"originalSize":[679,59],"capInsets":[0,0,0,0]}},{"__type__":"cc.SpriteFrame","content":{"name":"tanchuangbg2","texture":"a1kFce2/xNx60AtnsccfV2","rect":[821,673,80,78],"offset":[0,0],"originalSize":[80,78],"capInsets":[11,12,12,12]}}]