[{"__type__":"cc.Prefab","_name":"starRewardTip","data":{"__id__":1}},{"__type__":"cc.Node","_name":"starRewardTip","_children":[{"__id__":2},{"__id__":3}],"_level":1,"_components":[{"__type__":"d04f3xcyDxJU5njDRE6/VZv","node":{"__id__":1},"starCountlabel":{"__id__":4}}],"_prefab":{"__type__":"cc.PrefabInfo","root":{"__id__":1},"asset":{"__uuid__":"eaaqBX1vJKhY1yfXrbVYok"},"fileId":"64ngjXVmJMNLkB0Mdxdobh"},"_scale":{"__type__":"cc.Vec3","x":1,"y":1,"z":1}},{"__type__":"cc.Node","_name":"star0","_parent":{"__id__":1},"_level":2,"_components":[{"__type__":"cc.Sprite","node":{"__id__":2},"_spriteFrame":{"__uuid__":"fcm25+y79NRKhDQpI/5S9B"}}],"_prefab":{"__type__":"cc.PrefabInfo","root":{"__id__":1},"asset":{"__uuid__":"eaaqBX1vJKhY1yfXrbVYok"},"fileId":"daydSNEmFKDY9kvMxrbL+C"},"_contentSize":{"__type__":"cc.Size","width":60,"height":60},"_position":{"__type__":"cc.Vec3","x":33},"_scale":{"__type__":"cc.Vec3","x":1,"y":1,"z":1}},{"__type__":"cc.Node","_name":"value","_parent":{"__id__":1},"_level":2,"_components":[{"__id__":4}],"_prefab":{"__type__":"cc.PrefabInfo","root":{"__id__":1},"asset":{"__uuid__":"eaaqBX1vJKhY1yfXrbVYok"},"fileId":"e5hORlj4RBfIH5p8fq88C/"},"_color":{"__type__":"cc.Color","r":241,"g":232,"b":140},"_contentSize":{"__type__":"cc.Size","width":54.73,"height":56},"_anchorPoint":{"__type__":"cc.Vec2","x":1,"y":0.5},"_position":{"__type__":"cc.Vec3","x":-4,"y":-3},"_scale":{"__type__":"cc.Vec3","x":1,"y":1,"z":1}},{"__type__":"cc.Label","node":{"__id__":3},"_srcBlendFactor":1,"_useOriginalSize":false,"_string":"+1","_N$string":"+1","_fontSize":48,"_lineHeight":56,"_N$horizontalAlign":1,"_N$verticalAlign":1}]