{"__type__":"cc.JsonAsset","_name":"grade","json":{"1":{"id":"1","group":"1_1","name":"青铜１","namepic":"dw1","picname":"DW_1","ainum":"4","aitype":"2,5","aitypenum":"1,3","aipic":"1,4","goldbuff":"110","integral":"5","gold":"0","arms":"0"},"2":{"id":"2","group":"1_2","name":"青铜２","namepic":"dw1","picname":"DW_1","ainum":"4","aitype":"2,5","aitypenum":"1,3","aipic":"1,4","goldbuff":"120","integral":"15","gold":"0","arms":"0"},"3":{"id":"3","group":"1_3","name":"青铜３","namepic":"dw1","picname":"DW_1","ainum":"4","aitype":"2,5","aitypenum":"1,3","aipic":"1,4","goldbuff":"130","integral":"30","gold":"200","arms":"0"},"4":{"id":"4","group":"2_1","name":"白银１","namepic":"dw2","picname":"DW_2","ainum":"5","aitype":"2,4,5","aitypenum":"1,1,3","aipic":"2,9","goldbuff":"140","integral":"50","gold":"0","arms":"1002"},"5":{"id":"5","group":"2_2","name":"白银２","namepic":"dw2","picname":"DW_2","ainum":"5","aitype":"2,4,5","aitypenum":"1,1,3","aipic":"2,9","goldbuff":"150","integral":"75","gold":"0","arms":"0"},"6":{"id":"6","group":"2_3","name":"白银３","namepic":"dw2","picname":"DW_2","ainum":"5","aitype":"2,4,5","aitypenum":"1,1,3","aipic":"2,9","goldbuff":"160","integral":"105","gold":"0","arms":"0"},"7":{"id":"7","group":"2_4","name":"白银４","namepic":"dw2","picname":"DW_2","ainum":"5","aitype":"2,4,5","aitypenum":"1,1,3","aipic":"2,9","goldbuff":"170","integral":"140","gold":"300","arms":"0"},"8":{"id":"8","group":"3_1","name":"黄金１","namepic":"dw3","picname":"DW_3","ainum":"6","aitype":"2,4,5","aitypenum":"1,2,3","aipic":"3,12","goldbuff":"180","integral":"180","gold":"0","arms":"1004"},"9":{"id":"9","group":"3_2","name":"黄金２","namepic":"dw3","picname":"DW_3","ainum":"6","aitype":"2,4,5","aitypenum":"1,2,3","aipic":"3,12","goldbuff":"190","integral":"225","gold":"0","arms":"0"},"10":{"id":"10","group":"3_3","name":"黄金３","namepic":"dw3","picname":"DW_3","ainum":"6","aitype":"2,4,5","aitypenum":"1,2,3","aipic":"3,12","goldbuff":"200","integral":"275","gold":"0","arms":"0"},"11":{"id":"11","group":"3_4","name":"黄金４","namepic":"dw3","picname":"DW_3","ainum":"6","aitype":"2,4,5","aitypenum":"1,2,3","aipic":"3,12","goldbuff":"210","integral":"330","gold":"0","arms":"0"},"12":{"id":"12","group":"3_5","name":"黄金５","namepic":"dw3","picname":"DW_3","ainum":"6","aitype":"2,4,5","aitypenum":"1,2,3","aipic":"3,12","goldbuff":"220","integral":"390","gold":"500","arms":"0"},"13":{"id":"13","group":"4_1","name":"铂金１","namepic":"dw4","picname":"DW_4","ainum":"7","aitype":"2,3,4,5","aitypenum":"1,2,2,2","aipic":"4,17","goldbuff":"230","integral":"455","gold":"0","arms":"1006"},"14":{"id":"14","group":"4_2","name":"铂金２","namepic":"dw4","picname":"DW_4","ainum":"7","aitype":"2,3,4,5","aitypenum":"1,2,2,2","aipic":"4,17","goldbuff":"240","integral":"525","gold":"0","arms":"0"},"15":{"id":"15","group":"4_3","name":"铂金３","namepic":"dw4","picname":"DW_4","ainum":"7","aitype":"2,3,4,5","aitypenum":"1,2,2,2","aipic":"4,17","goldbuff":"250","integral":"600","gold":"0","arms":"0"},"16":{"id":"16","group":"4_4","name":"铂金４","namepic":"dw4","picname":"DW_4","ainum":"7","aitype":"2,3,4,5","aitypenum":"1,2,2,2","aipic":"4,17","goldbuff":"260","integral":"680","gold":"0","arms":"0"},"17":{"id":"17","group":"4_5","name":"铂金５","namepic":"dw4","picname":"DW_4","ainum":"7","aitype":"2,3,4,5","aitypenum":"1,2,2,2","aipic":"4,17","goldbuff":"270","integral":"765","gold":"1000","arms":"0"},"18":{"id":"18","group":"5_1","name":"钻石１","namepic":"dw5","picname":"DW_5","ainum":"8","aitype":"2,3,4,5","aitypenum":"2,2,2,2","aipic":"8,22","goldbuff":"280","integral":"855","gold":"0","arms":"1009"},"19":{"id":"19","group":"5_2","name":"钻石２","namepic":"dw5","picname":"DW_5","ainum":"8","aitype":"2,3,4,5","aitypenum":"2,2,2,2","aipic":"8,22","goldbuff":"290","integral":"950","gold":"0","arms":"0"},"20":{"id":"20","group":"5_3","name":"钻石３","namepic":"dw5","picname":"DW_5","ainum":"8","aitype":"2,3,4,5","aitypenum":"2,2,2,2","aipic":"8,22","goldbuff":"300","integral":"1050","gold":"0","arms":"0"},"21":{"id":"21","group":"5_4","name":"钻石４","namepic":"dw5","picname":"DW_5","ainum":"8","aitype":"2,3,4,5","aitypenum":"2,2,2,2","aipic":"8,22","goldbuff":"310","integral":"1155","gold":"0","arms":"0"},"22":{"id":"22","group":"5_5","name":"钻石５","namepic":"dw5","picname":"DW_5","ainum":"8","aitype":"2,3,4,5","aitypenum":"2,2,2,2","aipic":"8,22","goldbuff":"320","integral":"1265","gold":"5000","arms":"0"},"23":{"id":"23","group":"6_1","name":"大师１","namepic":"dw6","picname":"DW_6","ainum":"9","aitype":"1,2,3,4","aitypenum":"1,2,2,2,2","aipic":"15,30","goldbuff":"330","integral":"1380","gold":"0","arms":"1011"},"24":{"id":"24","group":"6_2","name":"大师２","namepic":"dw6","picname":"DW_6","ainum":"9","aitype":"1,2,3,4,5","aitypenum":"1,2,2,2,2","aipic":"15,30","goldbuff":"340","integral":"1500","gold":"0","arms":"0"},"25":{"id":"25","group":"6_3","name":"大师３","namepic":"dw6","picname":"DW_6","ainum":"9","aitype":"1,2,3,4,5","aitypenum":"1,2,2,2,2","aipic":"15,30","goldbuff":"350","integral":"1625","gold":"0","arms":"0"},"26":{"id":"26","group":"6_4","name":"大师４","namepic":"dw6","picname":"DW_6","ainum":"9","aitype":"1,2,3,4,5","aitypenum":"1,2,2,2,2","aipic":"15,30","goldbuff":"360","integral":"1755","gold":"0","arms":"0"},"27":{"id":"27","group":"6_5","name":"大师５","namepic":"dw6","picname":"DW_6","ainum":"9","aitype":"1,2,3,4,5","aitypenum":"1,2,2,2,2","aipic":"15,30","goldbuff":"370","integral":"1890","gold":"10000","arms":"0"},"28":{"id":"28","group":"7_1","name":"传说１","namepic":"dw7","picname":"DW_7","ainum":"9","aitype":"1,2,3,4,5","aitypenum":"1,2,2,2,2","aipic":"20,34","goldbuff":"380","integral":"2030","gold":"0","arms":"1015"},"29":{"id":"29","group":"7_2","name":"传说２","namepic":"dw7","picname":"DW_7","ainum":"9","aitype":"1,2,3,4,5","aitypenum":"1,2,2,2,2","aipic":"20,34","goldbuff":"390","integral":"2175","gold":"0","arms":"0"},"30":{"id":"30","group":"7_3","name":"传说３","namepic":"dw7","picname":"DW_7","ainum":"9","aitype":"1,2,3,4,5","aitypenum":"1,2,2,2,2","aipic":"20,34","goldbuff":"400","integral":"2325","gold":"0","arms":"0"},"31":{"id":"31","group":"7_4","name":"传说４","namepic":"dw7","picname":"DW_7","ainum":"9","aitype":"1,2,3,4,5","aitypenum":"1,2,2,2,2","aipic":"20,34","goldbuff":"410","integral":"2480","gold":"0","arms":"0"},"32":{"id":"32","group":"7_5","name":"传说５","namepic":"dw7","picname":"DW_7","ainum":"9","aitype":"1,2,3,4,5","aitypenum":"1,2,2,2,2","aipic":"20,34","goldbuff":"420","integral":"2640","gold":"15000","arms":"0"},"33":{"id":"33","group":"8_1","name":"王者１","namepic":"dw8","picname":"DW_8","ainum":"10","aitype":"1,2,3,4,5","aitypenum":"2,2,2,2,2","aipic":"25,38","goldbuff":"430","integral":"2805","gold":"0","arms":"1019"},"34":{"id":"34","group":"8_2","name":"王者２","namepic":"dw8","picname":"DW_8","ainum":"10","aitype":"1,2,3,4,5","aitypenum":"2,2,2,2,2","aipic":"25,38","goldbuff":"440","integral":"2975","gold":"0","arms":"0"},"35":{"id":"35","group":"8_3","name":"王者３","namepic":"dw8","picname":"DW_8","ainum":"10","aitype":"1,2,3,4,5","aitypenum":"2,2,2,2,2","aipic":"25,38","goldbuff":"450","integral":"3150","gold":"0","arms":"0"},"36":{"id":"36","group":"8_4","name":"王者４","namepic":"dw8","picname":"DW_8","ainum":"10","aitype":"1,2,3,4,5","aitypenum":"2,2,2,2,2","aipic":"25,38","goldbuff":"460","integral":"3330","gold":"0","arms":"0"},"37":{"id":"37","group":"8_5","name":"王者５","namepic":"dw8","picname":"DW_8","ainum":"10","aitype":"1,2,3,4,5","aitypenum":"2,2,2,2,2","aipic":"25,38","goldbuff":"470","integral":"3515","gold":"30000","arms":"0"},"38":{"id":"38","group":"9_1","name":"最强王者","namepic":"dw9","picname":"DW_9","ainum":"10","aitype":"1,2,3,4,5","aitypenum":"2,2,2,2,2","aipic":"27,38","goldbuff":"480","integral":"-1","gold":"0","arms":"1023"}}}