[{"__type__":"cc.Prefab","_name":"starGiftPanel","data":{"__id__":1}},{"__type__":"cc.Node","_name":"starGiftPanel","_children":[{"__id__":2},{"__id__":4},{"__id__":5},{"__id__":6},{"__id__":7},{"__id__":9},{"__id__":10},{"__id__":11},{"__id__":13}],"_level":1,"_components":[{"__type__":"a895czvNMNDJa+zt05PtZGR","node":{"__id__":1},"doubleBtn":{"__id__":11},"claimBtn":{"__id__":13},"countLabel":{"__id__":8}}],"_prefab":{"__type__":"cc.PrefabInfo","root":{"__id__":1},"asset":{"__uuid__":"c5wjbxVMBPOoUxzSXMU4bI"},"fileId":"50FWEvdxdPkItk0E5bK5H2"},"_contentSize":{"__type__":"cc.Size","width":480,"height":620},"_scale":{"__type__":"cc.Vec3","x":1,"y":1,"z":1}},{"__type__":"cc.Node","_name":"ui_revive-card_bg","_parent":{"__id__":1},"_children":[{"__id__":3}],"_components":[{"__type__":"cc.Sprite","node":{"__id__":2},"_spriteFrame":{"__uuid__":"edBHIQa7RKxopQxFkXhNq0"},"_sizeMode":0}],"_prefab":{"__type__":"cc.PrefabInfo","root":{"__id__":1},"asset":{"__uuid__":"c5wjbxVMBPOoUxzSXMU4bI"},"fileId":"b1aEGnc5xNuoiCm1AS7ajz"},"_contentSize":{"__type__":"cc.Size","width":480,"height":400},"_position":{"__type__":"cc.Vec3","y":104},"_scale":{"__type__":"cc.Vec3","x":1,"y":1,"z":1}},{"__type__":"cc.Node","_name":"bg","_parent":{"__id__":2},"_components":[{"__type__":"cc.Sprite","node":{"__id__":3},"_spriteFrame":{"__uuid__":"a2MjXRFdtLlYQ5ouAFv/+R"},"_type":1,"_sizeMode":0},{"__type__":"cc.Widget","node":{"__id__":3},"alignMode":0,"_alignFlags":45,"_left":10,"_right":10,"_top":10,"_bottom":10,"_originalWidth":100,"_originalHeight":100}],"_prefab":{"__type__":"cc.PrefabInfo","root":{"__id__":1},"asset":{"__uuid__":"c5wjbxVMBPOoUxzSXMU4bI"},"fileId":"baZoANXDdFZ504Cmd3VoQw"},"_color":{"__type__":"cc.Color"},"_contentSize":{"__type__":"cc.Size","width":460,"height":380},"_scale":{"__type__":"cc.Vec3","x":1,"y":1,"z":1}},{"__type__":"cc.Node","_name":"title","_parent":{"__id__":1},"_components":[{"__type__":"cc.Label","node":{"__id__":4},"_srcBlendFactor":1,"_useOriginalSize":false,"_string":"对战大礼包","_N$string":"对战大礼包","_fontSize":48,"_lineHeight":60,"_N$horizontalAlign":1,"_N$verticalAlign":1}],"_prefab":{"__type__":"cc.PrefabInfo","root":{"__id__":1},"asset":{"__uuid__":"c5wjbxVMBPOoUxzSXMU4bI"},"fileId":"37iMPfCfBJDZ4dax6cIuOd"},"_color":{"__type__":"cc.Color","r":244,"g":226,"b":32},"_contentSize":{"__type__":"cc.Size","width":240,"height":60},"_position":{"__type__":"cc.Vec3","y":249},"_scale":{"__type__":"cc.Vec3","x":1,"y":1,"z":1}},{"__type__":"cc.Node","_name":"info","_parent":{"__id__":1},"_components":[{"__type__":"cc.Label","node":{"__id__":5},"_srcBlendFactor":1,"_useOriginalSize":false,"_string":"恭喜获得对战启动资金，祝您一臂之力！","_N$string":"恭喜获得对战启动资金，祝您一臂之力！","_fontSize":24,"_lineHeight":30,"_N$horizontalAlign":1,"_N$verticalAlign":1}],"_prefab":{"__type__":"cc.PrefabInfo","root":{"__id__":1},"asset":{"__uuid__":"c5wjbxVMBPOoUxzSXMU4bI"},"fileId":"94SKikD9xJTLXCpG5WwMvo"},"_contentSize":{"__type__":"cc.Size","width":432,"height":30},"_position":{"__type__":"cc.Vec3","y":206},"_scale":{"__type__":"cc.Vec3","x":1,"y":1,"z":1}},{"__type__":"cc.Node","_name":"starboxred","_parent":{"__id__":1},"_level":2,"_components":[{"__type__":"cc.Sprite","node":{"__id__":6},"_spriteFrame":{"__uuid__":"52N5hlMtJMVa93I7ypVgmG"}}],"_prefab":{"__type__":"cc.PrefabInfo","root":{"__id__":1},"asset":{"__uuid__":"c5wjbxVMBPOoUxzSXMU4bI"},"fileId":"fct5IO0XBBRp3gsR8yoL+i"},"_contentSize":{"__type__":"cc.Size","width":285,"height":182},"_position":{"__type__":"cc.Vec3","y":74},"_scale":{"__type__":"cc.Vec3","x":1,"y":1,"z":1}},{"__type__":"cc.Node","_name":"starCount","_parent":{"__id__":1},"_level":2,"_components":[{"__id__":8}],"_prefab":{"__type__":"cc.PrefabInfo","root":{"__id__":1},"asset":{"__uuid__":"c5wjbxVMBPOoUxzSXMU4bI"},"fileId":"aa2NWVNqhM2J7I/t86w6ew"},"_contentSize":{"__type__":"cc.Size","width":40.71,"height":30},"_anchorPoint":{"__type__":"cc.Vec2","y":0.5},"_position":{"__type__":"cc.Vec3","x":1,"y":-36},"_scale":{"__type__":"cc.Vec3","x":1,"y":1,"z":1}},{"__type__":"cc.Label","node":{"__id__":7},"_srcBlendFactor":1,"_useOriginalSize":false,"_string":"×50","_N$string":"×50","_fontSize":24,"_lineHeight":30,"_N$horizontalAlign":1,"_N$verticalAlign":1},{"__type__":"cc.Node","_name":"starTip","_parent":{"__id__":1},"_level":2,"_components":[{"__type__":"cc.Label","node":{"__id__":9},"_srcBlendFactor":1,"_useOriginalSize":false,"_string":"(仅此一次)","_N$string":"(仅此一次)","_fontSize":20,"_lineHeight":24,"_N$horizontalAlign":1,"_N$verticalAlign":1}],"_prefab":{"__type__":"cc.PrefabInfo","root":{"__id__":1},"asset":{"__uuid__":"c5wjbxVMBPOoUxzSXMU4bI"},"fileId":"d23rUymdRFqI/hZ4KHT+zM"},"_contentSize":{"__type__":"cc.Size","width":93.32,"height":24},"_position":{"__type__":"cc.Vec3","y":-64},"_scale":{"__type__":"cc.Vec3","x":1,"y":1,"z":1}},{"__type__":"cc.Node","_name":"star","_parent":{"__id__":1},"_level":2,"_components":[{"__type__":"cc.Sprite","node":{"__id__":10},"_spriteFrame":{"__uuid__":"d458EH+gVHlrQs6CfKFAVk"}}],"_prefab":{"__type__":"cc.PrefabInfo","root":{"__id__":1},"asset":{"__uuid__":"c5wjbxVMBPOoUxzSXMU4bI"},"fileId":"b1RdunN05NnqU7k2ann3ln"},"_contentSize":{"__type__":"cc.Size","width":56,"height":53},"_position":{"__type__":"cc.Vec3","x":-27,"y":-36},"_scale":{"__type__":"cc.Vec3","x":0.5,"y":0.5,"z":1}},{"__type__":"cc.Node","_name":"双倍领取","_parent":{"__id__":1},"_children":[{"__id__":12}],"_components":[{"__type__":"cc.Sprite","node":{"__id__":11},"_spriteFrame":{"__uuid__":"c49d9MUIhHs4ayALVh3eCD"},"_sizeMode":0},{"__type__":"cc.Button","node":{"__id__":11},"zoomScale":0.9,"_N$transition":3,"transition":3,"_N$target":{"__id__":11}}],"_prefab":{"__type__":"cc.PrefabInfo","root":{"__id__":1},"asset":{"__uuid__":"c5wjbxVMBPOoUxzSXMU4bI"},"fileId":"94ZPyA4NpGQ7q9bJgSrRlc"},"_contentSize":{"__type__":"cc.Size","width":302,"height":110},"_position":{"__type__":"cc.Vec3","y":-205},"_scale":{"__type__":"cc.Vec3","x":1,"y":1,"z":1}},{"__type__":"cc.Node","_name":"button310x110","_parent":{"__id__":11},"_level":1,"_components":[{"__type__":"cc.Sprite","node":{"__id__":12}},{"__type__":"cc.Animation","node":{"__id__":12},"_defaultClip":{"__uuid__":"f14mlcmJhImITvOq5VyA9i"},"_clips":[{"__uuid__":"f14mlcmJhImITvOq5VyA9i"}],"playOnLoad":true}],"_prefab":{"__type__":"cc.PrefabInfo","root":{"__id__":1},"asset":{"__uuid__":"c5wjbxVMBPOoUxzSXMU4bI"},"fileId":"09gz3/9UdL0qM28wt2/jwT"},"_contentSize":{"__type__":"cc.Size","width":310,"height":110},"_scale":{"__type__":"cc.Vec3","x":1,"y":1,"z":1}},{"__type__":"cc.Node","_name":"普通领取","_parent":{"__id__":1},"_level":2,"_components":[{"__type__":"cc.Label","node":{"__id__":13},"_srcBlendFactor":1,"_useOriginalSize":false,"_string":"普通领取","_N$string":"普通领取","_fontSize":30,"_lineHeight":36,"_N$horizontalAlign":1,"_N$verticalAlign":1},{"__type__":"a63afjOB4RIM47OPW3iazWj","node":{"__id__":13},"distanceToAd":5}],"_prefab":{"__type__":"cc.PrefabInfo","root":{"__id__":1},"asset":{"__uuid__":"c5wjbxVMBPOoUxzSXMU4bI"},"fileId":"eeGD9WhQtPrKnkM2soN7kf"},"_color":{"__type__":"cc.Color","r":170,"g":170,"b":170},"_contentSize":{"__type__":"cc.Size","width":120,"height":36},"_position":{"__type__":"cc.Vec3","y":-300},"_scale":{"__type__":"cc.Vec3","x":1,"y":1,"z":1}}]