[{"__type__":"cc.Prefab","_name":"Angle","data":{"__id__":1}},{"__type__":"cc.Node","_name":"fairy","_level":1,"_components":[{"__type__":"sp.Skeleton","node":{"__id__":1},"defaultAnimation":"fly1","premultipliedAlpha":false,"_N$skeletonData":{"__uuid__":"07yynbkiNFhrsJk1cJ7fnb"}},{"__type__":"fdc17+uhhBIkY5pF+7M9prf","node":{"__id__":1}}],"_prefab":{"__type__":"cc.PrefabInfo","root":{"__id__":1},"asset":{"__uuid__":"34LlJXXWlOz4wlK8hpyjni"},"fileId":"a91IBaMlNC2LveLkRUWYkp"},"_contentSize":{"__type__":"cc.Size","width":90,"height":119},"_position":{"__type__":"cc.Vec3","x":337,"y":444},"_scale":{"__type__":"cc.Vec3","x":1,"y":1,"z":1}}]