[{"__type__":"cc.SpriteFrame","content":{"name":"ui_revive-card_button","texture":"0fNEGKuWFHvonLb5GiEuDq","rect":[0,0,300,106],"offset":[0,0],"originalSize":[300,106],"capInsets":[0,0,0,0]}},[{"__type__":"cc.Prefab","_name":"lifeCardPanel","data":{"__id__":1}},{"__type__":"cc.Node","_name":"lifecardpanel","_children":[{"__id__":2},{"__id__":3},{"__id__":6},{"__id__":7},{"__id__":9},{"__id__":10},{"__id__":11},{"__id__":12},{"__id__":13}],"_level":1,"_components":[{"__type__":"a3a31T4ZblDgZD6hSJmlPsX","node":{"__id__":1},"closeBtn":{"__id__":7},"shareBtn":{"__id__":13},"cardValue":{"__id__":9},"recommandAdsPrefab":{"__uuid__":"72GtC0h+lIGZ5pUpKlrhpW"}}],"_prefab":{"__type__":"cc.PrefabInfo","root":{"__id__":1},"asset":{"__uuid__":"3dyyTnQPJMgIXeLKly8m4F"},"fileId":"6dK4hd4WJIV7a0bXne1G5s"},"_contentSize":{"__type__":"cc.Size","width":630,"height":1050},"_scale":{"__type__":"cc.Vec3","x":1,"y":1,"z":1}},{"__type__":"cc.Node","_name":"ui_revive-card_bg","_parent":{"__id__":1},"_components":[{"__type__":"cc.Sprite","node":{"__id__":2},"_spriteFrame":{"__uuid__":"edBHIQa7RKxopQxFkXhNq0"}}],"_prefab":{"__type__":"cc.PrefabInfo","root":{"__id__":1},"asset":{"__uuid__":"3dyyTnQPJMgIXeLKly8m4F"},"fileId":"4fxrNzmqxGn6jHVW8kGe7s"},"_contentSize":{"__type__":"cc.Size","width":630,"height":440},"_position":{"__type__":"cc.Vec3","y":288},"_scale":{"__type__":"cc.Vec3","x":1,"y":1,"z":1}},{"__type__":"cc.Node","_name":"title","_parent":{"__id__":1},"_children":[{"__id__":4},{"__id__":5}],"_prefab":{"__type__":"cc.PrefabInfo","root":{"__id__":1},"asset":{"__uuid__":"3dyyTnQPJMgIXeLKly8m4F"},"fileId":"a3Krp3fRJGbryFZSYZqTwS"},"_contentSize":{"__type__":"cc.Size","width":610,"height":70},"_position":{"__type__":"cc.Vec3","y":463},"_scale":{"__type__":"cc.Vec3","x":1,"y":1,"z":1}},{"__type__":"cc.Node","_name":"titlebg","_parent":{"__id__":3},"_components":[{"__type__":"cc.Sprite","node":{"__id__":4},"_spriteFrame":{"__uuid__":"a2MjXRFdtLlYQ5ouAFv/+R"},"_sizeMode":0}],"_prefab":{"__type__":"cc.PrefabInfo","root":{"__id__":1},"asset":{"__uuid__":"3dyyTnQPJMgIXeLKly8m4F"},"fileId":"aepQH9G9BO1J03amqc439D"},"_color":{"__type__":"cc.Color","r":41,"g":41,"b":41},"_contentSize":{"__type__":"cc.Size","width":610,"height":70},"_scale":{"__type__":"cc.Vec3","x":1,"y":1,"z":1}},{"__type__":"cc.Node","_name":"name","_parent":{"__id__":3},"_components":[{"__type__":"cc.Label","node":{"__id__":5},"_srcBlendFactor":1,"_useOriginalSize":false,"_string":"复活卡","_N$string":"复活卡","_fontSize":38,"_lineHeight":38,"_N$horizontalAlign":1,"_N$verticalAlign":1,"_N$fontFamily":"苹方"}],"_prefab":{"__type__":"cc.PrefabInfo","root":{"__id__":1},"asset":{"__uuid__":"3dyyTnQPJMgIXeLKly8m4F"},"fileId":"a6vK08Zg1EFLYGzIvClpbn"},"_contentSize":{"__type__":"cc.Size","width":114,"height":38},"_scale":{"__type__":"cc.Vec3","x":1,"y":1,"z":1}},{"__type__":"cc.Node","_name":"ui_revive-card_icon","_parent":{"__id__":1},"_components":[{"__type__":"cc.Sprite","node":{"__id__":6},"_spriteFrame":{"__uuid__":"91Fji4G0JBkKzME+13vqW/"}}],"_prefab":{"__type__":"cc.PrefabInfo","root":{"__id__":1},"asset":{"__uuid__":"3dyyTnQPJMgIXeLKly8m4F"},"fileId":"c7ajBPjRJOxJIP1YwvO8c0"},"_contentSize":{"__type__":"cc.Size","width":58,"height":36},"_position":{"__type__":"cc.Vec3","x":18,"y":370},"_scale":{"__type__":"cc.Vec3","x":1,"y":1,"z":1}},{"__type__":"cc.Node","_name":"close","_parent":{"__id__":1},"_children":[{"__id__":8}],"_components":[{"__type__":"cc.Sprite","node":{"__id__":7},"_type":1,"_sizeMode":0},{"__type__":"cc.Button","node":{"__id__":7},"duration":0.2,"zoomScale":0.9,"_N$transition":3,"transition":3,"_N$normalColor":{"__type__":"cc.Color","r":255,"g":255,"b":255},"_N$pressedColor":{"__type__":"cc.Color","r":255,"g":255,"b":255},"pressedColor":{"__type__":"cc.Color","r":255,"g":255,"b":255},"_N$disabledColor":{"__type__":"cc.Color","r":255,"g":255,"b":255},"_N$pressedSprite":{"__uuid__":"e97GVMl6JHh5Ml5qEDdSGa"},"pressedSprite":{"__uuid__":"e97GVMl6JHh5Ml5qEDdSGa"},"_N$hoverSprite":{"__uuid__":"e97GVMl6JHh5Ml5qEDdSGa"},"hoverSprite":{"__uuid__":"e97GVMl6JHh5Ml5qEDdSGa"},"_N$disabledSprite":{"__uuid__":"29FYIk+N1GYaeWH/q1NxQO"},"_N$target":{"__id__":7}}],"_prefab":{"__type__":"cc.PrefabInfo","root":{"__id__":1},"asset":{"__uuid__":"3dyyTnQPJMgIXeLKly8m4F"},"fileId":"b1mffgMEZI5rCk4pBp/amq"},"_contentSize":{"__type__":"cc.Size","width":60,"height":60},"_position":{"__type__":"cc.Vec3","x":310,"y":505},"_scale":{"__type__":"cc.Vec3","x":1,"y":1,"z":1}},{"__type__":"cc.Node","_name":"ui_ranking_button_close","_parent":{"__id__":7},"_components":[{"__type__":"cc.Sprite","node":{"__id__":8},"_spriteFrame":{"__uuid__":"7f0Q4s/4FIi5/vjSE+q9Uz"}}],"_prefab":{"__type__":"cc.PrefabInfo","root":{"__id__":1},"asset":{"__uuid__":"3dyyTnQPJMgIXeLKly8m4F"},"fileId":"64Fe+dv+pHDZKUDRSQ3MYt"},"_contentSize":{"__type__":"cc.Size","width":45,"height":45},"_scale":{"__type__":"cc.Vec3","x":1,"y":1,"z":1}},{"__type__":"cc.Node","_name":"cardValue","_parent":{"__id__":1},"_components":[{"__type__":"cc.Label","node":{"__id__":9},"_srcBlendFactor":1,"_useOriginalSize":false,"_string":"0","_N$string":"0","_fontSize":38,"_lineHeight":38,"_N$verticalAlign":1,"_N$fontFamily":"苹方"}],"_prefab":{"__type__":"cc.PrefabInfo","root":{"__id__":1},"asset":{"__uuid__":"3dyyTnQPJMgIXeLKly8m4F"},"fileId":"f1mP9tSktP0ahj8JNVy9K9"},"_contentSize":{"__type__":"cc.Size","width":19,"height":38},"_position":{"__type__":"cc.Vec3","x":89,"y":370},"_scale":{"__type__":"cc.Vec3","x":1,"y":1,"z":1}},{"__type__":"cc.Node","_name":"说明","_parent":{"__id__":1},"_components":[{"__type__":"cc.Label","node":{"__id__":10},"_srcBlendFactor":1,"_useOriginalSize":false,"_string":"说明：发送邀请，请其他人点击互助链接\n               双方都可以获得1个复活卡。","_N$string":"说明：发送邀请，请其他人点击互助链接\n               双方都可以获得1个复活卡。","_fontSize":24,"_lineHeight":41,"_N$horizontalAlign":1,"_N$verticalAlign":1,"_N$fontFamily":"苹方"}],"_prefab":{"__type__":"cc.PrefabInfo","root":{"__id__":1},"asset":{"__uuid__":"3dyyTnQPJMgIXeLKly8m4F"},"fileId":"76noeXNgtChYgTmqQeEN4E"},"_color":{"__type__":"cc.Color","r":255,"g":110,"b":110},"_contentSize":{"__type__":"cc.Size","width":432,"height":82},"_position":{"__type__":"cc.Vec3","y":263},"_scale":{"__type__":"cc.Vec3","x":1,"y":1,"z":1}},{"__type__":"cc.Node","_name":"说明","_parent":{"__id__":1},"_components":[{"__type__":"cc.Label","node":{"__id__":11},"_srcBlendFactor":1,"_useOriginalSize":false,"_string":"（每次挑战中可用1个复活卡复活一次）","_N$string":"（每次挑战中可用1个复活卡复活一次）","_fontSize":26,"_lineHeight":41,"_N$horizontalAlign":1,"_N$verticalAlign":1,"_N$fontFamily":"苹方"}],"_prefab":{"__type__":"cc.PrefabInfo","root":{"__id__":1},"asset":{"__uuid__":"3dyyTnQPJMgIXeLKly8m4F"},"fileId":"3dQROUoJtOSpoBFu0ms8Mg"},"_contentSize":{"__type__":"cc.Size","width":455,"height":41},"_position":{"__type__":"cc.Vec3","y":159},"_scale":{"__type__":"cc.Vec3","x":1,"y":1,"z":1}},{"__type__":"cc.Node","_name":"cardTitle","_parent":{"__id__":1},"_components":[{"__type__":"cc.Label","node":{"__id__":12},"_srcBlendFactor":1,"_useOriginalSize":false,"_string":"目前拥有：","_N$string":"目前拥有：","_fontSize":34,"_lineHeight":34,"_N$horizontalAlign":2,"_N$verticalAlign":1,"_N$fontFamily":"苹方"}],"_prefab":{"__type__":"cc.PrefabInfo","root":{"__id__":1},"asset":{"__uuid__":"3dyyTnQPJMgIXeLKly8m4F"},"fileId":"bcrBBZgdVIRrJz6cvUKxsM"},"_contentSize":{"__type__":"cc.Size","width":170,"height":34},"_position":{"__type__":"cc.Vec3","x":-113,"y":370},"_scale":{"__type__":"cc.Vec3","x":1,"y":1,"z":1}},{"__type__":"cc.Node","_name":"好友互助","_parent":{"__id__":1},"_children":[{"__id__":14}],"_components":[{"__type__":"cc.Sprite","node":{"__id__":13},"_type":1,"_sizeMode":0},{"__type__":"cc.Button","node":{"__id__":13},"duration":0.2,"zoomScale":0.9,"_N$transition":3,"transition":3,"_N$normalColor":{"__type__":"cc.Color","r":255,"g":255,"b":255},"_N$pressedColor":{"__type__":"cc.Color","r":255,"g":255,"b":255},"pressedColor":{"__type__":"cc.Color","r":255,"g":255,"b":255},"_N$disabledColor":{"__type__":"cc.Color","r":255,"g":255,"b":255},"_N$normalSprite":{"__uuid__":"f0BIwQ8D5Ml7nTNQbh1YlS"},"_N$pressedSprite":{"__uuid__":"e97GVMl6JHh5Ml5qEDdSGa"},"pressedSprite":{"__uuid__":"e97GVMl6JHh5Ml5qEDdSGa"},"_N$hoverSprite":{"__uuid__":"e97GVMl6JHh5Ml5qEDdSGa"},"hoverSprite":{"__uuid__":"e97GVMl6JHh5Ml5qEDdSGa"},"_N$disabledSprite":{"__uuid__":"29FYIk+N1GYaeWH/q1NxQO"},"_N$target":{"__id__":13}}],"_prefab":{"__type__":"cc.PrefabInfo","root":{"__id__":1},"asset":{"__uuid__":"3dyyTnQPJMgIXeLKly8m4F"},"fileId":"c2RDT048RA0afVkU9AHxvZ"},"_contentSize":{"__type__":"cc.Size","width":300,"height":106},"_position":{"__type__":"cc.Vec3","y":-42},"_scale":{"__type__":"cc.Vec3","x":1,"y":1,"z":1}},{"__type__":"cc.Node","_name":"ui_revive-card_button","_parent":{"__id__":13},"_components":[{"__type__":"cc.Sprite","node":{"__id__":14},"_spriteFrame":{"__uuid__":"0bVeeTr/9BO5l5GA6cQYws"}}],"_prefab":{"__type__":"cc.PrefabInfo","root":{"__id__":1},"asset":{"__uuid__":"3dyyTnQPJMgIXeLKly8m4F"},"fileId":"07yxGORUxLwpknKHuEZiif"},"_contentSize":{"__type__":"cc.Size","width":300,"height":106},"_scale":{"__type__":"cc.Vec3","x":1,"y":1,"z":1}}],{"__type__":"cc.SpriteFrame","content":{"name":"ui_revive-card_icon","texture":"d2770HtExGCry86FCjx0Ms","rect":[0,0,58,36],"offset":[0,0],"originalSize":[58,36],"capInsets":[0,0,0,0]}}]