[[{"__type__":"cc.Prefab","_name":"normal_2","data":{"__id__":1}},{"__type__":"cc.Node","_name":"normal_2","_components":[{"__type__":"cc.Sprite","node":{"__id__":1},"_spriteFrame":{"__uuid__":"feniprFrBA95Reygc5SSx6"},"_sizeMode":0},{"__type__":"cc.RigidBody","node":{"__id__":1},"enabledContactListener":true},{"__type__":"cc.PhysicsPolygonCollider","node":{"__id__":1},"points":[{"__type__":"cc.Vec2","x":-60,"y":34.5},{"__type__":"cc.Vec2","x":-99,"y":31.5},{"__type__":"cc.Vec2","x":-99,"y":17.5},{"__type__":"cc.Vec2","x":-90,"y":12.5},{"__type__":"cc.Vec2","x":-88,"y":-6.5},{"__type__":"cc.Vec2","x":-81,"y":-20.5},{"__type__":"cc.Vec2","x":-73,"y":-27.5},{"__type__":"cc.Vec2","x":-54,"y":-34.5},{"__type__":"cc.Vec2","x":-33,"y":-34.5},{"__type__":"cc.Vec2","x":-23,"y":-31.5},{"__type__":"cc.Vec2","x":-14.9,"y":-26.5},{"__type__":"cc.Vec2","x":-7,"y":-15.5},{"__type__":"cc.Vec2","x":-3,"y":3.5},{"__type__":"cc.Vec2","x":3,"y":3.5},{"__type__":"cc.Vec2","x":6,"y":-12.5},{"__type__":"cc.Vec2","x":10,"y":-20.5},{"__type__":"cc.Vec2","x":18,"y":-28.5},{"__type__":"cc.Vec2","x":35,"y":-34.5},{"__type__":"cc.Vec2","x":52,"y":-34.5},{"__type__":"cc.Vec2","x":67,"y":-30.5},{"__type__":"cc.Vec2","x":81,"y":-20.5},{"__type__":"cc.Vec2","x":88,"y":-6.5},{"__type__":"cc.Vec2","x":90,"y":12.5},{"__type__":"cc.Vec2","x":99,"y":17.5},{"__type__":"cc.Vec2","x":99,"y":31.5},{"__type__":"cc.Vec2","x":60,"y":34.5},{"__type__":"cc.Vec2","x":19.2,"y":31.6},{"__type__":"cc.Vec2","x":0.6,"y":20.5},{"__type__":"cc.Vec2","x":-22,"y":32}]},{"__type__":"a058dD7mZpHmIw83dheUpZy","node":{"__id__":1},"shapeType":2}],"_prefab":{"__type__":"cc.PrefabInfo","root":{"__id__":1},"asset":{"__uuid__":"caa+w76NZCHb+x20U8v5hC"},"fileId":"93CyKFy8BGWYxlEqk1xGXk"},"_contentSize":{"__type__":"cc.Size","width":198,"height":69},"_position":{"__type__":"cc.Vec3","x":-320,"y":-568},"_scaleX":1,"_scaleY":1,"_scale":{"__type__":"cc.Vec3","x":1,"y":1,"z":1}}],{"__type__":"cc.SpriteFrame","content":{"name":"normal_2","texture":"b7r0XONwFFm4G6muCBfG2B","rect":[0,0,198,69],"offset":[0,0],"originalSize":[198,69],"capInsets":[0,0,0,0]}}]