[[{"__type__":"cc.Prefab","_name":"resurrectTip","data":{"__id__":1}},{"__type__":"cc.Node","_name":"resurrectTip","_children":[{"__id__":2}],"_level":1,"_components":[{"__type__":"0df3bgrahRN5YzT551t1Tpc","node":{"__id__":1},"ani":{"__id__":3}}],"_prefab":{"__type__":"cc.PrefabInfo","root":{"__id__":1},"asset":{"__uuid__":"3fIQcZ9+VOtZmSAf6QnZ1b"},"fileId":"64ngjXVmJMNLkB0Mdxdobh"},"_scale":{"__type__":"cc.Vec3","x":1,"y":1,"z":1}},{"__type__":"cc.Node","_name":"revive","_parent":{"__id__":1},"_level":2,"_components":[{"__id__":3}],"_prefab":{"__type__":"cc.PrefabInfo","root":{"__id__":1},"asset":{"__uuid__":"3fIQcZ9+VOtZmSAf6QnZ1b"},"fileId":"ebCyjPu3dJra7JNhLe70J2"},"_contentSize":{"__type__":"cc.Size","width":211,"height":229},"_scale":{"__type__":"cc.Vec3","x":1,"y":1,"z":1}},{"__type__":"sp.Skeleton","node":{"__id__":2},"defaultAnimation":"idle","loop":false,"_N$skeletonData":{"__uuid__":"98En+FmTdKk7jPmVm6qxD/"}}],{"__type__":"sp.SkeletonData","_name":"revive","_native":"raw-skeleton.json","_skeletonJson":{"skeleton":{"hash":"9/hS/Ibp6pxaHhFibkIQ9eSQ7RY","spine":"3.6.53","width":211,"height":229},"bones":[{"name":"root"},{"name":"xiangzi","parent":"root","x":0.64,"y":-18.55},{"name":"xin","parent":"root","x":-1.26,"y":-3.35}],"slots":[{"name":"xiangzi","bone":"xiangzi","attachment":"xiangzi"},{"name":"xin","bone":"xin","attachment":"xin"}],"skins":{"default":{"xiangzi":{"xiangzi":{"x":-0.64,"y":18.55,"width":211,"height":229}},"xin":{"xin":{"x":1.26,"y":3.35,"width":200,"height":181}}}},"animations":{"idle":{"slots":{"xiangzi":{"color":[{"time":0.6667,"color":"ffffffff"},{"time":0.8333,"color":"ffffff00"}]},"xin":{"color":[{"time":0.5,"color":"ffffffff"},{"time":0.8333,"color":"ffffff00"}],"attachment":[{"time":0,"name":null},{"time":0.2333,"name":"xin"}]}},"bones":{"xiangzi":{"scale":[{"time":0,"x":1,"y":1},{"time":0.2333,"x":0.71,"y":0.71},{"time":0.3333,"x":1,"y":1}]},"xin":{"scale":[{"time":0.2333,"x":0.541,"y":0.541},{"time":0.4333,"x":2,"y":2},{"time":0.8333,"x":3,"y":3}]}}}}},"_atlasText":"\nrevive.png\nsize: 512,512\nformat: RGBA8888\nfilter: Linear,Linear\nrepeat: none\nxiangzi\n  rotate: false\n  xy: 2, 173\n  size: 211, 229\n  orig: 211, 229\n  offset: 0, 0\n  index: -1\nxin\n  rotate: false\n  xy: 2, 2\n  size: 194, 169\n  orig: 200, 181\n  offset: 3, 7\n  index: -1\n","textures":[{"__uuid__":"22t+CPnn1M/4RxznAUh1jc"}],"textureNames":["revive.png"]}]