[[{"__type__":"cc.Prefab","_name":"valentine_4","data":{"__id__":1}},{"__type__":"cc.Node","_name":"valentine_4","_components":[{"__type__":"cc.Sprite","node":{"__id__":1},"_spriteFrame":{"__uuid__":"b85fz/n1xGWICt3hQfgar8"},"_sizeMode":0},{"__type__":"cc.RigidBody","node":{"__id__":1},"enabledContactListener":true},{"__type__":"cc.PhysicsPolygonCollider","node":{"__id__":1},"points":[{"__type__":"cc.Vec2","x":-20.5,"y":64},{"__type__":"cc.Vec2","x":-24.5,"y":59},{"__type__":"cc.Vec2","x":-39.5,"y":56},{"__type__":"cc.Vec2","x":-44.5,"y":49},{"__type__":"cc.Vec2","x":-47.5,"y":43},{"__type__":"cc.Vec2","x":-47.5,"y":40},{"__type__":"cc.Vec2","x":-28.2,"y":13.3},{"__type__":"cc.Vec2","x":-8.5,"y":-34},{"__type__":"cc.Vec2","x":-12.5,"y":-33},{"__type__":"cc.Vec2","x":-15.5,"y":-40},{"__type__":"cc.Vec2","x":-14.5,"y":-50},{"__type__":"cc.Vec2","x":-8.5,"y":-52},{"__type__":"cc.Vec2","x":-10.5,"y":-64},{"__type__":"cc.Vec2","x":11.5,"y":-64},{"__type__":"cc.Vec2","x":9.5,"y":-51},{"__type__":"cc.Vec2","x":13.5,"y":-52},{"__type__":"cc.Vec2","x":17.5,"y":-49},{"__type__":"cc.Vec2","x":16.5,"y":-37},{"__type__":"cc.Vec2","x":13.5,"y":-33},{"__type__":"cc.Vec2","x":10.5,"y":-34},{"__type__":"cc.Vec2","x":32.5,"y":18},{"__type__":"cc.Vec2","x":47.5,"y":41},{"__type__":"cc.Vec2","x":46.5,"y":45},{"__type__":"cc.Vec2","x":39.5,"y":45},{"__type__":"cc.Vec2","x":42.5,"y":52},{"__type__":"cc.Vec2","x":34.5,"y":53},{"__type__":"cc.Vec2","x":34.5,"y":57},{"__type__":"cc.Vec2","x":25.5,"y":57},{"__type__":"cc.Vec2","x":21.5,"y":61},{"__type__":"cc.Vec2","x":10.5,"y":61},{"__type__":"cc.Vec2","x":8.5,"y":64},{"__type__":"cc.Vec2","x":2.5,"y":64},{"__type__":"cc.Vec2","x":-1.6,"y":59.7},{"__type__":"cc.Vec2","x":-13.5,"y":60},{"__type__":"cc.Vec2","x":-15.5,"y":63}]},{"__type__":"a058dD7mZpHmIw83dheUpZy","node":{"__id__":1},"shapeType":2}],"_prefab":{"__type__":"cc.PrefabInfo","root":{"__id__":1},"asset":{"__uuid__":"95ngrfmFVE+ZqqPtz9K8Aq"},"fileId":"93CyKFy8BGWYxlEqk1xGXk"},"_contentSize":{"__type__":"cc.Size","width":95,"height":128},"_scaleX":1,"_scaleY":1,"_scale":{"__type__":"cc.Vec3","x":1,"y":1,"z":1}}],{"__type__":"cc.SpriteFrame","content":{"name":"valentine_4","texture":"81iB8WgYZNkK1VN4gwmjwB","rect":[0,0,95,128],"offset":[0,0],"originalSize":[95,128],"capInsets":[0,0,0,0]}}]