[[{"__type__":"cc.Prefab","_name":"normal_15","data":{"__id__":1}},{"__type__":"cc.Node","_name":"normal_15","_components":[{"__type__":"cc.Sprite","node":{"__id__":1},"_spriteFrame":{"__uuid__":"883lGCRGtNRbmAHFztphpV"},"_sizeMode":0},{"__type__":"cc.RigidBody","node":{"__id__":1},"enabledContactListener":true},{"__type__":"cc.PhysicsPolygonCollider","node":{"__id__":1},"points":[{"__type__":"cc.Vec2","x":-24.34817813765182,"y":27},{"__type__":"cc.Vec2","x":-27.86234817813765,"y":25.5},{"__type__":"cc.Vec2","x":-36.39676113360324,"y":15.5},{"__type__":"cc.Vec2","x":-43.927125506072876,"y":16},{"__type__":"cc.Vec2","x":-56.979757085020246,"y":19},{"__type__":"cc.Vec2","x":-56.979757085020246,"y":9.5},{"__type__":"cc.Vec2","x":-60.99595141700405,"y":6},{"__type__":"cc.Vec2","x":-62,"y":-12},{"__type__":"cc.Vec2","x":-59.48987854251012,"y":-14},{"__type__":"cc.Vec2","x":-52.46153846153846,"y":-14},{"__type__":"cc.Vec2","x":-52.46153846153846,"y":-17.5},{"__type__":"cc.Vec2","x":-50.3,"y":-21.9},{"__type__":"cc.Vec2","x":-44.42914979757085,"y":-26.5},{"__type__":"cc.Vec2","x":-34.89068825910931,"y":-27},{"__type__":"cc.Vec2","x":-29.3,"y":-24},{"__type__":"cc.Vec2","x":-26.356275303643727,"y":-20},{"__type__":"cc.Vec2","x":-25.352226720647778,"y":-14},{"__type__":"cc.Vec2","x":23.84615384615384,"y":-14},{"__type__":"cc.Vec2","x":24.348178137651814,"y":-18.5},{"__type__":"cc.Vec2","x":25.85425101214574,"y":-21.5},{"__type__":"cc.Vec2","x":29.368421052631575,"y":-25},{"__type__":"cc.Vec2","x":33.88663967611335,"y":-27},{"__type__":"cc.Vec2","x":41.41700404858298,"y":-27},{"__type__":"cc.Vec2","x":44.93117408906882,"y":-25.5},{"__type__":"cc.Vec2","x":48.44534412955464,"y":-22.5},{"__type__":"cc.Vec2","x":50.453441295546554,"y":-19},{"__type__":"cc.Vec2","x":51.4574898785425,"y":-14},{"__type__":"cc.Vec2","x":59.48987854251011,"y":-14},{"__type__":"cc.Vec2","x":61.999999999999986,"y":-12},{"__type__":"cc.Vec2","x":61.999999999999986,"y":-8},{"__type__":"cc.Vec2","x":58.98785425101214,"y":-6},{"__type__":"cc.Vec2","x":57.98380566801619,"y":2},{"__type__":"cc.Vec2","x":55.97570850202429,"y":6.5},{"__type__":"cc.Vec2","x":51.95951417004048,"y":6.5},{"__type__":"cc.Vec2","x":47.94331983805667,"y":8},{"__type__":"cc.Vec2","x":35.392712550607285,"y":10.5},{"__type__":"cc.Vec2","x":20.331983805668017,"y":12.5},{"__type__":"cc.Vec2","x":8.6,"y":22.8},{"__type__":"cc.Vec2","x":1.7570850202429114,"y":27}]},{"__type__":"a058dD7mZpHmIw83dheUpZy","node":{"__id__":1},"shapeType":2}],"_prefab":{"__type__":"cc.PrefabInfo","root":{"__id__":1},"asset":{"__uuid__":"4dlSZizHNGzohN8PCLLsxs"},"fileId":"93CyKFy8BGWYxlEqk1xGXk"},"_contentSize":{"__type__":"cc.Size","width":124,"height":54},"_scaleX":1,"_scaleY":1,"_scale":{"__type__":"cc.Vec3","x":1,"y":1,"z":1}}],{"__type__":"cc.SpriteFrame","content":{"name":"normal_15","texture":"13rUzG2UBLIKTTh7Ra19l9","rect":[0,0,247,108],"offset":[0,0],"originalSize":[247,108],"capInsets":[0,0,0,0]}}]