[{"__type__":"cc.SpriteFrame","content":{"name":"laodongjie_11","texture":"fb6B/y1dBGvYp89FHTUCCj","rect":[0,0,128,86],"offset":[0,0],"originalSize":[128,86],"capInsets":[0,0,0,0]}},[{"__type__":"cc.Prefab","_name":"laodongjie_11","data":{"__id__":1}},{"__type__":"cc.Node","_name":"laodingjie_11","_level":1,"_components":[{"__type__":"cc.Sprite","node":{"__id__":1},"_spriteFrame":{"__uuid__":"31IYF2YXxETZbl2sHmYQ7a"},"_sizeMode":0},{"__type__":"cc.RigidBody","node":{"__id__":1},"enabledContactListener":true},{"__type__":"cc.PhysicsPolygonCollider","node":{"__id__":1},"points":[{"__type__":"cc.Vec2","x":-49,"y":43},{"__type__":"cc.Vec2","x":-49,"y":17.3},{"__type__":"cc.Vec2","x":-64,"y":16.7},{"__type__":"cc.Vec2","x":-64,"y":-43},{"__type__":"cc.Vec2","x":64,"y":-43},{"__type__":"cc.Vec2","x":63.9,"y":43}]},{"__type__":"a058dD7mZpHmIw83dheUpZy","node":{"__id__":1},"shapeType":2}],"_prefab":{"__type__":"cc.PrefabInfo","root":{"__id__":1},"asset":{"__uuid__":"e3V7K9qbhO1Z9qQHW961tT"},"fileId":"93CyKFy8BGWYxlEqk1xGXk"},"_contentSize":{"__type__":"cc.Size","width":128,"height":86},"_position":{"__type__":"cc.Vec3","x":-320,"y":-566.3},"_scale":{"__type__":"cc.Vec3","x":1,"y":1,"z":1}}]]