[[{"__type__":"cc.Prefab","_name":"rankitem","data":{"__id__":1}},{"__type__":"cc.Node","_name":"rankitem","_children":[{"__id__":2},{"__id__":3},{"__id__":4},{"__id__":8},{"__id__":9},{"__id__":10},{"__id__":11}],"_components":[{"__type__":"e7318dqlahPf7wGOkyyxoPb","node":{"__id__":1}}],"_prefab":{"__type__":"cc.PrefabInfo","root":{"__id__":1},"asset":{"__uuid__":"0dC/u6NZhIfLPVTfedWf4E"},"fileId":"c0YP16w7pIH4oaHduncFem"},"_contentSize":{"__type__":"cc.Size","width":560,"height":100},"_scaleX":1,"_scaleY":1,"_scale":{"__type__":"cc.Vec3","x":1,"y":1,"z":1}},{"__type__":"cc.Node","_name":"bg2","_parent":{"__id__":1},"_components":[{"__type__":"cc.Sprite","node":{"__id__":2},"_spriteFrame":{"__uuid__":"57E0icP19E3qjw2iIJCNJI"},"_sizeMode":0},{"__type__":"cc.Widget","node":{"__id__":2},"_wasAlignOnce":{},"isAlignOnce":{},"_alignFlags":45,"_originalWidth":420,"_originalHeight":60}],"_prefab":{"__type__":"cc.PrefabInfo","root":{"__id__":1},"asset":{"__uuid__":"0dC/u6NZhIfLPVTfedWf4E"},"fileId":"32pJGhchpGYZruVWU80Q5c"},"_contentSize":{"__type__":"cc.Size","width":560,"height":100},"_scaleX":1,"_scaleY":1,"_scale":{"__type__":"cc.Vec3","x":1,"y":1,"z":1}},{"__type__":"cc.Node","_name":"bg1","_parent":{"__id__":1},"_components":[{"__type__":"cc.Sprite","node":{"__id__":3},"_spriteFrame":{"__uuid__":"2btXDobIlJqpMwN/OPUkxP"},"_sizeMode":0},{"__type__":"cc.Widget","node":{"__id__":3},"_wasAlignOnce":{},"isAlignOnce":{},"_alignFlags":45,"_originalWidth":420,"_originalHeight":60}],"_prefab":{"__type__":"cc.PrefabInfo","root":{"__id__":1},"asset":{"__uuid__":"0dC/u6NZhIfLPVTfedWf4E"},"fileId":"68VnKwpgZCfrykQXLJH7ug"},"_contentSize":{"__type__":"cc.Size","width":560,"height":100},"_scaleX":1,"_scaleY":1,"_scale":{"__type__":"cc.Vec3","x":1,"y":1,"z":1}},{"__type__":"cc.Node","_name":"trophy","_parent":{"__id__":1},"_children":[{"__id__":5},{"__id__":6},{"__id__":7}],"_components":[{"__type__":"cc.Widget","node":{"__id__":4},"_wasAlignOnce":{},"isAlignOnce":{},"_alignFlags":8,"_left":1}],"_prefab":{"__type__":"cc.PrefabInfo","root":{"__id__":1},"asset":{"__uuid__":"0dC/u6NZhIfLPVTfedWf4E"},"fileId":"5fWVQP6ElPbIQpQhZeIHYp"},"_contentSize":{"__type__":"cc.Size","width":82,"height":100},"_position":{"__type__":"cc.Vec3","x":-238},"_scaleX":1,"_scaleY":1,"_scale":{"__type__":"cc.Vec3","x":1,"y":1,"z":1}},{"__type__":"cc.Node","_name":"1","_parent":{"__id__":4},"_components":[{"__type__":"cc.Sprite","node":{"__id__":5},"_spriteFrame":{"__uuid__":"ddpo0PlldNeqpOF7f4c0IV"}}],"_prefab":{"__type__":"cc.PrefabInfo","root":{"__id__":1},"asset":{"__uuid__":"0dC/u6NZhIfLPVTfedWf4E"},"fileId":"99y+G5/z1LUYytvPHVst2I"},"_contentSize":{"__type__":"cc.Size","width":51,"height":60},"_scaleX":1,"_scaleY":1,"_scale":{"__type__":"cc.Vec3","x":1,"y":1,"z":1}},{"__type__":"cc.Node","_name":"2","_parent":{"__id__":4},"_components":[{"__type__":"cc.Sprite","node":{"__id__":6},"_spriteFrame":{"__uuid__":"a1mce1xd1Axp6JzmMT2yhz"}}],"_prefab":{"__type__":"cc.PrefabInfo","root":{"__id__":1},"asset":{"__uuid__":"0dC/u6NZhIfLPVTfedWf4E"},"fileId":"72TCVCtFVCf77P2ViFXYmn"},"_contentSize":{"__type__":"cc.Size","width":50,"height":60},"_scaleX":1,"_scaleY":1,"_scale":{"__type__":"cc.Vec3","x":1,"y":1,"z":1}},{"__type__":"cc.Node","_name":"3","_parent":{"__id__":4},"_components":[{"__type__":"cc.Sprite","node":{"__id__":7},"_spriteFrame":{"__uuid__":"b4l58Q+NxAq77vZIznZDnQ"}}],"_prefab":{"__type__":"cc.PrefabInfo","root":{"__id__":1},"asset":{"__uuid__":"0dC/u6NZhIfLPVTfedWf4E"},"fileId":"f2yntCZBtEtZrEb4tnjVpi"},"_contentSize":{"__type__":"cc.Size","width":50,"height":60},"_scaleX":1,"_scaleY":1,"_scale":{"__type__":"cc.Vec3","x":1,"y":1,"z":1}},{"__type__":"cc.Node","_name":"rank","_parent":{"__id__":1},"_components":[{"__type__":"cc.Label","node":{"__id__":8},"_useOriginalSize":false,"_string":"0","_N$string":"0","_fontSize":35,"_lineHeight":35,"_enableWrapText":false,"_N$horizontalAlign":1,"_N$verticalAlign":1,"_N$overflow":2},{"__type__":"cc.Widget","node":{"__id__":8},"_wasAlignOnce":{},"isAlignOnce":{},"_alignFlags":8,"_left":10}],"_prefab":{"__type__":"cc.PrefabInfo","root":{"__id__":1},"asset":{"__uuid__":"0dC/u6NZhIfLPVTfedWf4E"},"fileId":"e73lW6TkpKc6YdxzU50G+U"},"_contentSize":{"__type__":"cc.Size","width":64,"height":60},"_position":{"__type__":"cc.Vec3","x":-238},"_scaleX":1,"_scaleY":1,"_scale":{"__type__":"cc.Vec3","x":1,"y":1,"z":1}},{"__type__":"cc.Node","_name":"avatar","_parent":{"__id__":1},"_components":[{"__type__":"cc.Sprite","node":{"__id__":9},"_sizeMode":0},{"__type__":"cc.Widget","node":{"__id__":9},"_wasAlignOnce":{},"isAlignOnce":{},"_alignFlags":10,"_left":82}],"_prefab":{"__type__":"cc.PrefabInfo","root":{"__id__":1},"asset":{"__uuid__":"0dC/u6NZhIfLPVTfedWf4E"},"fileId":"10RENhVydCuphkloM5s8Sw"},"_contentSize":{"__type__":"cc.Size","width":84,"height":84},"_position":{"__type__":"cc.Vec3","x":-156},"_scaleX":1,"_scaleY":1,"_scale":{"__type__":"cc.Vec3","x":1,"y":1,"z":1}},{"__type__":"cc.Node","_name":"name","_parent":{"__id__":1},"_components":[{"__type__":"cc.Label","node":{"__id__":10},"_useOriginalSize":false,"_string":"...","_N$string":"...","_fontSize":26,"_lineHeight":26,"_N$horizontalAlign":1,"_N$verticalAlign":1,"_N$fontFamily":"苹方","_N$overflow":2}],"_prefab":{"__type__":"cc.PrefabInfo","root":{"__id__":1},"asset":{"__uuid__":"0dC/u6NZhIfLPVTfedWf4E"},"fileId":"bekBDau6dBO7Kyj63HUmBv"},"_contentSize":{"__type__":"cc.Size","width":250,"height":30},"_position":{"__type__":"cc.Vec3","x":25.3},"_scaleX":1,"_scaleY":1,"_scale":{"__type__":"cc.Vec3","x":1,"y":1,"z":1}},{"__type__":"cc.Node","_name":"score","_parent":{"__id__":1},"_components":[{"__type__":"cc.Label","node":{"__id__":11},"_useOriginalSize":false,"_string":"0","_N$string":"0","_fontSize":30,"_lineHeight":30,"_N$horizontalAlign":2,"_N$verticalAlign":1,"_N$fontFamily":"苹方","_N$overflow":3},{"__type__":"cc.Widget","node":{"__id__":11},"_wasAlignOnce":{},"isAlignOnce":{},"_alignFlags":32,"_right":15}],"_prefab":{"__type__":"cc.PrefabInfo","root":{"__id__":1},"asset":{"__uuid__":"0dC/u6NZhIfLPVTfedWf4E"},"fileId":"b4+BxSymxHkb/bQ3vUqjw2"},"_contentSize":{"__type__":"cc.Size","width":80,"height":30},"_position":{"__type__":"cc.Vec3","x":225},"_scaleX":1,"_scaleY":1,"_scale":{"__type__":"cc.Vec3","x":1,"y":1,"z":1}}],{"__type__":"cc.SpriteFrame","content":{"name":"bg2","texture":"adH3KFasdBcIgF01DZW1Ui","rect":[0,0,2,2],"offset":[0,0],"originalSize":[2,2],"capInsets":[0,0,0,0]}},{"__type__":"cc.SpriteFrame","content":{"name":"bg1","texture":"2dKkHtt/lNgrthaOaCrdD/","rect":[0,0,2,2],"offset":[0,0],"originalSize":[2,2],"capInsets":[0,0,0,0]}},{"__type__":"cc.SpriteFrame","content":{"name":"rank2","texture":"a9mgQ6jyZC5KCpzPuSbm+m","rect":[0,0,50,60],"offset":[-0.5,0],"originalSize":[51,60],"capInsets":[0,0,0,0]}},{"__type__":"cc.SpriteFrame","content":{"name":"rank3","texture":"14P6FALOxFZo/xYX2wt90z","rect":[0,0,50,60],"offset":[-0.5,0],"originalSize":[51,60],"capInsets":[0,0,0,0]}},{"__type__":"cc.SpriteFrame","content":{"name":"rank1","texture":"0fhCG3ps5BPrx8F6K1rjo7","rect":[0,0,51,60],"offset":[0,0],"originalSize":[51,60],"capInsets":[0,0,0,0]}}]