[[{"__type__":"cc.Prefab","_name":"Armor","data":{"__id__":1}},{"__type__":"cc.Node","_name":"Armor","_children":[{"__id__":2}],"_level":1,"_components":[{"__type__":"cc.Sprite","node":{"__id__":1},"_spriteFrame":{"__uuid__":"fcRHPDkY1B6Z169zNbv0hH"},"_sizeMode":2},{"__type__":"7adbf128RhF/5IP+P7pFhR3","node":{"__id__":1},"tipNode":{"__id__":2}}],"_prefab":{"__type__":"cc.PrefabInfo","root":{"__id__":1},"asset":{"__uuid__":"02md7BFopGIJ7ZPiksf08e"},"fileId":"78ptHvPKdPv6OI+v6Dk2Z8"},"_contentSize":{"__type__":"cc.Size","width":76,"height":49},"_scale":{"__type__":"cc.Vec3","x":1,"y":1,"z":1}},{"__type__":"cc.Node","_name":"label","_parent":{"__id__":1},"_level":2,"_components":[{"__type__":"cc.Label","node":{"__id__":2},"_useOriginalSize":false,"_string":"二级可捡护盾","_N$string":"二级可捡护盾","_fontSize":20,"_N$horizontalAlign":1,"_N$verticalAlign":1}],"_prefab":{"__type__":"cc.PrefabInfo","root":{"__id__":1},"asset":{"__uuid__":"02md7BFopGIJ7ZPiksf08e"},"fileId":"32uD685UREJ7L+0f1xAaWT"},"_contentSize":{"__type__":"cc.Size","width":120,"height":40},"_position":{"__type__":"cc.Vec3","y":53},"_scale":{"__type__":"cc.Vec3","x":1,"y":1,"z":1}}],[{"__type__":"cc.Prefab","_name":"BuffCD","data":{"__id__":1}},{"__type__":"cc.Node","_name":"BuffCD","_children":[{"__id__":2},{"__id__":3},{"__id__":4},{"__id__":5}],"_level":1,"_prefab":{"__type__":"cc.PrefabInfo","root":{"__id__":1},"asset":{"__uuid__":"06FJ5Ng1JLfYvCcromGTJj"},"fileId":"860l89wCNI96wnpDf6poQJ"},"_contentSize":{"__type__":"cc.Size","width":105,"height":156},"_scale":{"__type__":"cc.Vec3","x":1,"y":1,"z":1},"groupIndex":8},{"__type__":"cc.Node","_name":"icon","_parent":{"__id__":1},"_level":2,"_components":[{"__type__":"cc.Sprite","node":{"__id__":2},"_spriteFrame":{"__uuid__":"771Knv3yJMnYu+UEo0Py+S"}}],"_prefab":{"__type__":"cc.PrefabInfo","root":{"__id__":1},"asset":{"__uuid__":"06FJ5Ng1JLfYvCcromGTJj"},"fileId":"04To8RW11P4bojqAEX+M9W"},"_contentSize":{"__type__":"cc.Size","width":105,"height":116},"_position":{"__type__":"cc.Vec3","y":20},"_scale":{"__type__":"cc.Vec3","x":1,"y":1,"z":1}},{"__type__":"cc.Node","_name":"name_label","_parent":{"__id__":1},"_level":2,"_components":[{"__type__":"cc.Label","node":{"__id__":3},"_useOriginalSize":false,"_string":"加速","_N$string":"加速","_fontSize":28,"_N$horizontalAlign":1,"_N$verticalAlign":1},{"__type__":"cc.LabelOutline","node":{"__id__":3}}],"_prefab":{"__type__":"cc.PrefabInfo","root":{"__id__":1},"asset":{"__uuid__":"06FJ5Ng1JLfYvCcromGTJj"},"fileId":"59DIH5CSZE5rVdWkXsphRc"},"_contentSize":{"__type__":"cc.Size","width":58,"height":40},"_position":{"__type__":"cc.Vec3","x":1,"y":-60},"_scale":{"__type__":"cc.Vec3","x":1,"y":1,"z":1}},{"__type__":"cc.Node","_name":"times_back","_parent":{"__id__":1},"_level":2,"_components":[{"__type__":"cc.Sprite","node":{"__id__":4},"_spriteFrame":{"__uuid__":"1cREMscNZGip3rMI4LXSEZ"}}],"_prefab":{"__type__":"cc.PrefabInfo","root":{"__id__":1},"asset":{"__uuid__":"06FJ5Ng1JLfYvCcromGTJj"},"fileId":"0fdGs1zCVMnYch9QLlXkUK"},"_contentSize":{"__type__":"cc.Size","width":46,"height":46},"_position":{"__type__":"cc.Vec3","x":40,"y":63},"_scale":{"__type__":"cc.Vec3","x":1,"y":1,"z":1}},{"__type__":"cc.Node","_name":"timesLabel","_parent":{"__id__":1},"_level":2,"_components":[{"__type__":"cc.Label","node":{"__id__":5},"_useOriginalSize":false,"_string":"3","_N$string":"3","_fontSize":28,"_N$horizontalAlign":1,"_N$verticalAlign":1}],"_prefab":{"__type__":"cc.PrefabInfo","root":{"__id__":1},"asset":{"__uuid__":"06FJ5Ng1JLfYvCcromGTJj"},"fileId":"12XPuopARNOLmv5N2o+lkk"},"_contentSize":{"__type__":"cc.Size","width":15.57,"height":40},"_position":{"__type__":"cc.Vec3","x":39,"y":61},"_scale":{"__type__":"cc.Vec3","x":1,"y":1,"z":1}}],{"__type__":"cc.SpriteFrame","content":{"name":"buff_10","texture":"5eRP4iAN5M3piLvicicKXb","rect":[887,0,105,116],"offset":[0,0],"originalSize":[105,116],"capInsets":[0,0,0,0]}},{"__type__":"cc.AnimationClip","_name":"speed","_duration":0.2,"sample":15,"wrapMode":"2","curveData":{"comps":{"cc.Sprite":{"spriteFrame":[{"frame":0,"value":{"__uuid__":"59bWp4Oc9Dn7Q68yJB5CCu"}},{"frame":0.06666666666666667,"value":{"__uuid__":"a5esSsCupIAqnVbiKvs/L2"}},{"frame":0.13333333333333333,"value":{"__uuid__":"59bWp4Oc9Dn7Q68yJB5CCu"}}]}}}},[{"__type__":"cc.Prefab","_name":"Arrow","data":{"__id__":1}},{"__type__":"cc.Node","_name":"Arrow","_level":1,"_components":[{"__type__":"cc.Sprite","node":{"__id__":1},"_sizeMode":2,"_isTrimmedMode":false},{"__type__":"97aecp4ofNMWYtZkWsdTC9j","node":{"__id__":1},"tailPrefab":{"__uuid__":"69IEDrw7JPFakUQiW45bLs"}},{"__type__":"cc.BoxCollider","node":{"__id__":1},"_offset":{"__type__":"cc.Vec2","y":-55},"_size":{"__type__":"cc.Size","width":23,"height":110}},{"__type__":"ef5a1i+xOhFDoOMlBvnG83P","node":{"__id__":1}}],"_prefab":{"__type__":"cc.PrefabInfo","root":{"__id__":1},"asset":{"__uuid__":"0dgWKctjdMuYSjAhbkk5y2"},"fileId":"9byGXvum5AhYEBMTP28nmC"},"_contentSize":{"__type__":"cc.Size","width":27,"height":114},"_anchorPoint":{"__type__":"cc.Vec2","x":0.5,"y":1},"_scale":{"__type__":"cc.Vec3","x":1,"y":1,"z":1},"groupIndex":2}],{"__type__":"cc.SpriteFrame","content":{"name":"game_rank_num","texture":"ac21K0XY5CCruM3Ni8Xoug","rect":[0,0,90,84],"offset":[0,0],"originalSize":[90,84],"capInsets":[0,0,0,0]}},{"__type__":"cc.AnimationClip","_name":"role0_run","_duration":0.5,"sample":12,"wrapMode":"2","curveData":{"comps":{"cc.Sprite":{"spriteFrame":[{"frame":0,"value":{"__uuid__":"40Ab0znFlMjKjFxOdyYe6Z"}},{"frame":0.08333333333333333,"value":{"__uuid__":"13IiTPBatHxL0ioFvpMjnq"}},{"frame":0.16666666666666666,"value":{"__uuid__":"65Oi/Kk5BGQbOO4X47zqlA"}},{"frame":0.25,"value":{"__uuid__":"62TYHd4sdLBosfOlXQfmky"}},{"frame":0.3333333333333333,"value":{"__uuid__":"19aBeSCANBbKHPOWFiCzNd"}},{"frame":0.4166666666666667,"value":{"__uuid__":"67NVTBYMBIZ5vtrpnhgy48"}}]}}}},[{"__type__":"cc.Prefab","_name":"Dot","data":{"__id__":1}},{"__type__":"cc.Node","_name":"Dot","_level":3,"_components":[{"__type__":"cc.Sprite","node":{"__id__":1},"_spriteFrame":{"__uuid__":"ecBQpcZKNLE6vHzVkfb5zV"}}],"_prefab":{"__type__":"cc.PrefabInfo","root":{"__id__":1},"asset":{"__id__":0},"fileId":"8bf/sMKwFDQaiQllnXHdOJ"},"_contentSize":{"__type__":"cc.Size","width":46,"height":46},"_scale":{"__type__":"cc.Vec3","x":1,"y":1,"z":1}}],[{"__type__":"cc.Prefab","_name":"HintArrow","data":{"__id__":1}},{"__type__":"cc.Node","_name":"HintArrow","_level":1,"_components":[{"__type__":"cc.Sprite","node":{"__id__":1},"_spriteFrame":{"__uuid__":"267DDvUVlLio8WHaujZyGU"},"_sizeMode":0,"_isTrimmedMode":false}],"_prefab":{"__type__":"cc.PrefabInfo","root":{"__id__":1},"asset":{"__uuid__":"117CxnkiVJxr56aKp00afB"},"fileId":"dcvY48kopHdLhpko+OzqC4"},"_contentSize":{"__type__":"cc.Size","width":24,"height":50},"_scale":{"__type__":"cc.Vec3","x":1,"y":1,"z":1},"groupIndex":4}],{"__type__":"cc.SpriteFrame","content":{"name":"effect_hit_0","texture":"5eRP4iAN5M3piLvicicKXb","rect":[388,915,50,50],"offset":[0,0],"originalSize":[50,50],"capInsets":[0,0,0,0]}},{"__type__":"cc.SpriteFrame","content":{"name":"role0_run_1","texture":"2eXvRQGd5LkZBFhJ02+M9t","rect":[1264,1412,311,348],"offset":[0,0],"originalSize":[311,348],"capInsets":[0,0,0,0]}},{"__type__":"cc.SpriteFrame","content":{"name":"role0_dead_3","texture":"2eXvRQGd5LkZBFhJ02+M9t","rect":[0,353,311,348],"offset":[0,0],"originalSize":[311,348],"capInsets":[0,0,0,0]}},{"__type__":"cc.SpriteFrame","content":{"name":"boom_0","texture":"5eRP4iAN5M3piLvicicKXb","rect":[388,305,300,300],"offset":[0,0],"originalSize":[300,300],"capInsets":[0,0,0,0]}},{"__type__":"cc.SpriteFrame","content":{"name":"role0_run_4","texture":"2eXvRQGd5LkZBFhJ02+M9t","rect":[1264,706,311,348],"offset":[0,0],"originalSize":[311,348],"capInsets":[0,0,0,0]}},{"__type__":"cc.SpriteFrame","content":{"name":"role0_ready_2","texture":"2eXvRQGd5LkZBFhJ02+M9t","rect":[632,0,311,348],"offset":[0,0],"originalSize":[311,348],"capInsets":[0,0,0,0]}},{"__type__":"cc.SpriteFrame","content":{"name":"hall_11","texture":"3cyNE3RVFIp6f21rOo5lm3","rect":[633,254,46,46],"offset":[0,0],"originalSize":[46,46],"capInsets":[0,0,0,0]}},{"__type__":"cc.SpriteFrame","content":{"name":"buff_4","texture":"5eRP4iAN5M3piLvicicKXb","rect":[344,118,39,21],"offset":[0,0],"originalSize":[39,21],"capInsets":[0,0,0,0]}},{"__type__":"cc.SpriteFrame","content":{"name":"game_1","texture":"789/YywudA2ZdqHXVgPR/A","rect":[681,245,46,46],"offset":[0,0],"originalSize":[46,46],"capInsets":[0,0,0,0]}},{"__type__":"cc.SpriteFrame","content":{"name":"buff_8","texture":"5eRP4iAN5M3piLvicicKXb","rect":[693,0,189,411],"offset":[0,0],"originalSize":[189,411],"capInsets":[0,0,0,0]}},{"__type__":"cc.SpriteFrame","content":{"name":"game_20","texture":"789/YywudA2ZdqHXVgPR/A","rect":[777,539,24,50],"offset":[0,0],"originalSize":[24,50],"capInsets":[0,0,0,0]}},{"__type__":"cc.SpriteFrame","content":{"name":"boom_1","texture":"5eRP4iAN5M3piLvicicKXb","rect":[388,610,300,300],"offset":[0,0],"originalSize":[300,300],"capInsets":[0,0,0,0]}},{"__type__":"cc.BitmapFont","_name":"game_rank_num","spriteFrame":{"__uuid__":"0e1GlHZVRGUKJfUvSMxFXy"},"fontSize":40,"_fntConfig":{"commonHeight":40,"fontSize":40,"atlasName":"game_rank_num.png","fontDefDictionary":{"49":{"rect":{"x":0,"y":0,"width":33,"height":30},"xOffset":0,"yOffset":0,"xAdvance":33},"50":{"rect":{"x":33,"y":0,"width":33,"height":30},"xOffset":0,"yOffset":0,"xAdvance":33},"51":{"rect":{"x":0,"y":30,"width":33,"height":30},"xOffset":0,"yOffset":0,"xAdvance":33},"52":{"rect":{"x":33,"y":30,"width":24,"height":24},"xOffset":0,"yOffset":0,"xAdvance":24},"53":{"rect":{"x":66,"y":0,"width":24,"height":24},"xOffset":0,"yOffset":0,"xAdvance":24},"54":{"rect":{"x":66,"y":24,"width":24,"height":24},"xOffset":0,"yOffset":0,"xAdvance":24},"55":{"rect":{"x":0,"y":60,"width":24,"height":24},"xOffset":0,"yOffset":0,"xAdvance":24},"56":{"rect":{"x":24,"y":60,"width":24,"height":24},"xOffset":0,"yOffset":0,"xAdvance":24}},"kerningDict":{}}},{"__type__":"cc.SpriteFrame","content":{"name":"role0_dead_0","texture":"2eXvRQGd5LkZBFhJ02+M9t","rect":[632,706,311,348],"offset":[0,0],"originalSize":[311,348],"capInsets":[0,0,0,0]}},{"__type__":"cc.SpriteFrame","content":{"name":"effect_hit_10","texture":"5eRP4iAN5M3piLvicicKXb","rect":[498,915,50,50],"offset":[0,0],"originalSize":[50,50],"capInsets":[0,0,0,0]}},{"__type__":"cc.SpriteFrame","content":{"name":"delete_line","texture":"789/YywudA2ZdqHXVgPR/A","rect":[0,768,132,19],"offset":[0,0],"originalSize":[132,19],"capInsets":[0,0,0,0]}},{"__type__":"cc.SpriteFrame","content":{"name":"role0_dead_5","texture":"2eXvRQGd5LkZBFhJ02+M9t","rect":[0,0,311,348],"offset":[0,0],"originalSize":[311,348],"capInsets":[0,0,0,0]}},{"__type__":"cc.AnimationClip","_name":"boom","_duration":0.8,"sample":5,"wrapMode":"1","curveData":{"comps":{"cc.Sprite":{"spriteFrame":[{"frame":0,"value":{"__uuid__":"175lHhHUZEd5ulZuuy/79b"}},{"frame":0.2,"value":{"__uuid__":"2blqSQU6FDW5/k9cDrhCPt"}},{"frame":0.4,"value":{"__uuid__":"d9nNu2LwxB5IKpFv4Cz6pR"}},{"frame":0.6,"value":{"__uuid__":"f9uW8zzxdOYazHc3E6H2pi"}}]}}}},{"__type__":"cc.SpriteFrame","content":{"name":"bg2","texture":"22CB1rWVFP2K/GEL1Ic1ym","rect":[0,0,1679,1680],"offset":[0,0],"originalSize":[1679,1680],"capInsets":[0,0,0,0]}},{"__type__":"cc.SpriteFrame","content":{"name":"role0_attack_1","texture":"2eXvRQGd5LkZBFhJ02+M9t","rect":[316,706,311,348],"offset":[0,0],"originalSize":[311,348],"capInsets":[0,0,0,0]}},{"__type__":"cc.SpriteFrame","content":{"name":"role0_run_0","texture":"2eXvRQGd5LkZBFhJ02+M9t","rect":[316,1412,311,348],"offset":[0,0],"originalSize":[311,348],"capInsets":[0,0,0,0]}},{"__type__":"cc.SpriteFrame","content":{"name":"pow","texture":"5eRP4iAN5M3piLvicicKXb","rect":[305,81,72,31],"offset":[0,0],"originalSize":[72,31],"capInsets":[0,0,0,0]}},{"__type__":"cc.SpriteFrame","content":{"name":"role0_ready_4","texture":"2eXvRQGd5LkZBFhJ02+M9t","rect":[316,1059,311,348],"offset":[0,0],"originalSize":[311,348],"capInsets":[0,0,0,0]}},{"__type__":"cc.SpriteFrame","content":{"name":"effect_hit_2","texture":"5eRP4iAN5M3piLvicicKXb","rect":[110,874,50,50],"offset":[0,0],"originalSize":[50,50],"capInsets":[0,0,0,0]}},{"__type__":"cc.SpriteFrame","content":{"name":"effect_hit_6","texture":"5eRP4iAN5M3piLvicicKXb","rect":[942,176,50,50],"offset":[0,0],"originalSize":[50,50],"capInsets":[0,0,0,0]}},{"__type__":"cc.SpriteFrame","content":{"name":"game_16","texture":"789/YywudA2ZdqHXVgPR/A","rect":[680,594,142,142],"offset":[0,0],"originalSize":[142,142],"capInsets":[0,0,0,0]}},[{"__type__":"cc.Prefab","_name":"Pow","data":{"__id__":1}},{"__type__":"cc.Node","_name":"PlayerPow","_children":[{"__id__":2},{"__id__":4}],"_level":1,"_components":[{"__type__":"52dacuaLKVEn6anQz2XuFlp","node":{"__id__":1},"boomAnim":{"__id__":3}}],"_prefab":{"__type__":"cc.PrefabInfo","root":{"__id__":1},"asset":{"__uuid__":"506UnXijNMTon00iXlbKcC"},"fileId":"40rcwO7LdMB7vpCp0VixEd"},"_scale":{"__type__":"cc.Vec3","x":1,"y":1,"z":1}},{"__type__":"cc.Node","_name":"boom","_parent":{"__id__":1},"_level":2,"_components":[{"__type__":"cc.Sprite","node":{"__id__":2},"_spriteFrame":{"__uuid__":"175lHhHUZEd5ulZuuy/79b"}},{"__id__":3}],"_prefab":{"__type__":"cc.PrefabInfo","root":{"__id__":1},"asset":{"__uuid__":"506UnXijNMTon00iXlbKcC"},"fileId":"4fPu4Zsb1Kq7wrgHHCM/Dp"},"_contentSize":{"__type__":"cc.Size","width":300,"height":300},"_scale":{"__type__":"cc.Vec3","x":1,"y":1,"z":1}},{"__type__":"cc.Animation","node":{"__id__":2},"_defaultClip":{"__uuid__":"39Kc5CXWlDuYvnNh1aiFy5"},"_clips":[{"__uuid__":"39Kc5CXWlDuYvnNh1aiFy5"}],"playOnLoad":true},{"__type__":"cc.Node","_name":"pow","_parent":{"__id__":1},"_level":2,"_components":[{"__type__":"cc.Sprite","node":{"__id__":4},"_spriteFrame":{"__uuid__":"40m4sS+KVFM6GZRO7AKotw"}},{"__type__":"cc.Widget","node":{"__id__":4},"_alignFlags":18}],"_prefab":{"__type__":"cc.PrefabInfo","root":{"__id__":1},"asset":{"__uuid__":"506UnXijNMTon00iXlbKcC"},"fileId":"7bM8YEO55GWZh/H0HJENg2"},"_color":{"__type__":"cc.Color","r":251,"g":251,"b":21},"_contentSize":{"__type__":"cc.Size","width":72,"height":31},"_scale":{"__type__":"cc.Vec3","x":2,"y":2,"z":1}}],{"__type__":"cc.SpriteFrame","content":{"name":"effect_hit_11","texture":"5eRP4iAN5M3piLvicicKXb","rect":[942,121,50,50],"offset":[0,0],"originalSize":[50,50],"capInsets":[0,0,0,0]}},{"__type__":"cc.SpriteFrame","content":{"name":"effect_hit_9","texture":"5eRP4iAN5M3piLvicicKXb","rect":[887,286,50,50],"offset":[0,0],"originalSize":[50,50],"capInsets":[0,0,0,0]}},{"__type__":"cc.SpriteFrame","content":{"name":"role0_ready_6","texture":"2eXvRQGd5LkZBFhJ02+M9t","rect":[948,1412,311,348],"offset":[0,0],"originalSize":[311,348],"capInsets":[0,0,0,0]}},{"__type__":"sp.SkeletonData","_name":"slide","_native":"raw-skeleton.json","_skeletonJson":{"skeleton":{"hash":"z/2cxjtpdxtk32B5rObXwj43q0k","spine":"3.6.53","width":527,"height":171.74},"bones":[{"name":"root"},{"name":"手势@2x","parent":"root","x":255.37,"y":36.32}],"slots":[{"name":"滑动轨迹@2x","bone":"root","attachment":"滑动轨迹@2x"},{"name":"手势@2x","bone":"手势@2x","attachment":"手势@2x"},{"name":"slide","bone":"root","attachment":"slide"}],"path":[{"name":"slide","order":0,"bones":["手势@2x"],"target":"slide","rotateMix":0}],"skins":{"default":{"slide":{"slide":{"type":"path","closed":true,"lengths":[183.28,436.24,625.87,839.07,1087.38,1246.54],"vertexCount":18,"vertices":[32.62,25.53,-9.73,-1.3,-47.15,-25.02,-108.22,-70.86,-175.14,-75.77,-273.3,-82.97,-305.92,79.07,-183.58,85.25,-119.59,88.48,-56.38,29.7,-15.78,3.7,32.82,-27.41,90.69,-75.78,179.2,-72.39,293.53,-68.03,283.92,81.48,177.56,85.2,109.56,87.57]}},"手势@2x":{"手势@2x":{"x":19.86,"y":-30.19,"width":83,"height":105}},"滑动轨迹@2x":{"滑动轨迹@2x":{"x":0.25,"y":5.75,"width":527,"height":164}}}},"animations":{"idle":{"paths":{"slide":{"position":[{"time":0,"position":1},{"time":2}]}}}}},"_atlasText":"\nslide.png\nsize: 1024,1024\nformat: RGBA8888\nfilter: Linear,Linear\nrepeat: none\n手势@2x\n  rotate: false\n  xy: 2, 256\n  size: 83, 105\n  orig: 83, 105\n  offset: 0, 0\n  index: -1\n滑动轨迹@2x\n  rotate: false\n  xy: 2, 363\n  size: 527, 164\n  orig: 527, 164\n  offset: 0, 0\n  index: -1\n","textures":[{"__uuid__":"8d3rSiCsJL0qUt23lfpZwy"}],"textureNames":["slide.png"]},{"__type__":"cc.SpriteFrame","content":{"name":"game_2","texture":"789/YywudA2ZdqHXVgPR/A","rect":[435,369,46,46],"offset":[0,0],"originalSize":[46,46],"capInsets":[0,0,0,0]}},{"__type__":"cc.SpriteFrame","content":{"name":"buff_6","texture":"5eRP4iAN5M3piLvicicKXb","rect":[194,305,189,411],"offset":[0,0],"originalSize":[189,411],"capInsets":[0,0,0,0]}},{"__type__":"cc.SpriteFrame","content":{"name":"effect_hit_4","texture":"5eRP4iAN5M3piLvicicKXb","rect":[942,286,50,50],"offset":[0,0],"originalSize":[50,50],"capInsets":[0,0,0,0]}},{"__type__":"cc.SpriteFrame","content":{"name":"bg1","texture":"626z9UT21GBoysxFhweu7H","rect":[0,0,1680,1680],"offset":[0,0],"originalSize":[1680,1680],"capInsets":[0,0,0,0]}},[{"__type__":"cc.SceneAsset","_name":"game","scene":{"__id__":1},"asyncLoadAssets":null},{"__type__":"cc.Scene","_name":"New Node","_children":[{"__id__":2},{"__id__":22}],"_active":false,"_anchorPoint":{"__type__":"cc.Vec2"},"_scale":{"__type__":"cc.Vec3","x":0.253303035982009,"y":0.253303035982009,"z":1},"autoReleaseAssets":true},{"__type__":"cc.Node","_name":"ui","_parent":{"__id__":1},"_children":[{"__id__":3},{"__id__":5},{"__id__":7},{"__id__":13},{"__id__":14},{"__id__":17}],"_level":1,"_components":[{"__type__":"cc.Widget","node":{"__id__":2},"_alignFlags":45,"_originalWidth":750,"_originalHeight":1334},{"__id__":21},{"__type__":"97e260p1XBJv5tAumsA4Nm3","node":{"__id__":2},"rocker":{"__id__":16},"touch":{"__id__":15},"control":{"__id__":14},"guide":{"__id__":17}},{"__type__":"917e6ETq8ZHZ4LMEQBmXNO4","node":{"__id__":2},"arrowPrefab":{"__uuid__":"117CxnkiVJxr56aKp00afB"}}],"_contentSize":{"__type__":"cc.Size","width":750,"height":1334},"_position":{"__type__":"cc.Vec3","x":375,"y":667},"_scale":{"__type__":"cc.Vec3","x":1,"y":1,"z":1},"groupIndex":4,"_id":"06QF9lmmFNwKqgfsYirGz2"},{"__type__":"cc.Node","_name":"time","_parent":{"__id__":2},"_level":2,"_components":[{"__type__":"cc.Widget","node":{"__id__":3},"_alignFlags":9,"_left":315.625,"_right":297.88,"_top":64,"_horizontalCenter":-281},{"__id__":4}],"_contentSize":{"__type__":"cc.Size","width":118.75,"height":66.5},"_position":{"__type__":"cc.Vec3","y":569.75},"_scale":{"__type__":"cc.Vec3","x":1,"y":1,"z":1},"groupIndex":4},{"__type__":"cc.Label","node":{"__id__":3},"_string":"3:00","_N$string":"3:00","_fontSize":38,"_lineHeight":70,"_N$file":{"__uuid__":"c6E6VLq2VNYJtoLQqTmW6e"},"_isSystemFontUsed":false},{"__type__":"cc.Node","_name":"rank","_parent":{"__id__":2},"_children":[{"__id__":6}],"_level":2,"_components":[{"__type__":"cc.Widget","node":{"__id__":5},"_alignFlags":9,"_left":12,"_right":456.5,"_top":89},{"__type__":"cc.Sprite","node":{"__id__":5},"_spriteFrame":{"__uuid__":"e0VfiagXFOc52rOPQ0E9AJ"},"_sizeMode":0}],"_contentSize":{"__type__":"cc.Size","width":208,"height":283},"_anchorPoint":{"__type__":"cc.Vec2","x":0.5,"y":1},"_position":{"__type__":"cc.Vec3","x":-259,"y":578},"_scale":{"__type__":"cc.Vec3","x":1,"y":1,"z":1},"groupIndex":4},{"__type__":"cc.Node","_name":"mask","_parent":{"__id__":5},"_level":3,"_components":[{"__type__":"cc.Mask","node":{"__id__":6}}],"_contentSize":{"__type__":"cc.Size","width":208,"height":283},"_anchorPoint":{"__type__":"cc.Vec2","x":0.5,"y":1},"_scale":{"__type__":"cc.Vec3","x":1,"y":1,"z":1},"groupIndex":4},{"__type__":"cc.Node","_name":"kill","_parent":{"__id__":2},"_children":[{"__id__":8},{"__id__":9}],"_level":2,"_components":[{"__type__":"cc.Widget","node":{"__id__":7},"_alignFlags":1,"_left":597,"_top":167.5}],"_opacity":0,"_contentSize":{"__type__":"cc.Size","width":267,"height":173},"_position":{"__type__":"cc.Vec3","x":217,"y":413},"_scale":{"__type__":"cc.Vec3","x":1,"y":1,"z":1},"groupIndex":4},{"__type__":"cc.Node","_name":"back","_parent":{"__id__":7},"_level":3,"_components":[{"__type__":"cc.Sprite","node":{"__id__":8},"_spriteFrame":{"__uuid__":"a8FifwkIBHBrvyl1Q5AFuP"},"_sizeMode":0}],"_color":{"__type__":"cc.Color","r":182,"g":199,"b":230},"_contentSize":{"__type__":"cc.Size","width":267,"height":173},"_scale":{"__type__":"cc.Vec3","x":1,"y":1,"z":1},"groupIndex":4},{"__type__":"cc.Node","_name":"label","_parent":{"__id__":7},"_children":[{"__id__":10},{"__id__":11},{"__id__":12}],"_level":3,"_components":[{"__type__":"cc.RichText","node":{"__id__":9},"_fontFamily":"苹方","_N$string":"<color=#6dff46>Rich</c><color=#ffffff>击杀了</c>\n<color=#ff5252>Text</color>","_N$horizontalAlign":1,"_N$fontSize":20,"_N$lineHeight":30,"_N$handleTouchEvent":false}],"_contentSize":{"__type__":"cc.Size","width":97.77000000000001,"height":60},"_scale":{"__type__":"cc.Vec3","x":1,"y":1,"z":1},"groupIndex":4},{"__type__":"cc.PrivateNode","_name":"RICHTEXT_CHILD","_parent":{"__id__":9},"_level":4,"_components":[{"__type__":"cc.Label","node":{"__id__":10},"_string":"Rich","_N$string":"Rich","_fontSize":20,"_lineHeight":30,"_N$verticalAlign":1,"_N$fontFamily":"苹方"}],"_color":{"__type__":"cc.Color","r":109,"g":255,"b":70},"_contentSize":{"__type__":"cc.Size","width":37.77,"height":30},"_anchorPoint":{"__type__":"cc.Vec2"},"_scale":{"__type__":"cc.Vec3","x":1,"y":1,"z":1}},{"__type__":"cc.PrivateNode","_name":"RICHTEXT_CHILD","_parent":{"__id__":9},"_level":4,"_components":[{"__type__":"cc.Label","node":{"__id__":11},"_string":"击杀了","_N$string":"击杀了","_fontSize":20,"_lineHeight":30,"_N$verticalAlign":1,"_N$fontFamily":"苹方"}],"_contentSize":{"__type__":"cc.Size","width":60,"height":30},"_anchorPoint":{"__type__":"cc.Vec2"},"_scale":{"__type__":"cc.Vec3","x":1,"y":1,"z":1}},{"__type__":"cc.PrivateNode","_name":"RICHTEXT_CHILD","_parent":{"__id__":9},"_level":4,"_components":[{"__type__":"cc.Label","node":{"__id__":12},"_string":"Text","_N$string":"Text","_fontSize":20,"_lineHeight":30,"_N$verticalAlign":1,"_N$fontFamily":"苹方"}],"_color":{"__type__":"cc.Color","r":255,"g":82,"b":82},"_contentSize":{"__type__":"cc.Size","width":35.25,"height":30},"_anchorPoint":{"__type__":"cc.Vec2"},"_scale":{"__type__":"cc.Vec3","x":1,"y":1,"z":1}},{"__type__":"cc.Node","_name":"killTip","_parent":{"__id__":2},"_level":2,"_components":[{"__type__":"cc.Label","node":{"__id__":13},"_string":"1","_N$string":"1","_N$file":{"__uuid__":"aehefXVPhOroOsbM9qYzZw"},"_isSystemFontUsed":false},{"__type__":"cc.Widget","node":{"__id__":13},"_alignFlags":1,"_top":134}],"_opacity":0,"_contentSize":{"__type__":"cc.Size","width":311,"height":40},"_position":{"__type__":"cc.Vec3","y":513},"_scale":{"__type__":"cc.Vec3","x":1,"y":1,"z":1},"groupIndex":4},{"__type__":"cc.Node","_name":"control","_parent":{"__id__":2},"_children":[{"__id__":15},{"__id__":16}],"_active":false,"_level":2,"_scale":{"__type__":"cc.Vec3","x":1,"y":1,"z":1},"groupIndex":4},{"__type__":"cc.Node","_name":"rocker","_parent":{"__id__":14},"_level":3,"_components":[{"__type__":"cc.Sprite","node":{"__id__":15},"_spriteFrame":{"__uuid__":"d9qJMhoExCnbkPu3TOdRcH"}}],"_contentSize":{"__type__":"cc.Size","width":112,"height":112},"_position":{"__type__":"cc.Vec3","y":-371},"_scale":{"__type__":"cc.Vec3","x":1,"y":1,"z":1},"groupIndex":4},{"__type__":"cc.Node","_name":"touch","_parent":{"__id__":14},"_level":3,"_components":[{"__type__":"cc.Sprite","node":{"__id__":16},"_spriteFrame":{"__uuid__":"b5rXatzdFCerdAh4aYvQfL"}}],"_contentSize":{"__type__":"cc.Size","width":181,"height":181},"_position":{"__type__":"cc.Vec3","y":-371},"_scale":{"__type__":"cc.Vec3","x":1,"y":1,"z":1},"groupIndex":4},{"__type__":"cc.Node","_name":"guide","_parent":{"__id__":2},"_children":[{"__id__":18},{"__id__":19},{"__id__":20}],"_level":2,"_components":[{"__type__":"cc.Widget","node":{"__id__":17},"_alignFlags":20,"_bottom":308}],"_position":{"__type__":"cc.Vec3","y":-359},"_scale":{"__type__":"cc.Vec3","x":1,"y":1,"z":1}},{"__type__":"cc.Node","_name":"slide","_parent":{"__id__":17},"_level":3,"_components":[{"__type__":"sp.Skeleton","node":{"__id__":18},"defaultAnimation":"idle","_preCacheMode":0,"premultipliedAlpha":false,"_animationName":{"0":"i","1":"d","2":"l","3":"e"},"_N$skeletonData":{"__uuid__":"53GLQXLIlJYq0z9RUKgBw6"}}],"_contentSize":{"__type__":"cc.Size","width":527,"height":171.74},"_scale":{"__type__":"cc.Vec3","x":1,"y":1,"z":1},"groupIndex":4},{"__type__":"cc.Node","_name":"text1","_parent":{"__id__":17},"_level":3,"_components":[{"__type__":"cc.Label","node":{"__id__":19},"_useOriginalSize":false,"_string":"滑动屏幕进行移动","_N$string":"滑动屏幕进行移动","_N$horizontalAlign":1,"_N$verticalAlign":1},{"__type__":"cc.LabelOutline","node":{"__id__":19}}],"_contentSize":{"__type__":"cc.Size","width":322,"height":40},"_position":{"__type__":"cc.Vec3","x":-2,"y":-140},"_scale":{"__type__":"cc.Vec3","x":1,"y":1,"z":1}},{"__type__":"cc.Node","_name":"text2","_parent":{"__id__":17},"_level":3,"_components":[{"__type__":"cc.Label","node":{"__id__":20},"_useOriginalSize":false,"_string":"松开手指进入攻击状态","_N$string":"松开手指进入攻击状态","_fontSize":30,"_N$horizontalAlign":1,"_N$verticalAlign":1}],"_contentSize":{"__type__":"cc.Size","width":300,"height":40},"_position":{"__type__":"cc.Vec3","y":-200},"_scale":{"__type__":"cc.Vec3","x":1,"y":1,"z":1}},{"__type__":"55026PoLedN47q/tdWgYbtJ","node":{"__id__":2},"timeLabel":{"__id__":4},"killNode":{"__id__":7},"killTipNode":{"__id__":13},"rankNode":{"__id__":6},"rankPrefab":{"__uuid__":"96tWoRyhFJXIutWODHmWD4"}},{"__type__":"cc.Node","_name":"Canvas","_parent":{"__id__":1},"_children":[{"__id__":23},{"__id__":24},{"__id__":26}],"_level":1,"_components":[{"__type__":"cc.Canvas","node":{"__id__":22},"_designResolution":{"__type__":"cc.Size","width":750,"height":1334},"_fitWidth":true,"_fitHeight":false},{"__type__":"f0166OJXpJGjoBTEHEzt1B3","node":{"__id__":22},"battle":{"__id__":34},"ui":{"__id__":21},"camera":{"__id__":25}}],"_contentSize":{"__type__":"cc.Size","width":750,"height":1334},"_position":{"__type__":"cc.Vec3","x":375,"y":667},"_scale":{"__type__":"cc.Vec3","x":1,"y":1,"z":1},"_id":"f9ILKmf9FFLKuXEWhqfeU/"},{"__type__":"cc.Node","_name":"Camera","_parent":{"__id__":22},"_level":2,"_components":[{"__type__":"cc.Camera","node":{"__id__":23},"_cullingMask":16,"_clearFlags":0,"_depth":999}],"_color":{"__type__":"cc.Color"},"_scale":{"__type__":"cc.Vec3","x":1,"y":1,"z":1},"groupIndex":4},{"__type__":"cc.Node","_name":"Main Camera","_parent":{"__id__":22},"_level":2,"_components":[{"__type__":"cc.Camera","node":{"__id__":24},"_cullingMask":-17,"_clearFlags":7,"_backgroundColor":{"__type__":"cc.Color","r":37,"g":37,"b":43},"_depth":-1,"_zoomRatio":0.55},{"__id__":25}],"_color":{"__type__":"cc.Color"},"_scale":{"__type__":"cc.Vec3","x":1,"y":1,"z":1}},{"__type__":"ab883iQ2alINbiBaLo1vpw+","node":{"__id__":24}},{"__type__":"cc.Node","_name":"battle","_parent":{"__id__":22},"_children":[{"__id__":27}],"_level":2,"_components":[{"__id__":34}],"_color":{"__type__":"cc.Color"},"_scale":{"__type__":"cc.Vec3","x":1,"y":1,"z":1}},{"__type__":"cc.Node","_name":"back","_parent":{"__id__":26},"_children":[{"__id__":28},{"__id__":31}],"_level":3,"_contentSize":{"__type__":"cc.Size","width":3359,"height":3359},"_scale":{"__type__":"cc.Vec3","x":1,"y":1,"z":1}},{"__type__":"cc.Node","_name":"back1","_parent":{"__id__":27},"_children":[{"__id__":29},{"__id__":30}],"_level":4,"_components":[{"__type__":"cc.Layout","node":{"__id__":28},"_layoutSize":{"__type__":"cc.Size","width":3359,"height":1680},"_resize":1,"_N$layoutType":1},{"__type__":"cc.Widget","node":{"__id__":28},"_alignFlags":1}],"_contentSize":{"__type__":"cc.Size","width":3359,"height":1680},"_position":{"__type__":"cc.Vec3","y":839.5},"_scale":{"__type__":"cc.Vec3","x":1,"y":1,"z":1}},{"__type__":"cc.Node","_name":"bg3","_parent":{"__id__":28},"_level":4,"_components":[{"__type__":"cc.Sprite","node":{"__id__":29},"_spriteFrame":{"__uuid__":"89tksnH0NOpJcz5W9icOQd"}}],"_contentSize":{"__type__":"cc.Size","width":1679,"height":1680},"_position":{"__type__":"cc.Vec3","x":-840},"_scale":{"__type__":"cc.Vec3","x":1,"y":1,"z":1}},{"__type__":"cc.Node","_name":"bg0","_parent":{"__id__":28},"_level":4,"_components":[{"__type__":"cc.Sprite","node":{"__id__":30},"_spriteFrame":{"__uuid__":"e5MYlvPf9C35RxFdrD8+OH"},"_sizeMode":2,"_isTrimmedMode":false}],"_contentSize":{"__type__":"cc.Size","width":1680,"height":1680},"_position":{"__type__":"cc.Vec3","x":839.5},"_scale":{"__type__":"cc.Vec3","x":1,"y":1,"z":1}},{"__type__":"cc.Node","_name":"back2","_parent":{"__id__":27},"_children":[{"__id__":32},{"__id__":33}],"_level":4,"_components":[{"__type__":"cc.Layout","node":{"__id__":31},"_layoutSize":{"__type__":"cc.Size","width":3359,"height":1680},"_resize":1,"_N$layoutType":1},{"__type__":"cc.Widget","node":{"__id__":31},"_alignFlags":4}],"_contentSize":{"__type__":"cc.Size","width":3359,"height":1680},"_position":{"__type__":"cc.Vec3","y":-839.5},"_scale":{"__type__":"cc.Vec3","x":1,"y":1,"z":1}},{"__type__":"cc.Node","_name":"bg2","_parent":{"__id__":31},"_level":4,"_components":[{"__type__":"cc.Sprite","node":{"__id__":32},"_spriteFrame":{"__uuid__":"3bS45FPZ5Cb6eIANZaIOYw"},"_sizeMode":2,"_isTrimmedMode":false}],"_contentSize":{"__type__":"cc.Size","width":1679,"height":1680},"_position":{"__type__":"cc.Vec3","x":-840},"_scale":{"__type__":"cc.Vec3","x":1,"y":1,"z":1}},{"__type__":"cc.Node","_name":"bg1","_parent":{"__id__":31},"_level":4,"_components":[{"__type__":"cc.Sprite","node":{"__id__":33},"_spriteFrame":{"__uuid__":"5enLwPpNxPKqTvjY2YazYC"},"_sizeMode":2,"_isTrimmedMode":false}],"_contentSize":{"__type__":"cc.Size","width":1680,"height":1680},"_position":{"__type__":"cc.Vec3","x":839.5},"_scale":{"__type__":"cc.Vec3","x":1,"y":1,"z":1}},{"__type__":"c18252QK+1Fz4QxCZCRVeDI","node":{"__id__":26},"playerPrefab":{"__uuid__":"84jvVZiZJExYT3jot3R8Cd"},"arrowPrefab":{"__uuid__":"0dgWKctjdMuYSjAhbkk5y2"},"hurtPrefab":{"__uuid__":"8eL1WyJzRJNYzEq/Zm9RoZ"},"powPrefab":{"__uuid__":"506UnXijNMTon00iXlbKcC"},"armorPrefab":{"__uuid__":"02md7BFopGIJ7ZPiksf08e"},"buffBoxPrefab":{"__uuid__":"93JbsD6ilE6oGDhwGwcMyC"},"buffPrefab":{"__uuid__":"dc9l3CUZhOZp8yl/s7/CSc"},"grassPrefab":{"__uuid__":"ee+8WELoNGcYaNcL3Bd/IZ"},"barrierPrefabs":[{"__uuid__":"cfJD1azcZGg5NweOvOegmm"},{"__uuid__":"6bPY1COGdG5K3/B9EEnjbw"},{"__uuid__":"bfIJB7xWFH+51sPjkSWDXE"},{"__uuid__":"90nAO+foRC8YKl5GGnxXa4"}]}],{"__type__":"cc.SpriteFrame","content":{"name":"buff_3","texture":"5eRP4iAN5M3piLvicicKXb","rect":[312,199,71,101],"offset":[0,0],"originalSize":[71,101],"capInsets":[0,0,0,0]}},{"__type__":"cc.SpriteFrame","content":{"name":"buff_14","texture":"5eRP4iAN5M3piLvicicKXb","rect":[138,721,105,116],"offset":[0,0],"originalSize":[105,116],"capInsets":[0,0,0,0]}},{"__type__":"cc.SpriteFrame","content":{"name":"role0_run_3","texture":"2eXvRQGd5LkZBFhJ02+M9t","rect":[0,1412,311,348],"offset":[0,0],"originalSize":[311,348],"capInsets":[0,0,0,0]}},{"__type__":"cc.SpriteFrame","content":{"name":"role0_run_2","texture":"2eXvRQGd5LkZBFhJ02+M9t","rect":[1580,353,311,348],"offset":[0,0],"originalSize":[311,348],"capInsets":[0,0,0,0]}},{"__type__":"cc.SpriteFrame","content":{"name":"role0_attack_2","texture":"2eXvRQGd5LkZBFhJ02+M9t","rect":[948,0,311,348],"offset":[0,0],"originalSize":[311,348],"capInsets":[0,0,0,0]}},{"__type__":"cc.SpriteFrame","content":{"name":"role0_run_5","texture":"2eXvRQGd5LkZBFhJ02+M9t","rect":[948,706,311,348],"offset":[0,0],"originalSize":[311,348],"capInsets":[0,0,0,0]}},[{"__type__":"cc.Prefab","_name":"Barrier_2","data":{"__id__":1}},{"__type__":"cc.Node","_name":"Barrier_2","_level":1,"_components":[{"__type__":"cc.Sprite","node":{"__id__":1},"_spriteFrame":{"__uuid__":"73PXoajDZBILBlUEb3vEyd"}},{"__type__":"cc.PolygonCollider","node":{"__id__":1},"points":[{"__type__":"cc.Vec2","x":150.9,"y":118},{"__type__":"cc.Vec2","x":154.2,"y":-18.1},{"__type__":"cc.Vec2","x":55.4,"y":-19.3},{"__type__":"cc.Vec2","x":52.4,"y":-117.7},{"__type__":"cc.Vec2","x":-153,"y":-117.3},{"__type__":"cc.Vec2","x":-151.7,"y":16.7},{"__type__":"cc.Vec2","x":-51.7,"y":18.5},{"__type__":"cc.Vec2","x":-50.6,"y":117.6}]}],"_prefab":{"__type__":"cc.PrefabInfo","root":{"__id__":1},"asset":{"__uuid__":"6bPY1COGdG5K3/B9EEnjbw"},"fileId":"4136yN2UFMdpzUlcHBQDKh"},"_contentSize":{"__type__":"cc.Size","width":309,"height":238},"_scale":{"__type__":"cc.Vec3","x":1,"y":1,"z":1},"groupIndex":6}],{"__type__":"cc.SpriteAtlas","_name":"barrier.plist","_spriteFrames":{"barrier_0":{"__uuid__":"9fJ8ddJUZOXLosLXZ7V1Lz"},"barrier_1":{"__uuid__":"851d21+kBMObhZwvg20glx"},"barrier_2":{"__uuid__":"73PXoajDZBILBlUEb3vEyd"},"barrier_3":{"__uuid__":"f5CAE+YXlOI7RS2p4CUEOE"},"barrier_4":{"__uuid__":"d6DYTHps9Ac5dPWDpuAJap"},"barrier_5":{"__uuid__":"edeer1DhhIFr+cr/i/M/ta"}}},{"__type__":"cc.SpriteFrame","content":{"name":"buff_9","texture":"5eRP4iAN5M3piLvicicKXb","rect":[278,721,105,116],"offset":[0,0],"originalSize":[105,116],"capInsets":[0,0,0,0]}},{"__type__":"cc.SpriteFrame","content":{"name":"barrier_2","texture":"bdh0u4jCxDYaTgR/31HO9X","rect":[0,289,309,238],"offset":[0,0],"originalSize":[309,238],"capInsets":[0,0,0,0]}},{"__type__":"cc.SpriteAtlas","_name":"buff.plist","_spriteFrames":{"boom_0":{"__uuid__":"175lHhHUZEd5ulZuuy/79b"},"boom_1":{"__uuid__":"2blqSQU6FDW5/k9cDrhCPt"},"boom_2":{"__uuid__":"d9nNu2LwxB5IKpFv4Cz6pR"},"boom_3":{"__uuid__":"f9uW8zzxdOYazHc3E6H2pi"},"buff_0":{"__uuid__":"82HeaXWEdG9YPWlYltf6aE"},"buff_1":{"__uuid__":"d3GY4mS+dCBZxR1lp7/Jj9"},"buff_10":{"__uuid__":"06LZvGYaNCBZsi4WG/ewtY"},"buff_11":{"__uuid__":"771Knv3yJMnYu+UEo0Py+S"},"buff_12":{"__uuid__":"d16kb+u8VGR4uQcZGNNxdZ"},"buff_13":{"__uuid__":"89xC0v1T5JIKRHPNGNnEls"},"buff_14":{"__uuid__":"614SvQcD1PpZYz4tB558Aq"},"buff_2":{"__uuid__":"799OUThptI070lQQdvvZc2"},"buff_3":{"__uuid__":"612RCYuydCP6lLgcE5yZ7c"},"buff_4":{"__uuid__":"24wMZ/9bpK/bbYgUSmBtUU"},"buff_5":{"__uuid__":"90O17n3DFAWbXE6UAZzCUw"},"buff_6":{"__uuid__":"59bWp4Oc9Dn7Q68yJB5CCu"},"buff_7":{"__uuid__":"a5esSsCupIAqnVbiKvs/L2"},"buff_8":{"__uuid__":"25YoZqH2xOHIuzZkWgNJqW"},"buff_9":{"__uuid__":"6fSrkrT2hCZa2LFYZA/mN4"},"effect_hit_0":{"__uuid__":"12rIMeCClNPaGfAiiMZIAo"},"effect_hit_1":{"__uuid__":"f2oFNpB/dPjaVAXccwFof8"},"effect_hit_10":{"__uuid__":"32/gCmpB1IRKs2mgSgKzlC"},"effect_hit_11":{"__uuid__":"51OqQ7hcdDL7vP+rPI1WeB"},"effect_hit_12":{"__uuid__":"8309NMAwpNBaMWqnur0nxS"},"effect_hit_13":{"__uuid__":"a5NDzAMkVCrqJoBeb9Ozpx"},"effect_hit_14":{"__uuid__":"e0FpsQxCVM2qiLrXKOmz7q"},"effect_hit_2":{"__uuid__":"4bYm8U3XRBvZ79wY6wLq4e"},"effect_hit_3":{"__uuid__":"b1v5oOphhFc6QGHsdgUjr5"},"effect_hit_4":{"__uuid__":"59bfkx/MFHVYoupit67S5m"},"effect_hit_5":{"__uuid__":"abAa/UsMZMDq7xSd0nL4KU"},"effect_hit_6":{"__uuid__":"4bbFxtY2hD4qpaYmy9gOLp"},"effect_hit_7":{"__uuid__":"f8TiSw97tDxamMQLnJMlKF"},"effect_hit_8":{"__uuid__":"d7gS0uIH9Hhq083HrORfDY"},"effect_hit_9":{"__uuid__":"51ZmFfy8VGnbkq/MMTh8pd"},"pow":{"__uuid__":"40m4sS+KVFM6GZRO7AKotw"}}},{"__type__":"cc.SpriteFrame","content":{"name":"role0_dead_4","texture":"2eXvRQGd5LkZBFhJ02+M9t","rect":[316,0,311,348],"offset":[0,0],"originalSize":[311,348],"capInsets":[0,0,0,0]}},{"__type__":"cc.SpriteFrame","content":{"name":"buff_11","texture":"5eRP4iAN5M3piLvicicKXb","rect":[0,874,105,116],"offset":[0,0],"originalSize":[105,116],"capInsets":[0,0,0,0]}},{"__type__":"cc.SpriteFrame","content":{"name":"buff_2","texture":"5eRP4iAN5M3piLvicicKXb","rect":[693,680,192,232],"offset":[0,0],"originalSize":[192,232],"capInsets":[0,0,0,0]}},{"__type__":"cc.AnimationClip","_name":"role0_dead","_duration":0.5,"sample":12,"curveData":{"comps":{"cc.Sprite":{"spriteFrame":[{"frame":0,"value":{"__uuid__":"2e5sUtgjBGUYkIjv1AAiBF"}},{"frame":0.08333333333333333,"value":{"__uuid__":"b8S2y5j7lNwYeqv2YGDVVD"}},{"frame":0.16666666666666666,"value":{"__uuid__":"d7vsmFmY5AIJpLkrWOfM99"}},{"frame":0.25,"value":{"__uuid__":"16XaAeUA5P5JovMHrPpYlZ"}},{"frame":0.3333333333333333,"value":{"__uuid__":"76uwuFalJJkrH4iJdQoK9V"}},{"frame":0.4166666666666667,"value":{"__uuid__":"37HnZcXUpNDpQy66IAKOYj"}}]}}}},{"__type__":"cc.SpriteFrame","content":{"name":"game_15","texture":"789/YywudA2ZdqHXVgPR/A","rect":[0,0,248,248],"offset":[0,0],"originalSize":[248,248],"capInsets":[0,0,0,0]}},{"__type__":"cc.SpriteFrame","content":{"name":"role0_attack_0","texture":"2eXvRQGd5LkZBFhJ02+M9t","rect":[1264,0,311,348],"offset":[0,0],"originalSize":[311,348],"capInsets":[0,0,0,0]}},{"__type__":"cc.SpriteFrame","content":{"name":"buff_0","texture":"5eRP4iAN5M3piLvicicKXb","rect":[305,0,76,76],"offset":[0,0],"originalSize":[76,76],"capInsets":[0,0,0,0]}},{"__type__":"cc.SpriteFrame","content":{"name":"effect_hit_12","texture":"5eRP4iAN5M3piLvicicKXb","rect":[887,231,50,50],"offset":[0,0],"originalSize":[50,50],"capInsets":[0,0,0,0]}},{"__type__":"cc.AnimationClip","_name":"role0_attack","_duration":0.3333333333333333,"sample":12,"curveData":{"comps":{"cc.Sprite":{"spriteFrame":[{"frame":0,"value":{"__uuid__":"8119GeJZRBTIJf8AISt1jO"}},{"frame":0.08333333333333333,"value":{"__uuid__":"3f/LRx/U9FdrWSP5U+zSYG"}},{"frame":0.16666666666666666,"value":{"__uuid__":"65W+PjA7lKDIUFcjvOureu"}},{"frame":0.25,"value":{"__uuid__":"9bLCEVssRN2JFC0urX4E9j"}}]}}}},[{"__type__":"cc.Prefab","_name":"Player","data":{"__id__":1}},{"__type__":"cc.Node","_name":"Player","_children":[{"__type__":"cc.Node","_name":"skill_hole","_parent":{"__id__":1},"_active":false,"_level":2,"_prefab":{"__type__":"cc.PrefabInfo","root":{"__id__":1},"asset":{"__uuid__":"84jvVZiZJExYT3jot3R8Cd"},"fileId":"85V+5/TLdPO5MX/+05Ifri"},"_contentSize":{"__type__":"cc.Size","width":180,"height":180},"_scale":{"__type__":"cc.Vec3","x":0.8,"y":0.8,"z":1}},{"__id__":2},{"__id__":5},{"__id__":10},{"__id__":11},{"__id__":12},{"__id__":17},{"__id__":19},{"__id__":20},{"__type__":"cc.Node","_name":"skill_poison","_parent":{"__id__":1},"_active":false,"_level":2,"_prefab":{"__type__":"cc.PrefabInfo","root":{"__id__":1},"asset":{"__uuid__":"84jvVZiZJExYT3jot3R8Cd"},"fileId":"a7kJ3J38tKKKnqlDr7SVD2"},"_opacity":150,"_contentSize":{"__type__":"cc.Size","width":180,"height":180},"_scale":{"__type__":"cc.Vec3","x":0.5,"y":0.5,"z":1}},{"__id__":24}],"_level":1,"_components":[{"__type__":"d8988/A0SxA16VCOwvkk/Rv","node":{"__id__":1},"lockTargetNode":{"__id__":2},"rotateNode":{"__id__":12},"armorPrefab":{"__uuid__":"02md7BFopGIJ7ZPiksf08e"},"arrowLabel":{"__id__":18},"arrowNode":{"__id__":15},"armorContainer":{"__id__":11},"nameLabel":{"__id__":23},"bloodBar":{"__id__":9}},{"__type__":"bd368Cwxc9II6u0fs1PUwz1","node":{"__id__":1},"speedNode":{"__id__":13},"godBackNode":{"__id__":10},"godMaskNode":{"__id__":19},"beingFrozenNode":{"__id__":16}}],"_prefab":{"__type__":"cc.PrefabInfo","root":{"__id__":1},"asset":{"__uuid__":"84jvVZiZJExYT3jot3R8Cd"},"fileId":"cbup4VQzJDFaNVyhAbuakR"},"_contentSize":{"__type__":"cc.Size","width":200,"height":360},"_scale":{"__type__":"cc.Vec3","x":1,"y":1,"z":1}},{"__type__":"cc.Node","_name":"target","_parent":{"__id__":1},"_children":[{"__id__":3},{"__id__":4}],"_active":false,"_level":2,"_components":[{"__type__":"5db4dfwylhCfZyerxZmdP62","node":{"__id__":2},"s1":{"__id__":3},"s2":{"__id__":4}}],"_prefab":{"__type__":"cc.PrefabInfo","root":{"__id__":1},"asset":{"__uuid__":"84jvVZiZJExYT3jot3R8Cd"},"fileId":"97fqQAthhNm7ajurRjJ9nf"},"_contentSize":{"__type__":"cc.Size","width":150,"height":150},"_scale":{"__type__":"cc.Vec3","x":1,"y":1,"z":1}},{"__type__":"cc.Node","_name":"s1","_parent":{"__id__":2},"_level":3,"_components":[{"__type__":"cc.Sprite","node":{"__id__":3},"_spriteFrame":{"__uuid__":"4bzuDM0KRE2Yyik5UewZ+6"}}],"_prefab":{"__type__":"cc.PrefabInfo","root":{"__id__":1},"asset":{"__uuid__":"84jvVZiZJExYT3jot3R8Cd"},"fileId":"e12+M/5yRNoZrJGIQQTV7h"},"_contentSize":{"__type__":"cc.Size","width":142,"height":142},"_scale":{"__type__":"cc.Vec3","x":0.5,"y":0.5,"z":1}},{"__type__":"cc.Node","_name":"s2","_parent":{"__id__":2},"_level":3,"_components":[{"__type__":"cc.Sprite","node":{"__id__":4},"_spriteFrame":{"__uuid__":"7f11hIBqpLxZaw4J8Hvf7A"}}],"_prefab":{"__type__":"cc.PrefabInfo","root":{"__id__":1},"asset":{"__uuid__":"84jvVZiZJExYT3jot3R8Cd"},"fileId":"d72fFFQ/ZF1IE5Pi2POLU5"},"_contentSize":{"__type__":"cc.Size","width":248,"height":248},"_scale":{"__type__":"cc.Vec3","x":1,"y":1,"z":1}},{"__type__":"cc.Node","_name":"blood","_parent":{"__id__":1},"_children":[{"__id__":6},{"__id__":7}],"_level":2,"_prefab":{"__type__":"cc.PrefabInfo","root":{"__id__":1},"asset":{"__uuid__":"84jvVZiZJExYT3jot3R8Cd"},"fileId":"23GNCXcGNHSKBCI0A0LqFI"},"_contentSize":{"__type__":"cc.Size","width":156,"height":30},"_position":{"__type__":"cc.Vec3","y":126.9},"_scale":{"__type__":"cc.Vec3","x":1,"y":1,"z":1}},{"__type__":"cc.Node","_name":"back","_parent":{"__id__":5},"_level":3,"_components":[{"__type__":"cc.Sprite","node":{"__id__":6},"_spriteFrame":{"__uuid__":"ccp4NzVxJMtZeypbqZgd0j"},"_type":1,"_sizeMode":0}],"_prefab":{"__type__":"cc.PrefabInfo","root":{"__id__":1},"asset":{"__uuid__":"84jvVZiZJExYT3jot3R8Cd"},"fileId":"d48buHwcZL27d0p9u1VqxD"},"_contentSize":{"__type__":"cc.Size","width":156,"height":31},"_scale":{"__type__":"cc.Vec3","x":1,"y":1,"z":1}},{"__type__":"cc.Node","_name":"progress","_parent":{"__id__":5},"_level":3,"_components":[{"__id__":8},{"__id__":9}],"_prefab":{"__type__":"cc.PrefabInfo","root":{"__id__":1},"asset":{"__uuid__":"84jvVZiZJExYT3jot3R8Cd"},"fileId":"a8vQU7t51JOYZIEtilTreW"},"_color":{"__type__":"cc.Color","r":41,"g":253,"b":61},"_contentSize":{"__type__":"cc.Size","width":150,"height":25},"_anchorPoint":{"__type__":"cc.Vec2","y":0.5},"_position":{"__type__":"cc.Vec3","x":-75},"_scale":{"__type__":"cc.Vec3","x":1,"y":1,"z":1}},{"__type__":"cc.Sprite","node":{"__id__":7},"_spriteFrame":{"__uuid__":"a2MjXRFdtLlYQ5ouAFv/+R"},"_type":3,"_sizeMode":0,"_fillRange":1},{"__type__":"cc.ProgressBar","node":{"__id__":7},"_N$barSprite":{"__id__":8},"_N$mode":2},{"__type__":"cc.Node","_name":"god_back","_parent":{"__id__":1},"_active":false,"_level":2,"_components":[{"__type__":"cc.Sprite","node":{"__id__":10},"_spriteFrame":{"__uuid__":"c2Z21KSpRFn5dvuRc0TtAC"}}],"_prefab":{"__type__":"cc.PrefabInfo","root":{"__id__":1},"asset":{"__uuid__":"84jvVZiZJExYT3jot3R8Cd"},"fileId":"adpJ9lan1O1qRsE1xuNAEZ"},"_contentSize":{"__type__":"cc.Size","width":242,"height":243},"_scale":{"__type__":"cc.Vec3","x":1,"y":1,"z":1}},{"__type__":"cc.Node","_name":"armorContainer","_parent":{"__id__":1},"_level":2,"_prefab":{"__type__":"cc.PrefabInfo","root":{"__id__":1},"asset":{"__uuid__":"84jvVZiZJExYT3jot3R8Cd"},"fileId":"31YY1KJkpFvYP2Fjmj9xc6"},"_scale":{"__type__":"cc.Vec3","x":1,"y":1,"z":1}},{"__type__":"cc.Node","_name":"rotate","_parent":{"__id__":1},"_children":[{"__id__":13},{"__id__":14},{"__id__":15},{"__id__":16}],"_level":2,"_components":[{"__type__":"cc.PolygonCollider","node":{"__id__":12},"_offset":{"__type__":"cc.Vec2","x":5,"y":-9},"points":[{"__type__":"cc.Vec2","x":-38,"y":88},{"__type__":"cc.Vec2","x":-42,"y":67},{"__type__":"cc.Vec2","x":-25,"y":32},{"__type__":"cc.Vec2","x":-5,"y":18},{"__type__":"cc.Vec2","x":13,"y":23},{"__type__":"cc.Vec2","x":30,"y":40},{"__type__":"cc.Vec2","x":43,"y":75},{"__type__":"cc.Vec2","x":30,"y":103},{"__type__":"cc.Vec2","x":5,"y":116},{"__type__":"cc.Vec2","x":-21,"y":112}]},{"__type__":"21016fKM99O0YvjpdRE27pS","node":{"__id__":12}},{"__type__":"ef5a1i+xOhFDoOMlBvnG83P","node":{"__id__":12}}],"_prefab":{"__type__":"cc.PrefabInfo","root":{"__id__":1},"asset":{"__uuid__":"84jvVZiZJExYT3jot3R8Cd"},"fileId":"7d74sPJ25BpKIC8Xwy4KCq"},"_contentSize":{"__type__":"cc.Size","width":160,"height":190.58},"_position":{"__type__":"cc.Vec3","x":1,"y":-16},"_scale":{"__type__":"cc.Vec3","x":1,"y":1,"z":1},"groupIndex":1},{"__type__":"cc.Node","_name":"speed","_parent":{"__id__":12},"_active":false,"_level":3,"_components":[{"__type__":"cc.Sprite","node":{"__id__":13},"_spriteFrame":{"__uuid__":"59bWp4Oc9Dn7Q68yJB5CCu"}},{"__type__":"cc.Animation","node":{"__id__":13},"_defaultClip":{"__uuid__":"0a0lL2PX9JKoCFwamQS/92"},"_clips":[{"__uuid__":"0a0lL2PX9JKoCFwamQS/92"}],"playOnLoad":true}],"_prefab":{"__type__":"cc.PrefabInfo","root":{"__id__":1},"asset":{"__uuid__":"84jvVZiZJExYT3jot3R8Cd"},"fileId":"5frVPWRG9EHYl6BoyVG3Dt"},"_contentSize":{"__type__":"cc.Size","width":189,"height":411},"_position":{"__type__":"cc.Vec3","y":108},"_scale":{"__type__":"cc.Vec3","x":1,"y":1,"z":1}},{"__type__":"cc.Node","_name":"role","_parent":{"__id__":12},"_level":3,"_components":[{"__type__":"cc.Sprite","node":{"__id__":14},"_spriteFrame":{"__uuid__":"8aY13jrURC9oPJDwH5CAol"}},{"__type__":"cc.Animation","node":{"__id__":14},"_defaultClip":{"__uuid__":"c1EtaTNZxP7aTciO0EhWAm"},"_clips":[{"__uuid__":"c1EtaTNZxP7aTciO0EhWAm"},{"__uuid__":"10vV7OMzdAC7gdpY354LFP"},{"__uuid__":"e1CYJ/QhFKQZf2e1YA0VfG"},{"__uuid__":"84Nw7rd+5N8LqTRDTcatt9"},{"__uuid__":"7dDC1m2mJFToBjZuQ4Ornc"}]}],"_prefab":{"__type__":"cc.PrefabInfo","root":{"__id__":1},"asset":{"__uuid__":"84jvVZiZJExYT3jot3R8Cd"},"fileId":"52WEKLrpNAE6zByCWFaIWM"},"_contentSize":{"__type__":"cc.Size","width":311,"height":348},"_position":{"__type__":"cc.Vec3","x":26,"y":17},"_scale":{"__type__":"cc.Vec3","x":1,"y":1,"z":1}},{"__type__":"cc.Node","_name":"Arrow","_parent":{"__id__":12},"_level":3,"_components":[{"__type__":"cc.Sprite","node":{"__id__":15},"_spriteFrame":{"__uuid__":"ffJTDD+p5NmJZZCzUETeTt"},"_sizeMode":2,"_isTrimmedMode":false},{"__type__":"97aecp4ofNMWYtZkWsdTC9j","node":{"__id__":15}}],"_prefab":{"__type__":"cc.PrefabInfo","root":{"__id__":1},"asset":{"__uuid__":"84jvVZiZJExYT3jot3R8Cd"},"fileId":"68F/sr6IpF2L/BTj1b8wxZ"},"_contentSize":{"__type__":"cc.Size","width":27,"height":114},"_position":{"__type__":"cc.Vec3","x":-6,"y":-49},"_scale":{"__type__":"cc.Vec3","x":1,"y":1,"z":1},"groupIndex":2},{"__type__":"cc.Node","_name":"beingFrozon","_parent":{"__id__":12},"_active":false,"_level":3,"_components":[{"__type__":"cc.Sprite","node":{"__id__":16},"_spriteFrame":{"__uuid__":"d3GY4mS+dCBZxR1lp7/Jj9"}}],"_prefab":{"__type__":"cc.PrefabInfo","root":{"__id__":1},"asset":{"__uuid__":"84jvVZiZJExYT3jot3R8Cd"},"fileId":"9eZzmxppJIroPjLrykFZXJ"},"_contentSize":{"__type__":"cc.Size","width":217,"height":259},"_position":{"__type__":"cc.Vec3","y":41},"_scale":{"__type__":"cc.Vec3","x":1,"y":1,"z":1}},{"__type__":"cc.Node","_name":"arrow","_parent":{"__id__":1},"_active":false,"_level":2,"_components":[{"__id__":18}],"_prefab":{"__type__":"cc.PrefabInfo","root":{"__id__":1},"asset":{"__uuid__":"84jvVZiZJExYT3jot3R8Cd"},"fileId":"384s+zuaFIGbdpqUxrK70T"},"_contentSize":{"__type__":"cc.Size","height":40},"_position":{"__type__":"cc.Vec3","y":74},"_scale":{"__type__":"cc.Vec3","x":1,"y":1,"z":1}},{"__type__":"cc.Label","node":{"__id__":17},"_useOriginalSize":false,"_fontSize":30,"_N$horizontalAlign":1,"_N$verticalAlign":1},{"__type__":"cc.Node","_name":"god_mask","_parent":{"__id__":1},"_active":false,"_level":2,"_components":[{"__type__":"cc.Sprite","node":{"__id__":19},"_spriteFrame":{"__uuid__":"86qJZ/csxAYpk575Kwcwbb"}}],"_prefab":{"__type__":"cc.PrefabInfo","root":{"__id__":1},"asset":{"__uuid__":"84jvVZiZJExYT3jot3R8Cd"},"fileId":"e0jJa2UfxIMLJZ37CUgMc2"},"_contentSize":{"__type__":"cc.Size","width":217,"height":217},"_position":{"__type__":"cc.Vec3","y":2.842170943040401e-14},"_scale":{"__type__":"cc.Vec3","x":1,"y":1,"z":1}},{"__type__":"cc.Node","_name":"name","_parent":{"__id__":1},"_children":[{"__id__":21},{"__id__":22}],"_level":2,"_prefab":{"__type__":"cc.PrefabInfo","root":{"__id__":1},"asset":{"__uuid__":"84jvVZiZJExYT3jot3R8Cd"},"fileId":"13ypAc3wpPRIjC+gX06KXx"},"_contentSize":{"__type__":"cc.Size","width":60,"height":40},"_position":{"__type__":"cc.Vec3","y":160.8},"_scale":{"__type__":"cc.Vec3","x":1,"y":1,"z":1}},{"__type__":"cc.Node","_name":"back","_parent":{"__id__":20},"_active":false,"_level":3,"_components":[{"__type__":"cc.Sprite","node":{"__id__":21},"_spriteFrame":{"__uuid__":"b7wkee+69PLaE9lPyjph8s"},"_sizeMode":2}],"_prefab":{"__type__":"cc.PrefabInfo","root":{"__id__":1},"asset":{"__uuid__":"84jvVZiZJExYT3jot3R8Cd"},"fileId":"c57F04/OtDF6vwKRYdI0/k"},"_contentSize":{"__type__":"cc.Size","width":196,"height":44},"_scale":{"__type__":"cc.Vec3","x":1,"y":1,"z":1}},{"__type__":"cc.Node","_name":"label","_parent":{"__id__":20},"_level":3,"_components":[{"__id__":23}],"_prefab":{"__type__":"cc.PrefabInfo","root":{"__id__":1},"asset":{"__uuid__":"84jvVZiZJExYT3jot3R8Cd"},"fileId":"edGWsyz2dIPqRAEVVJj9ig"},"_contentSize":{"__type__":"cc.Size","width":84,"height":40},"_scale":{"__type__":"cc.Vec3","x":1,"y":1,"z":1}},{"__type__":"cc.Label","node":{"__id__":22},"_useOriginalSize":false,"_string":"葫芦娃","_N$string":"葫芦娃","_fontSize":28,"_enableWrapText":false,"_N$horizontalAlign":1,"_N$verticalAlign":1,"_N$fontFamily":"苹方"},{"__type__":"cc.Node","_name":"detect","_parent":{"__id__":1},"_children":[{"__id__":25},{"__id__":27},{"__id__":28},{"__id__":30}],"_level":2,"_components":[{"__type__":"39d719udiNG3ap4DvQ+1pC+","node":{"__id__":24},"dotPrefab":{"__uuid__":"11W5YhV75EpYJouhd54Skm"},"dotSpriteFrames":[{"__uuid__":"ecBQpcZKNLE6vHzVkfb5zV"},{"__uuid__":"56p20ONKhOCra1eclP6Afv"},{"__uuid__":"25BnsRtFhKNrCH74KC1wQ6"}],"container":{"__id__":30},"guideLabel":{"__id__":29},"buffLabel":{"__id__":26},"critNode":{"__id__":27}}],"_prefab":{"__type__":"cc.PrefabInfo","root":{"__id__":1},"asset":{"__uuid__":"84jvVZiZJExYT3jot3R8Cd"},"fileId":"94rL7vhvFHcYdAoU+qud+t"},"_scale":{"__type__":"cc.Vec3","x":1,"y":1,"z":1}},{"__type__":"cc.Node","_name":"buff_label","_parent":{"__id__":24},"_active":false,"_level":3,"_components":[{"__id__":26}],"_prefab":{"__type__":"cc.PrefabInfo","root":{"__id__":1},"asset":{"__uuid__":"84jvVZiZJExYT3jot3R8Cd"},"fileId":"76mOoWZ9RMFpwoaoSrHnUu"},"_contentSize":{"__type__":"cc.Size","width":80,"height":40},"_position":{"__type__":"cc.Vec3","y":79},"_scale":{"__type__":"cc.Vec3","x":1,"y":1,"z":1}},{"__type__":"cc.Label","node":{"__id__":25},"_useOriginalSize":false,"_string":"加速","_N$string":"加速","_N$horizontalAlign":1,"_N$verticalAlign":1,"_N$cacheMode":1},{"__type__":"cc.Node","_name":"crit_label","_parent":{"__id__":24},"_active":false,"_level":3,"_components":[{"__type__":"cc.Label","node":{"__id__":27},"_useOriginalSize":false,"_string":"暴击","_N$string":"暴击","_fontSize":45,"_lineHeight":60,"_N$horizontalAlign":1,"_N$verticalAlign":1,"_N$fontFamily":"苹果","_N$cacheMode":1},{"__type__":"cc.LabelOutline","node":{"__id__":27},"_color":{"__type__":"cc.Color","r":146,"g":51,"b":38},"_width":2}],"_prefab":{"__type__":"cc.PrefabInfo","root":{"__id__":1},"asset":{"__uuid__":"84jvVZiZJExYT3jot3R8Cd"},"fileId":"22Rr1Y4X5C946QFsYmoQbx"},"_color":{"__type__":"cc.Color","r":246,"g":6,"b":56},"_contentSize":{"__type__":"cc.Size","width":94,"height":60},"_position":{"__type__":"cc.Vec3","y":86},"_scale":{"__type__":"cc.Vec3","x":1,"y":1,"z":1}},{"__type__":"cc.Node","_name":"label","_parent":{"__id__":24},"_active":false,"_level":3,"_components":[{"__id__":29},{"__type__":"cc.LabelOutline","node":{"__id__":28},"_color":{"__type__":"cc.Color","r":146,"g":51,"b":38},"_width":2}],"_prefab":{"__type__":"cc.PrefabInfo","root":{"__id__":1},"asset":{"__uuid__":"84jvVZiZJExYT3jot3R8Cd"},"fileId":"812UGjQU9GjLjfFhX30/E3"},"_color":{"__type__":"cc.Color","r":255,"g":207,"b":60},"_contentSize":{"__type__":"cc.Size","width":676,"height":60},"_position":{"__type__":"cc.Vec3","y":442},"_scale":{"__type__":"cc.Vec3","x":1,"y":1,"z":1}},{"__type__":"cc.Label","node":{"__id__":28},"_useOriginalSize":false,"_string":"按住屏幕移动躲避敌人攻击","_N$string":"按住屏幕移动躲避敌人攻击","_fontSize":56,"_lineHeight":60,"_N$horizontalAlign":1,"_N$verticalAlign":1,"_N$fontFamily":"苹果","_N$cacheMode":1},{"__type__":"cc.Node","_name":"container","_parent":{"__id__":24},"_level":3,"_prefab":{"__type__":"cc.PrefabInfo","root":{"__id__":1},"asset":{"__uuid__":"84jvVZiZJExYT3jot3R8Cd"},"fileId":"d9veEsCsNEgbDjpr8UssYB"},"_scale":{"__type__":"cc.Vec3","x":1,"y":1,"z":1}}],{"__type__":"cc.SpriteFrame","content":{"name":"barrier_1","texture":"bdh0u4jCxDYaTgR/31HO9X","rect":[525,445,206,237],"offset":[0,0],"originalSize":[206,237],"capInsets":[0,0,0,0]}},{"__type__":"cc.SpriteFrame","content":{"name":"game_4","texture":"789/YywudA2ZdqHXVgPR/A","rect":[213,253,217,217],"offset":[0,0],"originalSize":[217,217],"capInsets":[0,0,0,0]}},{"__type__":"cc.SpriteFrame","content":{"name":"bg3","texture":"71LhfGPsJAPp7B27iA2Un6","rect":[0,0,1679,1680],"offset":[0,0],"originalSize":[1679,1680],"capInsets":[0,0,0,0]}},{"__type__":"cc.SpriteFrame","content":{"name":"buff_13","texture":"5eRP4iAN5M3piLvicicKXb","rect":[278,842,105,116],"offset":[0,0],"originalSize":[105,116],"capInsets":[0,0,0,0]}},{"__type__":"cc.SpriteFrame","content":{"name":"role0_stand_00","texture":"2eXvRQGd5LkZBFhJ02+M9t","rect":[632,706,311,348],"offset":[0,0],"originalSize":[311,348],"capInsets":[0,0,0,0]}},{"__type__":"cc.SpriteFrame","content":{"name":"kill_tip_num","texture":"d2/4g7KqBGDb/gpMSGU0qR","rect":[0,0,933,458],"offset":[0,0],"originalSize":[933,458],"capInsets":[0,0,0,0]}},[{"__type__":"cc.Prefab","_name":"Hurt","data":{"__id__":1}},{"__type__":"cc.Node","_name":"Hurt","_level":1,"_components":[{"__type__":"cc.Sprite","node":{"__id__":1},"_spriteFrame":{"__uuid__":"12rIMeCClNPaGfAiiMZIAo"}},{"__type__":"cc.Animation","node":{"__id__":1},"_defaultClip":{"__uuid__":"ccncQyCkdC2aMO4OqSOyx+"},"_clips":[{"__uuid__":"ccncQyCkdC2aMO4OqSOyx+"}]},{"__type__":"0719c4YkPZLkLzjztH4oAgL","node":{"__id__":1}}],"_prefab":{"__type__":"cc.PrefabInfo","root":{"__id__":1},"asset":{"__uuid__":"8eL1WyJzRJNYzEq/Zm9RoZ"},"fileId":"0dY+wNBatCz7Un9MnGafKn"},"_contentSize":{"__type__":"cc.Size","width":50,"height":50},"_position":{"__type__":"cc.Vec3","x":-2,"y":-13},"_scale":{"__type__":"cc.Vec3","x":2,"y":2,"z":1}}],{"__type__":"cc.SpriteFrame","content":{"name":"buff_5","texture":"5eRP4iAN5M3piLvicicKXb","rect":[0,721,133,148],"offset":[0,0],"originalSize":[133,148],"capInsets":[0,0,0,0]}},[{"__type__":"cc.Prefab","_name":"Barrier_5","data":{"__id__":1}},{"__type__":"cc.Node","_name":"Barrier_5","_level":1,"_components":[{"__type__":"cc.Sprite","node":{"__id__":1},"_spriteFrame":{"__uuid__":"edeer1DhhIFr+cr/i/M/ta"}},{"__type__":"cc.PolygonCollider","node":{"__id__":1},"points":[{"__type__":"cc.Vec2","x":100,"y":68},{"__type__":"cc.Vec2","x":101,"y":-67},{"__type__":"cc.Vec2","y":-67},{"__type__":"cc.Vec2","x":0.1,"y":-167.9},{"__type__":"cc.Vec2","x":-101,"y":-168},{"__type__":"cc.Vec2","x":-103,"y":167},{"__type__":"cc.Vec2","x":3,"y":168},{"__type__":"cc.Vec2","x":3,"y":67}]}],"_prefab":{"__type__":"cc.PrefabInfo","root":{"__id__":1},"asset":{"__uuid__":"90nAO+foRC8YKl5GGnxXa4"},"fileId":"4136yN2UFMdpzUlcHBQDKh"},"_contentSize":{"__type__":"cc.Size","width":206,"height":337},"_position":{"__type__":"cc.Vec3","x":59.6,"y":-67.1},"_scale":{"__type__":"cc.Vec3","x":1,"y":1,"z":1},"groupIndex":6}],{"__type__":"cc.SpriteFrame","content":{"name":"time_num","texture":"b2ej201iNHr6/BOPeNoBPr","rect":[0,0,180,151],"offset":[0,0],"originalSize":[180,151],"capInsets":[0,0,0,0]}},[{"__type__":"cc.Prefab","_name":"BuffBox","data":{"__id__":1}},{"__type__":"cc.Node","_name":"BuffBox","_children":[{"__id__":2},{"__id__":5},{"__id__":6}],"_level":1,"_components":[{"__type__":"ef30dww4DVPF7uJVeX6WWhA","node":{"__id__":1},"lockTargetNode":{"__id__":2},"type":1,"whyNode":{"__id__":6}},{"__type__":"cc.BoxCollider","node":{"__id__":1},"_size":{"__type__":"cc.Size","width":133,"height":148}}],"_prefab":{"__type__":"cc.PrefabInfo","root":{"__id__":1},"asset":{"__uuid__":"93JbsD6ilE6oGDhwGwcMyC"},"fileId":"e6jPs2PstNFoFzHLcs9G1p"},"_contentSize":{"__type__":"cc.Size","width":133,"height":148},"_scale":{"__type__":"cc.Vec3","x":1,"y":1,"z":1},"groupIndex":7},{"__type__":"cc.Node","_name":"target","_parent":{"__id__":1},"_children":[{"__id__":3},{"__id__":4}],"_active":false,"_level":2,"_components":[{"__type__":"5db4dfwylhCfZyerxZmdP62","node":{"__id__":2},"s1":{"__id__":3},"s2":{"__id__":4}}],"_prefab":{"__type__":"cc.PrefabInfo","root":{"__id__":1},"asset":{"__uuid__":"93JbsD6ilE6oGDhwGwcMyC"},"fileId":"06Ug37+GZPK6F2i656LKkM"},"_contentSize":{"__type__":"cc.Size","width":150,"height":150},"_scale":{"__type__":"cc.Vec3","x":1,"y":1,"z":1}},{"__type__":"cc.Node","_name":"s1","_parent":{"__id__":2},"_level":3,"_components":[{"__type__":"cc.Sprite","node":{"__id__":3},"_spriteFrame":{"__uuid__":"4bzuDM0KRE2Yyik5UewZ+6"}}],"_prefab":{"__type__":"cc.PrefabInfo","root":{"__id__":1},"asset":{"__uuid__":"93JbsD6ilE6oGDhwGwcMyC"},"fileId":"ddyU9zH11FjKIurBD9DsR2"},"_contentSize":{"__type__":"cc.Size","width":142,"height":142},"_scale":{"__type__":"cc.Vec3","x":0.5,"y":0.5,"z":1}},{"__type__":"cc.Node","_name":"s2","_parent":{"__id__":2},"_level":3,"_components":[{"__type__":"cc.Sprite","node":{"__id__":4},"_spriteFrame":{"__uuid__":"7f11hIBqpLxZaw4J8Hvf7A"}}],"_prefab":{"__type__":"cc.PrefabInfo","root":{"__id__":1},"asset":{"__uuid__":"93JbsD6ilE6oGDhwGwcMyC"},"fileId":"bbieFE5r9GeI7neKYNF3pG"},"_contentSize":{"__type__":"cc.Size","width":248,"height":248},"_scale":{"__type__":"cc.Vec3","x":1,"y":1,"z":1}},{"__type__":"cc.Node","_name":"box","_parent":{"__id__":1},"_level":2,"_components":[{"__type__":"cc.Sprite","node":{"__id__":5},"_spriteFrame":{"__uuid__":"90O17n3DFAWbXE6UAZzCUw"}}],"_prefab":{"__type__":"cc.PrefabInfo","root":{"__id__":1},"asset":{"__uuid__":"93JbsD6ilE6oGDhwGwcMyC"},"fileId":"4f1g8t5RFF54rrpb4gw8zk"},"_contentSize":{"__type__":"cc.Size","width":133,"height":148},"_scale":{"__type__":"cc.Vec3","x":1,"y":1,"z":1}},{"__type__":"cc.Node","_name":"buff_3","_parent":{"__id__":1},"_level":2,"_components":[{"__type__":"cc.Sprite","node":{"__id__":6},"_spriteFrame":{"__uuid__":"612RCYuydCP6lLgcE5yZ7c"}}],"_prefab":{"__type__":"cc.PrefabInfo","root":{"__id__":1},"asset":{"__uuid__":"93JbsD6ilE6oGDhwGwcMyC"},"fileId":"a0O0zZ4VRK2Z+3kmr0UQli"},"_contentSize":{"__type__":"cc.Size","width":71,"height":101},"_position":{"__type__":"cc.Vec3","y":77},"_scale":{"__type__":"cc.Vec3","x":1,"y":1,"z":1}}],{"__type__":"cc.SpriteFrame","content":{"name":"role0_ready_0","texture":"2eXvRQGd5LkZBFhJ02+M9t","rect":[632,706,311,348],"offset":[0,0],"originalSize":[311,348],"capInsets":[0,0,0,0]}},[{"__type__":"cc.Prefab","_name":"PlayerRankItem","data":{"__id__":1}},{"__type__":"cc.Node","_name":"PlayerRankItem","_children":[{"__id__":2},{"__id__":4},{"__id__":6},{"__id__":8}],"_level":1,"_components":[{"__type__":"bfa4f7Lz+FBwr/W7KMrbBWW","node":{"__id__":1},"rankLabel":{"__id__":3},"nameLabel":{"__id__":5},"scoreLabel":{"__id__":7},"outNode":{"__id__":8}}],"_prefab":{"__type__":"cc.PrefabInfo","root":{"__id__":1},"asset":{"__uuid__":"96tWoRyhFJXIutWODHmWD4"},"fileId":"6dg6Zx7Z1E7bJesWL3EMd7"},"_contentSize":{"__type__":"cc.Size","width":208,"height":35},"_anchorPoint":{"__type__":"cc.Vec2","x":0.5,"y":1},"_scale":{"__type__":"cc.Vec3","x":1,"y":1,"z":1},"groupIndex":4},{"__type__":"cc.Node","_name":"rankLabel","_parent":{"__id__":1},"_level":2,"_components":[{"__id__":3},{"__type__":"cc.Widget","node":{"__id__":2},"_alignFlags":10,"_left":8.400000000000002}],"_prefab":{"__type__":"cc.PrefabInfo","root":{"__id__":1},"asset":{"__uuid__":"96tWoRyhFJXIutWODHmWD4"},"fileId":"e7YNopikBMj4gRnMNz70B5"},"_contentSize":{"__type__":"cc.Size","width":33,"height":20},"_position":{"__type__":"cc.Vec3","x":-79.1,"y":-17.5},"_scale":{"__type__":"cc.Vec3","x":1,"y":1,"z":1},"groupIndex":4},{"__type__":"cc.Label","node":{"__id__":2},"_useOriginalSize":false,"_string":"1","_N$string":"1","_lineHeight":20,"_N$file":{"__uuid__":"2eYquyAQlGwrr+i/6AqZMZ"},"_isSystemFontUsed":false,"_N$horizontalAlign":1,"_N$verticalAlign":1},{"__type__":"cc.Node","_name":"nameLabel","_parent":{"__id__":1},"_level":2,"_components":[{"__id__":5},{"__type__":"cc.Widget","node":{"__id__":4},"_alignFlags":10,"_left":53.8,"_verticalCenter":-5.800000000000001}],"_prefab":{"__type__":"cc.PrefabInfo","root":{"__id__":1},"asset":{"__uuid__":"96tWoRyhFJXIutWODHmWD4"},"fileId":"04vA4PSpVKp6tj72S+q9qe"},"_color":{"__type__":"cc.Color","r":206,"g":206,"b":206},"_contentSize":{"__type__":"cc.Size","width":108,"height":20},"_anchorPoint":{"__type__":"cc.Vec2","y":0.5},"_position":{"__type__":"cc.Vec3","x":-50.2,"y":-23.3},"_scale":{"__type__":"cc.Vec3","x":1,"y":1,"z":1},"groupIndex":4},{"__type__":"cc.Label","node":{"__id__":4},"_useOriginalSize":false,"_string":"射手跑跑跑跑","_N$string":"射手跑跑跑跑","_fontSize":18,"_lineHeight":20,"_enableWrapText":false,"_N$horizontalAlign":1,"_N$verticalAlign":1},{"__type__":"cc.Node","_name":"scoreLabel","_parent":{"__id__":1},"_level":2,"_components":[{"__id__":7},{"__type__":"cc.Widget","node":{"__id__":6},"_alignFlags":34,"_right":9.200000000000003,"_verticalCenter":-6.600000000000001}],"_prefab":{"__type__":"cc.PrefabInfo","root":{"__id__":1},"asset":{"__uuid__":"96tWoRyhFJXIutWODHmWD4"},"fileId":"14E+27v/ZG5Y/Qse4RwhNS"},"_color":{"__type__":"cc.Color","r":206,"g":206,"b":206},"_contentSize":{"__type__":"cc.Size","width":30.03,"height":20},"_anchorPoint":{"__type__":"cc.Vec2","x":1,"y":0.5},"_position":{"__type__":"cc.Vec3","x":94.8,"y":-24.1},"_scale":{"__type__":"cc.Vec3","x":1,"y":1,"z":1},"groupIndex":4},{"__type__":"cc.Label","node":{"__id__":6},"_useOriginalSize":false,"_string":"100","_N$string":"100","_fontSize":18,"_lineHeight":20,"_enableWrapText":false,"_N$horizontalAlign":1,"_N$verticalAlign":1},{"__type__":"cc.Node","_name":"outline","_parent":{"__id__":1},"_active":false,"_level":2,"_components":[{"__type__":"cc.Sprite","node":{"__id__":8},"_spriteFrame":{"__uuid__":"36ZoTo5i1IOr5HPHixFfDb"}}],"_prefab":{"__type__":"cc.PrefabInfo","root":{"__id__":1},"asset":{"__uuid__":"96tWoRyhFJXIutWODHmWD4"},"fileId":"32gaF7KsRBcouf7ac64MJI"},"_contentSize":{"__type__":"cc.Size","width":132,"height":19},"_position":{"__type__":"cc.Vec3","y":-22},"_scale":{"__type__":"cc.Vec3","x":1,"y":1,"z":1}}],{"__type__":"cc.SpriteFrame","content":{"name":"role0_attack_3","texture":"2eXvRQGd5LkZBFhJ02+M9t","rect":[632,353,311,348],"offset":[0,0],"originalSize":[311,348],"capInsets":[0,0,0,0]}},{"__type__":"cc.SpriteFrame","content":{"name":"barrier_0","texture":"bdh0u4jCxDYaTgR/31HO9X","rect":[0,0,432,284],"offset":[0,0],"originalSize":[432,284],"capInsets":[0,0,0,0]}},{"__type__":"cc.SpriteFrame","content":{"name":"default_sprite_splash","texture":"02delMVqdBD70a/HSD99FK","rect":[0,0,2,2],"offset":[0,0],"originalSize":[2,2],"capInsets":[0,0,0,0]}},{"__type__":"cc.SpriteFrame","content":{"name":"effect_hit_13","texture":"5eRP4iAN5M3piLvicicKXb","rect":[110,929,50,50],"offset":[0,0],"originalSize":[50,50],"capInsets":[0,0,0,0]}},{"__type__":"cc.SpriteFrame","content":{"name":"buff_7","texture":"5eRP4iAN5M3piLvicicKXb","rect":[0,305,189,411],"offset":[0,0],"originalSize":[189,411],"capInsets":[0,0,0,0]}},{"__type__":"cc.SpriteFrame","content":{"name":"game_14","texture":"789/YywudA2ZdqHXVgPR/A","rect":[0,541,267,173],"offset":[0,0],"originalSize":[267,173],"capInsets":[0,0,0,0]}},{"__type__":"cc.SpriteFrame","content":{"name":"effect_hit_5","texture":"5eRP4iAN5M3piLvicicKXb","rect":[942,231,50,50],"offset":[0,0],"originalSize":[50,50],"capInsets":[0,0,0,0]}},{"__type__":"cc.BitmapFont","_name":"kill_tip_num","spriteFrame":{"__uuid__":"8cHHjcOVNC6oS6sl3mYJx2"},"fontSize":40,"_fntConfig":{"commonHeight":40,"fontSize":40,"atlasName":"kill_tip_num.png","fontDefDictionary":{"49":{"rect":{"x":0,"y":0,"width":311,"height":229},"xOffset":0,"yOffset":0,"xAdvance":311},"50":{"rect":{"x":311,"y":0,"width":311,"height":229},"xOffset":0,"yOffset":0,"xAdvance":311},"51":{"rect":{"x":0,"y":229,"width":311,"height":229},"xOffset":0,"yOffset":0,"xAdvance":311},"52":{"rect":{"x":311,"y":229,"width":311,"height":229},"xOffset":0,"yOffset":0,"xAdvance":311},"53":{"rect":{"x":622,"y":0,"width":311,"height":229},"xOffset":0,"yOffset":0,"xAdvance":311},"54":{"rect":{"x":622,"y":229,"width":311,"height":229},"xOffset":0,"yOffset":0,"xAdvance":311}},"kerningDict":{}}},{"__type__":"cc.SpriteFrame","content":{"name":"effect_hit_3","texture":"5eRP4iAN5M3piLvicicKXb","rect":[887,341,50,50],"offset":[0,0],"originalSize":[50,50],"capInsets":[0,0,0,0]}},{"__type__":"cc.SpriteFrame","content":{"name":"touch","texture":"789/YywudA2ZdqHXVgPR/A","rect":[494,594,181,181],"offset":[0,0],"originalSize":[181,181],"capInsets":[0,0,0,0]}},{"__type__":"cc.SpriteFrame","content":{"name":"game_18","texture":"789/YywudA2ZdqHXVgPR/A","rect":[0,719,196,44],"offset":[0,0],"originalSize":[196,44],"capInsets":[0,0,0,0]}},{"__type__":"cc.SpriteFrame","content":{"name":"role0_dead_1","texture":"2eXvRQGd5LkZBFhJ02+M9t","rect":[316,353,311,348],"offset":[0,0],"originalSize":[311,348],"capInsets":[0,0,0,0]}},[{"__type__":"cc.Prefab","_name":"Barrier_4","data":{"__id__":1}},{"__type__":"cc.Node","_name":"Barrier_4","_level":1,"_components":[{"__type__":"cc.Sprite","node":{"__id__":1},"_spriteFrame":{"__uuid__":"d6DYTHps9Ac5dPWDpuAJap"}},{"__type__":"cc.BoxCollider","node":{"__id__":1},"_size":{"__type__":"cc.Size","width":103,"height":440}}],"_prefab":{"__type__":"cc.PrefabInfo","root":{"__id__":1},"asset":{"__uuid__":"bfIJB7xWFH+51sPjkSWDXE"},"fileId":"4136yN2UFMdpzUlcHBQDKh"},"_contentSize":{"__type__":"cc.Size","width":103,"height":440},"_scale":{"__type__":"cc.Vec3","x":1,"y":1,"z":1},"groupIndex":6}],{"__type__":"cc.SpriteFrame","content":{"name":"role0_ready_1","texture":"2eXvRQGd5LkZBFhJ02+M9t","rect":[0,706,311,348],"offset":[0,0],"originalSize":[311,348],"capInsets":[0,0,0,0]}},{"__type__":"cc.SpriteFrame","content":{"name":"game_6","texture":"789/YywudA2ZdqHXVgPR/A","rect":[253,0,242,243],"offset":[0,0],"originalSize":[242,243],"capInsets":[0,0,0,0]}},{"__type__":"cc.BitmapFont","_name":"time_num","spriteFrame":{"__uuid__":"93GG+6dBNOPZHN1sTQCsVH"},"fontSize":40,"_fntConfig":{"commonHeight":40,"fontSize":40,"atlasName":"time_num.png","fontDefDictionary":{"48":{"rect":{"x":110,"y":54,"width":35,"height":54},"xOffset":0,"yOffset":0,"xAdvance":35},"49":{"rect":{"x":145,"y":54,"width":26,"height":54},"xOffset":0,"yOffset":0,"xAdvance":26},"50":{"rect":{"x":38,"y":0,"width":36,"height":54},"xOffset":0,"yOffset":0,"xAdvance":36},"51":{"rect":{"x":74,"y":0,"width":36,"height":54},"xOffset":0,"yOffset":0,"xAdvance":36},"52":{"rect":{"x":0,"y":0,"width":38,"height":54},"xOffset":0,"yOffset":0,"xAdvance":38},"53":{"rect":{"x":36,"y":54,"width":35,"height":54},"xOffset":0,"yOffset":0,"xAdvance":35},"54":{"rect":{"x":110,"y":0,"width":35,"height":54},"xOffset":0,"yOffset":0,"xAdvance":35},"55":{"rect":{"x":0,"y":54,"width":36,"height":54},"xOffset":0,"yOffset":0,"xAdvance":36},"56":{"rect":{"x":145,"y":0,"width":35,"height":54},"xOffset":0,"yOffset":0,"xAdvance":35},"57":{"rect":{"x":71,"y":54,"width":35,"height":54},"xOffset":0,"yOffset":0,"xAdvance":35},"58":{"rect":{"x":0,"y":108,"width":19,"height":43},"xOffset":0,"yOffset":0,"xAdvance":19}},"kerningDict":{}}},{"__type__":"cc.AnimationClip","_name":"HurtAnim","_duration":0.5,"sample":30,"curveData":{"comps":{"cc.Sprite":{"spriteFrame":[{"frame":0,"value":{"__uuid__":"12rIMeCClNPaGfAiiMZIAo"}},{"frame":0.03333333333333333,"value":{"__uuid__":"f2oFNpB/dPjaVAXccwFof8"}},{"frame":0.06666666666666667,"value":{"__uuid__":"4bYm8U3XRBvZ79wY6wLq4e"}},{"frame":0.1,"value":{"__uuid__":"b1v5oOphhFc6QGHsdgUjr5"}},{"frame":0.13333333333333333,"value":{"__uuid__":"59bfkx/MFHVYoupit67S5m"}},{"frame":0.16666666666666666,"value":{"__uuid__":"abAa/UsMZMDq7xSd0nL4KU"}},{"frame":0.2,"value":{"__uuid__":"4bbFxtY2hD4qpaYmy9gOLp"}},{"frame":0.23333333333333334,"value":{"__uuid__":"f8TiSw97tDxamMQLnJMlKF"}},{"frame":0.26666666666666666,"value":{"__uuid__":"d7gS0uIH9Hhq083HrORfDY"}},{"frame":0.3,"value":{"__uuid__":"51ZmFfy8VGnbkq/MMTh8pd"}},{"frame":0.3333333333333333,"value":{"__uuid__":"32/gCmpB1IRKs2mgSgKzlC"}},{"frame":0.36666666666666664,"value":{"__uuid__":"51OqQ7hcdDL7vP+rPI1WeB"}},{"frame":0.4,"value":{"__uuid__":"8309NMAwpNBaMWqnur0nxS"}},{"frame":0.43333333333333335,"value":{"__uuid__":"a5NDzAMkVCrqJoBeb9Ozpx"}},{"frame":0.4666666666666667,"value":{"__uuid__":"e0FpsQxCVM2qiLrXKOmz7q"}}]}}}},{"__type__":"cc.SpriteFrame","content":{"name":"game_19","texture":"789/YywudA2ZdqHXVgPR/A","rect":[0,792,19,19],"offset":[0,0],"originalSize":[19,19],"capInsets":[7,5,7,6]}},[{"__type__":"cc.Prefab","_name":"Barrier_1","data":{"__id__":1}},{"__type__":"cc.Node","_name":"Barrier_1","_level":1,"_components":[{"__type__":"cc.Sprite","node":{"__id__":1},"_spriteFrame":{"__uuid__":"851d21+kBMObhZwvg20glx"}},{"__type__":"cc.BoxCollider","node":{"__id__":1},"_size":{"__type__":"cc.Size","width":206,"height":237}}],"_prefab":{"__type__":"cc.PrefabInfo","root":{"__id__":1},"asset":{"__uuid__":"cfJD1azcZGg5NweOvOegmm"},"fileId":"4136yN2UFMdpzUlcHBQDKh"},"_contentSize":{"__type__":"cc.Size","width":206,"height":237},"_scale":{"__type__":"cc.Vec3","x":1,"y":1,"z":1},"groupIndex":6}],{"__type__":"cc.SpriteFrame","content":{"name":"buff_12","texture":"5eRP4iAN5M3piLvicicKXb","rect":[168,842,105,116],"offset":[0,0],"originalSize":[105,116],"capInsets":[0,0,0,0]}},{"__type__":"cc.SpriteFrame","content":{"name":"buff_1","texture":"5eRP4iAN5M3piLvicicKXb","rect":[693,416,217,259],"offset":[0,0],"originalSize":[217,259],"capInsets":[0,0,0,0]}},{"__type__":"cc.SpriteFrame","content":{"name":"barrier_4","texture":"bdh0u4jCxDYaTgR/31HO9X","rect":[648,0,103,440],"offset":[0,0],"originalSize":[103,440],"capInsets":[0,0,0,0]}},{"__type__":"cc.SpriteFrame","content":{"name":"effect_hit_8","texture":"5eRP4iAN5M3piLvicicKXb","rect":[887,176,50,50],"offset":[0,0],"originalSize":[50,50],"capInsets":[0,0,0,0]}},{"__type__":"cc.SpriteFrame","content":{"name":"role0_dead_2","texture":"2eXvRQGd5LkZBFhJ02+M9t","rect":[0,1059,311,348],"offset":[0,0],"originalSize":[311,348],"capInsets":[0,0,0,0]}},{"__type__":"cc.SpriteFrame","content":{"name":"boom_2","texture":"5eRP4iAN5M3piLvicicKXb","rect":[388,0,300,300],"offset":[0,0],"originalSize":[300,300],"capInsets":[0,0,0,0]}},{"__type__":"cc.SpriteFrame","content":{"name":"rocker","texture":"789/YywudA2ZdqHXVgPR/A","rect":[681,350,112,112],"offset":[0,0],"originalSize":[112,112],"capInsets":[0,0,0,0]}},[{"__type__":"cc.Prefab","_name":"Buff","data":{"__id__":1}},{"__type__":"cc.Node","_name":"Buff","_children":[{"__id__":2},{"__id__":3}],"_level":1,"_components":[{"__type__":"cc.BoxCollider","node":{"__id__":1},"_size":{"__type__":"cc.Size","width":105,"height":116}},{"__type__":"5cce1KZMbZP966EURGv6o4F","node":{"__id__":1},"buffSpriteFrames":[{"__uuid__":"771Knv3yJMnYu+UEo0Py+S"},{"__uuid__":"89xC0v1T5JIKRHPNGNnEls"},{"__uuid__":"06LZvGYaNCBZsi4WG/ewtY"},{"__uuid__":"d16kb+u8VGR4uQcZGNNxdZ"},{"__uuid__":"6fSrkrT2hCZa2LFYZA/mN4"},{"__uuid__":"614SvQcD1PpZYz4tB558Aq"}],"buff":{"__id__":4}}],"_prefab":{"__type__":"cc.PrefabInfo","root":{"__id__":1},"asset":{"__uuid__":"06FJ5Ng1JLfYvCcromGTJj"},"fileId":"860l89wCNI96wnpDf6poQJ"},"_contentSize":{"__type__":"cc.Size","width":105,"height":116},"_scale":{"__type__":"cc.Vec3","x":1,"y":1,"z":1},"groupIndex":8},{"__type__":"cc.Node","_name":"shadow","_parent":{"__id__":1},"_level":2,"_components":[{"__type__":"cc.Sprite","node":{"__id__":2},"_spriteFrame":{"__uuid__":"82HeaXWEdG9YPWlYltf6aE"},"_sizeMode":2}],"_prefab":{"__type__":"cc.PrefabInfo","root":{"__id__":1},"asset":{"__uuid__":"06FJ5Ng1JLfYvCcromGTJj"},"fileId":"99OmlY7SVGN4CxyuJRQaBM"},"_contentSize":{"__type__":"cc.Size","width":76,"height":76},"_position":{"__type__":"cc.Vec3","x":0.8,"y":-49.6},"_scale":{"__type__":"cc.Vec3","x":1,"y":1,"z":1}},{"__type__":"cc.Node","_name":"icon","_parent":{"__id__":1},"_level":2,"_components":[{"__id__":4}],"_prefab":{"__type__":"cc.PrefabInfo","root":{"__id__":1},"asset":{"__uuid__":"06FJ5Ng1JLfYvCcromGTJj"},"fileId":"04To8RW11P4bojqAEX+M9W"},"_contentSize":{"__type__":"cc.Size","width":105,"height":116},"_scale":{"__type__":"cc.Vec3","x":1,"y":1,"z":1}},{"__type__":"cc.Sprite","node":{"__id__":3},"_spriteFrame":{"__uuid__":"771Knv3yJMnYu+UEo0Py+S"}}],{"__type__":"cc.SpriteFrame","content":{"name":"effect_hit_14","texture":"5eRP4iAN5M3piLvicicKXb","rect":[333,144,50,50],"offset":[0,0],"originalSize":[50,50],"capInsets":[0,0,0,0]}},{"__type__":"cc.SpriteFrame","content":{"name":"game_13","texture":"789/YywudA2ZdqHXVgPR/A","rect":[0,253,208,283],"offset":[0,0],"originalSize":[208,283],"capInsets":[0,0,0,0]}},{"__type__":"cc.AnimationClip","_name":"role0_ready","_duration":0.14583333333333334,"sample":48,"curveData":{"comps":{"cc.Sprite":{"spriteFrame":[{"frame":0,"value":{"__uuid__":"93x0xhRVJGdpLok0CnNaND"}},{"frame":0.020833333333333332,"value":{"__uuid__":"c0q7wXm8JOP7RsNL3BBovY"}},{"frame":0.041666666666666664,"value":{"__uuid__":"1ak3GMrdhEcrsKS/YzhcTF"}},{"frame":0.0625,"value":{"__uuid__":"e1/1bTb7JFyJpVWh1bBj84"}},{"frame":0.08333333333333333,"value":{"__uuid__":"46Odp8Yd5HlZrYG2wHd4hh"}},{"frame":0.10416666666666667,"value":{"__uuid__":"ebPLkzBTJEUaFslIfmT5VK"}},{"frame":0.125,"value":{"__uuid__":"51sW5JX+VDL4AS7wxEppp3"}}]}}}},{"__type__":"cc.SpriteFrame","content":{"name":"role0_ready_3","texture":"2eXvRQGd5LkZBFhJ02+M9t","rect":[948,353,311,348],"offset":[0,0],"originalSize":[311,348],"capInsets":[0,0,0,0]}},{"__type__":"cc.SpriteFrame","content":{"name":"bg0","texture":"3aIAsOP6pJ3b77jNhje75l","rect":[0,0,1680,1680],"offset":[0,0],"originalSize":[1680,1680],"capInsets":[0,0,0,0]}},{"__type__":"cc.SpriteFrame","content":{"name":"role0_ready_5","texture":"2eXvRQGd5LkZBFhJ02+M9t","rect":[632,1412,311,348],"offset":[0,0],"originalSize":[311,348],"capInsets":[0,0,0,0]}},{"__type__":"cc.SpriteFrame","content":{"name":"game_0","texture":"789/YywudA2ZdqHXVgPR/A","rect":[435,304,46,46],"offset":[0,0],"originalSize":[46,46],"capInsets":[0,0,0,0]}},{"__type__":"cc.SpriteFrame","content":{"name":"barrier_5","texture":"bdh0u4jCxDYaTgR/31HO9X","rect":[437,0,206,337],"offset":[0,0],"originalSize":[206,337],"capInsets":[0,0,0,0]}},[{"__type__":"cc.Prefab","_name":"Grass","data":{"__id__":1}},{"__type__":"cc.Node","_name":"Grass","_level":1,"_components":[{"__type__":"cc.Sprite","node":{"__id__":1},"_spriteFrame":{"__uuid__":"9fJ8ddJUZOXLosLXZ7V1Lz"}},{"__type__":"cc.BoxCollider","node":{"__id__":1},"_size":{"__type__":"cc.Size","width":432,"height":284}}],"_prefab":{"__type__":"cc.PrefabInfo","root":{"__id__":1},"asset":{"__uuid__":"ee+8WELoNGcYaNcL3Bd/IZ"},"fileId":"62gjKoEohDnIuwce8vZ+Tj"},"_contentSize":{"__type__":"cc.Size","width":432,"height":284},"_scale":{"__type__":"cc.Vec3","x":1,"y":1,"z":1},"groupIndex":5}],{"__type__":"cc.SpriteFrame","content":{"name":"effect_hit_1","texture":"5eRP4iAN5M3piLvicicKXb","rect":[443,915,50,50],"offset":[0,0],"originalSize":[50,50],"capInsets":[0,0,0,0]}},{"__type__":"cc.SpriteFrame","content":{"name":"barrier_3","texture":"bdh0u4jCxDYaTgR/31HO9X","rect":[314,342,206,337],"offset":[0,0],"originalSize":[206,337],"capInsets":[0,0,0,0]}},{"__type__":"cc.SpriteFrame","content":{"name":"effect_hit_7","texture":"5eRP4iAN5M3piLvicicKXb","rect":[887,121,50,50],"offset":[0,0],"originalSize":[50,50],"capInsets":[0,0,0,0]}},{"__type__":"cc.SpriteFrame","content":{"name":"boom_3","texture":"5eRP4iAN5M3piLvicicKXb","rect":[0,0,300,300],"offset":[0,0],"originalSize":[300,300],"capInsets":[0,0,0,0]}},{"__type__":"cc.SpriteFrame","content":{"name":"armor","texture":"789/YywudA2ZdqHXVgPR/A","rect":[681,296,76,49],"offset":[0,0],"originalSize":[76,49],"capInsets":[0,0,0,0]}},{"__type__":"cc.SpriteFrame","content":{"name":"arrow_2001","texture":"b0/HBrKsNMEprqse+gPufz","rect":[395,119,27,114],"offset":[0,0],"originalSize":[27,114],"capInsets":[0,0,0,0]}}]