[[{"__type__":"cc.Prefab","_name":"chunjie_6","data":{"__id__":1}},{"__type__":"cc.Node","_name":"chunjie_6","_components":[{"__type__":"cc.Sprite","node":{"__id__":1},"_spriteFrame":{"__uuid__":"f1kq8DBLBBGplXx0sw1Rob"},"_sizeMode":0},{"__type__":"cc.RigidBody","node":{"__id__":1},"enabledContactListener":true},{"__type__":"cc.PhysicsPolygonCollider","node":{"__id__":1},"points":[{"__type__":"cc.Vec2","x":-3.5,"y":64},{"__type__":"cc.Vec2","x":-11.5,"y":62},{"__type__":"cc.Vec2","x":-31.5,"y":38},{"__type__":"cc.Vec2","x":-31.5,"y":34},{"__type__":"cc.Vec2","x":-31.5,"y":15},{"__type__":"cc.Vec2","x":-31.5,"y":11},{"__type__":"cc.Vec2","x":-21.3,"y":2.8},{"__type__":"cc.Vec2","x":-31.5,"y":-8},{"__type__":"cc.Vec2","x":-31.5,"y":-13},{"__type__":"cc.Vec2","x":-21.6,"y":-20.1},{"__type__":"cc.Vec2","x":-31.5,"y":-32},{"__type__":"cc.Vec2","x":-31.5,"y":-36},{"__type__":"cc.Vec2","x":-22.1,"y":-44.3},{"__type__":"cc.Vec2","x":-20.1,"y":-59.8},{"__type__":"cc.Vec2","x":-11.5,"y":-64},{"__type__":"cc.Vec2","x":-6.5,"y":-64},{"__type__":"cc.Vec2","x":-0.1,"y":-47.4},{"__type__":"cc.Vec2","x":9.5,"y":-64},{"__type__":"cc.Vec2","x":13.5,"y":-64},{"__type__":"cc.Vec2","x":22.5,"y":-59},{"__type__":"cc.Vec2","x":22.5,"y":-44.2},{"__type__":"cc.Vec2","x":31.5,"y":-36},{"__type__":"cc.Vec2","x":31.5,"y":-32},{"__type__":"cc.Vec2","x":24.5,"y":-19},{"__type__":"cc.Vec2","x":31.5,"y":-11.4},{"__type__":"cc.Vec2","x":21.1,"y":2.8},{"__type__":"cc.Vec2","x":31.5,"y":10},{"__type__":"cc.Vec2","x":31.5,"y":15},{"__type__":"cc.Vec2","x":22.5,"y":27},{"__type__":"cc.Vec2","x":31.5,"y":34},{"__type__":"cc.Vec2","x":31.5,"y":38},{"__type__":"cc.Vec2","x":11.5,"y":62},{"__type__":"cc.Vec2","x":3.5,"y":64}]},{"__type__":"a058dD7mZpHmIw83dheUpZy","node":{"__id__":1},"shapeType":2}],"_prefab":{"__type__":"cc.PrefabInfo","root":{"__id__":1},"asset":{"__uuid__":"35wGZrJglCT67Huy1GpN34"},"fileId":"93CyKFy8BGWYxlEqk1xGXk"},"_contentSize":{"__type__":"cc.Size","width":63,"height":128},"_position":{"__type__":"cc.Vec3","x":-320,"y":-568},"_scaleX":1,"_scaleY":1,"_scale":{"__type__":"cc.Vec3","x":1,"y":1,"z":1}}],{"__type__":"cc.SpriteFrame","content":{"name":"chunjie_6","texture":"89/3mMb0ZI/oNxLaEh5I/N","rect":[0,0,63,128],"offset":[0,0],"originalSize":[63,128],"capInsets":[0,0,0,0]}}]