[[{"__type__":"cc.Prefab","_name":"1-4","data":{"__id__":1}},{"__type__":"cc.Node","_name":"1-4","_level":1,"_components":[{"__type__":"cc.Sprite","node":{"__id__":1},"_spriteFrame":{"__uuid__":"6cTff5UWdD4KwAvm23RSOi"}},{"__type__":"cc.RigidBody","node":{"__id__":1},"enabledContactListener":true},{"__type__":"cc.PhysicsPolygonCollider","node":{"__id__":1},"points":[{"__type__":"cc.Vec2","x":-48,"y":32},{"__type__":"cc.Vec2","x":-48,"y":-32},{"__type__":"cc.Vec2","x":48,"y":-32},{"__type__":"cc.Vec2","x":48},{"__type__":"cc.Vec2","x":-16},{"__type__":"cc.Vec2","x":-16,"y":32}]},{"__type__":"a058dD7mZpHmIw83dheUpZy","node":{"__id__":1}}],"_prefab":{"__type__":"cc.PrefabInfo","root":{"__id__":1},"asset":{"__uuid__":"47NKUdpThID7/hjI3ZFger"},"fileId":"4fFwmhEDVLsK/W1A6Vk8ij"},"_contentSize":{"__type__":"cc.Size","width":96,"height":64},"_scale":{"__type__":"cc.Vec3","x":1,"y":1,"z":1}}],{"__type__":"cc.SpriteFrame","content":{"name":"4","texture":"c5dEhxgJJDTp4EX87g1w5V","rect":[0,0,96,64],"offset":[0,0],"originalSize":[96,64],"capInsets":[0,0,0,0]}}]