[[{"__type__":"cc.Prefab","_name":"normal_1","data":{"__id__":1}},{"__type__":"cc.Node","_name":"normal_1","_components":[{"__type__":"cc.Sprite","node":{"__id__":1},"_spriteFrame":{"__uuid__":"7e97YiFBpKhazh7C/myoSL"},"_sizeMode":0},{"__type__":"cc.RigidBody","node":{"__id__":1},"enabledContactListener":true},{"__type__":"cc.PhysicsBoxCollider","node":{"__id__":1},"_size":{"__type__":"cc.Size","width":126,"height":35}},{"__type__":"a058dD7mZpHmIw83dheUpZy","node":{"__id__":1},"shapeType":2}],"_prefab":{"__type__":"cc.PrefabInfo","root":{"__id__":1},"asset":{"__uuid__":"31GF/QFHxKM52uMuZpQB20"},"fileId":"93CyKFy8BGWYxlEqk1xGXk"},"_contentSize":{"__type__":"cc.Size","width":126,"height":35},"_scaleX":1,"_scaleY":1,"_scale":{"__type__":"cc.Vec3","x":1,"y":1,"z":1}}],{"__type__":"cc.SpriteFrame","content":{"name":"normal_1","texture":"26BSmiJXhOj40yVsYVLtUq","rect":[0,0,126,35],"offset":[0,0],"originalSize":[126,35],"capInsets":[0,0,0,0]}}]