[[{"__type__":"cc.Prefab","_name":"laodongjie_4","data":{"__id__":1}},{"__type__":"cc.Node","_name":"laodingjie_4","_level":1,"_components":[{"__type__":"cc.Sprite","node":{"__id__":1},"_spriteFrame":{"__uuid__":"f1AFUksttKhqcwZwpK2WBU"},"_sizeMode":0},{"__type__":"cc.RigidBody","node":{"__id__":1},"enabledContactListener":true},{"__type__":"cc.PhysicsPolygonCollider","node":{"__id__":1},"points":[{"__type__":"cc.Vec2","x":-18,"y":19.5},{"__type__":"cc.Vec2","x":-31,"y":-0.6},{"__type__":"cc.Vec2","x":-56,"y":-0.5},{"__type__":"cc.Vec2","x":-56,"y":-7.5},{"__type__":"cc.Vec2","x":-30.2,"y":-8},{"__type__":"cc.Vec2","x":-16,"y":15.5},{"__type__":"cc.Vec2","x":-11.4,"y":15.8},{"__type__":"cc.Vec2","x":-11,"y":-19.5},{"__type__":"cc.Vec2","x":56,"y":-19.7},{"__type__":"cc.Vec2","x":55.8,"y":14.5},{"__type__":"cc.Vec2","y":13.5},{"__type__":"cc.Vec2","x":-3,"y":19.5}]},{"__type__":"a058dD7mZpHmIw83dheUpZy","node":{"__id__":1},"shapeType":2}],"_prefab":{"__type__":"cc.PrefabInfo","root":{"__id__":1},"asset":{"__uuid__":"1cvCjLUtlM9Z9jlK8mkMWf"},"fileId":"93CyKFy8BGWYxlEqk1xGXk"},"_contentSize":{"__type__":"cc.Size","width":112,"height":39},"_scale":{"__type__":"cc.Vec3","x":1,"y":1,"z":1}}],{"__type__":"cc.SpriteFrame","content":{"name":"laodongjie_4","texture":"10XHqy/JpJIZLbZ2RMi//X","rect":[0,0,112,39],"offset":[0,0],"originalSize":[112,39],"capInsets":[0,0,0,0]}}]