[[{"__type__":"cc.SceneAsset","_name":"pvpMatchScene","scene":{"__id__":1},"asyncLoadAssets":null},{"__type__":"cc.Scene","_name":"New Node","_children":[{"__id__":2},{"__id__":49}],"_active":false,"_anchorPoint":{"__type__":"cc.Vec2"},"_scale":{"__type__":"cc.Vec3","x":0.3027314467766117,"y":0.3027314467766117,"z":1},"autoReleaseAssets":true},{"__type__":"cc.Node","_name":"Canvas","_parent":{"__id__":1},"_children":[{"__id__":3},{"__id__":4},{"__id__":9},{"__id__":21},{"__id__":44}],"_level":1,"_components":[{"__type__":"cc.Canvas","node":{"__id__":2},"_designResolution":{"__type__":"cc.Size","width":750,"height":1334}},{"__type__":"69d13mMWCpPyon1Q2PrJYcs","node":{"__id__":2},"homeBtn":{"__id__":10},"infoLabel":{"__id__":23},"meAvatar":{"__id__":30},"meStarIcon":{"__id__":32},"meStarValue":{"__id__":34},"rivalAvatar":{"__id__":37},"rivalStarIcon":{"__id__":41},"rivalStarValue":{"__id__":43},"removeRivalBtn":{"__id__":40},"addBtn":{"__id__":39},"inviteBtn":{"__id__":25},"inviteTip":{"__id__":24},"startBtn":{"__id__":26}},{"__type__":"6b9e6tupwtPwq+wcjxma5BV","node":{"__id__":2},"targetNodes":[{"__id__":44}]}],"_contentSize":{"__type__":"cc.Size","width":750,"height":1334},"_position":{"__type__":"cc.Vec3","x":375,"y":667},"_scale":{"__type__":"cc.Vec3","x":1,"y":1,"z":1},"_id":"21uEdCuStCTbXOwQ/4E9FF"},{"__type__":"cc.Node","_name":"Main Camera","_parent":{"__id__":2},"_level":1,"_components":[{"__type__":"cc.Camera","node":{"__id__":3},"_clearFlags":7,"_depth":-1}],"_scale":{"__type__":"cc.Vec3","x":1,"y":1,"z":1}},{"__type__":"cc.Node","_name":"settingPanel","_parent":{"__id__":2},"_children":[{"__id__":5},{"__id__":8}],"_level":1,"_components":[{"__type__":"cc.Widget","node":{"__id__":4},"alignMode":0,"_alignFlags":9,"_left":30,"_top":10},{"__type__":"7d788u3cW5LzYUJDMEnQovZ","node":{"__id__":4},"settingBtn":{"__id__":8},"detailPanel":{"__id__":5}}],"_prefab":{"__type__":"cc.PrefabInfo","root":{"__id__":4},"asset":{"__uuid__":"4eEfnJnu5AN6ii9eWH7MeW"},"fileId":"3ebrFaQndNErjZGz2vHJUS"},"_contentSize":{"__type__":"cc.Size","width":85,"height":85},"_position":{"__type__":"cc.Vec3","x":-315.25,"y":627.25},"_scale":{"__type__":"cc.Vec3","x":0.7,"y":0.7,"z":1}},{"__type__":"cc.Node","_name":"settingbg","_parent":{"__id__":4},"_children":[{"__id__":6},{"__id__":7}],"_components":[{"__type__":"cc.Sprite","node":{"__id__":5},"_spriteFrame":{"__uuid__":"0e7jTQ9hFGaagMFI+qRHVv"}}],"_prefab":{"__type__":"cc.PrefabInfo","root":{"__id__":4},"asset":{"__uuid__":"4eEfnJnu5AN6ii9eWH7MeW"},"fileId":"2epLplr7ZK6LHgO7vaG3sS"},"_contentSize":{"__type__":"cc.Size","width":257,"height":86},"_position":{"__type__":"cc.Vec3","x":191},"_scale":{"__type__":"cc.Vec3","x":1,"y":1,"z":1}},{"__type__":"cc.Node","_name":"musicBtn","_parent":{"__id__":5},"_components":[{"__type__":"cc.Sprite","node":{"__id__":6},"_spriteFrame":{"__uuid__":"b5DjbMaedBYKNCrO6fXMCj"},"_type":1,"_sizeMode":0},{"__type__":"cc.Button","node":{"__id__":6},"duration":0.2,"zoomScale":0.9,"_N$normalColor":{"__type__":"cc.Color","r":255,"g":255,"b":255},"_N$pressedColor":{"__type__":"cc.Color","r":255,"g":255,"b":255},"pressedColor":{"__type__":"cc.Color","r":255,"g":255,"b":255},"_N$disabledColor":{"__type__":"cc.Color","r":255,"g":255,"b":255},"_N$pressedSprite":{"__uuid__":"e97GVMl6JHh5Ml5qEDdSGa"},"pressedSprite":{"__uuid__":"e97GVMl6JHh5Ml5qEDdSGa"},"_N$hoverSprite":{"__uuid__":"e97GVMl6JHh5Ml5qEDdSGa"},"hoverSprite":{"__uuid__":"e97GVMl6JHh5Ml5qEDdSGa"},"_N$disabledSprite":{"__uuid__":"29FYIk+N1GYaeWH/q1NxQO"},"_N$target":{"__id__":6}},{"__type__":"2fb16nYRrBF+aBTTlNAl5L+","node":{"__id__":6},"muteSpriteFrame":{"__uuid__":"b5DjbMaedBYKNCrO6fXMCj"},"unmuteSpriteFrame":{"__uuid__":"1f3twm5YNGZoGPdVT74Yd5"}}],"_prefab":{"__type__":"cc.PrefabInfo","root":{"__id__":4},"asset":{"__uuid__":"4eEfnJnu5AN6ii9eWH7MeW"},"fileId":"08hfPkgcJDZYsySR3oD+WF"},"_contentSize":{"__type__":"cc.Size","width":118,"height":74},"_position":{"__type__":"cc.Vec3","x":-64},"_scale":{"__type__":"cc.Vec3","x":1,"y":1,"z":1}},{"__type__":"cc.Node","_name":"vibrateBtn","_parent":{"__id__":5},"_components":[{"__type__":"cc.Sprite","node":{"__id__":7},"_spriteFrame":{"__uuid__":"7eX9H7bZdB04EqVcCyoM3S"},"_type":1,"_sizeMode":0},{"__type__":"cc.Button","node":{"__id__":7},"duration":0.2,"zoomScale":0.9,"_N$normalColor":{"__type__":"cc.Color","r":255,"g":255,"b":255},"_N$pressedColor":{"__type__":"cc.Color","r":255,"g":255,"b":255},"pressedColor":{"__type__":"cc.Color","r":255,"g":255,"b":255},"_N$disabledColor":{"__type__":"cc.Color","r":255,"g":255,"b":255},"_N$normalSprite":{"__uuid__":"f0BIwQ8D5Ml7nTNQbh1YlS"},"_N$pressedSprite":{"__uuid__":"e97GVMl6JHh5Ml5qEDdSGa"},"pressedSprite":{"__uuid__":"e97GVMl6JHh5Ml5qEDdSGa"},"_N$hoverSprite":{"__uuid__":"e97GVMl6JHh5Ml5qEDdSGa"},"hoverSprite":{"__uuid__":"e97GVMl6JHh5Ml5qEDdSGa"},"_N$disabledSprite":{"__uuid__":"29FYIk+N1GYaeWH/q1NxQO"},"_N$target":{"__id__":7}},{"__type__":"ba89dYesvBONYJHUAqItTwq","node":{"__id__":7},"onSpriteFrame":{"__uuid__":"4dcTMOtvJG9pOUpNuhO3Nj"},"offSpriteFrame":{"__uuid__":"7eX9H7bZdB04EqVcCyoM3S"}}],"_prefab":{"__type__":"cc.PrefabInfo","root":{"__id__":4},"asset":{"__uuid__":"4eEfnJnu5AN6ii9eWH7MeW"},"fileId":"45Tp6cK3xGdISB9GiTLMAm"},"_contentSize":{"__type__":"cc.Size","width":118,"height":74},"_position":{"__type__":"cc.Vec3","x":64},"_scale":{"__type__":"cc.Vec3","x":1,"y":1,"z":1}},{"__type__":"cc.Node","_name":"setting","_parent":{"__id__":4},"_components":[{"__type__":"cc.Sprite","node":{"__id__":8},"_spriteFrame":{"__uuid__":"76pkTBGyZLzpxzTukGnJge"}},{"__type__":"cc.Button","node":{"__id__":8},"zoomScale":0.8,"_N$transition":3,"transition":3,"_N$target":{"__id__":8}}],"_prefab":{"__type__":"cc.PrefabInfo","root":{"__id__":4},"asset":{"__uuid__":"4eEfnJnu5AN6ii9eWH7MeW"},"fileId":"02AuqasfVJiJxtvVsnFlvK"},"_contentSize":{"__type__":"cc.Size","width":85,"height":85},"_scale":{"__type__":"cc.Vec3","x":1,"y":1,"z":1}},{"__type__":"cc.Node","_name":"topContent","_parent":{"__id__":2},"_children":[{"__id__":10},{"__id__":11},{"__id__":15}],"_level":1,"_components":[{"__type__":"cc.Widget","node":{"__id__":9},"_alignFlags":40,"_top":100},{"__type__":"06cf1N59gFKI7vNfJIAOO4r","node":{"__id__":9}}],"_contentSize":{"__type__":"cc.Size","width":750,"height":84},"_position":{"__type__":"cc.Vec3","y":525},"_scale":{"__type__":"cc.Vec3","x":1,"y":1,"z":1}},{"__type__":"cc.Node","_name":"homeBtn","_parent":{"__id__":9},"_level":2,"_components":[{"__type__":"cc.Sprite","node":{"__id__":10},"_spriteFrame":{"__uuid__":"bfctdAtshCxJolAK+jCW+q"}},{"__type__":"cc.Widget","node":{"__id__":10},"_alignFlags":8,"_left":30},{"__type__":"cc.Button","node":{"__id__":10},"zoomScale":0.9,"_N$transition":3,"transition":3}],"_contentSize":{"__type__":"cc.Size","width":64,"height":64},"_position":{"__type__":"cc.Vec3","x":-313},"_scale":{"__type__":"cc.Vec3","x":1,"y":1,"z":1}},{"__type__":"cc.Node","_name":"starsDetailPanel","_parent":{"__id__":9},"_children":[{"__id__":12},{"__id__":13}],"_level":2,"_components":[{"__type__":"501a9k036xDlo9u49XuXiOa","node":{"__id__":11},"valueLabel":{"__id__":14},"starNode":{"__id__":12},"dockToMenu":false},{"__type__":"cc.Widget","node":{"__id__":11},"_alignFlags":32,"_right":30,"_top":15.5}],"_prefab":{"__type__":"cc.PrefabInfo","root":{"__id__":11},"asset":{"__uuid__":"2dYynng+pLU6g799ONAm7F"},"fileId":"14KXJkoatPuK2RFTsoG4bL"},"_contentSize":{"__type__":"cc.Size","width":150,"height":53},"_position":{"__type__":"cc.Vec3","x":270},"_scale":{"__type__":"cc.Vec3","x":1,"y":1,"z":1}},{"__type__":"cc.Node","_name":"star","_parent":{"__id__":11},"_components":[{"__type__":"cc.Sprite","node":{"__id__":12},"_spriteFrame":{"__uuid__":"d458EH+gVHlrQs6CfKFAVk"}},{"__type__":"cc.Widget","node":{"__id__":12},"alignMode":0,"_alignFlags":32}],"_prefab":{"__type__":"cc.PrefabInfo","root":{"__id__":11},"asset":{"__uuid__":"2dYynng+pLU6g799ONAm7F"},"fileId":"d7eUPFfWlKKKJv2gg69Mq1"},"_contentSize":{"__type__":"cc.Size","width":56,"height":53},"_position":{"__type__":"cc.Vec3","x":47},"_scale":{"__type__":"cc.Vec3","x":1,"y":1,"z":1}},{"__type__":"cc.Node","_name":"value","_parent":{"__id__":11},"_components":[{"__id__":14},{"__type__":"cc.Widget","node":{"__id__":13},"alignMode":0,"_alignFlags":32,"_right":70}],"_prefab":{"__type__":"cc.PrefabInfo","root":{"__id__":11},"asset":{"__uuid__":"2dYynng+pLU6g799ONAm7F"},"fileId":"84TSqfa3VH8LB51qVWu4t5"},"_contentSize":{"__type__":"cc.Size","width":22.25,"height":40},"_anchorPoint":{"__type__":"cc.Vec2","x":1,"y":0.5},"_position":{"__type__":"cc.Vec3","x":5,"y":-2},"_scale":{"__type__":"cc.Vec3","x":1,"y":1,"z":1}},{"__type__":"cc.Label","node":{"__id__":13},"_srcBlendFactor":1,"_useOriginalSize":false,"_string":"0","_N$string":"0","_N$horizontalAlign":1,"_N$verticalAlign":1},{"__type__":"cc.Node","_name":"tipbar","_parent":{"__id__":9},"_children":[{"__id__":16}],"_level":2,"_components":[{"__type__":"cc.Sprite","node":{"__id__":15},"_spriteFrame":{"__uuid__":"f4XX1CmyxGJqpsL484TuSb"}},{"__type__":"86a6e5FOUJJ1poP3CTaouGk","node":{"__id__":15},"info1":{"__id__":18},"info2":{"__id__":20}}],"_prefab":{"__type__":"cc.PrefabInfo","root":{"__id__":15},"asset":{"__uuid__":"05gQx7NSVPk78r/w06QA+F"},"fileId":"61J3GfVNdKkogV4OwsKpJ2"},"_contentSize":{"__type__":"cc.Size","width":681,"height":46},"_position":{"__type__":"cc.Vec3","y":-65},"_scale":{"__type__":"cc.Vec3","x":1,"y":1,"z":1}},{"__type__":"cc.Node","_name":"masker","_parent":{"__id__":15},"_children":[{"__id__":17},{"__id__":19}],"_level":2,"_components":[{"__type__":"cc.Mask","node":{"__id__":16}}],"_prefab":{"__type__":"cc.PrefabInfo","root":{"__id__":15},"asset":{"__uuid__":"05gQx7NSVPk78r/w06QA+F"},"fileId":"2aKCF9iH5MMIqOWxjnafcW"},"_contentSize":{"__type__":"cc.Size","width":681,"height":46},"_scale":{"__type__":"cc.Vec3","x":1,"y":1,"z":1}},{"__type__":"cc.Node","_name":"info1","_parent":{"__id__":16},"_level":3,"_components":[{"__id__":18}],"_prefab":{"__type__":"cc.PrefabInfo","root":{"__id__":15},"asset":{"__uuid__":"05gQx7NSVPk78r/w06QA+F"},"fileId":"53TPXoGDFMeLPXI6E7r7rj"},"_color":{"__type__":"cc.Color","r":244,"g":226,"b":32},"_contentSize":{"__type__":"cc.Size","width":29.17,"height":40},"_scale":{"__type__":"cc.Vec3","x":1,"y":1,"z":1}},{"__type__":"cc.Label","node":{"__id__":17},"_srcBlendFactor":1,"_useOriginalSize":false,"_string":"...","_N$string":"...","_fontSize":35,"_N$horizontalAlign":1,"_N$verticalAlign":1},{"__type__":"cc.Node","_name":"info1","_parent":{"__id__":16},"_level":3,"_components":[{"__id__":20}],"_prefab":{"__type__":"cc.PrefabInfo","root":{"__id__":15},"asset":{"__uuid__":"05gQx7NSVPk78r/w06QA+F"},"fileId":"619Be/9ipDVaMLKxq4G3F+"},"_color":{"__type__":"cc.Color","r":244,"g":226,"b":32},"_contentSize":{"__type__":"cc.Size","height":40},"_scale":{"__type__":"cc.Vec3","x":1,"y":1,"z":1}},{"__type__":"cc.Label","node":{"__id__":19},"_srcBlendFactor":1,"_useOriginalSize":false,"_fontSize":35,"_N$horizontalAlign":1,"_N$verticalAlign":1},{"__type__":"cc.Node","_name":"centerContent","_parent":{"__id__":2},"_children":[{"__id__":22},{"__id__":24},{"__id__":25},{"__id__":26},{"__id__":27},{"__id__":28},{"__id__":35}],"_level":1,"_scale":{"__type__":"cc.Vec3","x":1,"y":1,"z":1}},{"__type__":"cc.Node","_name":"connectingTip","_parent":{"__id__":21},"_level":2,"_components":[{"__id__":23}],"_contentSize":{"__type__":"cc.Size","width":205,"height":38},"_position":{"__type__":"cc.Vec3","y":286},"_scale":{"__type__":"cc.Vec3","x":1,"y":1,"z":1}},{"__type__":"cc.Label","node":{"__id__":22},"_srcBlendFactor":1,"_useOriginalSize":false,"_string":"等待好友加入...","_N$string":"等待好友加入...","_fontSize":30,"_lineHeight":38,"_N$horizontalAlign":1,"_N$verticalAlign":1},{"__type__":"cc.Node","_name":"inviteTip","_parent":{"__id__":21},"_level":2,"_components":[{"__type__":"cc.Label","node":{"__id__":24},"_srcBlendFactor":1,"_useOriginalSize":false,"_string":"分享到群更容易得到好友响应","_N$string":"分享到群更容易得到好友响应","_fontSize":18,"_lineHeight":22,"_N$horizontalAlign":1,"_N$verticalAlign":1}],"_contentSize":{"__type__":"cc.Size","width":234,"height":22},"_position":{"__type__":"cc.Vec3","y":-55},"_scale":{"__type__":"cc.Vec3","x":1,"y":1,"z":1}},{"__type__":"cc.Node","_name":"inviteBtn","_parent":{"__id__":21},"_level":2,"_components":[{"__type__":"cc.Sprite","node":{"__id__":25},"_spriteFrame":{"__uuid__":"4dTeBfDIdNqI3RDoNPPUTW"}},{"__type__":"cc.Button","node":{"__id__":25},"zoomScale":0.9,"_N$transition":3,"transition":3}],"_contentSize":{"__type__":"cc.Size","width":300,"height":106},"_position":{"__type__":"cc.Vec3","y":-126},"_scale":{"__type__":"cc.Vec3","x":1,"y":1,"z":1}},{"__type__":"cc.Node","_name":"startBtn","_parent":{"__id__":21},"_level":2,"_components":[{"__type__":"cc.Sprite","node":{"__id__":26},"_spriteFrame":{"__uuid__":"9a6u+sazND2a50xczD566O"}},{"__type__":"cc.Button","node":{"__id__":26},"zoomScale":0.9,"_N$transition":3,"transition":3}],"_contentSize":{"__type__":"cc.Size","width":300,"height":106},"_position":{"__type__":"cc.Vec3","y":-126},"_scale":{"__type__":"cc.Vec3","x":1,"y":1,"z":1}},{"__type__":"cc.Node","_name":"_0009_VS","_parent":{"__id__":21},"_level":2,"_components":[{"__type__":"cc.Sprite","node":{"__id__":27},"_spriteFrame":{"__uuid__":"93XeMYjSlGObSAyHEYjB5N"}}],"_contentSize":{"__type__":"cc.Size","width":87,"height":57},"_position":{"__type__":"cc.Vec3","y":122},"_scale":{"__type__":"cc.Vec3","x":1,"y":1,"z":1}},{"__type__":"cc.Node","_name":"meAvatar","_parent":{"__id__":21},"_children":[{"__id__":29},{"__id__":31},{"__id__":32},{"__id__":33}],"_level":2,"_contentSize":{"__type__":"cc.Size","width":157,"height":156},"_position":{"__type__":"cc.Vec3","x":-190,"y":122},"_scale":{"__type__":"cc.Vec3","x":1,"y":1,"z":1}},{"__type__":"cc.Node","_name":"avatar","_parent":{"__id__":28},"_level":3,"_components":[{"__id__":30}],"_contentSize":{"__type__":"cc.Size","width":154,"height":154},"_scale":{"__type__":"cc.Vec3","x":1,"y":1,"z":1}},{"__type__":"cc.Sprite","node":{"__id__":29},"_sizeMode":0},{"__type__":"cc.Node","_name":"border","_parent":{"__id__":28},"_level":3,"_components":[{"__type__":"cc.Sprite","node":{"__id__":31},"_spriteFrame":{"__uuid__":"cf47ynjnlJOr964f6BKCAA"}}],"_contentSize":{"__type__":"cc.Size","width":157,"height":156},"_scale":{"__type__":"cc.Vec3","x":1,"y":1,"z":1}},{"__type__":"cc.Node","_name":"star","_parent":{"__id__":28},"_level":3,"_components":[{"__type__":"cc.Sprite","node":{"__id__":32},"_spriteFrame":{"__uuid__":"d458EH+gVHlrQs6CfKFAVk"}}],"_contentSize":{"__type__":"cc.Size","width":56,"height":53},"_anchorPoint":{"__type__":"cc.Vec2","x":1,"y":0.5},"_position":{"__type__":"cc.Vec3","x":-10,"y":-111},"_scale":{"__type__":"cc.Vec3","x":0.7,"y":0.7,"z":1}},{"__type__":"cc.Node","_name":"starValue","_parent":{"__id__":28},"_level":3,"_components":[{"__id__":34}],"_contentSize":{"__type__":"cc.Size","width":39.9,"height":45},"_anchorPoint":{"__type__":"cc.Vec2","y":0.5},"_position":{"__type__":"cc.Vec3","x":5,"y":-111},"_scale":{"__type__":"cc.Vec3","x":1,"y":1,"z":1}},{"__type__":"cc.Label","node":{"__id__":33},"_srcBlendFactor":1,"_useOriginalSize":false,"_string":"×0","_N$string":"×0","_fontSize":35,"_lineHeight":45,"_N$horizontalAlign":1,"_N$verticalAlign":1},{"__type__":"cc.Node","_name":"friendAvatar","_parent":{"__id__":21},"_children":[{"__id__":36},{"__id__":38},{"__id__":39},{"__id__":40},{"__id__":41},{"__id__":42}],"_level":2,"_contentSize":{"__type__":"cc.Size","width":157,"height":156},"_position":{"__type__":"cc.Vec3","x":190,"y":122},"_scale":{"__type__":"cc.Vec3","x":1,"y":1,"z":1}},{"__type__":"cc.Node","_name":"avatar","_parent":{"__id__":35},"_level":3,"_components":[{"__id__":37}],"_contentSize":{"__type__":"cc.Size","width":154,"height":154},"_scale":{"__type__":"cc.Vec3","x":1,"y":1,"z":1}},{"__type__":"cc.Sprite","node":{"__id__":36},"_sizeMode":0},{"__type__":"cc.Node","_name":"border","_parent":{"__id__":35},"_level":3,"_components":[{"__type__":"cc.Sprite","node":{"__id__":38},"_spriteFrame":{"__uuid__":"cf47ynjnlJOr964f6BKCAA"}}],"_contentSize":{"__type__":"cc.Size","width":157,"height":156},"_scale":{"__type__":"cc.Vec3","x":1,"y":1,"z":1}},{"__type__":"cc.Node","_name":"add","_parent":{"__id__":35},"_level":3,"_components":[{"__type__":"cc.Sprite","node":{"__id__":39},"_spriteFrame":{"__uuid__":"5befS/plVKl7a5wdOtytHU"}}],"_contentSize":{"__type__":"cc.Size","width":52,"height":52},"_scale":{"__type__":"cc.Vec3","x":1,"y":1,"z":1}},{"__type__":"cc.Node","_name":"delete","_parent":{"__id__":35},"_level":3,"_components":[{"__type__":"cc.Sprite","node":{"__id__":40},"_spriteFrame":{"__uuid__":"7f0Q4s/4FIi5/vjSE+q9Uz"}}],"_contentSize":{"__type__":"cc.Size","width":45,"height":45},"_position":{"__type__":"cc.Vec3","x":77,"y":76.5},"_scale":{"__type__":"cc.Vec3","x":1,"y":1,"z":1}},{"__type__":"cc.Node","_name":"star","_parent":{"__id__":35},"_level":3,"_components":[{"__type__":"cc.Sprite","node":{"__id__":41},"_spriteFrame":{"__uuid__":"d458EH+gVHlrQs6CfKFAVk"}}],"_contentSize":{"__type__":"cc.Size","width":56,"height":53},"_anchorPoint":{"__type__":"cc.Vec2","x":1,"y":0.5},"_position":{"__type__":"cc.Vec3","x":-10,"y":-111},"_scale":{"__type__":"cc.Vec3","x":0.7,"y":0.7,"z":1}},{"__type__":"cc.Node","_name":"starValue","_parent":{"__id__":35},"_level":3,"_components":[{"__id__":43}],"_contentSize":{"__type__":"cc.Size","width":39.9,"height":45},"_anchorPoint":{"__type__":"cc.Vec2","y":0.5},"_position":{"__type__":"cc.Vec3","x":5,"y":-111},"_scale":{"__type__":"cc.Vec3","x":1,"y":1,"z":1}},{"__type__":"cc.Label","node":{"__id__":42},"_srcBlendFactor":1,"_useOriginalSize":false,"_string":"×0","_N$string":"×0","_fontSize":35,"_lineHeight":45,"_N$horizontalAlign":1,"_N$verticalAlign":1},{"__type__":"cc.Node","_name":"recommendAdsPanel","_parent":{"__id__":2},"_children":[{"__id__":45},{"__id__":46}],"_level":2,"_components":[{"__type__":"06b11QVaC1OSrL27BuCqAut","node":{"__id__":44},"recommendAdList":{"__id__":48},"locationFlg":"C2"},{"__type__":"cc.Widget","node":{"__id__":44},"_alignFlags":40,"_originalWidth":637}],"_prefab":{"__type__":"cc.PrefabInfo","root":{"__id__":44},"asset":{"__uuid__":"72GtC0h+lIGZ5pUpKlrhpW"},"fileId":"a2n7Wkk2hBGKBRxV9MeXjd"},"_contentSize":{"__type__":"cc.Size","width":750,"height":184},"_position":{"__type__":"cc.Vec3","y":-304},"_scale":{"__type__":"cc.Vec3","x":1,"y":1,"z":1}},{"__type__":"cc.Node","_name":"bg","_parent":{"__id__":44},"_components":[{"__type__":"cc.Sprite","node":{"__id__":45},"_spriteFrame":{"__uuid__":"d2HikSatZLrp8Fql2sLpNs"},"_sizeMode":0},{"__type__":"cc.Widget","node":{"__id__":45},"_alignFlags":45,"_originalWidth":637,"_originalHeight":205}],"_prefab":{"__type__":"cc.PrefabInfo","root":{"__id__":44},"asset":{"__uuid__":"72GtC0h+lIGZ5pUpKlrhpW"},"fileId":"faQyfakQFIvo5LPvWLbHjw"},"_contentSize":{"__type__":"cc.Size","width":750,"height":184},"_scale":{"__type__":"cc.Vec3","x":1,"y":1,"z":1}},{"__type__":"cc.Node","_name":"masker","_parent":{"__id__":44},"_children":[{"__id__":47}],"_components":[{"__type__":"cc.Mask","node":{"__id__":46}},{"__type__":"cc.Widget","node":{"__id__":46},"_alignFlags":45,"_originalWidth":637,"_originalHeight":184}],"_prefab":{"__type__":"cc.PrefabInfo","root":{"__id__":44},"asset":{"__uuid__":"72GtC0h+lIGZ5pUpKlrhpW"},"fileId":"6cUiEMpmVOpaRAwMG+RdPB"},"_contentSize":{"__type__":"cc.Size","width":750,"height":184},"_scale":{"__type__":"cc.Vec3","x":1,"y":1,"z":1}},{"__type__":"cc.Node","_name":"adsContainer","_parent":{"__id__":46},"_components":[{"__id__":48}],"_prefab":{"__type__":"cc.PrefabInfo","root":{"__id__":44},"asset":{"__uuid__":"72GtC0h+lIGZ5pUpKlrhpW"},"fileId":"4e6ozYs8NHCIEJIzZgekSd"},"_contentSize":{"__type__":"cc.Size","width":625,"height":150},"_anchorPoint":{"__type__":"cc.Vec2","y":0.5},"_scale":{"__type__":"cc.Vec3","x":1,"y":1,"z":1}},{"__type__":"b12fcsezBFGB6L+umfAqOpW","node":{"__id__":47},"gapH":20,"autoSlideDelay":10,"autoZoomDelay":5,"moveSpeed":-1,"adItemPrefab":{"__uuid__":"2f/oCKv6pOPrsABdMqtGUE"}},{"__type__":"cc.Node","_name":"bannerAd","_parent":{"__id__":1},"_level":1,"_components":[{"__type__":"cc.Sprite","node":{"__id__":49},"_spriteFrame":{"__uuid__":"a2MjXRFdtLlYQ5ouAFv/+R"},"_sizeMode":0},{"__type__":"ed6cccXls1LR5n5h+MNHO9B","node":{"__id__":49},"bannerAdIDs":["adunit-b8b6da02aee609ef","adunit-12d0720cf58e6645","adunit-6b828dbbfd856f21"],"maxHeight":200,"refreshAdMaxDelay":30}],"_color":{"__type__":"cc.Color","r":116,"g":184,"b":255},"_contentSize":{"__type__":"cc.Size","width":100,"height":100},"_anchorPoint":{"__type__":"cc.Vec2"},"_position":{"__type__":"cc.Vec3","x":-158,"y":23},"_scale":{"__type__":"cc.Vec3","x":1,"y":1,"z":1},"_id":"caf3j9fkZJXrDomDC7U3He"}],{"__type__":"cc.SpriteFrame","content":{"name":"invite","texture":"ceOHB83QhO/5EWWYVviCIL","rect":[0,0,300,106],"offset":[0,0],"originalSize":[300,106],"capInsets":[0,0,0,0]}},{"__type__":"cc.SpriteFrame","content":{"name":"add","texture":"caHN+Z+GxN+bOZi1TILWyl","rect":[0,0,52,52],"offset":[0,0],"originalSize":[52,52],"capInsets":[0,0,0,0]}},{"__type__":"cc.SpriteFrame","content":{"name":"vs","texture":"dffXj0SCNKL4j8gdEjruPf","rect":[0,0,87,57],"offset":[0,0],"originalSize":[87,57],"capInsets":[0,0,0,0]}},{"__type__":"cc.SpriteFrame","content":{"name":"startGame","texture":"d1b0ZN0ZROGoDKSpfiHHqX","rect":[0,0,300,106],"offset":[0,0],"originalSize":[300,106],"capInsets":[0,0,0,0]}}]