[{"__type__":"cc.SpriteFrame","content":{"name":"3-4","texture":"bcc75ha0hK17DVvxtnUmRa","rect":[0,0,128,96],"offset":[0,0],"originalSize":[128,96],"capInsets":[0,0,0,0]}},[{"__type__":"cc.Prefab","_name":"3-4","data":{"__id__":1}},{"__type__":"cc.Node","_name":"3-4","_components":[{"__type__":"cc.Sprite","node":{"__id__":1},"_spriteFrame":{"__uuid__":"9bKZAxkxFInqr4uZ+ptW+f"}},{"__type__":"cc.RigidBody","node":{"__id__":1},"enabledContactListener":true},{"__type__":"cc.PhysicsPolygonCollider","node":{"__id__":1},"points":[{"__type__":"cc.Vec2","x":-64,"y":48},{"__type__":"cc.Vec2","x":-64,"y":-16},{"__type__":"cc.Vec2","x":32,"y":-16},{"__type__":"cc.Vec2","x":32,"y":-48},{"__type__":"cc.Vec2","x":64,"y":-48},{"__type__":"cc.Vec2","x":64,"y":16},{"__type__":"cc.Vec2","x":-32,"y":16},{"__type__":"cc.Vec2","x":-32,"y":48}]},{"__type__":"a058dD7mZpHmIw83dheUpZy","node":{"__id__":1}}],"_prefab":{"__type__":"cc.PrefabInfo","root":{"__id__":1},"asset":{"__uuid__":"a0iwEEfuRFG7xx5r3xt2h2"},"fileId":"66AclOn2NJaZJemzc2jhET"},"_contentSize":{"__type__":"cc.Size","width":128,"height":96},"_scaleX":1,"_scaleY":1,"_scale":{"__type__":"cc.Vec3","x":1,"y":1,"z":1}}]]