[[{"__type__":"cc.Prefab","_name":"normal_11","data":{"__id__":1}},{"__type__":"cc.Node","_name":"normal_11","_components":[{"__type__":"cc.Sprite","node":{"__id__":1},"_spriteFrame":{"__uuid__":"fen9Dx3C1Nz7P4SBOCV4pc"},"_sizeMode":0},{"__type__":"cc.RigidBody","node":{"__id__":1},"enabledContactListener":true},{"__type__":"cc.PhysicsPolygonCollider","node":{"__id__":1},"points":[{"__type__":"cc.Vec2","x":-36.1,"y":151.5},{"__type__":"cc.Vec2","x":-37,"y":63},{"__type__":"cc.Vec2","x":-65.8,"y":63},{"__type__":"cc.Vec2","x":-65.7,"y":44.3},{"__type__":"cc.Vec2","x":-69.8,"y":43.3},{"__type__":"cc.Vec2","x":-70,"y":10.5},{"__type__":"cc.Vec2","x":-65,"y":9.1},{"__type__":"cc.Vec2","x":-65,"y":-126.5},{"__type__":"cc.Vec2","x":-56,"y":-132.5},{"__type__":"cc.Vec2","x":-56,"y":-142.5},{"__type__":"cc.Vec2","x":-50,"y":-151.5},{"__type__":"cc.Vec2","x":-44,"y":-151.5},{"__type__":"cc.Vec2","x":-38,"y":-142.5},{"__type__":"cc.Vec2","x":-38,"y":-132.5},{"__type__":"cc.Vec2","x":42,"y":-132.5},{"__type__":"cc.Vec2","x":42,"y":-141.5},{"__type__":"cc.Vec2","x":47.6,"y":-151.8},{"__type__":"cc.Vec2","x":55,"y":-151.5},{"__type__":"cc.Vec2","x":60,"y":-142.5},{"__type__":"cc.Vec2","x":60,"y":-132.5},{"__type__":"cc.Vec2","x":70,"y":-132},{"__type__":"cc.Vec2","x":70,"y":62.4},{"__type__":"cc.Vec2","x":40,"y":62.5},{"__type__":"cc.Vec2","x":40.6,"y":151.3}]},{"__type__":"a058dD7mZpHmIw83dheUpZy","node":{"__id__":1},"shapeType":2}],"_prefab":{"__type__":"cc.PrefabInfo","root":{"__id__":1},"asset":{"__uuid__":"63iE39oRhNJr/ObaMWhx91"},"fileId":"93CyKFy8BGWYxlEqk1xGXk"},"_contentSize":{"__type__":"cc.Size","width":140,"height":303},"_scaleX":1,"_scaleY":1,"_scale":{"__type__":"cc.Vec3","x":1,"y":1,"z":1}}],{"__type__":"cc.SpriteFrame","content":{"name":"normal_11","texture":"b76tHivP1PxbOWWhPIANrT","rect":[0,0,140,303],"offset":[0,0],"originalSize":[140,303],"capInsets":[0,0,0,0]}}]