[{"__type__":"cc.SpriteFrame","content":{"name":"tabButton","texture":"9c3W0uu5RLjIg33AjXoBej","rect":[0,0,226,57],"offset":[0,0],"originalSize":[226,57],"capInsets":[0,0,0,0]}},{"__type__":"cc.SpriteFrame","content":{"name":"tabBtnSelected","texture":"12E+ZUP35A76LZstqFY8ws","rect":[0,0,227,57],"offset":[0,0],"originalSize":[227,57],"capInsets":[0,0,0,0]}},[{"__type__":"cc.Prefab","_name":"shapeListPanel","data":{"__id__":1}},{"__type__":"cc.Node","_name":"shapeListPanel","_children":[{"__id__":2}],"_level":1,"_components":[{"__type__":"0060eKQnyhN6qz1U5c8DFbu","node":{"__id__":1},"closeBtn":{"__id__":21},"selectedLineNode":{"__id__":8},"goodsBtn":{"__id__":9},"eventBtn":{"__id__":13},"shapeListContent":{"__id__":20}},{"__type__":"cc.BlockInputEvents","node":{"__id__":1}}],"_prefab":{"__type__":"cc.PrefabInfo","root":{"__id__":1},"asset":{"__uuid__":"f5GftlGL9A25l31EmS5ymv"},"fileId":"5av+dkNMVEopZdM6fpvOK9"},"_contentSize":{"__type__":"cc.Size","width":574,"height":1000},"_scale":{"__type__":"cc.Vec3","x":1,"y":1,"z":1}},{"__type__":"cc.Node","_name":"bg","_parent":{"__id__":1},"_children":[{"__id__":3},{"__id__":6},{"__id__":18},{"__id__":21}],"_components":[{"__type__":"cc.Sprite","node":{"__id__":2},"_spriteFrame":{"__uuid__":"90gRbnddJGc7qR9iPrh9jh"},"_type":1,"_sizeMode":0}],"_prefab":{"__type__":"cc.PrefabInfo","root":{"__id__":1},"asset":{"__uuid__":"f5GftlGL9A25l31EmS5ymv"},"fileId":"62naKfZkRGyokrmI9B1wmm"},"_contentSize":{"__type__":"cc.Size","width":574,"height":850},"_position":{"__type__":"cc.Vec3","y":75},"_scale":{"__type__":"cc.Vec3","x":1,"y":1,"z":1}},{"__type__":"cc.Node","_name":"title","_parent":{"__id__":2},"_children":[{"__id__":4},{"__id__":5}],"_components":[{"__type__":"cc.Widget","node":{"__id__":3},"alignMode":0,"_alignFlags":41,"_left":10,"_right":10,"_top":8}],"_prefab":{"__type__":"cc.PrefabInfo","root":{"__id__":1},"asset":{"__uuid__":"f5GftlGL9A25l31EmS5ymv"},"fileId":"5dkueXebJESb19QeyNIcpg"},"_contentSize":{"__type__":"cc.Size","width":554,"height":70},"_position":{"__type__":"cc.Vec3","y":382},"_scale":{"__type__":"cc.Vec3","x":1,"y":1,"z":1}},{"__type__":"cc.Node","_name":"bg","_parent":{"__id__":3},"_components":[{"__type__":"cc.Sprite","node":{"__id__":4},"_spriteFrame":{"__uuid__":"a2MjXRFdtLlYQ5ouAFv/+R"},"_sizeMode":0},{"__type__":"cc.Widget","node":{"__id__":4},"alignMode":0,"_alignFlags":45,"_originalWidth":100,"_originalHeight":100}],"_prefab":{"__type__":"cc.PrefabInfo","root":{"__id__":1},"asset":{"__uuid__":"f5GftlGL9A25l31EmS5ymv"},"fileId":"48Nsg0TKJJzZc31phPbSYQ"},"_color":{"__type__":"cc.Color","r":43,"g":43,"b":43},"_contentSize":{"__type__":"cc.Size","width":554,"height":70},"_scale":{"__type__":"cc.Vec3","x":1,"y":1,"z":1}},{"__type__":"cc.Node","_name":"titleValue","_parent":{"__id__":3},"_components":[{"__type__":"cc.Label","node":{"__id__":5},"_srcBlendFactor":1,"_useOriginalSize":false,"_string":"特殊图形","_N$string":"特殊图形","_lineHeight":55,"_N$horizontalAlign":1,"_N$verticalAlign":1}],"_prefab":{"__type__":"cc.PrefabInfo","root":{"__id__":1},"asset":{"__uuid__":"f5GftlGL9A25l31EmS5ymv"},"fileId":"ca/1JLAHBC75WWJh+Je+os"},"_contentSize":{"__type__":"cc.Size","width":160,"height":55},"_scale":{"__type__":"cc.Vec3","x":1,"y":1,"z":1}},{"__type__":"cc.Node","_name":"titlebar","_parent":{"__id__":2},"_children":[{"__id__":7},{"__id__":8},{"__id__":9},{"__id__":13}],"_components":[{"__type__":"cc.Widget","node":{"__id__":6},"alignMode":0,"_alignFlags":41,"_left":10,"_right":10,"_top":92}],"_prefab":{"__type__":"cc.PrefabInfo","root":{"__id__":1},"asset":{"__uuid__":"f5GftlGL9A25l31EmS5ymv"},"fileId":"2bPtcFzb5EmasJfq+55tYH"},"_contentSize":{"__type__":"cc.Size","width":554,"height":50},"_position":{"__type__":"cc.Vec3","y":308},"_scale":{"__type__":"cc.Vec3","x":1,"y":1,"z":1}},{"__type__":"cc.Node","_name":"bg","_parent":{"__id__":6},"_components":[{"__type__":"cc.Sprite","node":{"__id__":7},"_enabled":false,"_sizeMode":0},{"__type__":"cc.Widget","node":{"__id__":7},"alignMode":0,"_alignFlags":45,"_originalWidth":100,"_originalHeight":100}],"_prefab":{"__type__":"cc.PrefabInfo","root":{"__id__":1},"asset":{"__uuid__":"f5GftlGL9A25l31EmS5ymv"},"fileId":"c9k6FxVEpB4rc16Ag3Vivb"},"_color":{"__type__":"cc.Color","r":43,"g":43,"b":43},"_contentSize":{"__type__":"cc.Size","width":554,"height":50},"_scale":{"__type__":"cc.Vec3","x":1,"y":1,"z":1}},{"__type__":"cc.Node","_name":"line","_parent":{"__id__":6},"_active":false,"_components":[{"__type__":"cc.Sprite","node":{"__id__":8},"_spriteFrame":{"__uuid__":"a2MjXRFdtLlYQ5ouAFv/+R"},"_sizeMode":0}],"_prefab":{"__type__":"cc.PrefabInfo","root":{"__id__":1},"asset":{"__uuid__":"f5GftlGL9A25l31EmS5ymv"},"fileId":"e7RiL0mGBP3bEeK72V4nNH"},"_contentSize":{"__type__":"cc.Size","width":50,"height":2},"_position":{"__type__":"cc.Vec3","x":-140,"y":-18},"_scale":{"__type__":"cc.Vec3","x":1,"y":1,"z":1}},{"__type__":"cc.Node","_name":"goods","_parent":{"__id__":6},"_children":[{"__id__":10},{"__id__":11},{"__id__":12}],"_components":[{"__type__":"cc.Button","node":{"__id__":9},"zoomScale":0.9,"_N$transition":3,"transition":3,"_N$target":{"__id__":9}}],"_prefab":{"__type__":"cc.PrefabInfo","root":{"__id__":1},"asset":{"__uuid__":"f5GftlGL9A25l31EmS5ymv"},"fileId":"42NkTvsDlOP4nPc01PwRId"},"_contentSize":{"__type__":"cc.Size","width":226,"height":57},"_position":{"__type__":"cc.Vec3","x":-140,"y":-3},"_scale":{"__type__":"cc.Vec3","x":1,"y":1,"z":1}},{"__type__":"cc.Node","_name":"unsel","_parent":{"__id__":9},"_components":[{"__type__":"cc.Sprite","node":{"__id__":10},"_spriteFrame":{"__uuid__":"462F8LhFtM2YfcbbGtdA+9"}}],"_prefab":{"__type__":"cc.PrefabInfo","root":{"__id__":1},"asset":{"__uuid__":"f5GftlGL9A25l31EmS5ymv"},"fileId":"20Kcv5s7pKU6lQeDPoZzrx"},"_contentSize":{"__type__":"cc.Size","width":226,"height":57},"_scale":{"__type__":"cc.Vec3","x":1,"y":1,"z":1}},{"__type__":"cc.Node","_name":"sel","_parent":{"__id__":9},"_components":[{"__type__":"cc.Sprite","node":{"__id__":11},"_spriteFrame":{"__uuid__":"99DpyvQWFGfpqX0tJAj4fb"}}],"_prefab":{"__type__":"cc.PrefabInfo","root":{"__id__":1},"asset":{"__uuid__":"f5GftlGL9A25l31EmS5ymv"},"fileId":"46Fj3EZChDoqaAYsW52wEw"},"_contentSize":{"__type__":"cc.Size","width":227,"height":57},"_scale":{"__type__":"cc.Vec3","x":1,"y":1,"z":1}},{"__type__":"cc.Node","_name":"title","_parent":{"__id__":9},"_components":[{"__type__":"cc.Label","node":{"__id__":12},"_srcBlendFactor":1,"_useOriginalSize":false,"_string":"...","_N$string":"...","_fontSize":30,"_N$horizontalAlign":1,"_N$verticalAlign":1,"_N$fontFamily":"苹方"},{"__type__":"cc.Widget","node":{"__id__":12},"alignMode":0,"_alignFlags":18,"_left":10}],"_prefab":{"__type__":"cc.PrefabInfo","root":{"__id__":1},"asset":{"__uuid__":"f5GftlGL9A25l31EmS5ymv"},"fileId":"37P2Q8YIFPJ7dUtAYrEG4l"},"_contentSize":{"__type__":"cc.Size","width":22.5,"height":40},"_scale":{"__type__":"cc.Vec3","x":1,"y":1,"z":1}},{"__type__":"cc.Node","_name":"event","_parent":{"__id__":6},"_children":[{"__id__":14},{"__id__":15},{"__id__":16},{"__id__":17}],"_components":[{"__type__":"cc.Button","node":{"__id__":13},"zoomScale":0.9,"_N$transition":3,"transition":3,"_N$target":{"__id__":13}},{"__type__":"c3d29cXXUxBXrMJfbmYl8ua","node":{"__id__":13},"tipNode":{"__id__":17}}],"_prefab":{"__type__":"cc.PrefabInfo","root":{"__id__":1},"asset":{"__uuid__":"f5GftlGL9A25l31EmS5ymv"},"fileId":"fb/5C6ecRENaTi+PIoBkg9"},"_contentSize":{"__type__":"cc.Size","width":226,"height":57},"_position":{"__type__":"cc.Vec3","x":140,"y":-3},"_scale":{"__type__":"cc.Vec3","x":1,"y":1,"z":1}},{"__type__":"cc.Node","_name":"unsel","_parent":{"__id__":13},"_components":[{"__type__":"cc.Sprite","node":{"__id__":14},"_spriteFrame":{"__uuid__":"462F8LhFtM2YfcbbGtdA+9"}}],"_prefab":{"__type__":"cc.PrefabInfo","root":{"__id__":1},"asset":{"__uuid__":"f5GftlGL9A25l31EmS5ymv"},"fileId":"e5D/Q/WSpJt65RM6G/U7PW"},"_contentSize":{"__type__":"cc.Size","width":226,"height":57},"_scale":{"__type__":"cc.Vec3","x":1,"y":1,"z":1}},{"__type__":"cc.Node","_name":"sel","_parent":{"__id__":13},"_components":[{"__type__":"cc.Sprite","node":{"__id__":15},"_spriteFrame":{"__uuid__":"99DpyvQWFGfpqX0tJAj4fb"}}],"_prefab":{"__type__":"cc.PrefabInfo","root":{"__id__":1},"asset":{"__uuid__":"f5GftlGL9A25l31EmS5ymv"},"fileId":"9fuCuhmnNNBZ6e77JxjH9l"},"_contentSize":{"__type__":"cc.Size","width":227,"height":57},"_scale":{"__type__":"cc.Vec3","x":1,"y":1,"z":1}},{"__type__":"cc.Node","_name":"title","_parent":{"__id__":13},"_components":[{"__type__":"cc.Label","node":{"__id__":16},"_srcBlendFactor":1,"_useOriginalSize":false,"_string":"新春限定","_N$string":"新春限定","_fontSize":30,"_N$horizontalAlign":1,"_N$verticalAlign":1,"_N$fontFamily":"苹方"},{"__type__":"cc.Widget","node":{"__id__":16},"alignMode":0,"_alignFlags":18,"_left":10}],"_prefab":{"__type__":"cc.PrefabInfo","root":{"__id__":1},"asset":{"__uuid__":"f5GftlGL9A25l31EmS5ymv"},"fileId":"c1/Gl7wV9E46h3340soyVm"},"_contentSize":{"__type__":"cc.Size","width":120,"height":40},"_scale":{"__type__":"cc.Vec3","x":1,"y":1,"z":1}},{"__type__":"cc.Node","_name":"new","_parent":{"__id__":13},"_level":1,"_components":[{"__type__":"cc.Sprite","node":{"__id__":17},"_spriteFrame":{"__uuid__":"47wwTSH1NDzJ1aMqdGwyIm"}}],"_prefab":{"__type__":"cc.PrefabInfo","root":{"__id__":1},"asset":{"__uuid__":"f5GftlGL9A25l31EmS5ymv"},"fileId":"b3kEd7SSVI2Ilf9P+CFnR0"},"_contentSize":{"__type__":"cc.Size","width":54,"height":54},"_position":{"__type__":"cc.Vec3","x":-108,"y":24},"_scale":{"__type__":"cc.Vec3","x":0.8,"y":0.8,"z":1}},{"__type__":"cc.Node","_name":"shapeList","_parent":{"__id__":2},"_children":[{"__id__":19}],"_components":[{"__type__":"cc.ScrollView","node":{"__id__":18},"horizontal":false,"brake":0.75,"bounceDuration":0.23,"_N$content":{"__id__":20},"content":{"__id__":20},"_N$horizontalScrollBar":null,"_N$verticalScrollBar":null},{"__type__":"cc.Widget","node":{"__id__":18},"alignMode":0,"_alignFlags":45,"_left":12,"_right":12,"_top":160,"_bottom":12,"_originalWidth":240,"_originalHeight":250}],"_prefab":{"__type__":"cc.PrefabInfo","root":{"__id__":1},"asset":{"__uuid__":"f5GftlGL9A25l31EmS5ymv"},"fileId":"d3ufM+dDFJxbz5dkSIkI1U"},"_color":{"__type__":"cc.Color","r":184,"g":184,"b":184},"_contentSize":{"__type__":"cc.Size","width":550,"height":678},"_position":{"__type__":"cc.Vec3","y":-74},"_scale":{"__type__":"cc.Vec3","x":1,"y":1,"z":1}},{"__type__":"cc.Node","_name":"view","_parent":{"__id__":18},"_children":[{"__id__":20}],"_components":[{"__type__":"cc.Mask","node":{"__id__":19},"_N$alphaThreshold":1},{"__type__":"cc.Widget","node":{"__id__":19},"alignMode":0,"_alignFlags":45,"_originalWidth":240,"_originalHeight":250}],"_prefab":{"__type__":"cc.PrefabInfo","root":{"__id__":1},"asset":{"__uuid__":"f5GftlGL9A25l31EmS5ymv"},"fileId":"71HhHsI8tIHanvpjmvSwku"},"_contentSize":{"__type__":"cc.Size","width":550,"height":678},"_scale":{"__type__":"cc.Vec3","x":1,"y":1,"z":1}},{"__type__":"cc.Node","_name":"content","_parent":{"__id__":19},"_components":[{"__type__":"9d0e7m7cpNFR7fqfXi8JcMs","node":{"__id__":20},"rendererPrefab":{"__uuid__":"e1y0h018VNHYOlH0fHjY8J"},"gapV":30,"gapH":30,"columnCount":3,"topPadding":10,"bottomPadding":10,"leftPadding":10,"rightPadding":10}],"_prefab":{"__type__":"cc.PrefabInfo","root":{"__id__":1},"asset":{"__uuid__":"f5GftlGL9A25l31EmS5ymv"},"fileId":"24ZuS7vDpBSKipf+cdmK25"},"_contentSize":{"__type__":"cc.Size","width":550,"height":400},"_anchorPoint":{"__type__":"cc.Vec2","x":0.5,"y":1},"_scale":{"__type__":"cc.Vec3","x":1,"y":1,"z":1}},{"__type__":"cc.Node","_name":"close","_parent":{"__id__":2},"_components":[{"__type__":"cc.Sprite","node":{"__id__":21},"_spriteFrame":{"__uuid__":"7f0Q4s/4FIi5/vjSE+q9Uz"},"_type":1,"_sizeMode":0},{"__type__":"cc.Button","node":{"__id__":21},"duration":0.2,"zoomScale":0.9,"_N$transition":3,"transition":3,"_N$normalColor":{"__type__":"cc.Color","r":255,"g":255,"b":255},"_N$pressedColor":{"__type__":"cc.Color","r":255,"g":255,"b":255},"pressedColor":{"__type__":"cc.Color","r":255,"g":255,"b":255},"_N$disabledColor":{"__type__":"cc.Color","r":255,"g":255,"b":255},"_N$pressedSprite":{"__uuid__":"e97GVMl6JHh5Ml5qEDdSGa"},"pressedSprite":{"__uuid__":"e97GVMl6JHh5Ml5qEDdSGa"},"_N$hoverSprite":{"__uuid__":"e97GVMl6JHh5Ml5qEDdSGa"},"hoverSprite":{"__uuid__":"e97GVMl6JHh5Ml5qEDdSGa"},"_N$disabledSprite":{"__uuid__":"29FYIk+N1GYaeWH/q1NxQO"},"_N$target":{"__id__":21}},{"__type__":"cc.Widget","node":{"__id__":21},"alignMode":0,"_alignFlags":33,"_right":-30,"_top":-30}],"_prefab":{"__type__":"cc.PrefabInfo","root":{"__id__":1},"asset":{"__uuid__":"f5GftlGL9A25l31EmS5ymv"},"fileId":"6dp2QS3K5PLYg30nR1rAWb"},"_contentSize":{"__type__":"cc.Size","width":60,"height":60},"_position":{"__type__":"cc.Vec3","x":287,"y":425},"_scale":{"__type__":"cc.Vec3","x":1,"y":1,"z":1}}]]