[{"__type__":"cc.SpriteFrame","content":{"name":"normal_0","texture":"3du1bUl85DdY1AB6NaOES8","rect":[0,0,93,115],"offset":[0,0],"originalSize":[93,115],"capInsets":[0,0,0,0]}},[{"__type__":"cc.Prefab","_name":"normal_0","data":{"__id__":1}},{"__type__":"cc.Node","_name":"normal_0","_components":[{"__type__":"cc.Sprite","node":{"__id__":1},"_spriteFrame":{"__uuid__":"93CtfH0khFe5gWtqnFCafj"},"_sizeMode":0},{"__type__":"cc.RigidBody","node":{"__id__":1},"enabledContactListener":true},{"__type__":"cc.PhysicsPolygonCollider","node":{"__id__":1},"points":[{"__type__":"cc.Vec2","x":-10.6,"y":56.4},{"__type__":"cc.Vec2","x":-20.5,"y":45.5},{"__type__":"cc.Vec2","x":-23.3,"y":27.9},{"__type__":"cc.Vec2","x":-38.5,"y":27.5},{"__type__":"cc.Vec2","x":-45.5,"y":20.5},{"__type__":"cc.Vec2","x":-46.5,"y":10.5},{"__type__":"cc.Vec2","x":-40.2,"y":3.1},{"__type__":"cc.Vec2","x":-22.5,"y":-2.5},{"__type__":"cc.Vec2","x":-26.5,"y":-27.5},{"__type__":"cc.Vec2","x":-40.5,"y":-32.5},{"__type__":"cc.Vec2","x":-45.5,"y":-36.5},{"__type__":"cc.Vec2","x":-46.5,"y":-48.5},{"__type__":"cc.Vec2","x":-34.5,"y":-57.5},{"__type__":"cc.Vec2","x":-24.5,"y":-57.5},{"__type__":"cc.Vec2","x":1.5,"y":-41.5},{"__type__":"cc.Vec2","x":25.5,"y":-57.5},{"__type__":"cc.Vec2","x":33.5,"y":-57.5},{"__type__":"cc.Vec2","x":46.5,"y":-47.5},{"__type__":"cc.Vec2","x":44.3,"y":-33.5},{"__type__":"cc.Vec2","x":28.5,"y":-29.5},{"__type__":"cc.Vec2","x":21.5,"y":-4.5},{"__type__":"cc.Vec2","x":39.5,"y":2.5},{"__type__":"cc.Vec2","x":45.5,"y":7.5},{"__type__":"cc.Vec2","x":46.5,"y":17.5},{"__type__":"cc.Vec2","x":43.5,"y":23.5},{"__type__":"cc.Vec2","x":37.5,"y":27.5},{"__type__":"cc.Vec2","x":23.1,"y":26},{"__type__":"cc.Vec2","x":22.5,"y":41.5},{"__type__":"cc.Vec2","x":19.5,"y":48.5},{"__type__":"cc.Vec2","x":7.5,"y":57.5}]},{"__type__":"a058dD7mZpHmIw83dheUpZy","node":{"__id__":1},"shapeType":2}],"_prefab":{"__type__":"cc.PrefabInfo","root":{"__id__":1},"asset":{"__uuid__":"d07GQxrbhCrJ5YmoFCXvRB"},"fileId":"93CyKFy8BGWYxlEqk1xGXk"},"_contentSize":{"__type__":"cc.Size","width":93,"height":115},"_position":{"__type__":"cc.Vec3","x":0.6},"_scaleX":1,"_scaleY":1,"_scale":{"__type__":"cc.Vec3","x":1,"y":1,"z":1}}]]