[{"__type__":"cc.SpriteFrame","content":{"name":"close","texture":"9bDDoHDRZCUbSmf3cAqvu5","rect":[0,0,29,29],"offset":[0,0],"originalSize":[29,29],"capInsets":[0,0,0,0]}},[{"__type__":"cc.SceneAsset","_name":"wishingTreeScene","scene":{"__id__":1},"asyncLoadAssets":null},{"__type__":"cc.Scene","_name":"New Node","_children":[{"__id__":2},{"__id__":19}],"_active":false,"_anchorPoint":{"__type__":"cc.Vec2"},"_scale":{"__type__":"cc.Vec3","x":0.21448650674662667,"y":0.21448650674662667,"z":1},"autoReleaseAssets":false},{"__type__":"cc.Node","_name":"Canvas","_parent":{"__id__":1},"_children":[{"__id__":3},{"__id__":4},{"__id__":8},{"__id__":13},{"__id__":14},{"__id__":15},{"__id__":17}],"_level":1,"_components":[{"__type__":"cc.Canvas","node":{"__id__":2},"_designResolution":{"__type__":"cc.Size","width":750,"height":1334}},{"__type__":"c5842EjahND6J87UOpI4te9","node":{"__id__":2},"progressValueNode":{"__id__":14},"treeNode":{"__id__":12},"closeBtn":{"__id__":15},"shakeBtn":{"__id__":17},"tapTipNode":{"__id__":18}}],"_contentSize":{"__type__":"cc.Size","width":750,"height":1334},"_position":{"__type__":"cc.Vec3","x":375,"y":667},"_scale":{"__type__":"cc.Vec3","x":1,"y":1,"z":1},"_id":"35JpoOKDZI95T3RbryU1YR"},{"__type__":"cc.Node","_name":"Main Camera","_parent":{"__id__":2},"_level":1,"_components":[{"__type__":"cc.Camera","node":{"__id__":3},"_clearFlags":7,"_depth":-1}],"_scale":{"__type__":"cc.Vec3","x":1,"y":1,"z":1}},{"__type__":"cc.Node","_name":"starsDetailPanel","_parent":{"__id__":2},"_children":[{"__id__":5},{"__id__":6}],"_level":1,"_components":[{"__type__":"501a9k036xDlo9u49XuXiOa","node":{"__id__":4},"valueLabel":{"__id__":7},"starNode":{"__id__":5}},{"__type__":"cc.Widget","node":{"__id__":4},"_alignFlags":33,"_right":30,"_top":15.5}],"_prefab":{"__type__":"cc.PrefabInfo","root":{"__id__":4},"asset":{"__uuid__":"2dYynng+pLU6g799ONAm7F"},"fileId":"14KXJkoatPuK2RFTsoG4bL"},"_contentSize":{"__type__":"cc.Size","width":150,"height":53},"_position":{"__type__":"cc.Vec3","x":270,"y":625},"_scale":{"__type__":"cc.Vec3","x":1,"y":1,"z":1}},{"__type__":"cc.Node","_name":"star","_parent":{"__id__":4},"_components":[{"__type__":"cc.Sprite","node":{"__id__":5},"_spriteFrame":{"__uuid__":"d458EH+gVHlrQs6CfKFAVk"}},{"__type__":"cc.Widget","node":{"__id__":5},"alignMode":0,"_alignFlags":32}],"_prefab":{"__type__":"cc.PrefabInfo","root":{"__id__":4},"asset":{"__uuid__":"2dYynng+pLU6g799ONAm7F"},"fileId":"d7eUPFfWlKKKJv2gg69Mq1"},"_contentSize":{"__type__":"cc.Size","width":56,"height":53},"_position":{"__type__":"cc.Vec3","x":47},"_scale":{"__type__":"cc.Vec3","x":1,"y":1,"z":1}},{"__type__":"cc.Node","_name":"value","_parent":{"__id__":4},"_components":[{"__id__":7},{"__type__":"cc.Widget","node":{"__id__":6},"alignMode":0,"_alignFlags":32,"_right":70}],"_prefab":{"__type__":"cc.PrefabInfo","root":{"__id__":4},"asset":{"__uuid__":"2dYynng+pLU6g799ONAm7F"},"fileId":"84TSqfa3VH8LB51qVWu4t5"},"_contentSize":{"__type__":"cc.Size","width":22.25,"height":40},"_anchorPoint":{"__type__":"cc.Vec2","x":1,"y":0.5},"_position":{"__type__":"cc.Vec3","x":5,"y":-2},"_scale":{"__type__":"cc.Vec3","x":1,"y":1,"z":1}},{"__type__":"cc.Label","node":{"__id__":6},"_srcBlendFactor":1,"_useOriginalSize":false,"_string":"0","_N$string":"0","_N$horizontalAlign":1,"_N$verticalAlign":1},{"__type__":"cc.Node","_name":"content","_parent":{"__id__":2},"_children":[{"__id__":9},{"__id__":10},{"__id__":11},{"__id__":12}],"_level":1,"_contentSize":{"__type__":"cc.Size","width":700,"height":954},"_position":{"__type__":"cc.Vec3","y":32},"_scale":{"__type__":"cc.Vec3","x":1,"y":1,"z":1}},{"__type__":"cc.Node","_name":"h1title","_parent":{"__id__":8},"_level":2,"_components":[{"__type__":"cc.Sprite","node":{"__id__":9},"_spriteFrame":{"__uuid__":"565+HFPYROYIa/fy6VlLJy"}}],"_contentSize":{"__type__":"cc.Size","width":663,"height":103},"_position":{"__type__":"cc.Vec3","y":405.5},"_scale":{"__type__":"cc.Vec3","x":1,"y":1,"z":1}},{"__type__":"cc.Node","_name":"title","_parent":{"__id__":8},"_level":2,"_components":[{"__type__":"cc.Sprite","node":{"__id__":10},"_spriteFrame":{"__uuid__":"1ezH4li4dNL4B077HasOM3"}}],"_contentSize":{"__type__":"cc.Size","width":532,"height":91},"_position":{"__type__":"cc.Vec3","y":256},"_scale":{"__type__":"cc.Vec3","x":1,"y":1,"z":1}},{"__type__":"cc.Node","_name":"trunk","_parent":{"__id__":8},"_level":2,"_components":[{"__type__":"cc.Sprite","node":{"__id__":11},"_spriteFrame":{"__uuid__":"fbhiY11z1B860AlMuI8Bwx"}}],"_contentSize":{"__type__":"cc.Size","width":135,"height":124},"_position":{"__type__":"cc.Vec3","y":-385},"_scale":{"__type__":"cc.Vec3","x":1,"y":1,"z":1}},{"__type__":"cc.Node","_name":"shu","_parent":{"__id__":8},"_level":2,"_components":[{"__type__":"cc.Sprite","node":{"__id__":12},"_spriteFrame":{"__uuid__":"7ad+TyASZPa5mwX5+MSJuc"}}],"_contentSize":{"__type__":"cc.Size","width":440,"height":506},"_anchorPoint":{"__type__":"cc.Vec2","x":0.5},"_position":{"__type__":"cc.Vec3","y":-341},"_scale":{"__type__":"cc.Vec3","x":1,"y":1,"z":1}},{"__type__":"cc.Node","_name":"progressbg","_parent":{"__id__":2},"_level":1,"_components":[{"__type__":"cc.Sprite","node":{"__id__":13},"_spriteFrame":{"__uuid__":"5cif083XZM77oPu7hP8lih"}},{"__type__":"cc.Widget","node":{"__id__":13},"_alignFlags":10,"_left":40,"_verticalCenter":-100}],"_contentSize":{"__type__":"cc.Size","width":52,"height":574},"_position":{"__type__":"cc.Vec3","x":-309,"y":-100},"_scale":{"__type__":"cc.Vec3","x":1,"y":1,"z":1}},{"__type__":"cc.Node","_name":"progressvalue","_parent":{"__id__":2},"_level":1,"_components":[{"__type__":"cc.Sprite","node":{"__id__":14},"_spriteFrame":{"__uuid__":"83FlZJaM9PwqzKOpSn+09B"},"_type":3,"_fillType":1},{"__type__":"cc.Widget","node":{"__id__":14},"_alignFlags":10,"_left":50,"_verticalCenter":-100}],"_contentSize":{"__type__":"cc.Size","width":32,"height":556},"_position":{"__type__":"cc.Vec3","x":-309,"y":-100},"_scale":{"__type__":"cc.Vec3","x":1,"y":1,"z":1}},{"__type__":"cc.Node","_name":"close","_objFlags":512,"_parent":{"__id__":2},"_children":[{"__id__":16}],"_level":1,"_components":[{"__type__":"cc.Button","node":{"__id__":15},"zoomScale":0.9,"_N$transition":3,"transition":3},{"__type__":"cc.Widget","node":{"__id__":15},"_alignFlags":9,"_left":40,"_top":40}],"_contentSize":{"__type__":"cc.Size","width":50,"height":50},"_position":{"__type__":"cc.Vec3","x":-310,"y":602},"_scale":{"__type__":"cc.Vec3","x":1,"y":1,"z":1}},{"__type__":"cc.Node","_name":"close","_parent":{"__id__":15},"_level":2,"_components":[{"__type__":"cc.Sprite","node":{"__id__":16},"_spriteFrame":{"__uuid__":"05b+kwng5GZpG4Ocq68p1I"}}],"_contentSize":{"__type__":"cc.Size","width":29,"height":29},"_scale":{"__type__":"cc.Vec3","x":1,"y":1,"z":1}},{"__type__":"cc.Node","_name":"btn","_parent":{"__id__":2},"_children":[{"__id__":18}],"_level":1,"_components":[{"__type__":"cc.Sprite","node":{"__id__":17},"_spriteFrame":{"__uuid__":"11Kg64+VdJlrywxIEUp3tQ"}},{"__type__":"cc.Button","node":{"__id__":17},"zoomScale":0.9,"_N$transition":3,"transition":3},{"__type__":"cc.Widget","node":{"__id__":17},"_alignFlags":4,"_bottom":50}],"_contentSize":{"__type__":"cc.Size","width":296,"height":105},"_position":{"__type__":"cc.Vec3","y":-564.5},"_scale":{"__type__":"cc.Vec3","x":1,"y":1,"z":1}},{"__type__":"cc.Node","_name":"click","_parent":{"__id__":17},"_level":2,"_components":[{"__type__":"sp.Skeleton","node":{"__id__":18},"defaultAnimation":"idle","_N$skeletonData":{"__uuid__":"eaPTiqnvZB4pEB3sn1ccgP"}}],"_contentSize":{"__type__":"cc.Size","width":80,"height":95.82},"_position":{"__type__":"cc.Vec3","x":26,"y":-9.5},"_scale":{"__type__":"cc.Vec3","x":1,"y":1,"z":1}},{"__type__":"cc.Node","_name":"bannerAd","_parent":{"__id__":1},"_level":1,"_components":[{"__type__":"ed6cccXls1LR5n5h+MNHO9B","node":{"__id__":19},"bannerAdIDs":["adunit-b8b6da02aee609ef","adunit-12d0720cf58e6645","adunit-6b828dbbfd856f21"],"maxHeight":200,"hideByDefault":true,"refreshAdMaxDelay":30,"autoRelease":false}],"_color":{"__type__":"cc.Color","r":116,"g":184,"b":255},"_contentSize":{"__type__":"cc.Size","width":100,"height":100},"_anchorPoint":{"__type__":"cc.Vec2"},"_position":{"__type__":"cc.Vec3","x":-207,"y":10},"_scale":{"__type__":"cc.Vec3","x":1,"y":1,"z":1},"_id":"397pW4yH1E6IfVDdq7AWTq"}],{"__type__":"cc.SpriteFrame","content":{"name":"btn","texture":"0aZdqv7e1P9ar/NlNqcJXx","rect":[0,0,296,105],"offset":[0,0],"originalSize":[296,105],"capInsets":[0,0,0,0]}},{"__type__":"cc.SpriteFrame","content":{"name":"title","texture":"c4chjsMphBZaTYuqyRSDBp","rect":[0,0,532,91],"offset":[0,0],"originalSize":[532,91],"capInsets":[0,0,0,0]}},{"__type__":"cc.SpriteFrame","content":{"name":"hititle","texture":"4cxpNYTTxP7r7Usjps7A6v","rect":[0,0,663,103],"offset":[0,0],"originalSize":[663,103],"capInsets":[0,0,0,0]}},{"__type__":"cc.SpriteFrame","content":{"name":"progressbg","texture":"8eWY6aCGZCgrZG5JnQJ5Vr","rect":[0,0,52,574],"offset":[0,0],"originalSize":[52,574],"capInsets":[0,0,0,0]}},{"__type__":"cc.SpriteFrame","content":{"name":"shu","texture":"26vX9LDNJD1o8DY+8bnhef","rect":[0,0,440,506],"offset":[0,253],"originalSize":[440,1012],"capInsets":[0,0,0,0]}},{"__type__":"cc.SpriteFrame","content":{"name":"progressvalue","texture":"3a8l6QNTpE5Y14WgUm/h5+","rect":[0,0,32,556],"offset":[0,0],"originalSize":[32,556],"capInsets":[0,0,0,0]}},{"__type__":"sp.SkeletonData","_name":"click","_native":"raw-skeleton.json","_skeletonJson":{"skeleton":{"hash":"gkMdQCsJPk7eQR/wGvGa1YlW0Fg","spine":"3.6.53","width":80,"height":95.82},"bones":[{"name":"root"},{"name":"quan","parent":"root","scaleX":0.346,"scaleY":0.346},{"name":"quan2","parent":"root","scaleX":0.346,"scaleY":0.346},{"name":"手","parent":"root","rotation":13.89}],"slots":[{"name":"quan","bone":"quan","attachment":"quan"},{"name":"quan2","bone":"quan2","attachment":"quan"},{"name":"手","bone":"手","attachment":"手"}],"skins":{"default":{"quan":{"quan":{"width":100,"height":100}},"quan2":{"quan":{"width":100,"height":100}},"手":{"手":{"x":10.4,"y":-36.05,"rotation":-13.89,"width":80,"height":92}}}},"animations":{"idle":{"slots":{"quan":{"color":[{"time":0.3,"color":"ffffffff","curve":[0.132,0.38,0.273,1]},{"time":0.5667,"color":"ffffff00"}],"attachment":[{"time":0,"name":null},{"time":0.1667,"name":"quan"}]},"quan2":{"color":[{"time":0.4,"color":"ffffffff","curve":[0.132,0.38,0.273,1]},{"time":0.6667,"color":"ffffff00"}],"attachment":[{"time":0,"name":null},{"time":0.2667,"name":"quan"}]}},"bones":{"root":{"scale":[{"time":0,"x":1,"y":1}]},"手":{"scale":[{"time":0,"x":1,"y":1,"curve":[0.25,0,0.75,1]},{"time":0.1333,"x":0.9,"y":0.9,"curve":[0.25,0,0.75,1]},{"time":0.5,"x":1,"y":1,"curve":"stepped"},{"time":1,"x":1,"y":1}]},"quan":{"scale":[{"time":0.1667,"x":0.534,"y":0.534,"curve":[0.159,0.35,0.514,1]},{"time":0.5667,"x":4.33,"y":4.33}]},"quan2":{"scale":[{"time":0.2667,"x":0.433,"y":0.433,"curve":[0.159,0.35,0.514,1]},{"time":0.6667,"x":2.887,"y":2.887}]}}}}},"_atlasText":"\nclick.png\nsize: 256,128\nformat: RGBA8888\nfilter: Linear,Linear\nrepeat: none\nquan\n  rotate: false\n  xy: 2, 2\n  size: 98, 98\n  orig: 100, 100\n  offset: 1, 1\n  index: -1\n手\n  rotate: false\n  xy: 102, 8\n  size: 80, 92\n  orig: 80, 92\n  offset: 0, 0\n  index: -1\n","textures":[{"__uuid__":"72Ub4fWaBEhYJ7mYbPXAXw"}],"textureNames":["click.png"]},{"__type__":"cc.SpriteFrame","content":{"name":"trunk","texture":"52g5TBI6dC8bKzSPPz7gs+","rect":[0,0,135,124],"offset":[0,0],"originalSize":[135,124],"capInsets":[0,0,0,0]}}]