[[{"__type__":"cc.Prefab","_name":"laodongjie_3","data":{"__id__":1}},{"__type__":"cc.Node","_name":"laodingjie_3","_level":1,"_components":[{"__type__":"cc.Sprite","node":{"__id__":1},"_spriteFrame":{"__uuid__":"9dR5s3HRlI54CHXvJIKTS/"},"_sizeMode":0},{"__type__":"cc.RigidBody","node":{"__id__":1},"enabledContactListener":true},{"__type__":"cc.PhysicsPolygonCollider","node":{"__id__":1},"points":[{"__type__":"cc.Vec2","x":-51.5,"y":59},{"__type__":"cc.Vec2","x":-52.5,"y":53},{"__type__":"cc.Vec2","x":-62.5,"y":53},{"__type__":"cc.Vec2","x":-62.5,"y":6},{"__type__":"cc.Vec2","x":-47.5,"y":-8},{"__type__":"cc.Vec2","x":-47.5,"y":-59},{"__type__":"cc.Vec2","x":47.5,"y":-59},{"__type__":"cc.Vec2","x":47.5,"y":-8},{"__type__":"cc.Vec2","x":62.5,"y":6},{"__type__":"cc.Vec2","x":62.5,"y":53},{"__type__":"cc.Vec2","x":52.5,"y":53},{"__type__":"cc.Vec2","x":51.5,"y":59}]},{"__type__":"a058dD7mZpHmIw83dheUpZy","node":{"__id__":1},"shapeType":2}],"_prefab":{"__type__":"cc.PrefabInfo","root":{"__id__":1},"asset":{"__uuid__":"74RQzqHKFLlrQn9sie1Tc3"},"fileId":"93CyKFy8BGWYxlEqk1xGXk"},"_contentSize":{"__type__":"cc.Size","width":125,"height":118},"_scale":{"__type__":"cc.Vec3","x":1,"y":1,"z":1}}],{"__type__":"cc.SpriteFrame","content":{"name":"laodongjie_3","texture":"488cer6fRCbK+eWfucTS3K","rect":[0,0,125,118],"offset":[0,0],"originalSize":[125,118],"capInsets":[0,0,0,0]}}]