[{"__type__":"cc.SpriteFrame","content":{"name":"top","texture":"a1kFce2/xNx60AtnsccfV2","rect":[488,1250,137,51],"offset":[0,0],"originalSize":[137,51],"capInsets":[0,0,0,0]}},{"__type__":"cc.SpriteFrame","content":{"name":"offbot","texture":"a1kFce2/xNx60AtnsccfV2","rect":[62,476,45,584],"offset":[0,0],"originalSize":[45,584],"capInsets":[9,76,14,75]}},[{"__type__":"cc.Prefab","_name":"elsehero","data":{"__id__":1}},{"__type__":"cc.Node","_name":"elsehero","_children":[{"__id__":2},{"__type__":"cc.Node","_name":"tempNode","_parent":{"__id__":1},"_level":2,"_prefab":{"__type__":"cc.PrefabInfo","root":{"__id__":1},"asset":{"__uuid__":"5bhg6CmQlKhrKgZ/sScu0G"},"fileId":"f4GLsfguxKQ7M24ggY4Bd1"},"_scale":{"__type__":"cc.Vec3","x":1,"y":1,"z":1}}],"_level":1,"_components":[{"__type__":"d5ab2GuW8BCaahPvBTJSCYN","node":{"__id__":1},"toporbot":{"__id__":5},"close":{"__id__":6},"content":{"__id__":2},"scllveiwnode":{"__id__":18}},{"__type__":"0acf33zx31DU6dBRBO9b+D4","node":{"__id__":1},"items":{"__id__":20},"item":{"__uuid__":"c1lFfTbLpDuaK9RHDKJWkK"},"mycoint":{"__id__":16},"mydsp":{"__id__":12},"scroll":{"__id__":44},"filed":{"__id__":22}},{"__type__":"cc.BlockInputEvents","node":{"__id__":1}}],"_prefab":{"__type__":"cc.PrefabInfo","root":{"__id__":1},"asset":{"__uuid__":"5bhg6CmQlKhrKgZ/sScu0G"},"fileId":"0dGDptxvBDzrSqg0lU616v"},"_contentSize":{"__type__":"cc.Size","width":750,"height":1334},"_scale":{"__type__":"cc.Vec3","x":1,"y":1,"z":1}},{"__type__":"cc.Node","_name":"content","_parent":{"__id__":1},"_children":[{"__id__":3},{"__id__":7}],"_active":false,"_level":2,"_components":[{"__type__":"cc.Layout","node":{"__id__":2},"_layoutSize":{"__type__":"cc.Size","width":750,"height":1336},"_resize":1,"_N$layoutType":2}],"_prefab":{"__type__":"cc.PrefabInfo","root":{"__id__":1},"asset":{"__uuid__":"5bhg6CmQlKhrKgZ/sScu0G"},"fileId":"85eilqYitL576pMsBPWXGZ"},"_contentSize":{"__type__":"cc.Size","width":750,"height":1336},"_scale":{"__type__":"cc.Vec3","x":1,"y":1,"z":1}},{"__type__":"cc.Node","_name":"New Layout","_parent":{"__id__":2},"_children":[{"__id__":4},{"__id__":6}],"_level":3,"_components":[{"__type__":"cc.Layout","node":{"__id__":3},"_layoutSize":{"__type__":"cc.Size","width":274,"height":51},"_resize":1,"_N$layoutType":1},{"__type__":"cc.Widget","node":{"__id__":3},"_alignFlags":32}],"_prefab":{"__type__":"cc.PrefabInfo","root":{"__id__":1},"asset":{"__uuid__":"5bhg6CmQlKhrKgZ/sScu0G"},"fileId":"51rKS7GXFO/6KuUeKygZ2y"},"_contentSize":{"__type__":"cc.Size","width":274,"height":51},"_position":{"__type__":"cc.Vec3","x":238,"y":642.5},"_scale":{"__type__":"cc.Vec3","x":1,"y":1,"z":1}},{"__type__":"cc.Node","_name":"toporbot","_parent":{"__id__":3},"_level":4,"_components":[{"__id__":5}],"_prefab":{"__type__":"cc.PrefabInfo","root":{"__id__":1},"asset":{"__uuid__":"5bhg6CmQlKhrKgZ/sScu0G"},"fileId":"0e6w7ZmjRNW5A8w2mYyMtC"},"_contentSize":{"__type__":"cc.Size","width":137,"height":51},"_position":{"__type__":"cc.Vec3","x":-68.5},"_scale":{"__type__":"cc.Vec3","x":1,"y":1,"z":1}},{"__type__":"cc.Sprite","node":{"__id__":4},"_spriteFrame":{"__uuid__":"12qpKJQ3RCbqrybjtU0rwu"}},{"__type__":"cc.Node","_name":"close","_parent":{"__id__":3},"_level":4,"_components":[{"__type__":"cc.Sprite","node":{"__id__":6},"_spriteFrame":{"__uuid__":"f6QNi/9LlAcoWPPZi1FSJA"}}],"_prefab":{"__type__":"cc.PrefabInfo","root":{"__id__":1},"asset":{"__uuid__":"5bhg6CmQlKhrKgZ/sScu0G"},"fileId":"ddgSHIU2xESYqONMW/own5"},"_contentSize":{"__type__":"cc.Size","width":137,"height":51},"_position":{"__type__":"cc.Vec3","x":68.5},"_scale":{"__type__":"cc.Vec3","x":1,"y":1,"z":1}},{"__type__":"cc.Node","_name":"New Sprite(Splash)","_parent":{"__id__":2},"_children":[{"__id__":8},{"__id__":17}],"_level":3,"_components":[{"__type__":"cc.Sprite","node":{"__id__":7},"_spriteFrame":{"__uuid__":"18gvDXhbVPo5ajnO6RQPt2"},"_type":1,"_sizeMode":0},{"__type__":"cc.Layout","node":{"__id__":7},"_N$layoutType":2}],"_prefab":{"__type__":"cc.PrefabInfo","root":{"__id__":1},"asset":{"__uuid__":"5bhg6CmQlKhrKgZ/sScu0G"},"fileId":"4b+AV88A5LopSD8WgA9JZ+"},"_contentSize":{"__type__":"cc.Size","width":750,"height":1285},"_position":{"__type__":"cc.Vec3","y":-25.5},"_scale":{"__type__":"cc.Vec3","x":1,"y":1,"z":1}},{"__type__":"cc.Node","_name":"title","_parent":{"__id__":7},"_children":[{"__id__":9},{"__id__":13}],"_level":4,"_components":[{"__type__":"cc.Sprite","node":{"__id__":8},"_sizeMode":0}],"_prefab":{"__type__":"cc.PrefabInfo","root":{"__id__":1},"asset":{"__uuid__":"5bhg6CmQlKhrKgZ/sScu0G"},"fileId":"0fLeuiArBH1IN2DLT6FVHe"},"_contentSize":{"__type__":"cc.Size","width":750,"height":50},"_position":{"__type__":"cc.Vec3","y":617.5},"_scale":{"__type__":"cc.Vec3","x":1,"y":1,"z":1}},{"__type__":"cc.Node","_name":"New Layout","_parent":{"__id__":8},"_children":[{"__id__":10},{"__id__":11}],"_level":4,"_components":[{"__type__":"cc.Layout","node":{"__id__":9},"_layoutSize":{"__type__":"cc.Size","width":115.69999999999999,"height":150},"_resize":1,"_N$layoutType":1},{"__type__":"cc.Widget","node":{"__id__":9},"_alignFlags":8,"_left":46.07000000000001}],"_prefab":{"__type__":"cc.PrefabInfo","root":{"__id__":1},"asset":{"__uuid__":"5bhg6CmQlKhrKgZ/sScu0G"},"fileId":"7fcgF64Y9MeK2OWAVZ2/vp"},"_contentSize":{"__type__":"cc.Size","width":115.69999999999999,"height":150},"_position":{"__type__":"cc.Vec3","x":-271.08000000000004},"_scale":{"__type__":"cc.Vec3","x":1,"y":1,"z":1}},{"__type__":"cc.Node","_name":"New Label","_parent":{"__id__":9},"_level":5,"_components":[{"__type__":"cc.Label","node":{"__id__":10},"_srcBlendFactor":1,"_useOriginalSize":false,"_string":"英雄DPS:","_N$string":"英雄DPS:","_fontSize":24,"_lineHeight":26,"_N$horizontalAlign":1,"_N$verticalAlign":1}],"_prefab":{"__type__":"cc.PrefabInfo","root":{"__id__":1},"asset":{"__uuid__":"5bhg6CmQlKhrKgZ/sScu0G"},"fileId":"f3ZWnpoKBHUau4Y+IRzCPW"},"_contentSize":{"__type__":"cc.Size","width":104.02,"height":26},"_position":{"__type__":"cc.Vec3","x":-5.839999999999996},"_scale":{"__type__":"cc.Vec3","x":1,"y":1,"z":1}},{"__type__":"cc.Node","_name":"dsp","_parent":{"__id__":9},"_level":5,"_components":[{"__id__":12}],"_prefab":{"__type__":"cc.PrefabInfo","root":{"__id__":1},"asset":{"__uuid__":"5bhg6CmQlKhrKgZ/sScu0G"},"fileId":"0fEwY5/RpMb7x+dIo1jnYc"},"_color":{"__type__":"cc.Color","r":246,"g":208,"b":58},"_contentSize":{"__type__":"cc.Size","width":11.68,"height":23},"_position":{"__type__":"cc.Vec3","x":52.010000000000005},"_scale":{"__type__":"cc.Vec3","x":1,"y":1,"z":1}},{"__type__":"cc.Label","node":{"__id__":11},"_srcBlendFactor":1,"_useOriginalSize":false,"_string":"0","_N$string":"0","_fontSize":21,"_lineHeight":23,"_N$horizontalAlign":1,"_N$verticalAlign":1},{"__type__":"cc.Node","_name":"New Sprite(Splash)","_parent":{"__id__":8},"_children":[{"__id__":14},{"__id__":15}],"_level":4,"_components":[{"__type__":"cc.Sprite","node":{"__id__":13},"_spriteFrame":{"__uuid__":"efZhw4g9lDKYd8Os8FPRZU"},"_type":1,"_sizeMode":0},{"__type__":"cc.Widget","node":{"__id__":13},"_alignFlags":37,"_right":10,"_top":12.5,"_bottom":12.5,"_originalHeight":20}],"_prefab":{"__type__":"cc.PrefabInfo","root":{"__id__":1},"asset":{"__uuid__":"5bhg6CmQlKhrKgZ/sScu0G"},"fileId":"80OzEXrQxBrr/lHj6A8m4d"},"_color":{"__type__":"cc.Color","r":44,"g":44,"b":36},"_contentSize":{"__type__":"cc.Size","width":110,"height":25},"_anchorPoint":{"__type__":"cc.Vec2","x":1,"y":0.5},"_position":{"__type__":"cc.Vec3","x":365},"_scale":{"__type__":"cc.Vec3","x":1,"y":1,"z":1}},{"__type__":"cc.Node","_name":"金币拷贝3@2x","_parent":{"__id__":13},"_level":5,"_components":[{"__type__":"cc.Sprite","node":{"__id__":14},"_spriteFrame":{"__uuid__":"758LlCmBtGkoDRCn15LdzW"},"_sizeMode":0}],"_prefab":{"__type__":"cc.PrefabInfo","root":{"__id__":1},"asset":{"__uuid__":"5bhg6CmQlKhrKgZ/sScu0G"},"fileId":"4711+3JEBMHoUGaXYq999f"},"_contentSize":{"__type__":"cc.Size","width":30,"height":30},"_position":{"__type__":"cc.Vec3","x":-100},"_scale":{"__type__":"cc.Vec3","x":1,"y":1,"z":1}},{"__type__":"cc.Node","_name":"coin","_parent":{"__id__":13},"_level":5,"_components":[{"__id__":16}],"_prefab":{"__type__":"cc.PrefabInfo","root":{"__id__":1},"asset":{"__uuid__":"5bhg6CmQlKhrKgZ/sScu0G"},"fileId":"a28laT72BG2qiOod6q/B+S"},"_contentSize":{"__type__":"cc.Size","width":80,"height":22},"_anchorPoint":{"__type__":"cc.Vec2","x":1,"y":0.5},"_position":{"__type__":"cc.Vec3","x":-5},"_scale":{"__type__":"cc.Vec3","x":1,"y":1,"z":1}},{"__type__":"cc.Label","node":{"__id__":15},"_srcBlendFactor":1,"_useOriginalSize":false,"_string":"680000","_N$string":"680000","_fontSize":20,"_lineHeight":22,"_enableWrapText":false,"_N$verticalAlign":1,"_N$overflow":1},{"__type__":"cc.Node","_name":"New Sprite(Splash)","_parent":{"__id__":7},"_children":[{"__id__":18}],"_level":4,"_components":[{"__type__":"cc.Sprite","node":{"__id__":17},"_sizeMode":0}],"_prefab":{"__type__":"cc.PrefabInfo","root":{"__id__":1},"asset":{"__uuid__":"5bhg6CmQlKhrKgZ/sScu0G"},"fileId":"1103WhUtZIYLYnUjN1la2A"},"_color":{"__type__":"cc.Color","r":44,"g":44,"b":44},"_contentSize":{"__type__":"cc.Size","width":750,"height":1235},"_position":{"__type__":"cc.Vec3","y":-25},"_scale":{"__type__":"cc.Vec3","x":1,"y":1,"z":1}},{"__type__":"cc.Node","_name":"scrollview","_parent":{"__id__":17},"_children":[{"__id__":19}],"_level":4,"_components":[{"__id__":44},{"__type__":"cc.Widget","node":{"__id__":18},"_alignFlags":1}],"_prefab":{"__type__":"cc.PrefabInfo","root":{"__id__":1},"asset":{"__uuid__":"5bhg6CmQlKhrKgZ/sScu0G"},"fileId":"64Nz4PSolKTJxR7+ekpDjh"},"_contentSize":{"__type__":"cc.Size","width":750,"height":667},"_anchorPoint":{"__type__":"cc.Vec2","x":0.5,"y":1},"_position":{"__type__":"cc.Vec3","y":617.5},"_scale":{"__type__":"cc.Vec3","x":1,"y":1,"z":1}},{"__type__":"cc.Node","_name":"view","_parent":{"__id__":18},"_children":[{"__id__":20}],"_components":[{"__type__":"cc.Mask","node":{"__id__":19}},{"__type__":"cc.Widget","node":{"__id__":19},"alignMode":2,"_alignFlags":45,"_bottom":-100,"_originalWidth":750,"_originalHeight":667}],"_prefab":{"__type__":"cc.PrefabInfo","root":{"__id__":1},"asset":{"__uuid__":"5bhg6CmQlKhrKgZ/sScu0G"},"fileId":"a90OrCQNtGZ69GV+V5Mq/2"},"_contentSize":{"__type__":"cc.Size","width":750,"height":767},"_anchorPoint":{"__type__":"cc.Vec2","x":0.5,"y":1},"_scale":{"__type__":"cc.Vec3","x":1,"y":1,"z":1}},{"__type__":"cc.Node","_name":"itemcontent","_parent":{"__id__":19},"_children":[{"__id__":21}],"_level":1,"_components":[{"__type__":"cc.Layout","node":{"__id__":20},"_layoutSize":{"__type__":"cc.Size","width":750,"height":655},"_resize":1,"_N$layoutType":2,"_N$paddingBottom":400,"_N$spacingY":5},{"__type__":"9d0e7m7cpNFR7fqfXi8JcMs","node":{"__id__":20},"_enabled":false,"rendererPrefab":{"__uuid__":"c1lFfTbLpDuaK9RHDKJWkK"},"gapV":0},{"__type__":"cc.Widget","node":{"__id__":20},"_alignFlags":41,"_originalWidth":200}],"_prefab":{"__type__":"cc.PrefabInfo","root":{"__id__":1},"asset":{"__uuid__":"5bhg6CmQlKhrKgZ/sScu0G"},"fileId":"ebByKpsW1P5IrOhY1+sQSr"},"_color":{"__type__":"cc.Color","r":44,"g":44,"b":44},"_contentSize":{"__type__":"cc.Size","width":750,"height":655},"_anchorPoint":{"__type__":"cc.Vec2","x":0.5,"y":1},"_scale":{"__type__":"cc.Vec3","x":1,"y":1,"z":1}},{"__type__":"cc.Node","_name":"user","_parent":{"__id__":20},"_children":[{"__id__":22},{"__id__":25}],"_level":2,"_components":[{"__type__":"cc.Sprite","node":{"__id__":21},"_sizeMode":0},{"__type__":"b1886Niq/5GlJhGE0V4eta5","node":{"__id__":21}}],"_prefab":{"__type__":"cc.PrefabInfo","root":{"__id__":1},"asset":{"__uuid__":"5bhg6CmQlKhrKgZ/sScu0G"},"fileId":"0frfEr9jhD868jOtfiwcFb"},"_color":{"__type__":"cc.Color","r":44,"g":44,"b":44},"_contentSize":{"__type__":"cc.Size","width":750,"height":100},"_position":{"__type__":"cc.Vec3","x":-2.2737367544323206e-13,"y":-50},"_scale":{"__type__":"cc.Vec3","x":1,"y":1,"z":1}},{"__type__":"cc.Node","_name":"item","_parent":{"__id__":21},"_children":[{"__id__":23},{"__id__":24}],"_level":3,"_components":[{"__type__":"cc.Sprite","node":{"__id__":22},"_type":1,"_sizeMode":0},{"__type__":"cc.Layout","node":{"__id__":22},"_layoutSize":{"__type__":"cc.Size","width":100,"height":68},"_resize":1,"_N$layoutType":2},{"__type__":"cc.Button","node":{"__id__":22},"_N$transition":3,"transition":3,"_N$target":{"__id__":22}}],"_prefab":{"__type__":"cc.PrefabInfo","root":{"__id__":1},"asset":{"__uuid__":"5bhg6CmQlKhrKgZ/sScu0G"},"fileId":"37TcC3HcdCKKsbE0O7QJX/"},"_color":{"__type__":"cc.Color","r":145,"g":35,"b":35},"_contentSize":{"__type__":"cc.Size","width":100,"height":68},"_position":{"__type__":"cc.Vec3","x":-318,"y":-4},"_scale":{"__type__":"cc.Vec3","x":1,"y":1,"z":1}},{"__type__":"cc.Node","_name":"tujian","_parent":{"__id__":22},"_level":4,"_components":[{"__type__":"cc.Sprite","node":{"__id__":23},"_spriteFrame":{"__uuid__":"a6fjsKSs5K15Rp9usGm6ly"}}],"_prefab":{"__type__":"cc.PrefabInfo","root":{"__id__":1},"asset":{"__uuid__":"5bhg6CmQlKhrKgZ/sScu0G"},"fileId":"3cZoPAR4JDE6Fg6b5/KnCh"},"_contentSize":{"__type__":"cc.Size","width":60,"height":50},"_position":{"__type__":"cc.Vec3","y":9},"_scale":{"__type__":"cc.Vec3","x":1,"y":1,"z":1}},{"__type__":"cc.Node","_name":"text","_parent":{"__id__":22},"_level":4,"_components":[{"__type__":"cc.Label","node":{"__id__":24},"_srcBlendFactor":1,"_useOriginalSize":false,"_string":"英雄图鉴","_N$string":"英雄图鉴","_fontSize":16,"_lineHeight":18,"_N$horizontalAlign":1,"_N$verticalAlign":1,"_N$fontFamily":"苹方"}],"_prefab":{"__type__":"cc.PrefabInfo","root":{"__id__":1},"asset":{"__uuid__":"5bhg6CmQlKhrKgZ/sScu0G"},"fileId":"84ylphf4hAwooLKjN3Q2O+"},"_contentSize":{"__type__":"cc.Size","width":64,"height":18},"_position":{"__type__":"cc.Vec3","y":-25},"_scale":{"__type__":"cc.Vec3","x":1,"y":1,"z":1}},{"__type__":"cc.Node","_name":"buylayout","_parent":{"__id__":21},"_children":[{"__id__":26},{"__id__":39},{"__id__":40}],"_level":4,"_components":[{"__type__":"5ff40EGOZtA6LRC4MsOjSaI","node":{"__id__":25},"buystate":{"__id__":40},"multiplayout":{"__id__":26},"type":1,"showNode":[{"__id__":22}]},{"__type__":"3c769gAzvpNCKKHVkplkBKR","node":{"__id__":25},"multipleBt":[{"__id__":27},{"__id__":30},{"__id__":33},{"__id__":36}],"textmultiple":{"__id__":42}}],"_prefab":{"__type__":"cc.PrefabInfo","root":{"__id__":1},"asset":{"__uuid__":"5bhg6CmQlKhrKgZ/sScu0G"},"fileId":"73exGaclBPYIaHhLh9LZrJ"},"_color":{"__type__":"cc.Color","r":44,"g":44,"b":44},"_contentSize":{"__type__":"cc.Size","width":750,"height":100},"_anchorPoint":{"__type__":"cc.Vec2","x":1,"y":0.5},"_position":{"__type__":"cc.Vec3","x":375},"_scale":{"__type__":"cc.Vec3","x":1,"y":1,"z":1}},{"__type__":"cc.Node","_name":"New Layout","_parent":{"__id__":25},"_children":[{"__id__":27},{"__id__":30},{"__id__":33},{"__id__":36}],"_level":5,"_components":[{"__type__":"cc.Sprite","node":{"__id__":26},"_type":1,"_sizeMode":0},{"__type__":"cc.Layout","node":{"__id__":26},"_layoutSize":{"__type__":"cc.Size","width":527,"height":150},"_resize":1,"_N$layoutType":1,"_N$spacingX":5}],"_prefab":{"__type__":"cc.PrefabInfo","root":{"__id__":1},"asset":{"__uuid__":"5bhg6CmQlKhrKgZ/sScu0G"},"fileId":"80/6Iw39pFN5ACEH5jtRpF"},"_color":{"__type__":"cc.Color","r":40,"g":45,"b":48},"_contentSize":{"__type__":"cc.Size","width":527,"height":150},"_position":{"__type__":"cc.Vec3","x":-474,"y":-7},"_scale":{"__type__":"cc.Vec3","x":1,"y":1,"z":1}},{"__type__":"cc.Node","_name":"buymax","_parent":{"__id__":26},"_children":[{"__id__":28}],"_level":6,"_components":[{"__id__":29},{"__type__":"cc.Button","node":{"__id__":27},"_N$transition":3,"transition":3,"_N$target":{"__id__":27}},{"__type__":"32540GFq4FAT5ZSyUpi/XyW","node":{"__id__":27},"img":{"__id__":29},"url":"texture/myhero/countbuylaout.png"}],"_prefab":{"__type__":"cc.PrefabInfo","root":{"__id__":1},"asset":{"__uuid__":"5bhg6CmQlKhrKgZ/sScu0G"},"fileId":"99arxrckJA+p/t74XxU5GD"},"_contentSize":{"__type__":"cc.Size","width":128,"height":60},"_position":{"__type__":"cc.Vec3","x":-199.5},"_scale":{"__type__":"cc.Vec3","x":1,"y":1,"z":1}},{"__type__":"cc.Node","_name":"New Label","_parent":{"__id__":27},"_level":6,"_components":[{"__type__":"cc.Label","node":{"__id__":28},"_srcBlendFactor":1,"_useOriginalSize":false,"_string":"最大","_N$string":"最大","_fontSize":30,"_lineHeight":32,"_N$horizontalAlign":1,"_N$verticalAlign":1}],"_prefab":{"__type__":"cc.PrefabInfo","root":{"__id__":1},"asset":{"__uuid__":"5bhg6CmQlKhrKgZ/sScu0G"},"fileId":"8a6Hy7nclNnJs/YKQw4WCK"},"_contentSize":{"__type__":"cc.Size","width":60,"height":32},"_scale":{"__type__":"cc.Vec3","x":1,"y":1,"z":1}},{"__type__":"cc.Sprite","node":{"__id__":27}},{"__type__":"cc.Node","_name":"buytenhu","_parent":{"__id__":26},"_children":[{"__id__":31}],"_level":6,"_components":[{"__id__":32},{"__type__":"cc.Button","node":{"__id__":30},"_N$transition":3,"transition":3,"_N$target":{"__id__":30}},{"__type__":"32540GFq4FAT5ZSyUpi/XyW","node":{"__id__":30},"img":{"__id__":32},"url":"texture/myhero/countbuylaout.png"}],"_prefab":{"__type__":"cc.PrefabInfo","root":{"__id__":1},"asset":{"__uuid__":"5bhg6CmQlKhrKgZ/sScu0G"},"fileId":"70/diDQGZCg4LtxNnTeaOm"},"_contentSize":{"__type__":"cc.Size","width":128,"height":60},"_position":{"__type__":"cc.Vec3","x":-66.5},"_scale":{"__type__":"cc.Vec3","x":1,"y":1,"z":1}},{"__type__":"cc.Node","_name":"New Label","_parent":{"__id__":30},"_level":6,"_components":[{"__type__":"cc.Label","node":{"__id__":31},"_srcBlendFactor":1,"_useOriginalSize":false,"_string":"x100","_N$string":"x100","_fontSize":30,"_lineHeight":32,"_N$horizontalAlign":1,"_N$verticalAlign":1}],"_prefab":{"__type__":"cc.PrefabInfo","root":{"__id__":1},"asset":{"__uuid__":"5bhg6CmQlKhrKgZ/sScu0G"},"fileId":"ccLIOx745Pga0u5gh4TRWc"},"_contentSize":{"__type__":"cc.Size","width":65.05,"height":32},"_scale":{"__type__":"cc.Vec3","x":1,"y":1,"z":1}},{"__type__":"cc.Sprite","node":{"__id__":30}},{"__type__":"cc.Node","_name":"buyten","_parent":{"__id__":26},"_children":[{"__id__":34}],"_level":6,"_components":[{"__id__":35},{"__type__":"cc.Button","node":{"__id__":33},"_N$transition":3,"transition":3,"_N$target":{"__id__":33}},{"__type__":"32540GFq4FAT5ZSyUpi/XyW","node":{"__id__":33},"img":{"__id__":35},"url":"texture/myhero/countbuylaout.png"}],"_prefab":{"__type__":"cc.PrefabInfo","root":{"__id__":1},"asset":{"__uuid__":"5bhg6CmQlKhrKgZ/sScu0G"},"fileId":"9bkn7cBb9Ag7m5MXTcLQbx"},"_contentSize":{"__type__":"cc.Size","width":128,"height":60},"_position":{"__type__":"cc.Vec3","x":66.5},"_scale":{"__type__":"cc.Vec3","x":1,"y":1,"z":1}},{"__type__":"cc.Node","_name":"New Label","_parent":{"__id__":33},"_level":6,"_components":[{"__type__":"cc.Label","node":{"__id__":34},"_srcBlendFactor":1,"_useOriginalSize":false,"_string":"x10","_N$string":"x10","_fontSize":30,"_lineHeight":32,"_N$horizontalAlign":1,"_N$verticalAlign":1}],"_prefab":{"__type__":"cc.PrefabInfo","root":{"__id__":1},"asset":{"__uuid__":"5bhg6CmQlKhrKgZ/sScu0G"},"fileId":"6chwtdJ/VKGqoPKo1JGLKJ"},"_contentSize":{"__type__":"cc.Size","width":48.37,"height":32},"_scale":{"__type__":"cc.Vec3","x":1,"y":1,"z":1}},{"__type__":"cc.Sprite","node":{"__id__":33}},{"__type__":"cc.Node","_name":"buyone","_parent":{"__id__":26},"_children":[{"__id__":37}],"_level":6,"_components":[{"__id__":38},{"__type__":"cc.Button","node":{"__id__":36},"_N$transition":3,"transition":3,"_N$target":{"__id__":36}},{"__type__":"32540GFq4FAT5ZSyUpi/XyW","node":{"__id__":36},"img":{"__id__":38},"url":"texture/myhero/countbuylaout.png"}],"_prefab":{"__type__":"cc.PrefabInfo","root":{"__id__":1},"asset":{"__uuid__":"5bhg6CmQlKhrKgZ/sScu0G"},"fileId":"67u3uAMS9LIp9TOxkkWlXE"},"_contentSize":{"__type__":"cc.Size","width":128,"height":60},"_position":{"__type__":"cc.Vec3","x":199.5},"_scale":{"__type__":"cc.Vec3","x":1,"y":1,"z":1}},{"__type__":"cc.Node","_name":"New Label","_parent":{"__id__":36},"_level":6,"_components":[{"__type__":"cc.Label","node":{"__id__":37},"_srcBlendFactor":1,"_useOriginalSize":false,"_string":"x1","_N$string":"x1","_fontSize":30,"_lineHeight":32,"_N$horizontalAlign":1,"_N$verticalAlign":1}],"_prefab":{"__type__":"cc.PrefabInfo","root":{"__id__":1},"asset":{"__uuid__":"5bhg6CmQlKhrKgZ/sScu0G"},"fileId":"77Vpzbl7BAmpBCfAdkhWDX"},"_contentSize":{"__type__":"cc.Size","width":31.68,"height":32},"_scale":{"__type__":"cc.Vec3","x":1,"y":1,"z":1}},{"__type__":"cc.Sprite","node":{"__id__":36}},{"__type__":"cc.Node","_name":"New Sprite(Splash)","_parent":{"__id__":25},"_level":5,"_components":[{"__type__":"cc.Sprite","node":{"__id__":39},"_sizeMode":0},{"__type__":"cc.Widget","node":{"__id__":39},"_alignFlags":32}],"_prefab":{"__type__":"cc.PrefabInfo","root":{"__id__":1},"asset":{"__uuid__":"5bhg6CmQlKhrKgZ/sScu0G"},"fileId":"70ql8MQ+pBZqLN/I++/Y8U"},"_color":{"__type__":"cc.Color","r":44,"g":44,"b":44},"_contentSize":{"__type__":"cc.Size","width":192,"height":100},"_position":{"__type__":"cc.Vec3","x":-96},"_scale":{"__type__":"cc.Vec3","x":1,"y":1,"z":1}},{"__type__":"cc.Node","_name":"buy","_parent":{"__id__":25},"_children":[{"__id__":41}],"_level":5,"_components":[{"__id__":43},{"__type__":"cc.Widget","node":{"__id__":40},"_alignFlags":33,"_right":10,"_top":27},{"__type__":"cc.Button","node":{"__id__":40},"_N$transition":3,"transition":3,"_N$target":{"__id__":40}},{"__type__":"32540GFq4FAT5ZSyUpi/XyW","node":{"__id__":40},"img":{"__id__":43},"url":"texture/myhero/countbuy.png"}],"_prefab":{"__type__":"cc.PrefabInfo","root":{"__id__":1},"asset":{"__uuid__":"5bhg6CmQlKhrKgZ/sScu0G"},"fileId":"7eoip92FhCy4BbleDqlZdD"},"_contentSize":{"__type__":"cc.Size","width":192,"height":60},"_position":{"__type__":"cc.Vec3","x":-106,"y":-7},"_scale":{"__type__":"cc.Vec3","x":1,"y":1,"z":1}},{"__type__":"cc.Node","_name":"buynumber","_parent":{"__id__":40},"_level":6,"_components":[{"__id__":42}],"_prefab":{"__type__":"cc.PrefabInfo","root":{"__id__":1},"asset":{"__uuid__":"5bhg6CmQlKhrKgZ/sScu0G"},"fileId":"b3ZvsCMqpEhaC2Ktb4OfOc"},"_contentSize":{"__type__":"cc.Size","width":91.68,"height":32},"_scale":{"__type__":"cc.Vec3","x":1,"y":1,"z":1}},{"__type__":"cc.Label","node":{"__id__":41},"_srcBlendFactor":1,"_useOriginalSize":false,"_string":"购买x1","_N$string":"购买x1","_fontSize":30,"_lineHeight":32,"_N$horizontalAlign":1,"_N$verticalAlign":1},{"__type__":"cc.Sprite","node":{"__id__":40},"_sizeMode":0},{"__type__":"cc.ScrollView","node":{"__id__":18},"horizontal":false,"brake":0.75,"bounceDuration":0.23,"_N$content":{"__id__":20},"content":{"__id__":20},"_N$horizontalScrollBar":null,"_N$verticalScrollBar":null}],{"__type__":"cc.SpriteFrame","content":{"name":"jinbikaobei","texture":"a1kFce2/xNx60AtnsccfV2","rect":[930,979,35,36],"offset":[0,0],"originalSize":[35,36],"capInsets":[0,0,0,0]}},{"__type__":"cc.SpriteFrame","content":{"name":"herobook","texture":"d2mZm4YZ1NYqPd05Z8hLBU","rect":[0,47,60,50],"offset":[0,0],"originalSize":[60,50],"capInsets":[0,0,0,0]}},{"__type__":"cc.SpriteFrame","content":{"name":"kuang","texture":"a1kFce2/xNx60AtnsccfV2","rect":[914,371,34,76],"offset":[0,0],"originalSize":[34,76],"capInsets":[10,13,10,13]}},{"__type__":"cc.SpriteFrame","content":{"name":"close2","texture":"a1kFce2/xNx60AtnsccfV2","rect":[488,1194,137,51],"offset":[0,0],"originalSize":[137,51],"capInsets":[0,0,0,0]}}]