[{"__type__":"cc.SpriteFrame","content":{"name":"fairy","texture":"44xTUogfdFiK6frQoW+pAO","rect":[474,0,257,49],"offset":[0,0],"originalSize":[257,49],"capInsets":[0,0,0,0]}},{"__type__":"cc.SpriteFrame","content":{"name":"cardcount","texture":"44xTUogfdFiK6frQoW+pAO","rect":[573,54,211,26],"offset":[0,0],"originalSize":[211,26],"capInsets":[0,0,0,0]}},{"__type__":"cc.SpriteFrame","content":{"name":"default_sprite_splash","texture":"02delMVqdBD70a/HSD99FK","rect":[0,0,2,2],"offset":[0,0],"originalSize":[2,2],"capInsets":[0,0,0,0]}},{"__type__":"cc.SpriteFrame","content":{"name":"bg","texture":"04OjbgoiVNAJ6CVOqkon7M","rect":[10,10,234,327],"offset":[0,0],"originalSize":[234,327],"capInsets":[0,0,0,0]}},{"__type__":"cc.SpriteFrame","content":{"name":"heibai","texture":"a1kFce2/xNx60AtnsccfV2","rect":[378,794,192,96],"offset":[0,0],"originalSize":[192,96],"capInsets":[0,0,0,0]}},[{"__type__":"cc.Prefab","_name":"carditem","data":{"__id__":1}},{"__type__":"cc.Node","_name":"itemcontent","_children":[{"__id__":2}],"_level":1,"_components":[{"__type__":"66756Xt0YZKKoMrA/nUXL5a","node":{"__id__":1},"icon":{"__id__":6},"smallIcon":{"__id__":11},"valueTxt":{"__id__":14},"cost":{"__id__":20},"livetop":{"__id__":24},"adddps":{"__id__":26},"useBtn":{"__id__":27},"title":{"__id__":28},"heroname":{"__id__":30},"cardcount":{"__id__":18}}],"_prefab":{"__type__":"cc.PrefabInfo","root":{"__id__":1},"asset":{"__uuid__":"db4OBYZGJKgaJEEIGsBNEk"},"fileId":"98oTr1h5RPKIlCTZ0hpggx"},"_color":{"__type__":"cc.Color","r":44,"g":44,"b":44},"_contentSize":{"__type__":"cc.Size","width":367,"height":169},"_position":{"__type__":"cc.Vec3","x":-375},"_scale":{"__type__":"cc.Vec3","x":1,"y":1,"z":1}},{"__type__":"cc.Node","_name":"New Sprite(Splash)","_parent":{"__id__":1},"_children":[{"__id__":3},{"__id__":8},{"__id__":28}],"_level":2,"_components":[{"__id__":31},{"__type__":"cc.Layout","node":{"__id__":2},"_layoutSize":{"__type__":"cc.Size","width":367,"height":169},"_N$layoutType":1,"_N$paddingLeft":15,"_N$paddingRight":10,"_N$spacingX":10},{"__type__":"32540GFq4FAT5ZSyUpi/XyW","node":{"__id__":2},"img":{"__id__":31},"url":"texture/card/bg.png"}],"_prefab":{"__type__":"cc.PrefabInfo","root":{"__id__":1},"asset":{"__uuid__":"db4OBYZGJKgaJEEIGsBNEk"},"fileId":"9b/ZtbFBhEDrUish3Ew9Ye"},"_color":{"__type__":"cc.Color","r":188,"g":136,"b":97},"_contentSize":{"__type__":"cc.Size","width":367,"height":169},"_scale":{"__type__":"cc.Vec3","x":1,"y":1,"z":1}},{"__type__":"cc.Node","_name":"New Node","_parent":{"__id__":2},"_children":[{"__id__":4},{"__id__":5},{"__id__":7}],"_level":3,"_prefab":{"__type__":"cc.PrefabInfo","root":{"__id__":1},"asset":{"__uuid__":"db4OBYZGJKgaJEEIGsBNEk"},"fileId":"36eMsMrr1BFZVklWpy73If"},"_contentSize":{"__type__":"cc.Size","width":106,"height":148},"_position":{"__type__":"cc.Vec3","x":-115.5},"_scale":{"__type__":"cc.Vec3","x":1,"y":1,"z":1}},{"__type__":"cc.Node","_name":"bg","_parent":{"__id__":3},"_level":4,"_components":[{"__type__":"cc.Sprite","node":{"__id__":4},"_spriteFrame":{"__uuid__":"a2MjXRFdtLlYQ5ouAFv/+R"},"_sizeMode":0}],"_prefab":{"__type__":"cc.PrefabInfo","root":{"__id__":1},"asset":{"__uuid__":"db4OBYZGJKgaJEEIGsBNEk"},"fileId":"9d///ZPW9KI40HXXVmrmD7"},"_color":{"__type__":"cc.Color","r":79,"g":7,"b":26},"_contentSize":{"__type__":"cc.Size","width":106,"height":148},"_scale":{"__type__":"cc.Vec3","x":1,"y":1,"z":1}},{"__type__":"cc.Node","_name":"heroimg","_parent":{"__id__":3},"_level":4,"_components":[{"__id__":6}],"_prefab":{"__type__":"cc.PrefabInfo","root":{"__id__":1},"asset":{"__uuid__":"db4OBYZGJKgaJEEIGsBNEk"},"fileId":"0e33lyHSFI7YZ7JNjSZKq9"},"_contentSize":{"__type__":"cc.Size","width":100,"height":102},"_scale":{"__type__":"cc.Vec3","x":1,"y":1,"z":1}},{"__type__":"cc.Sprite","node":{"__id__":5},"_sizeMode":0},{"__type__":"cc.Node","_name":"icon","_parent":{"__id__":3},"_level":4,"_components":[{"__type__":"cc.Sprite","node":{"__id__":7},"_spriteFrame":{"__uuid__":"d1Jh0kpu9Azbv/Mwj2Q2Ib"},"_sizeMode":0}],"_prefab":{"__type__":"cc.PrefabInfo","root":{"__id__":1},"asset":{"__uuid__":"db4OBYZGJKgaJEEIGsBNEk"},"fileId":"14It6gIj1Muokaw8l42D06"},"_contentSize":{"__type__":"cc.Size","width":106,"height":148},"_scale":{"__type__":"cc.Vec3","x":1,"y":1,"z":1}},{"__type__":"cc.Node","_name":"New Layout","_parent":{"__id__":2},"_children":[{"__id__":9},{"__id__":16}],"_level":3,"_components":[{"__type__":"cc.Sprite","node":{"__id__":8},"_type":1,"_sizeMode":0},{"__type__":"cc.Layout","node":{"__id__":8},"_layoutSize":{"__type__":"cc.Size","width":220,"height":151},"_resize":1,"_N$layoutType":2,"_N$spacingY":5}],"_prefab":{"__type__":"cc.PrefabInfo","root":{"__id__":1},"asset":{"__uuid__":"db4OBYZGJKgaJEEIGsBNEk"},"fileId":"4f3+yKHVNMmqX7PmQXUFcE"},"_contentSize":{"__type__":"cc.Size","width":220,"height":151},"_position":{"__type__":"cc.Vec3","x":57.5},"_scale":{"__type__":"cc.Vec3","x":1,"y":1,"z":1}},{"__type__":"cc.Node","_name":"New Layout","_parent":{"__id__":8},"_children":[{"__id__":10},{"__id__":12}],"_level":4,"_components":[{"__type__":"cc.Sprite","node":{"__id__":9},"_type":1,"_sizeMode":0},{"__type__":"cc.Layout","node":{"__id__":9},"_layoutSize":{"__type__":"cc.Size","width":200,"height":50},"_N$layoutType":1,"_N$spacingX":4},{"__type__":"cc.Widget","node":{"__id__":9},"_alignFlags":8,"_left":2}],"_prefab":{"__type__":"cc.PrefabInfo","root":{"__id__":1},"asset":{"__uuid__":"db4OBYZGJKgaJEEIGsBNEk"},"fileId":"033tpqwp1PKrWNgbokCg1D"},"_contentSize":{"__type__":"cc.Size","width":200,"height":50},"_position":{"__type__":"cc.Vec3","x":-8,"y":50.5},"_scale":{"__type__":"cc.Vec3","x":1,"y":1,"z":1}},{"__type__":"cc.Node","_name":"smallIcon","_parent":{"__id__":9},"_level":5,"_components":[{"__id__":11}],"_prefab":{"__type__":"cc.PrefabInfo","root":{"__id__":1},"asset":{"__uuid__":"db4OBYZGJKgaJEEIGsBNEk"},"fileId":"e6i6tR/IdDOJ37UBh1ZFcE"},"_contentSize":{"__type__":"cc.Size","width":40,"height":40},"_position":{"__type__":"cc.Vec3","x":-80},"_scale":{"__type__":"cc.Vec3","x":1,"y":1,"z":1}},{"__type__":"cc.Sprite","node":{"__id__":10},"_sizeMode":0},{"__type__":"cc.Node","_name":"New Layout","_parent":{"__id__":9},"_children":[{"__id__":13},{"__id__":15}],"_level":5,"_components":[{"__type__":"cc.Sprite","node":{"__id__":12},"_type":1,"_sizeMode":0},{"__type__":"cc.Layout","node":{"__id__":12},"_layoutSize":{"__type__":"cc.Size","width":128.78,"height":50},"_resize":1,"_N$layoutType":1,"_N$spacingX":5}],"_prefab":{"__type__":"cc.PrefabInfo","root":{"__id__":1},"asset":{"__uuid__":"db4OBYZGJKgaJEEIGsBNEk"},"fileId":"3bk/z/4R1Ox6e3lpMhFw4e"},"_contentSize":{"__type__":"cc.Size","width":128.78,"height":50},"_position":{"__type__":"cc.Vec3","x":8.39},"_scale":{"__type__":"cc.Vec3","x":1,"y":1,"z":1}},{"__type__":"cc.Node","_name":"valueTxt","_parent":{"__id__":12},"_level":6,"_components":[{"__id__":14},{"__type__":"cc.Widget","node":{"__id__":13},"_alignFlags":4,"_bottom":5}],"_prefab":{"__type__":"cc.PrefabInfo","root":{"__id__":1},"asset":{"__uuid__":"db4OBYZGJKgaJEEIGsBNEk"},"fileId":"04StfWVAJPjY++WHQHITvI"},"_contentSize":{"__type__":"cc.Size","width":76.49,"height":23},"_position":{"__type__":"cc.Vec3","x":-26.145000000000003,"y":-8.5},"_scale":{"__type__":"cc.Vec3","x":1,"y":1,"z":1}},{"__type__":"cc.Label","node":{"__id__":13},"_srcBlendFactor":1,"_useOriginalSize":false,"_string":"+1.22aa","_N$string":"+1.22aa","_fontSize":21,"_lineHeight":23,"_N$horizontalAlign":1,"_N$verticalAlign":1},{"__type__":"cc.Node","_name":"New Label","_parent":{"__id__":12},"_level":6,"_components":[{"__type__":"cc.Label","node":{"__id__":15},"_srcBlendFactor":1,"_useOriginalSize":false,"_string":"DPS","_N$string":"DPS","_fontSize":23,"_lineHeight":25,"_N$horizontalAlign":1,"_N$verticalAlign":1},{"__type__":"cc.Widget","node":{"__id__":15},"_alignFlags":4,"_bottom":5}],"_prefab":{"__type__":"cc.PrefabInfo","root":{"__id__":1},"asset":{"__uuid__":"db4OBYZGJKgaJEEIGsBNEk"},"fileId":"24rjclISFBs6etwlmZpxHi"},"_contentSize":{"__type__":"cc.Size","width":47.29,"height":25},"_position":{"__type__":"cc.Vec3","x":40.74499999999999,"y":-7.5},"_scale":{"__type__":"cc.Vec3","x":1,"y":1,"z":1}},{"__type__":"cc.Node","_name":"livebt","_parent":{"__id__":8},"_children":[{"__id__":17},{"__id__":21}],"_level":4,"_components":[{"__id__":27},{"__type__":"cc.Widget","node":{"__id__":16},"_alignFlags":40,"_originalWidth":192},{"__type__":"cc.Button","node":{"__id__":16},"_N$transition":1,"transition":1,"_N$normalColor":{"__type__":"cc.Color","r":255,"g":255,"b":255},"_N$target":{"__id__":16}}],"_prefab":{"__type__":"cc.PrefabInfo","root":{"__id__":1},"asset":{"__uuid__":"db4OBYZGJKgaJEEIGsBNEk"},"fileId":"1b6fStPsBN6a814y61Gua7"},"_contentSize":{"__type__":"cc.Size","width":220,"height":96},"_position":{"__type__":"cc.Vec3","y":-27.5},"_scale":{"__type__":"cc.Vec3","x":1,"y":1,"z":1}},{"__type__":"cc.Node","_name":"numnode","_parent":{"__id__":16},"_children":[{"__id__":18},{"__id__":19}],"_level":4,"_components":[{"__type__":"cc.Widget","node":{"__id__":17},"_alignFlags":32,"_right":10.799999999999997}],"_prefab":{"__type__":"cc.PrefabInfo","root":{"__id__":1},"asset":{"__uuid__":"db4OBYZGJKgaJEEIGsBNEk"},"fileId":"ec8tJBuBJJWbsFthbYHzlh"},"_contentSize":{"__type__":"cc.Size","width":200,"height":23},"_position":{"__type__":"cc.Vec3","x":-0.7999999999999972,"y":29},"_scale":{"__type__":"cc.Vec3","x":1,"y":1,"z":1}},{"__type__":"cc.Node","_name":"cardcount","_parent":{"__id__":17},"_active":false,"_level":5,"_components":[{"__type__":"cc.Sprite","node":{"__id__":18},"_spriteFrame":{"__uuid__":"58EMkqClFBgL52BAl5BnRG"}}],"_prefab":{"__type__":"cc.PrefabInfo","root":{"__id__":1},"asset":{"__uuid__":"db4OBYZGJKgaJEEIGsBNEk"},"fileId":"baVCRkTdRE8KnJ+V75DBZ1"},"_contentSize":{"__type__":"cc.Size","width":211,"height":26},"_position":{"__type__":"cc.Vec3","x":0.4,"y":-1.1},"_scale":{"__type__":"cc.Vec3","x":1,"y":1,"z":1}},{"__type__":"cc.Node","_name":"cost","_parent":{"__id__":17},"_level":5,"_components":[{"__id__":20}],"_prefab":{"__type__":"cc.PrefabInfo","root":{"__id__":1},"asset":{"__uuid__":"db4OBYZGJKgaJEEIGsBNEk"},"fileId":"a3WBndoZFF6pdr7TvEcea0"},"_contentSize":{"__type__":"cc.Size","width":94.5,"height":23},"_position":{"__type__":"cc.Vec3","y":-2},"_scale":{"__type__":"cc.Vec3","x":1,"y":1,"z":1}},{"__type__":"cc.Label","node":{"__id__":19},"_srcBlendFactor":1,"_useOriginalSize":false,"_string":"卡牌剩余0","_N$string":"卡牌剩余0","_fontSize":21,"_lineHeight":23,"_N$horizontalAlign":1,"_N$verticalAlign":1,"_N$fontFamily":"苹方"},{"__type__":"cc.Node","_name":"textnode","_parent":{"__id__":16},"_children":[{"__id__":22}],"_level":4,"_prefab":{"__type__":"cc.PrefabInfo","root":{"__id__":1},"asset":{"__uuid__":"db4OBYZGJKgaJEEIGsBNEk"},"fileId":"916NppoNVOd7rLF6oRPAkm"},"_contentSize":{"__type__":"cc.Size","width":180,"height":50},"_position":{"__type__":"cc.Vec3","y":-14},"_scale":{"__type__":"cc.Vec3","x":1,"y":1,"z":1}},{"__type__":"cc.Node","_name":"resnode","_parent":{"__id__":21},"_children":[{"__id__":23},{"__id__":25}],"_level":5,"_components":[{"__type__":"cc.Layout","node":{"__id__":22},"_layoutSize":{"__type__":"cc.Size","width":180,"height":46},"_resize":1,"_N$layoutType":2}],"_prefab":{"__type__":"cc.PrefabInfo","root":{"__id__":1},"asset":{"__uuid__":"db4OBYZGJKgaJEEIGsBNEk"},"fileId":"4awq45c71Dk683jwRglglA"},"_contentSize":{"__type__":"cc.Size","width":180,"height":46},"_scale":{"__type__":"cc.Vec3","x":1,"y":1,"z":1}},{"__type__":"cc.Node","_name":"livetop","_parent":{"__id__":22},"_level":6,"_components":[{"__id__":24}],"_prefab":{"__type__":"cc.PrefabInfo","root":{"__id__":1},"asset":{"__uuid__":"db4OBYZGJKgaJEEIGsBNEk"},"fileId":"afjzfjBPVFfrTDp5DhExEC"},"_contentSize":{"__type__":"cc.Size","width":42,"height":23},"_position":{"__type__":"cc.Vec3","y":11.5},"_scale":{"__type__":"cc.Vec3","x":1,"y":1,"z":1}},{"__type__":"cc.Label","node":{"__id__":23},"_srcBlendFactor":1,"_useOriginalSize":false,"_string":"使用","_N$string":"使用","_fontSize":21,"_lineHeight":23,"_N$horizontalAlign":1,"_N$verticalAlign":1,"_N$fontFamily":"苹方"},{"__type__":"cc.Node","_name":"adddps","_parent":{"__id__":22},"_level":6,"_components":[{"__id__":26}],"_prefab":{"__type__":"cc.PrefabInfo","root":{"__id__":1},"asset":{"__uuid__":"db4OBYZGJKgaJEEIGsBNEk"},"fileId":"f3ibwH/JFHJ4Les7lvGOJu"},"_color":{"__type__":"cc.Color","r":20,"g":79,"b":141},"_contentSize":{"__type__":"cc.Size","width":92.83,"height":23},"_position":{"__type__":"cc.Vec3","y":-11.5},"_scale":{"__type__":"cc.Vec3","x":1,"y":1,"z":1}},{"__type__":"cc.Label","node":{"__id__":25},"_srcBlendFactor":1,"_useOriginalSize":false,"_string":"+5.66 dps","_N$string":"+5.66 dps","_fontSize":21,"_lineHeight":23,"_N$horizontalAlign":1,"_N$verticalAlign":1},{"__type__":"cc.Sprite","node":{"__id__":16},"_spriteFrame":{"__uuid__":"d2XHzIHvFMMoMfaUOV+Ti7"},"_sizeMode":0},{"__type__":"cc.Node","_name":"title","_parent":{"__id__":2},"_children":[{"__id__":29}],"_level":3,"_components":[{"__type__":"cc.Widget","node":{"__id__":28},"_alignFlags":41},{"__type__":"cc.Sprite","node":{"__id__":28},"_spriteFrame":{"__uuid__":"56Lrm16vFMuL2Wru9O2Esq"},"_sizeMode":0}],"_prefab":{"__type__":"cc.PrefabInfo","root":{"__id__":1},"asset":{"__uuid__":"db4OBYZGJKgaJEEIGsBNEk"},"fileId":"6fa/Q+C7dBzblcMGohoc+7"},"_opacity":0,"_contentSize":{"__type__":"cc.Size","width":367,"height":49},"_position":{"__type__":"cc.Vec3","y":60},"_scale":{"__type__":"cc.Vec3","x":1,"y":1,"z":1}},{"__type__":"cc.Node","_name":"text","_parent":{"__id__":28},"_level":4,"_components":[{"__id__":30}],"_prefab":{"__type__":"cc.PrefabInfo","root":{"__id__":1},"asset":{"__uuid__":"db4OBYZGJKgaJEEIGsBNEk"},"fileId":"1eBWhUHytK4YD5XdVAEuoH"},"_contentSize":{"__type__":"cc.Size","height":32},"_scale":{"__type__":"cc.Vec3","x":1,"y":1,"z":1}},{"__type__":"cc.Label","node":{"__id__":29},"_srcBlendFactor":1,"_useOriginalSize":false,"_fontSize":30,"_lineHeight":32,"_N$horizontalAlign":1,"_N$verticalAlign":1,"_N$fontFamily":"苹方"},{"__type__":"cc.Sprite","node":{"__id__":2},"_sizeMode":0}]]