[[{"__type__":"cc.Prefab","_name":"equipgroupitem","data":{"__id__":1}},{"__type__":"cc.Node","_name":"equipgroupitem","_children":[{"__id__":2}],"_level":1,"_components":[{"__type__":"460fbHcjIRG66wTSj32w7y5","node":{"__id__":1},"head":{"__id__":5},"equipname":{"__id__":8},"equipndps":{"__id__":10},"equips":[{"__id__":19},{"__id__":15},{"__id__":24},{"__id__":22},{"__id__":17},{"__id__":26}],"state":{"__id__":28}}],"_prefab":{"__type__":"cc.PrefabInfo","root":{"__id__":1},"asset":{"__uuid__":"0601eCYBlCpo3rXFTDS4Kf"},"fileId":"10b0I5iw1EvZeGL22hUW69"},"_contentSize":{"__type__":"cc.Size","width":750,"height":137},"_scale":{"__type__":"cc.Vec3","x":1,"y":1,"z":1}},{"__type__":"cc.Node","_name":"New Sprite(Splash)","_parent":{"__id__":1},"_children":[{"__id__":3},{"__id__":11},{"__id__":12}],"_level":2,"_components":[{"__type__":"cc.Sprite","node":{"__id__":2},"_spriteFrame":{"__uuid__":"aeaXg6eipEMr1WUC02PxSD"},"_sizeMode":0}],"_prefab":{"__type__":"cc.PrefabInfo","root":{"__id__":1},"asset":{"__uuid__":"0601eCYBlCpo3rXFTDS4Kf"},"fileId":"6etS+ONtFI476tnlQKiBdR"},"_contentSize":{"__type__":"cc.Size","width":750,"height":137},"_scale":{"__type__":"cc.Vec3","x":1,"y":1,"z":1}},{"__type__":"cc.Node","_name":"New Layout","_parent":{"__id__":2},"_children":[{"__id__":4},{"__id__":6}],"_level":3,"_components":[{"__type__":"cc.Layout","node":{"__id__":3},"_layoutSize":{"__type__":"cc.Size","width":210,"height":150},"_resize":1,"_N$layoutType":1,"_N$spacingX":10},{"__type__":"cc.Widget","node":{"__id__":3},"_alignFlags":8,"_left":10}],"_prefab":{"__type__":"cc.PrefabInfo","root":{"__id__":1},"asset":{"__uuid__":"0601eCYBlCpo3rXFTDS4Kf"},"fileId":"2bY7hcAN1BAIXjIj18ROft"},"_contentSize":{"__type__":"cc.Size","width":210,"height":150},"_position":{"__type__":"cc.Vec3","x":-260},"_scale":{"__type__":"cc.Vec3","x":1,"y":1,"z":1}},{"__type__":"cc.Node","_name":"New Sprite(Splash)","_parent":{"__id__":3},"_level":4,"_components":[{"__id__":5}],"_prefab":{"__type__":"cc.PrefabInfo","root":{"__id__":1},"asset":{"__uuid__":"0601eCYBlCpo3rXFTDS4Kf"},"fileId":"dbzz8Cp/pPT7IouF9f3mbO"},"_contentSize":{"__type__":"cc.Size","width":100,"height":100},"_position":{"__type__":"cc.Vec3","x":-55},"_scale":{"__type__":"cc.Vec3","x":1,"y":1,"z":1}},{"__type__":"cc.Sprite","node":{"__id__":4}},{"__type__":"cc.Node","_name":"New Layout","_parent":{"__id__":3},"_children":[{"__id__":7},{"__id__":9}],"_level":4,"_components":[{"__type__":"cc.Layout","node":{"__id__":6},"_layoutSize":{"__type__":"cc.Size","width":100,"height":67},"_resize":1,"_N$layoutType":2,"_N$spacingY":20}],"_prefab":{"__type__":"cc.PrefabInfo","root":{"__id__":1},"asset":{"__uuid__":"0601eCYBlCpo3rXFTDS4Kf"},"fileId":"d10z3fEyhNa6xfU64LEssA"},"_contentSize":{"__type__":"cc.Size","width":100,"height":67},"_anchorPoint":{"__type__":"cc.Vec2","y":0.5},"_position":{"__type__":"cc.Vec3","x":5},"_scale":{"__type__":"cc.Vec3","x":1,"y":1,"z":1}},{"__type__":"cc.Node","_name":"name","_parent":{"__id__":6},"_level":5,"_components":[{"__id__":8}],"_prefab":{"__type__":"cc.PrefabInfo","root":{"__id__":1},"asset":{"__uuid__":"0601eCYBlCpo3rXFTDS4Kf"},"fileId":"16sgf4r+9HcIWhIFUHKTTO"},"_contentSize":{"__type__":"cc.Size","width":96,"height":27},"_anchorPoint":{"__type__":"cc.Vec2","y":0.5},"_position":{"__type__":"cc.Vec3","y":20},"_scale":{"__type__":"cc.Vec3","x":1,"y":1,"z":1}},{"__type__":"cc.Label","node":{"__id__":7},"_srcBlendFactor":1,"_useOriginalSize":false,"_string":"红衣铠甲","_N$string":"红衣铠甲","_fontSize":24,"_lineHeight":27,"_N$horizontalAlign":1,"_N$verticalAlign":1},{"__type__":"cc.Node","_name":"dps","_parent":{"__id__":6},"_level":5,"_components":[{"__id__":10}],"_prefab":{"__type__":"cc.PrefabInfo","root":{"__id__":1},"asset":{"__uuid__":"0601eCYBlCpo3rXFTDS4Kf"},"fileId":"d2/1j6qAdKoK4bGuJy5kwU"},"_color":{"__type__":"cc.Color","r":248,"g":181},"_contentSize":{"__type__":"cc.Size","width":65.02,"height":20},"_anchorPoint":{"__type__":"cc.Vec2","y":0.5},"_position":{"__type__":"cc.Vec3","y":-23.5},"_scale":{"__type__":"cc.Vec3","x":1,"y":1,"z":1}},{"__type__":"cc.Label","node":{"__id__":9},"_srcBlendFactor":1,"_useOriginalSize":false,"_string":"x44攻击","_N$string":"x44攻击","_fontSize":18,"_lineHeight":20,"_N$horizontalAlign":1,"_N$verticalAlign":1},{"__type__":"cc.Node","_name":"New Sprite(Splash)","_parent":{"__id__":2},"_level":3,"_components":[{"__type__":"cc.Sprite","node":{"__id__":11},"_spriteFrame":{"__uuid__":"a2MjXRFdtLlYQ5ouAFv/+R"},"_sizeMode":0}],"_prefab":{"__type__":"cc.PrefabInfo","root":{"__id__":1},"asset":{"__uuid__":"0601eCYBlCpo3rXFTDS4Kf"},"fileId":"dfAjBqtY9EZ6WlrbPlAdpY"},"_color":{"__type__":"cc.Color","r":53,"g":56,"b":73},"_contentSize":{"__type__":"cc.Size","width":3,"height":120},"_position":{"__type__":"cc.Vec3","x":-51.3},"_scale":{"__type__":"cc.Vec3","x":1,"y":1,"z":1}},{"__type__":"cc.Node","_name":"New Node","_parent":{"__id__":2},"_children":[{"__id__":13},{"__id__":20},{"__id__":27}],"_level":3,"_prefab":{"__type__":"cc.PrefabInfo","root":{"__id__":1},"asset":{"__uuid__":"0601eCYBlCpo3rXFTDS4Kf"},"fileId":"5ecO4frAtP9qBE2oB4j+Py"},"_contentSize":{"__type__":"cc.Size","width":400,"height":137},"_position":{"__type__":"cc.Vec3","x":158},"_scale":{"__type__":"cc.Vec3","x":1,"y":1,"z":1}},{"__type__":"cc.Node","_name":"New Layout","_parent":{"__id__":12},"_children":[{"__id__":14},{"__id__":16},{"__id__":18}],"_level":4,"_components":[{"__type__":"cc.Layout","node":{"__id__":13},"_layoutSize":{"__type__":"cc.Size","width":30,"height":-10},"_resize":1,"_N$layoutType":2,"_N$spacingY":10},{"__type__":"cc.Widget","node":{"__id__":13},"_alignFlags":9,"_left":34,"_top":25.5}],"_prefab":{"__type__":"cc.PrefabInfo","root":{"__id__":1},"asset":{"__uuid__":"0601eCYBlCpo3rXFTDS4Kf"},"fileId":"7aR013OlxBfpglBU2ofkGf"},"_contentSize":{"__type__":"cc.Size","width":30,"height":-10},"_anchorPoint":{"__type__":"cc.Vec2","y":1},"_position":{"__type__":"cc.Vec3","x":-166,"y":43},"_scale":{"__type__":"cc.Vec3","x":1,"y":1,"z":1}},{"__type__":"cc.Node","_name":"2","_parent":{"__id__":13},"_active":false,"_level":5,"_components":[{"__id__":15}],"_prefab":{"__type__":"cc.PrefabInfo","root":{"__id__":1},"asset":{"__uuid__":"0601eCYBlCpo3rXFTDS4Kf"},"fileId":"246r3RYlBG4bqH8rrB4uoB"},"_color":{"__type__":"cc.Color","r":124,"g":131,"b":172},"_contentSize":{"__type__":"cc.Size","width":80,"height":22},"_anchorPoint":{"__type__":"cc.Vec2","y":0.5},"_position":{"__type__":"cc.Vec3","y":-11},"_scale":{"__type__":"cc.Vec3","x":1,"y":1,"z":1}},{"__type__":"cc.Label","node":{"__id__":14},"_srcBlendFactor":1,"_useOriginalSize":false,"_string":"战风铠甲","_N$string":"战风铠甲","_fontSize":20,"_lineHeight":22,"_N$horizontalAlign":1,"_N$verticalAlign":1},{"__type__":"cc.Node","_name":"5","_parent":{"__id__":13},"_active":false,"_level":5,"_components":[{"__id__":17}],"_prefab":{"__type__":"cc.PrefabInfo","root":{"__id__":1},"asset":{"__uuid__":"0601eCYBlCpo3rXFTDS4Kf"},"fileId":"3cFXZFeY5D/4cFbs1EdyAD"},"_contentSize":{"__type__":"cc.Size","width":60,"height":22},"_anchorPoint":{"__type__":"cc.Vec2","y":0.5},"_position":{"__type__":"cc.Vec3","y":-11},"_scale":{"__type__":"cc.Vec3","x":1,"y":1,"z":1}},{"__type__":"cc.Label","node":{"__id__":16},"_srcBlendFactor":1,"_useOriginalSize":false,"_string":"寒冰剑","_N$string":"寒冰剑","_fontSize":20,"_lineHeight":22,"_N$horizontalAlign":1,"_N$verticalAlign":1},{"__type__":"cc.Node","_name":"1","_parent":{"__id__":13},"_active":false,"_level":5,"_components":[{"__id__":19}],"_prefab":{"__type__":"cc.PrefabInfo","root":{"__id__":1},"asset":{"__uuid__":"0601eCYBlCpo3rXFTDS4Kf"},"fileId":"64pwjvrmVAAKNtxFrMkxUq"},"_contentSize":{"__type__":"cc.Size","width":80,"height":22},"_anchorPoint":{"__type__":"cc.Vec2","y":0.5},"_position":{"__type__":"cc.Vec3","y":-11},"_scale":{"__type__":"cc.Vec3","x":1,"y":1,"z":1}},{"__type__":"cc.Label","node":{"__id__":18},"_srcBlendFactor":1,"_useOriginalSize":false,"_string":"红色帽子","_N$string":"红色帽子","_fontSize":20,"_lineHeight":22,"_N$horizontalAlign":1,"_N$verticalAlign":1},{"__type__":"cc.Node","_name":"New Layout","_parent":{"__id__":12},"_children":[{"__id__":21},{"__id__":23},{"__id__":25}],"_level":4,"_components":[{"__type__":"cc.Layout","node":{"__id__":20},"_layoutSize":{"__type__":"cc.Size","width":50,"height":-10},"_resize":1,"_N$layoutType":2,"_N$spacingY":10},{"__type__":"cc.Widget","node":{"__id__":20},"_alignFlags":9,"_left":126,"_top":25.5}],"_prefab":{"__type__":"cc.PrefabInfo","root":{"__id__":1},"asset":{"__uuid__":"0601eCYBlCpo3rXFTDS4Kf"},"fileId":"afOX/feABGSZWrB+orKTIb"},"_contentSize":{"__type__":"cc.Size","width":50,"height":-10},"_anchorPoint":{"__type__":"cc.Vec2","x":0.5,"y":1},"_position":{"__type__":"cc.Vec3","x":-49,"y":43},"_scale":{"__type__":"cc.Vec3","x":1,"y":1,"z":1}},{"__type__":"cc.Node","_name":"4","_parent":{"__id__":20},"_active":false,"_level":5,"_components":[{"__id__":22}],"_prefab":{"__type__":"cc.PrefabInfo","root":{"__id__":1},"asset":{"__uuid__":"0601eCYBlCpo3rXFTDS4Kf"},"fileId":"98VI1JJJlP8KDBFKr/+zf0"},"_contentSize":{"__type__":"cc.Size","width":40,"height":22},"_anchorPoint":{"__type__":"cc.Vec2","y":0.5},"_position":{"__type__":"cc.Vec3","y":-11},"_scale":{"__type__":"cc.Vec3","x":1,"y":1,"z":1}},{"__type__":"cc.Label","node":{"__id__":21},"_srcBlendFactor":1,"_useOriginalSize":false,"_string":"翅膀","_N$string":"翅膀","_fontSize":20,"_lineHeight":22,"_N$horizontalAlign":1,"_N$verticalAlign":1},{"__type__":"cc.Node","_name":"3","_parent":{"__id__":20},"_active":false,"_level":5,"_components":[{"__id__":24}],"_prefab":{"__type__":"cc.PrefabInfo","root":{"__id__":1},"asset":{"__uuid__":"0601eCYBlCpo3rXFTDS4Kf"},"fileId":"aaWHa8ba1Df7Y5FOln7GA0"},"_contentSize":{"__type__":"cc.Size","width":40,"height":22},"_anchorPoint":{"__type__":"cc.Vec2","y":0.5},"_position":{"__type__":"cc.Vec3","y":-11},"_scale":{"__type__":"cc.Vec3","x":1,"y":1,"z":1}},{"__type__":"cc.Label","node":{"__id__":23},"_srcBlendFactor":1,"_useOriginalSize":false,"_string":"护手","_N$string":"护手","_fontSize":20,"_lineHeight":22,"_N$horizontalAlign":1,"_N$verticalAlign":1},{"__type__":"cc.Node","_name":"6","_parent":{"__id__":20},"_active":false,"_level":5,"_components":[{"__id__":26}],"_prefab":{"__type__":"cc.PrefabInfo","root":{"__id__":1},"asset":{"__uuid__":"0601eCYBlCpo3rXFTDS4Kf"},"fileId":"74ww0wyMdCyoFf29vSUftS"},"_contentSize":{"__type__":"cc.Size","width":60,"height":22},"_anchorPoint":{"__type__":"cc.Vec2","y":0.5},"_position":{"__type__":"cc.Vec3","y":-11},"_scale":{"__type__":"cc.Vec3","x":1,"y":1,"z":1}},{"__type__":"cc.Label","node":{"__id__":25},"_srcBlendFactor":1,"_useOriginalSize":false,"_string":"龙图腾","_N$string":"龙图腾","_fontSize":20,"_lineHeight":22,"_N$horizontalAlign":1,"_N$verticalAlign":1},{"__type__":"cc.Node","_name":"state","_parent":{"__id__":12},"_level":4,"_components":[{"__id__":28},{"__type__":"cc.Widget","node":{"__id__":27},"_alignFlags":32,"_right":3.9350000000000023}],"_prefab":{"__type__":"cc.PrefabInfo","root":{"__id__":1},"asset":{"__uuid__":"0601eCYBlCpo3rXFTDS4Kf"},"fileId":"1a2qljAehECoFpdONyyy7+"},"_color":{"__type__":"cc.Color","r":124,"g":131,"b":172},"_contentSize":{"__type__":"cc.Size","width":90,"height":32},"_position":{"__type__":"cc.Vec3","x":151.065},"_scale":{"__type__":"cc.Vec3","x":1,"y":1,"z":1}},{"__type__":"cc.Label","node":{"__id__":27},"_srcBlendFactor":1,"_useOriginalSize":false,"_string":"未集齐","_N$string":"未集齐","_fontSize":30,"_lineHeight":32,"_N$horizontalAlign":1,"_N$verticalAlign":1,"_N$fontFamily":"苹方"}],{"__type__":"cc.SpriteFrame","content":{"name":"default_sprite_splash","texture":"02delMVqdBD70a/HSD99FK","rect":[0,0,2,2],"offset":[0,0],"originalSize":[2,2],"capInsets":[0,0,0,0]}},{"__type__":"cc.SpriteFrame","content":{"name":"bgtongyong","texture":"a1kFce2/xNx60AtnsccfV2","rect":[62,119,685,137],"offset":[0,0],"originalSize":[685,137],"capInsets":[0,0,0,0]}}]