[{"__type__":"cc.SpriteFrame","content":{"name":"close","texture":"d2mZm4YZ1NYqPd05Z8hLBU","rect":[591,0,28,27],"offset":[0,0],"originalSize":[28,27],"capInsets":[0,0,0,0]}},{"__type__":"cc.SpriteFrame","content":{"name":"title","texture":"d2mZm4YZ1NYqPd05Z8hLBU","rect":[351,249,538,138],"offset":[0,0],"originalSize":[538,138],"capInsets":[0,0,0,0]}},{"__type__":"cc.SpriteFrame","content":{"name":"tanchuanbg","texture":"a1kFce2/xNx60AtnsccfV2","rect":[821,756,80,78],"offset":[0,0],"originalSize":[80,78],"capInsets":[11,11,11,10]}},[{"__type__":"cc.Prefab","_name":"NewSignin","data":{"__id__":1}},{"__type__":"cc.Node","_name":"newsignin","_children":[{"__id__":2}],"_level":1,"_components":[{"__type__":"98dfbDSAoBHhbZO3IN/EAz5","node":{"__id__":1},"colse":{"__id__":5},"content":{"__id__":7},"item":{"__uuid__":"84MqhxZehG56W9xhurFUyz"},"textBt":{"__id__":11},"clickBtn":{"__id__":9}}],"_prefab":{"__type__":"cc.PrefabInfo","root":{"__id__":1},"asset":{"__uuid__":"a8Opudg71JfZUCRU7B9Qjb"},"fileId":"13+/82Od5CL7rXkwOjMgWV"},"_contentSize":{"__type__":"cc.Size","width":750,"height":1334},"_position":{"__type__":"cc.Vec3","x":1},"_scale":{"__type__":"cc.Vec3","x":1,"y":1,"z":1}},{"__type__":"cc.Node","_name":"bg","_parent":{"__id__":1},"_children":[{"__id__":3},{"__id__":7},{"__id__":8}],"_level":2,"_components":[{"__type__":"cc.Sprite","node":{"__id__":2},"_spriteFrame":{"__uuid__":"510X4D6aFPGa9wjpS7Ot5t"},"_type":1,"_sizeMode":0}],"_prefab":{"__type__":"cc.PrefabInfo","root":{"__id__":1},"asset":{"__uuid__":"a8Opudg71JfZUCRU7B9Qjb"},"fileId":"4aWU6VtnRE8Le2X383UL86"},"_contentSize":{"__type__":"cc.Size","width":700,"height":1000},"_position":{"__type__":"cc.Vec3","y":84},"_scale":{"__type__":"cc.Vec3","x":1,"y":1,"z":1}},{"__type__":"cc.Node","_name":"shangcehng","_parent":{"__id__":2},"_children":[{"__id__":4},{"__id__":5}],"_level":3,"_components":[{"__type__":"cc.Sprite","node":{"__id__":3},"_spriteFrame":{"__uuid__":"b3CLDo9FhEhpyt697OG5HT"}},{"__type__":"cc.Widget","node":{"__id__":3},"_alignFlags":1,"_top":11}],"_prefab":{"__type__":"cc.PrefabInfo","root":{"__id__":1},"asset":{"__uuid__":"a8Opudg71JfZUCRU7B9Qjb"},"fileId":"371qIqWZtHprbUHvsvIqOQ"},"_contentSize":{"__type__":"cc.Size","width":679,"height":59},"_position":{"__type__":"cc.Vec3","y":459.5},"_scale":{"__type__":"cc.Vec3","x":1,"y":1,"z":1}},{"__type__":"cc.Node","_name":"New Label","_parent":{"__id__":3},"_level":4,"_components":[{"__type__":"cc.Sprite","node":{"__id__":4},"_spriteFrame":{"__uuid__":"4do7LuPbBAsbRkJu8Pkbgz"}}],"_prefab":{"__type__":"cc.PrefabInfo","root":{"__id__":1},"asset":{"__uuid__":"a8Opudg71JfZUCRU7B9Qjb"},"fileId":"61/hZk/rxBlb0qWTXuG6qC"},"_contentSize":{"__type__":"cc.Size","width":538,"height":138},"_position":{"__type__":"cc.Vec3","y":42},"_scale":{"__type__":"cc.Vec3","x":1,"y":1,"z":1}},{"__type__":"cc.Node","_name":"colse","_parent":{"__id__":3},"_children":[{"__id__":6}],"_level":4,"_components":[{"__type__":"cc.Button","node":{"__id__":5},"_N$transition":3,"transition":3,"_N$target":{"__id__":5}}],"_prefab":{"__type__":"cc.PrefabInfo","root":{"__id__":1},"asset":{"__uuid__":"a8Opudg71JfZUCRU7B9Qjb"},"fileId":"eal+ww5fBJm5YSbT6N61PF"},"_contentSize":{"__type__":"cc.Size","width":70,"height":70},"_position":{"__type__":"cc.Vec3","x":201,"y":30},"_scale":{"__type__":"cc.Vec3","x":1,"y":1,"z":1}},{"__type__":"cc.Node","_name":"close (2)","_parent":{"__id__":5},"_level":5,"_components":[{"__type__":"cc.Sprite","node":{"__id__":6},"_spriteFrame":{"__uuid__":"17vc7fi1BAb5EmLKZOEJIg"}}],"_prefab":{"__type__":"cc.PrefabInfo","root":{"__id__":1},"asset":{"__uuid__":"a8Opudg71JfZUCRU7B9Qjb"},"fileId":"91ebXluFFKjolNb+uVa+Qw"},"_contentSize":{"__type__":"cc.Size","width":28,"height":27},"_scale":{"__type__":"cc.Vec3","x":1,"y":1,"z":1}},{"__type__":"cc.Node","_name":"grid","_parent":{"__id__":2},"_level":3,"_components":[{"__type__":"cc.Sprite","node":{"__id__":7},"_type":1,"_sizeMode":0},{"__type__":"cc.Layout","node":{"__id__":7},"_layoutSize":{"__type__":"cc.Size","width":680,"height":920},"_N$layoutType":3,"_N$paddingLeft":15,"_N$paddingRight":15,"_N$paddingTop":15,"_N$paddingBottom":15,"_N$spacingX":15,"_N$spacingY":15}],"_prefab":{"__type__":"cc.PrefabInfo","root":{"__id__":1},"asset":{"__uuid__":"a8Opudg71JfZUCRU7B9Qjb"},"fileId":"de4fXU9ntEPZ8PgnCIFpwp"},"_contentSize":{"__type__":"cc.Size","width":680,"height":920},"_position":{"__type__":"cc.Vec3","y":-29},"_scale":{"__type__":"cc.Vec3","x":1,"y":1,"z":1}},{"__type__":"cc.Node","_name":"topbg","_parent":{"__id__":2},"_children":[{"__id__":9}],"_level":3,"_components":[{"__type__":"cc.Sprite","node":{"__id__":8},"_spriteFrame":{"__uuid__":"b3CLDo9FhEhpyt697OG5HT"},"_type":1,"_sizeMode":0},{"__type__":"cc.Widget","node":{"__id__":8},"_alignFlags":44,"_left":11,"_right":11,"_bottom":10,"_originalWidth":100}],"_prefab":{"__type__":"cc.PrefabInfo","root":{"__id__":1},"asset":{"__uuid__":"a8Opudg71JfZUCRU7B9Qjb"},"fileId":"d2xMX9cA1HsrjrhbhfRNC+"},"_contentSize":{"__type__":"cc.Size","width":678,"height":130},"_position":{"__type__":"cc.Vec3","y":-425},"_scale":{"__type__":"cc.Vec3","x":1,"y":1,"z":1}},{"__type__":"cc.Node","_name":"alert-xinshou","_parent":{"__id__":8},"_children":[{"__id__":10}],"_level":4,"_components":[{"__type__":"cc.Sprite","node":{"__id__":9},"_spriteFrame":{"__uuid__":"eapAElRfhC7rsLpGsAOX29"},"_sizeMode":0},{"__type__":"cc.Button","node":{"__id__":9},"_N$transition":3,"transition":3,"_N$target":{"__id__":9}}],"_prefab":{"__type__":"cc.PrefabInfo","root":{"__id__":1},"asset":{"__uuid__":"a8Opudg71JfZUCRU7B9Qjb"},"fileId":"0bl5u7d9tJkrf4fgnyq4H9"},"_contentSize":{"__type__":"cc.Size","width":250,"height":80},"_position":{"__type__":"cc.Vec3","y":-4},"_scale":{"__type__":"cc.Vec3","x":1,"y":1,"z":1}},{"__type__":"cc.Node","_name":"New Label","_parent":{"__id__":9},"_level":4,"_components":[{"__id__":11}],"_prefab":{"__type__":"cc.PrefabInfo","root":{"__id__":1},"asset":{"__uuid__":"a8Opudg71JfZUCRU7B9Qjb"},"fileId":"f1H2IJ8IhHmYzA3VUJUU3c"},"_contentSize":{"__type__":"cc.Size","width":60,"height":32},"_scale":{"__type__":"cc.Vec3","x":1,"y":1,"z":1}},{"__type__":"cc.Label","node":{"__id__":10},"_srcBlendFactor":1,"_useOriginalSize":false,"_string":"领取","_N$string":"领取","_fontSize":30,"_lineHeight":32,"_N$horizontalAlign":1,"_N$verticalAlign":1}],{"__type__":"cc.SpriteFrame","content":{"name":"shangcehng","texture":"a1kFce2/xNx60AtnsccfV2","rect":[62,412,679,59],"offset":[0,0],"originalSize":[679,59],"capInsets":[0,0,0,0]}},{"__type__":"cc.SpriteFrame","content":{"name":"xinshou","texture":"a1kFce2/xNx60AtnsccfV2","rect":[545,476,197,91],"offset":[0,0],"originalSize":[197,91],"capInsets":[0,0,0,0]}}]