[[{"__type__":"cc.Prefab","_name":"SignIn","data":{"__id__":1}},{"__type__":"cc.Node","_name":"SignIn","_children":[{"__id__":2},{"__id__":3},{"__id__":7},{"__id__":8},{"__id__":9},{"__id__":13}],"_level":1,"_components":[{"__type__":"98dfbDSAoBHhbZO3IN/EAz5","node":{"__id__":1},"colse":{"__id__":5},"content":{"__id__":8},"item":{"__uuid__":"84MqhxZehG56W9xhurFUyz"},"textBt":{"__id__":12},"clickBtn":{"__id__":10},"toggle":{"__id__":19}}],"_prefab":{"__type__":"cc.PrefabInfo","root":{"__id__":1},"asset":{"__uuid__":"0bCtvDFvZKnJl5V2U3sNcX"},"fileId":"5e0aY4inFK6LMyTMlpoW2E"},"_contentSize":{"__type__":"cc.Size","width":699,"height":603},"_position":{"__type__":"cc.Vec3","y":50},"_scale":{"__type__":"cc.Vec3","x":1,"y":1,"z":1}},{"__type__":"cc.Node","_name":"New Sprite(Splash)","_parent":{"__id__":1},"_level":2,"_components":[{"__type__":"cc.Sprite","node":{"__id__":2},"_spriteFrame":{"__uuid__":"510X4D6aFPGa9wjpS7Ot5t"},"_type":1,"_sizeMode":0}],"_prefab":{"__type__":"cc.PrefabInfo","root":{"__id__":1},"asset":{"__uuid__":"0bCtvDFvZKnJl5V2U3sNcX"},"fileId":"35lEtd0kRMpYr4zurXaojK"},"_contentSize":{"__type__":"cc.Size","width":699,"height":603},"_scale":{"__type__":"cc.Vec3","x":1,"y":1,"z":1}},{"__type__":"cc.Node","_name":"alert-shangcehng","_parent":{"__id__":1},"_children":[{"__id__":4},{"__id__":5}],"_level":2,"_components":[{"__type__":"cc.Sprite","node":{"__id__":3},"_spriteFrame":{"__uuid__":"b3CLDo9FhEhpyt697OG5HT"}},{"__type__":"cc.Widget","node":{"__id__":3},"_alignFlags":1,"_top":9.799999999999983}],"_prefab":{"__type__":"cc.PrefabInfo","root":{"__id__":1},"asset":{"__uuid__":"0bCtvDFvZKnJl5V2U3sNcX"},"fileId":"26vOgfrptJC58WCA5j3NJR"},"_contentSize":{"__type__":"cc.Size","width":679,"height":59},"_position":{"__type__":"cc.Vec3","y":262.20000000000005},"_scale":{"__type__":"cc.Vec3","x":1,"y":1,"z":1}},{"__type__":"cc.Node","_name":"New Label","_parent":{"__id__":3},"_level":3,"_components":[{"__type__":"cc.Label","node":{"__id__":4},"_srcBlendFactor":1,"_useOriginalSize":false,"_string":"每日签到","_N$string":"每日签到","_N$horizontalAlign":1,"_N$verticalAlign":1}],"_prefab":{"__type__":"cc.PrefabInfo","root":{"__id__":1},"asset":{"__uuid__":"0bCtvDFvZKnJl5V2U3sNcX"},"fileId":"44PEyvAlpHnYj0LsY5+gk/"},"_contentSize":{"__type__":"cc.Size","width":160,"height":40},"_scale":{"__type__":"cc.Vec3","x":1,"y":1,"z":1}},{"__type__":"cc.Node","_name":"New Node","_parent":{"__id__":3},"_children":[{"__id__":6}],"_level":3,"_components":[{"__type__":"cc.Widget","node":{"__id__":5},"_alignFlags":32},{"__type__":"cc.Button","node":{"__id__":5},"_N$transition":3,"transition":3,"_N$target":{"__id__":5}}],"_prefab":{"__type__":"cc.PrefabInfo","root":{"__id__":1},"asset":{"__uuid__":"0bCtvDFvZKnJl5V2U3sNcX"},"fileId":"ecOtWqgQNBnIDFzbvS0M1A"},"_contentSize":{"__type__":"cc.Size","width":70,"height":70},"_position":{"__type__":"cc.Vec3","x":304.5},"_scale":{"__type__":"cc.Vec3","x":1,"y":1,"z":1}},{"__type__":"cc.Node","_name":"New Sprite(Splash)","_parent":{"__id__":5},"_level":4,"_components":[{"__type__":"cc.Sprite","node":{"__id__":6},"_spriteFrame":{"__uuid__":"33DcKl9v5Ef6qoSRMZ5ejJ"}}],"_prefab":{"__type__":"cc.PrefabInfo","root":{"__id__":1},"asset":{"__uuid__":"0bCtvDFvZKnJl5V2U3sNcX"},"fileId":"40LLFRLL5Da7cg+nutjUSe"},"_contentSize":{"__type__":"cc.Size","width":28,"height":27},"_scale":{"__type__":"cc.Vec3","x":1,"y":1,"z":1}},{"__type__":"cc.Node","_name":"New Label","_parent":{"__id__":1},"_level":2,"_components":[{"__type__":"cc.Label","node":{"__id__":7},"_srcBlendFactor":1,"_useOriginalSize":false,"_string":"连续登陆获取更加丰富的奖励","_N$string":"连续登陆获取更加丰富的奖励","_fontSize":21,"_lineHeight":23,"_N$horizontalAlign":1,"_N$verticalAlign":1},{"__type__":"cc.Widget","node":{"__id__":7},"_alignFlags":1,"_top":72.1}],"_prefab":{"__type__":"cc.PrefabInfo","root":{"__id__":1},"asset":{"__uuid__":"0bCtvDFvZKnJl5V2U3sNcX"},"fileId":"fd/OiVqkBG9rV6sQphJfsy"},"_color":{"__type__":"cc.Color","r":145,"g":156,"b":226},"_contentSize":{"__type__":"cc.Size","width":273,"height":23},"_position":{"__type__":"cc.Vec3","y":217.9},"_scale":{"__type__":"cc.Vec3","x":1,"y":1,"z":1}},{"__type__":"cc.Node","_name":"New Node","_parent":{"__id__":1},"_level":2,"_components":[{"__type__":"cc.Widget","node":{"__id__":8},"_alignFlags":1,"_top":100.5},{"__type__":"cc.Layout","node":{"__id__":8},"_layoutSize":{"__type__":"cc.Size","width":680,"height":380},"_N$layoutType":3,"_N$paddingLeft":12,"_N$spacingX":12,"_N$spacingY":20}],"_prefab":{"__type__":"cc.PrefabInfo","root":{"__id__":1},"asset":{"__uuid__":"0bCtvDFvZKnJl5V2U3sNcX"},"fileId":"5fqBDbYJ5I76a7s12pZyKS"},"_contentSize":{"__type__":"cc.Size","width":680,"height":380},"_position":{"__type__":"cc.Vec3","y":11},"_scale":{"__type__":"cc.Vec3","x":1,"y":1,"z":1}},{"__type__":"cc.Node","_name":"alert-shangcehng","_parent":{"__id__":1},"_children":[{"__id__":10}],"_level":2,"_components":[{"__type__":"cc.Sprite","node":{"__id__":9},"_spriteFrame":{"__uuid__":"b3CLDo9FhEhpyt697OG5HT"},"_type":1,"_sizeMode":0},{"__type__":"cc.Widget","node":{"__id__":9},"_alignFlags":4,"_bottom":5.5}],"_prefab":{"__type__":"cc.PrefabInfo","root":{"__id__":1},"asset":{"__uuid__":"0bCtvDFvZKnJl5V2U3sNcX"},"fileId":"24wCdGOCRBUaUT2T9jq+xT"},"_contentSize":{"__type__":"cc.Size","width":679,"height":120},"_position":{"__type__":"cc.Vec3","y":-236},"_scale":{"__type__":"cc.Vec3","x":1,"y":1,"z":1}},{"__type__":"cc.Node","_name":"alert-xinshou","_parent":{"__id__":9},"_children":[{"__id__":11}],"_level":3,"_components":[{"__type__":"cc.Sprite","node":{"__id__":10},"_spriteFrame":{"__uuid__":"eapAElRfhC7rsLpGsAOX29"},"_sizeMode":0},{"__type__":"cc.Button","node":{"__id__":10},"_N$transition":3,"transition":3,"_N$target":{"__id__":10}}],"_prefab":{"__type__":"cc.PrefabInfo","root":{"__id__":1},"asset":{"__uuid__":"0bCtvDFvZKnJl5V2U3sNcX"},"fileId":"48NRdiSb9F0ruwTBkX8Zqv"},"_contentSize":{"__type__":"cc.Size","width":200,"height":60},"_position":{"__type__":"cc.Vec3","y":16},"_scale":{"__type__":"cc.Vec3","x":1,"y":1,"z":1}},{"__type__":"cc.Node","_name":"New Label","_parent":{"__id__":10},"_level":4,"_components":[{"__id__":12}],"_prefab":{"__type__":"cc.PrefabInfo","root":{"__id__":1},"asset":{"__uuid__":"0bCtvDFvZKnJl5V2U3sNcX"},"fileId":"4b/m38E9tEsasMvonaO072"},"_contentSize":{"__type__":"cc.Size","width":60,"height":32},"_scale":{"__type__":"cc.Vec3","x":1,"y":1,"z":1}},{"__type__":"cc.Label","node":{"__id__":11},"_srcBlendFactor":1,"_useOriginalSize":false,"_string":"领取","_N$string":"领取","_fontSize":30,"_lineHeight":32,"_N$horizontalAlign":1,"_N$verticalAlign":1},{"__type__":"cc.Node","_name":"node","_parent":{"__id__":1},"_children":[{"__id__":14},{"__id__":15}],"_level":2,"_components":[{"__type__":"cc.Sprite","node":{"__id__":13},"_type":1,"_sizeMode":0},{"__type__":"cc.Layout","node":{"__id__":13},"_layoutSize":{"__type__":"cc.Size","width":108,"height":150},"_resize":1,"_N$layoutType":1}],"_prefab":{"__type__":"cc.PrefabInfo","root":{"__id__":1},"asset":{"__uuid__":"0bCtvDFvZKnJl5V2U3sNcX"},"fileId":"96xzTkBAVHPpRHQX+sC2Ax"},"_contentSize":{"__type__":"cc.Size","width":108,"height":150},"_scale":{"__type__":"cc.Vec3","x":1,"y":1,"z":1}},{"__type__":"cc.Node","_name":"New Label","_parent":{"__id__":13},"_level":3,"_components":[{"__type__":"cc.Label","node":{"__id__":14},"_srcBlendFactor":1,"_useOriginalSize":false,"_string":"分享双倍","_N$string":"分享双倍","_fontSize":20,"_lineHeight":22,"_N$horizontalAlign":1,"_N$verticalAlign":1},{"__type__":"cc.Widget","node":{"__id__":14},"_alignFlags":8}],"_prefab":{"__type__":"cc.PrefabInfo","root":{"__id__":1},"asset":{"__uuid__":"0bCtvDFvZKnJl5V2U3sNcX"},"fileId":"d5yS8KhzJHO6ARH7eylGxl"},"_contentSize":{"__type__":"cc.Size","width":80,"height":22},"_position":{"__type__":"cc.Vec3","x":-14,"y":-271},"_scale":{"__type__":"cc.Vec3","x":1,"y":1,"z":1}},{"__type__":"cc.Node","_name":"toggle","_parent":{"__id__":13},"_children":[{"__id__":16},{"__id__":17}],"_level":3,"_components":[{"__id__":19}],"_prefab":{"__type__":"cc.PrefabInfo","root":{"__id__":1},"asset":{"__uuid__":"0bCtvDFvZKnJl5V2U3sNcX"},"fileId":"2bwRhQ05lDk6ErWo2HrOm5"},"_contentSize":{"__type__":"cc.Size","width":28,"height":28},"_position":{"__type__":"cc.Vec3","x":40,"y":-270},"_scale":{"__type__":"cc.Vec3","x":1,"y":1,"z":1}},{"__type__":"cc.Node","_name":"Background","_parent":{"__id__":15},"_components":[{"__type__":"cc.Sprite","node":{"__id__":16},"_spriteFrame":{"__uuid__":"e4oWcb8lJLq5Kwarha/74E"}}],"_prefab":{"__type__":"cc.PrefabInfo","root":{"__id__":1},"asset":{"__uuid__":"0bCtvDFvZKnJl5V2U3sNcX"},"fileId":"2aUzigVdxNAYJh8kCFwlhK"},"_contentSize":{"__type__":"cc.Size","width":22,"height":22},"_position":{"__type__":"cc.Vec3","y":-1.5},"_scale":{"__type__":"cc.Vec3","x":1,"y":1,"z":1}},{"__type__":"cc.Node","_name":"checkmark","_parent":{"__id__":15},"_components":[{"__id__":18}],"_prefab":{"__type__":"cc.PrefabInfo","root":{"__id__":1},"asset":{"__uuid__":"0bCtvDFvZKnJl5V2U3sNcX"},"fileId":"a3NO8q6bhKLIiFfSVFANdQ"},"_contentSize":{"__type__":"cc.Size","width":25,"height":25},"_position":{"__type__":"cc.Vec3","x":1},"_scale":{"__type__":"cc.Vec3","x":1,"y":1,"z":1}},{"__type__":"cc.Sprite","node":{"__id__":17},"_spriteFrame":{"__uuid__":"2ehx+/WPdNXYcXxIg3rMXd"},"_sizeMode":2,"_isTrimmedMode":false},{"__type__":"cc.Toggle","node":{"__id__":15},"_N$transition":3,"transition":3,"_N$target":{"__id__":16},"checkMark":{"__id__":18}}],{"__type__":"cc.SpriteFrame","content":{"name":"gou","texture":"d2mZm4YZ1NYqPd05Z8hLBU","rect":[566,0,25,25],"offset":[0,0],"originalSize":[25,25],"capInsets":[0,0,0,0]}},{"__type__":"cc.SpriteFrame","content":{"name":"close (2)","texture":"a1kFce2/xNx60AtnsccfV2","rect":[383,897,28,27],"offset":[0,0],"originalSize":[28,27],"capInsets":[0,0,0,0]}},{"__type__":"cc.SpriteFrame","content":{"name":"tanchuanbg","texture":"a1kFce2/xNx60AtnsccfV2","rect":[821,756,80,78],"offset":[0,0],"originalSize":[80,78],"capInsets":[11,11,11,10]}},{"__type__":"cc.SpriteFrame","content":{"name":"shangcehng","texture":"a1kFce2/xNx60AtnsccfV2","rect":[62,412,679,59],"offset":[0,0],"originalSize":[679,59],"capInsets":[0,0,0,0]}},{"__type__":"cc.SpriteFrame","content":{"name":"ungou","texture":"d2mZm4YZ1NYqPd05Z8hLBU","rect":[544,0,22,22],"offset":[0,0],"originalSize":[22,22],"capInsets":[0,0,0,0]}},{"__type__":"cc.SpriteFrame","content":{"name":"xinshou","texture":"a1kFce2/xNx60AtnsccfV2","rect":[545,476,197,91],"offset":[0,0],"originalSize":[197,91],"capInsets":[0,0,0,0]}}]