[{"__type__":"cc.Prefab","_name":"starsDetailPanel","data":{"__id__":1}},{"__type__":"cc.Node","_name":"starsDetailPanel","_children":[{"__id__":2},{"__id__":3}],"_level":1,"_components":[{"__type__":"501a9k036xDlo9u49XuXiOa","node":{"__id__":1},"valueLabel":{"__id__":4},"starNode":{"__id__":2}},{"__type__":"cc.Widget","node":{"__id__":1},"_alignFlags":33,"_right":30,"_top":15.5}],"_prefab":{"__type__":"cc.PrefabInfo","root":{"__id__":1},"asset":{"__uuid__":"2dYynng+pLU6g799ONAm7F"},"fileId":"14KXJkoatPuK2RFTsoG4bL"},"_contentSize":{"__type__":"cc.Size","width":150,"height":53},"_position":{"__type__":"cc.Vec3","x":270,"y":625},"_scale":{"__type__":"cc.Vec3","x":1,"y":1,"z":1}},{"__type__":"cc.Node","_name":"star","_parent":{"__id__":1},"_components":[{"__type__":"cc.Sprite","node":{"__id__":2},"_spriteFrame":{"__uuid__":"d458EH+gVHlrQs6CfKFAVk"}},{"__type__":"cc.Widget","node":{"__id__":2},"alignMode":0,"_alignFlags":32}],"_prefab":{"__type__":"cc.PrefabInfo","root":{"__id__":1},"asset":{"__uuid__":"2dYynng+pLU6g799ONAm7F"},"fileId":"d7eUPFfWlKKKJv2gg69Mq1"},"_contentSize":{"__type__":"cc.Size","width":56,"height":53},"_position":{"__type__":"cc.Vec3","x":47},"_scale":{"__type__":"cc.Vec3","x":1,"y":1,"z":1}},{"__type__":"cc.Node","_name":"value","_parent":{"__id__":1},"_components":[{"__id__":4},{"__type__":"cc.Widget","node":{"__id__":3},"alignMode":0,"_alignFlags":32,"_right":70}],"_prefab":{"__type__":"cc.PrefabInfo","root":{"__id__":1},"asset":{"__uuid__":"2dYynng+pLU6g799ONAm7F"},"fileId":"84TSqfa3VH8LB51qVWu4t5"},"_contentSize":{"__type__":"cc.Size","width":22.25,"height":40},"_anchorPoint":{"__type__":"cc.Vec2","x":1,"y":0.5},"_position":{"__type__":"cc.Vec3","x":5,"y":-2},"_scale":{"__type__":"cc.Vec3","x":1,"y":1,"z":1}},{"__type__":"cc.Label","node":{"__id__":3},"_srcBlendFactor":1,"_useOriginalSize":false,"_string":"0","_N$string":"0","_N$horizontalAlign":1,"_N$verticalAlign":1}]