[{"__type__":"cc.Prefab","_name":"SignInShow","data":{"__id__":1}},{"__type__":"cc.Node","_name":"SignLnShow","_children":[{"__id__":2},{"__id__":4}],"_level":1,"_components":[{"__type__":"3bda03aPWlMRpsFhcwc4Fkh","node":{"__id__":1},"bg":{"__id__":3},"icon":{"__id__":7},"count":{"__id__":9}}],"_prefab":{"__type__":"cc.PrefabInfo","root":{"__id__":1},"asset":{"__uuid__":"673JZq12RFcZWqJMYTkvaR"},"fileId":"8diVaDLZFAe6ySmZEchmR0"},"_contentSize":{"__type__":"cc.Size","width":400,"height":400},"_scale":{"__type__":"cc.Vec3","x":1,"y":1,"z":1}},{"__type__":"cc.Node","_name":"bg","_parent":{"__id__":1},"_level":2,"_components":[{"__id__":3},{"__type__":"b1cdc8Z/fFJspZCjPpRVz5S","node":{"__id__":2}}],"_prefab":{"__type__":"cc.PrefabInfo","root":{"__id__":1},"asset":{"__uuid__":"673JZq12RFcZWqJMYTkvaR"},"fileId":"e0VvU0f6JF7J3qWV6G2FOx"},"_contentSize":{"__type__":"cc.Size","width":400,"height":400},"_scale":{"__type__":"cc.Vec3","x":1,"y":1,"z":1}},{"__type__":"cc.Sprite","node":{"__id__":2},"_sizeMode":0},{"__type__":"cc.Node","_name":"New Node","_parent":{"__id__":1},"_children":[{"__id__":5}],"_level":2,"_prefab":{"__type__":"cc.PrefabInfo","root":{"__id__":1},"asset":{"__uuid__":"673JZq12RFcZWqJMYTkvaR"},"fileId":"58QDlUXPlHk4uqxPOczRO0"},"_scale":{"__type__":"cc.Vec3","x":1,"y":1,"z":1}},{"__type__":"cc.Node","_name":"New Layout","_parent":{"__id__":4},"_children":[{"__id__":6},{"__id__":8}],"_level":3,"_components":[{"__type__":"cc.Sprite","node":{"__id__":5},"_type":1,"_sizeMode":0},{"__type__":"cc.Layout","node":{"__id__":5},"_layoutSize":{"__type__":"cc.Size","width":115.61,"height":150},"_resize":1,"_N$layoutType":1}],"_prefab":{"__type__":"cc.PrefabInfo","root":{"__id__":1},"asset":{"__uuid__":"673JZq12RFcZWqJMYTkvaR"},"fileId":"fa0kQmoexCCIG3kvZAkpOp"},"_contentSize":{"__type__":"cc.Size","width":115.61,"height":150},"_scale":{"__type__":"cc.Vec3","x":1,"y":1,"z":1}},{"__type__":"cc.Node","_name":"icon","_parent":{"__id__":5},"_level":4,"_components":[{"__id__":7}],"_prefab":{"__type__":"cc.PrefabInfo","root":{"__id__":1},"asset":{"__uuid__":"673JZq12RFcZWqJMYTkvaR"},"fileId":"17dHHQ1CZBdJ1ng8hTZPmh"},"_contentSize":{"__type__":"cc.Size","width":70,"height":62},"_position":{"__type__":"cc.Vec3","x":-22.805},"_scale":{"__type__":"cc.Vec3","x":1,"y":1,"z":1}},{"__type__":"cc.Sprite","node":{"__id__":6}},{"__type__":"cc.Node","_name":"New Label","_parent":{"__id__":5},"_level":4,"_components":[{"__id__":9}],"_prefab":{"__type__":"cc.PrefabInfo","root":{"__id__":1},"asset":{"__uuid__":"673JZq12RFcZWqJMYTkvaR"},"fileId":"0dWmOG/r5LZLaaZz2Fr98A"},"_contentSize":{"__type__":"cc.Size","width":45.61,"height":40},"_position":{"__type__":"cc.Vec3","x":35},"_scale":{"__type__":"cc.Vec3","x":1,"y":1,"z":1}},{"__type__":"cc.Label","node":{"__id__":8},"_srcBlendFactor":1,"_useOriginalSize":false,"_string":"×5","_N$string":"×5","_N$horizontalAlign":1,"_N$verticalAlign":1}]