[{"__type__":"cc.SpriteFrame","content":{"name":"tanchuangtongyon","texture":"a1kFce2/xNx60AtnsccfV2","rect":[112,794,261,84],"offset":[0,0],"originalSize":[261,84],"capInsets":[0,0,0,0]}},{"__type__":"cc.SpriteFrame","content":{"name":"quxiao","texture":"a1kFce2/xNx60AtnsccfV2","rect":[112,883,261,84],"offset":[0,0],"originalSize":[261,84],"capInsets":[0,0,0,0]}},{"__type__":"cc.SpriteFrame","content":{"name":"tanchuanbg","texture":"a1kFce2/xNx60AtnsccfV2","rect":[821,756,80,78],"offset":[0,0],"originalSize":[80,78],"capInsets":[11,11,11,10]}},{"__type__":"cc.SpriteFrame","content":{"name":"default_sprite_splash","texture":"02delMVqdBD70a/HSD99FK","rect":[0,0,2,2],"offset":[0,0],"originalSize":[2,2],"capInsets":[0,0,0,0]}},[{"__type__":"cc.Prefab","_name":"Angell","data":{"__id__":1}},{"__type__":"cc.Node","_name":"Angell","_children":[{"__id__":2}],"_level":1,"_components":[{"__type__":"753c9faEghFQLZkFV2UFIdi","node":{"__id__":1},"img":{"__id__":15},"text":{"__id__":18},"noBt":{"__id__":4},"okBt":{"__id__":6},"bg":{"__id__":13}}],"_prefab":{"__type__":"cc.PrefabInfo","root":{"__id__":1},"asset":{"__uuid__":"addAF/F0tAarf+HWSsroRm"},"fileId":"c6F3TubEJPSZnCIjK67Yph"},"_contentSize":{"__type__":"cc.Size","width":699,"height":700},"_position":{"__type__":"cc.Vec3","y":295},"_scale":{"__type__":"cc.Vec3","x":1,"y":1,"z":1}},{"__type__":"cc.Node","_name":"New Sprite(Splash)","_parent":{"__id__":1},"_children":[{"__id__":3},{"__id__":11},{"__id__":19}],"_level":2,"_components":[{"__type__":"cc.Sprite","node":{"__id__":2},"_spriteFrame":{"__uuid__":"510X4D6aFPGa9wjpS7Ot5t"},"_type":1,"_sizeMode":0}],"_prefab":{"__type__":"cc.PrefabInfo","root":{"__id__":1},"asset":{"__uuid__":"addAF/F0tAarf+HWSsroRm"},"fileId":"43bVa3zwlKso5ZAQggi5Mn"},"_contentSize":{"__type__":"cc.Size","width":699,"height":700},"_scale":{"__type__":"cc.Vec3","x":1,"y":1,"z":1}},{"__type__":"cc.Node","_name":"alert-shangcehng","_parent":{"__id__":2},"_children":[{"__id__":4},{"__id__":6}],"_level":3,"_components":[{"__type__":"cc.Sprite","node":{"__id__":3},"_spriteFrame":{"__uuid__":"b3CLDo9FhEhpyt697OG5HT"},"_sizeMode":0},{"__type__":"cc.Widget","node":{"__id__":3},"_alignFlags":4,"_bottom":9.100000000000023},{"__type__":"cc.Layout","node":{"__id__":3},"_layoutSize":{"__type__":"cc.Size","width":680,"height":100},"_N$layoutType":1,"_N$paddingLeft":52,"_N$spacingX":52}],"_prefab":{"__type__":"cc.PrefabInfo","root":{"__id__":1},"asset":{"__uuid__":"addAF/F0tAarf+HWSsroRm"},"fileId":"5e/gulq/FDzq5aaRbJOtIN"},"_contentSize":{"__type__":"cc.Size","width":680,"height":100},"_position":{"__type__":"cc.Vec3","y":-290.9},"_scale":{"__type__":"cc.Vec3","x":1,"y":1,"z":1}},{"__type__":"cc.Node","_name":"alert-quxiao","_parent":{"__id__":3},"_children":[{"__id__":5}],"_level":4,"_components":[{"__type__":"cc.Sprite","node":{"__id__":4},"_spriteFrame":{"__uuid__":"4cZAVGzcFEUY7sBe7rd5Fh"}},{"__type__":"cc.Button","node":{"__id__":4},"_N$transition":3,"transition":3,"_N$target":{"__id__":4}}],"_prefab":{"__type__":"cc.PrefabInfo","root":{"__id__":1},"asset":{"__uuid__":"addAF/F0tAarf+HWSsroRm"},"fileId":"83b/MD7tNIrbhQ4/yUyHgZ"},"_contentSize":{"__type__":"cc.Size","width":261,"height":84},"_position":{"__type__":"cc.Vec3","x":-157.5},"_scale":{"__type__":"cc.Vec3","x":1,"y":1,"z":1}},{"__type__":"cc.Node","_name":"New Label","_parent":{"__id__":4},"_level":5,"_components":[{"__type__":"cc.Label","node":{"__id__":5},"_srcBlendFactor":1,"_useOriginalSize":false,"_string":"不用了，谢谢","_N$string":"不用了，谢谢","_fontSize":30,"_lineHeight":32,"_N$horizontalAlign":1,"_N$verticalAlign":1,"_N$fontFamily":"苹方"}],"_prefab":{"__type__":"cc.PrefabInfo","root":{"__id__":1},"asset":{"__uuid__":"addAF/F0tAarf+HWSsroRm"},"fileId":"b23kTpW0JKh6U2iOIx91lz"},"_contentSize":{"__type__":"cc.Size","width":180,"height":32},"_scale":{"__type__":"cc.Vec3","x":1,"y":1,"z":1}},{"__type__":"cc.Node","_name":"alert-tanchuangtongyon","_parent":{"__id__":3},"_children":[{"__id__":7}],"_level":4,"_components":[{"__type__":"cc.Sprite","node":{"__id__":6},"_spriteFrame":{"__uuid__":"39PxN1FxBCxLjMGmRJhgVO"}},{"__type__":"cc.Button","node":{"__id__":6},"_N$transition":3,"transition":3,"_N$target":{"__id__":6}}],"_prefab":{"__type__":"cc.PrefabInfo","root":{"__id__":1},"asset":{"__uuid__":"addAF/F0tAarf+HWSsroRm"},"fileId":"aeCXQ4qxpDtovwUqgQOGQj"},"_contentSize":{"__type__":"cc.Size","width":261,"height":84},"_position":{"__type__":"cc.Vec3","x":155.5},"_scale":{"__type__":"cc.Vec3","x":1,"y":1,"z":1}},{"__type__":"cc.Node","_name":"New Layout","_parent":{"__id__":6},"_children":[{"__id__":8},{"__id__":10}],"_level":5,"_components":[{"__type__":"cc.Sprite","node":{"__id__":7},"_type":1,"_sizeMode":0},{"__type__":"cc.Layout","node":{"__id__":7},"_layoutSize":{"__type__":"cc.Size","width":200,"height":150},"_N$layoutType":1,"_N$spacingX":10}],"_prefab":{"__type__":"cc.PrefabInfo","root":{"__id__":1},"asset":{"__uuid__":"addAF/F0tAarf+HWSsroRm"},"fileId":"f9hW1byk9Bs6Dp+C0LVdJ+"},"_contentSize":{"__type__":"cc.Size","width":200,"height":150},"_scale":{"__type__":"cc.Vec3","x":1,"y":1,"z":1}},{"__type__":"cc.Node","_name":"play","_parent":{"__id__":7},"_level":6,"_components":[{"__id__":9},{"__type__":"32540GFq4FAT5ZSyUpi/XyW","node":{"__id__":8},"img":{"__id__":9},"url":"texture/base/play.png"}],"_prefab":{"__type__":"cc.PrefabInfo","root":{"__id__":1},"asset":{"__uuid__":"addAF/F0tAarf+HWSsroRm"},"fileId":"40uSzJY7BM0byLPRNDrrLc"},"_contentSize":{"__type__":"cc.Size","width":57,"height":57},"_position":{"__type__":"cc.Vec3","x":-71.5},"_scale":{"__type__":"cc.Vec3","x":1,"y":1,"z":1}},{"__type__":"cc.Sprite","node":{"__id__":8}},{"__type__":"cc.Node","_name":"New Label","_parent":{"__id__":7},"_level":6,"_components":[{"__type__":"cc.Label","node":{"__id__":10},"_srcBlendFactor":1,"_useOriginalSize":false,"_string":"观看广告","_N$string":"观看广告","_fontSize":30,"_lineHeight":32,"_N$horizontalAlign":1,"_N$verticalAlign":1}],"_prefab":{"__type__":"cc.PrefabInfo","root":{"__id__":1},"asset":{"__uuid__":"addAF/F0tAarf+HWSsroRm"},"fileId":"22sY235eNMtb2d7yMl6Hd7"},"_contentSize":{"__type__":"cc.Size","width":120,"height":32},"_position":{"__type__":"cc.Vec3","x":27},"_scale":{"__type__":"cc.Vec3","x":1,"y":1,"z":1}},{"__type__":"cc.Node","_name":"New Node","_parent":{"__id__":2},"_children":[{"__id__":12},{"__id__":14},{"__id__":16},{"__id__":17}],"_level":3,"_prefab":{"__type__":"cc.PrefabInfo","root":{"__id__":1},"asset":{"__uuid__":"addAF/F0tAarf+HWSsroRm"},"fileId":"e5EGdnv/lOL7s9W/oaQhni"},"_contentSize":{"__type__":"cc.Size","width":680,"height":581},"_position":{"__type__":"cc.Vec3","y":51},"_scale":{"__type__":"cc.Vec3","x":1,"y":1,"z":1}},{"__type__":"cc.Node","_name":"bg","_parent":{"__id__":11},"_level":4,"_components":[{"__id__":13}],"_prefab":{"__type__":"cc.PrefabInfo","root":{"__id__":1},"asset":{"__uuid__":"addAF/F0tAarf+HWSsroRm"},"fileId":"a2cVnXUdxEB4s1RluFZ+Gb"},"_contentSize":{"__type__":"cc.Size","width":680,"height":480},"_position":{"__type__":"cc.Vec3","y":49},"_scale":{"__type__":"cc.Vec3","x":1,"y":1,"z":1}},{"__type__":"cc.Sprite","node":{"__id__":12},"_sizeMode":0},{"__type__":"cc.Node","_name":"img","_parent":{"__id__":11},"_level":4,"_components":[{"__id__":15},{"__type__":"cc.Widget","node":{"__id__":14},"_alignFlags":45,"_left":339,"_right":339,"_top":289.5,"_bottom":289.5,"_originalWidth":2,"_originalHeight":2}],"_prefab":{"__type__":"cc.PrefabInfo","root":{"__id__":1},"asset":{"__uuid__":"addAF/F0tAarf+HWSsroRm"},"fileId":"6bdXiNVSNLvY6DbKIILIG6"},"_contentSize":{"__type__":"cc.Size","width":2,"height":2},"_scale":{"__type__":"cc.Vec3","x":1,"y":1,"z":1}},{"__type__":"cc.Sprite","node":{"__id__":14}},{"__type__":"cc.Node","_name":"New Sprite(Splash)","_parent":{"__id__":11},"_level":4,"_components":[{"__type__":"cc.Sprite","node":{"__id__":16},"_spriteFrame":{"__uuid__":"a2MjXRFdtLlYQ5ouAFv/+R"},"_sizeMode":0},{"__type__":"cc.Widget","node":{"__id__":16},"_alignFlags":4}],"_prefab":{"__type__":"cc.PrefabInfo","root":{"__id__":1},"asset":{"__uuid__":"addAF/F0tAarf+HWSsroRm"},"fileId":"5f2C4V3pBMn4pYsD+JfKTt"},"_opacity":150,"_color":{"__type__":"cc.Color"},"_contentSize":{"__type__":"cc.Size","width":680,"height":100},"_position":{"__type__":"cc.Vec3","y":-240.5},"_scale":{"__type__":"cc.Vec3","x":1,"y":1,"z":1}},{"__type__":"cc.Node","_name":"New Label","_parent":{"__id__":11},"_level":4,"_components":[{"__id__":18}],"_prefab":{"__type__":"cc.PrefabInfo","root":{"__id__":1},"asset":{"__uuid__":"addAF/F0tAarf+HWSsroRm"},"fileId":"3fMawHrpNLh4jLwXER8PM6"},"_color":{"__type__":"cc.Color","r":255,"g":239,"b":63},"_contentSize":{"__type__":"cc.Size","width":280,"height":40},"_position":{"__type__":"cc.Vec3","y":-240.5},"_scale":{"__type__":"cc.Vec3","x":1,"y":1,"z":1}},{"__type__":"cc.Label","node":{"__id__":17},"_srcBlendFactor":1,"_useOriginalSize":false,"_string":"增加主角攻击力","_N$string":"增加主角攻击力","_N$horizontalAlign":1,"_N$verticalAlign":1,"_N$fontFamily":"苹方"},{"__type__":"cc.Node","_name":"shangcehng","_parent":{"__id__":2},"_children":[{"__id__":20}],"_level":3,"_components":[{"__type__":"cc.Sprite","node":{"__id__":19},"_spriteFrame":{"__uuid__":"b3CLDo9FhEhpyt697OG5HT"}}],"_prefab":{"__type__":"cc.PrefabInfo","root":{"__id__":1},"asset":{"__uuid__":"addAF/F0tAarf+HWSsroRm"},"fileId":"73u6wJ/X1En57zzVsYxkNx"},"_contentSize":{"__type__":"cc.Size","width":679,"height":59},"_position":{"__type__":"cc.Vec3","y":311},"_scale":{"__type__":"cc.Vec3","x":1,"y":1,"z":1}},{"__type__":"cc.Node","_name":"New Label","_parent":{"__id__":19},"_level":4,"_components":[{"__type__":"cc.Label","node":{"__id__":20},"_srcBlendFactor":1,"_useOriginalSize":false,"_string":"天使奖励","_N$string":"天使奖励","_N$horizontalAlign":1,"_N$verticalAlign":1,"_N$fontFamily":"苹方"}],"_prefab":{"__type__":"cc.PrefabInfo","root":{"__id__":1},"asset":{"__uuid__":"addAF/F0tAarf+HWSsroRm"},"fileId":"1aNr+QlMxKWINbLtzw3zJe"},"_contentSize":{"__type__":"cc.Size","width":160,"height":40},"_scale":{"__type__":"cc.Vec3","x":1,"y":1,"z":1}}],{"__type__":"cc.SpriteFrame","content":{"name":"shangcehng","texture":"a1kFce2/xNx60AtnsccfV2","rect":[62,412,679,59],"offset":[0,0],"originalSize":[679,59],"capInsets":[0,0,0,0]}}]