[{"__type__":"cc.SpriteFrame","content":{"name":"bg11","texture":"ebWP2t5j1H2JDvbzRFS3h7","rect":[775,298,169,163],"offset":[0,0],"originalSize":[169,163],"capInsets":[0,0,0,0]}},{"__type__":"cc.SpriteFrame","content":{"name":"bg12","texture":"ebWP2t5j1H2JDvbzRFS3h7","rect":[775,476,169,163],"offset":[0,0],"originalSize":[169,163],"capInsets":[0,0,0,0]}},{"__type__":"cc.SpriteFrame","content":{"name":"bg02","texture":"ebWP2t5j1H2JDvbzRFS3h7","rect":[10,775,750,584],"offset":[0,0],"originalSize":[750,584],"capInsets":[0,0,0,0]}},{"__type__":"cc.SpriteAtlas","_name":"5.plist","_spriteFrames":{"bg00":{"__uuid__":"fd/b3eV6xDKIUdu5CYzh2d"},"bg01":{"__uuid__":"71/EC2P1NFZZu8t4C5qd6J"},"bg02":{"__uuid__":"45tL/RMQxFaLyJ71RaPyIo"},"bg11":{"__uuid__":"14IFiWiwRJu6+3rA27ud1X"},"bg12":{"__uuid__":"3dXXG9VzpPqp91kQzIvLEU"},"bg21":{"__uuid__":"e2Deng+HlGNbCiULyYNJH8"},"bg22":{"__uuid__":"e9p877MUdGJ45ZCzDgQnot"},"bg31":{"__uuid__":"84invZga5A2pUYJaLmMujn"},"bg32":{"__uuid__":"f3/eTR0mxLiKrNtoFjVKXJ"}}},{"__type__":"cc.SpriteFrame","content":{"name":"bg01","texture":"ebWP2t5j1H2JDvbzRFS3h7","rect":[10,10,750,750],"offset":[0,0],"originalSize":[750,750],"capInsets":[0,0,0,0]}},{"__type__":"cc.SpriteFrame","content":{"name":"bg31","texture":"ebWP2t5j1H2JDvbzRFS3h7","rect":[939,801,136,69],"offset":[0,0],"originalSize":[136,69],"rotated":1,"capInsets":[0,0,0,0]}},{"__type__":"cc.SpriteFrame","content":{"name":"bg21","texture":"ebWP2t5j1H2JDvbzRFS3h7","rect":[775,654,149,130],"offset":[0,0],"originalSize":[149,130],"capInsets":[0,0,0,0]}},{"__type__":"cc.SpriteFrame","content":{"name":"bg22","texture":"ebWP2t5j1H2JDvbzRFS3h7","rect":[775,799,149,130],"offset":[0,0],"originalSize":[149,130],"capInsets":[0,0,0,0]}},{"__type__":"cc.SpriteFrame","content":{"name":"bg32","texture":"ebWP2t5j1H2JDvbzRFS3h7","rect":[939,654,132,72],"offset":[0,0],"originalSize":[132,72],"rotated":1,"capInsets":[0,0,0,0]}},{"__type__":"cc.SpriteFrame","content":{"name":"bg00","texture":"ebWP2t5j1H2JDvbzRFS3h7","rect":[775,10,273,237],"offset":[0,0],"originalSize":[273,237],"rotated":1,"capInsets":[0,0,0,0]}}]