[{"__type__":"cc.BitmapFont","_name":"red","spriteFrame":{"__uuid__":"fbKcvMCuZGzprk9rdAo/GY"},"fontSize":32,"_fntConfig":{"commonHeight":32,"fontSize":32,"atlasName":"red_0.png","fontDefDictionary":{"46":{"rect":{"x":355,"y":159,"width":15,"height":52},"xOffset":0,"yOffset":0,"xAdvance":15},"48":{"rect":{"x":459,"y":0,"width":32,"height":52},"xOffset":0,"yOffset":0,"xAdvance":32},"49":{"rect":{"x":260,"y":159,"width":22,"height":52},"xOffset":0,"yOffset":0,"xAdvance":22},"50":{"rect":{"x":357,"y":106,"width":27,"height":52},"xOffset":0,"yOffset":0,"xAdvance":27},"51":{"rect":{"x":385,"y":106,"width":27,"height":52},"xOffset":0,"yOffset":0,"xAdvance":27},"52":{"rect":{"x":324,"y":53,"width":30,"height":52},"xOffset":0,"yOffset":0,"xAdvance":30},"53":{"rect":{"x":413,"y":106,"width":27,"height":52},"xOffset":0,"yOffset":0,"xAdvance":27},"54":{"rect":{"x":262,"y":53,"width":30,"height":52},"xOffset":0,"yOffset":0,"xAdvance":30},"55":{"rect":{"x":84,"y":159,"width":25,"height":52},"xOffset":0,"yOffset":0,"xAdvance":25},"56":{"rect":{"x":417,"y":53,"width":30,"height":52},"xOffset":0,"yOffset":0,"xAdvance":30},"57":{"rect":{"x":448,"y":53,"width":30,"height":52},"xOffset":0,"yOffset":0,"xAdvance":30},"65":{"rect":{"x":391,"y":0,"width":34,"height":52},"xOffset":0,"yOffset":0,"xAdvance":34},"66":{"rect":{"x":479,"y":53,"width":30,"height":52},"xOffset":0,"yOffset":0,"xAdvance":30},"67":{"rect":{"x":56,"y":159,"width":27,"height":52},"xOffset":0,"yOffset":0,"xAdvance":27},"68":{"rect":{"x":426,"y":0,"width":32,"height":52},"xOffset":0,"yOffset":0,"xAdvance":32},"69":{"rect":{"x":469,"y":106,"width":27,"height":52},"xOffset":0,"yOffset":0,"xAdvance":27},"70":{"rect":{"x":441,"y":106,"width":27,"height":52},"xOffset":0,"yOffset":0,"xAdvance":27},"71":{"rect":{"x":165,"y":53,"width":32,"height":52},"xOffset":0,"yOffset":0,"xAdvance":32},"72":{"rect":{"x":198,"y":53,"width":32,"height":52},"xOffset":0,"yOffset":0,"xAdvance":32},"73":{"rect":{"x":321,"y":159,"width":16,"height":52},"xOffset":0,"yOffset":0,"xAdvance":16},"74":{"rect":{"x":283,"y":159,"width":20,"height":52},"xOffset":0,"yOffset":0,"xAdvance":20},"75":{"rect":{"x":0,"y":53,"width":32,"height":52},"xOffset":0,"yOffset":0,"xAdvance":32},"76":{"rect":{"x":136,"y":159,"width":25,"height":52},"xOffset":0,"yOffset":0,"xAdvance":25},"77":{"rect":{"x":49,"y":0,"width":42,"height":52},"xOffset":0,"yOffset":0,"xAdvance":42},"78":{"rect":{"x":356,"y":0,"width":34,"height":52},"xOffset":0,"yOffset":0,"xAdvance":34},"79":{"rect":{"x":248,"y":0,"width":36,"height":52},"xOffset":0,"yOffset":0,"xAdvance":36},"80":{"rect":{"x":66,"y":53,"width":32,"height":52},"xOffset":0,"yOffset":0,"xAdvance":32},"81":{"rect":{"x":172,"y":0,"width":37,"height":52},"xOffset":0,"yOffset":0,"xAdvance":37},"82":{"rect":{"x":99,"y":53,"width":32,"height":52},"xOffset":0,"yOffset":0,"xAdvance":32},"83":{"rect":{"x":0,"y":106,"width":30,"height":52},"xOffset":0,"yOffset":0,"xAdvance":30},"84":{"rect":{"x":231,"y":53,"width":30,"height":52},"xOffset":0,"yOffset":0,"xAdvance":30},"85":{"rect":{"x":33,"y":53,"width":32,"height":52},"xOffset":0,"yOffset":0,"xAdvance":32},"86":{"rect":{"x":321,"y":0,"width":34,"height":52},"xOffset":0,"yOffset":0,"xAdvance":34},"87":{"rect":{"x":0,"y":0,"width":48,"height":52},"xOffset":0,"yOffset":0,"xAdvance":48},"88":{"rect":{"x":285,"y":0,"width":35,"height":52},"xOffset":0,"yOffset":0,"xAdvance":35},"89":{"rect":{"x":210,"y":0,"width":37,"height":52},"xOffset":0,"yOffset":0,"xAdvance":37},"90":{"rect":{"x":132,"y":53,"width":32,"height":52},"xOffset":0,"yOffset":0,"xAdvance":32},"97":{"rect":{"x":241,"y":106,"width":28,"height":52},"xOffset":0,"yOffset":0,"xAdvance":28},"98":{"rect":{"x":270,"y":106,"width":28,"height":52},"xOffset":0,"yOffset":0,"xAdvance":28},"99":{"rect":{"x":110,"y":159,"width":25,"height":52},"xOffset":0,"yOffset":0,"xAdvance":25},"100":{"rect":{"x":299,"y":106,"width":28,"height":52},"xOffset":0,"yOffset":0,"xAdvance":28},"101":{"rect":{"x":0,"y":159,"width":27,"height":52},"xOffset":0,"yOffset":0,"xAdvance":27},"102":{"rect":{"x":212,"y":159,"width":23,"height":52},"xOffset":0,"yOffset":0,"xAdvance":23},"103":{"rect":{"x":328,"y":106,"width":28,"height":52},"xOffset":0,"yOffset":0,"xAdvance":28},"104":{"rect":{"x":31,"y":106,"width":29,"height":52},"xOffset":0,"yOffset":0,"xAdvance":29},"105":{"rect":{"x":304,"y":159,"width":16,"height":52},"xOffset":0,"yOffset":0,"xAdvance":16},"106":{"rect":{"x":492,"y":0,"width":17,"height":52},"xOffset":0,"yOffset":0,"xAdvance":17},"107":{"rect":{"x":61,"y":106,"width":29,"height":52},"xOffset":0,"yOffset":0,"xAdvance":29},"108":{"rect":{"x":338,"y":159,"width":16,"height":52},"xOffset":0,"yOffset":0,"xAdvance":16},"109":{"rect":{"x":132,"y":0,"width":39,"height":52},"xOffset":0,"yOffset":0,"xAdvance":39},"110":{"rect":{"x":91,"y":106,"width":29,"height":52},"xOffset":0,"yOffset":0,"xAdvance":29},"111":{"rect":{"x":121,"y":106,"width":29,"height":52},"xOffset":0,"yOffset":0,"xAdvance":29},"112":{"rect":{"x":151,"y":106,"width":29,"height":52},"xOffset":0,"yOffset":0,"xAdvance":29},"113":{"rect":{"x":181,"y":106,"width":29,"height":52},"xOffset":0,"yOffset":0,"xAdvance":29},"114":{"rect":{"x":236,"y":159,"width":23,"height":52},"xOffset":0,"yOffset":0,"xAdvance":23},"115":{"rect":{"x":162,"y":159,"width":24,"height":52},"xOffset":0,"yOffset":0,"xAdvance":24},"116":{"rect":{"x":187,"y":159,"width":24,"height":52},"xOffset":0,"yOffset":0,"xAdvance":24},"117":{"rect":{"x":211,"y":106,"width":29,"height":52},"xOffset":0,"yOffset":0,"xAdvance":29},"118":{"rect":{"x":293,"y":53,"width":30,"height":52},"xOffset":0,"yOffset":0,"xAdvance":30},"119":{"rect":{"x":92,"y":0,"width":39,"height":52},"xOffset":0,"yOffset":0,"xAdvance":39},"120":{"rect":{"x":355,"y":53,"width":30,"height":52},"xOffset":0,"yOffset":0,"xAdvance":30},"121":{"rect":{"x":386,"y":53,"width":30,"height":52},"xOffset":0,"yOffset":0,"xAdvance":30},"122":{"rect":{"x":28,"y":159,"width":27,"height":52},"xOffset":0,"yOffset":0,"xAdvance":27}},"kerningDict":{}}},[{"__type__":"cc.Prefab","_name":"attackNumber","data":{"__id__":1}},{"__type__":"cc.Node","_name":"AttackNumber","_children":[{"__id__":2}],"_level":1,"_components":[{"__type__":"26277VH6kZMK6/JDM8tIeAw","node":{"__id__":1},"label":{"__id__":3}}],"_prefab":{"__type__":"cc.PrefabInfo","root":{"__id__":1},"asset":{"__uuid__":"ebT0PkS+hCzKptH7kEriTX"},"fileId":"2f+Bc+IRVE9ZmKJfgQsP17"},"_scale":{"__type__":"cc.Vec3","x":1,"y":1,"z":1}},{"__type__":"cc.Node","_name":"label","_parent":{"__id__":1},"_level":2,"_components":[{"__id__":3}],"_prefab":{"__type__":"cc.PrefabInfo","root":{"__id__":1},"asset":{"__uuid__":"ebT0PkS+hCzKptH7kEriTX"},"fileId":"ebxk5SH65Cd6/VwPUx/7B2"},"_color":{"__type__":"cc.Color","r":224,"g":38,"b":38},"_contentSize":{"__type__":"cc.Size","width":180,"height":62.5},"_scale":{"__type__":"cc.Vec3","x":1,"y":1,"z":1}},{"__type__":"cc.Label","node":{"__id__":2},"_string":"5.99M","_N$string":"5.99M","_lineHeight":50,"_N$file":{"__uuid__":"2fwZg2QwdGXI6NCcO6WMo/"},"_isSystemFontUsed":false,"_N$verticalAlign":1}],{"__type__":"cc.SpriteFrame","content":{"name":"red_0","texture":"ab7Sz9Vw5KwahxXe/Ot5l8","rect":[0,0,509,211],"offset":[-1.5,150.5],"originalSize":[512,512],"capInsets":[0,0,0,0]}}]