[{"__type__":"cc.SpriteFrame","content":{"name":"1","texture":"a1azBQoMxBvZhnEODwGZFr","rect":[0,0,96,32],"offset":[0,0],"originalSize":[96,32],"capInsets":[0,0,0,0]}},[{"__type__":"cc.Prefab","_name":"1-1","data":{"__id__":1}},{"__type__":"cc.Node","_name":"1","_components":[{"__type__":"cc.Sprite","node":{"__id__":1},"_spriteFrame":{"__uuid__":"3b3YzhP21AuIjG19UxLXo4"}},{"__type__":"cc.RigidBody","node":{"__id__":1},"enabledContactListener":true},{"__type__":"cc.PhysicsBoxCollider","node":{"__id__":1},"_restitution":0.1,"_size":{"__type__":"cc.Size","width":96,"height":32}},{"__type__":"a058dD7mZpHmIw83dheUpZy","node":{"__id__":1}}],"_prefab":{"__type__":"cc.PrefabInfo","root":{"__id__":1},"asset":{"__uuid__":"efXID7D3JBwZ2ZfkWQ/olb"},"fileId":"c4ZgQCIUBOQ78eeRqqCWR6"},"_contentSize":{"__type__":"cc.Size","width":96,"height":32},"_position":{"__type__":"cc.Vec3","x":-320,"y":-568},"_scaleX":1,"_scaleY":1,"_scale":{"__type__":"cc.Vec3","x":1,"y":1,"z":1}}]]