[[{"__type__":"cc.Prefab","_name":"valentine_5","data":{"__id__":1}},{"__type__":"cc.Node","_name":"valentine_5","_components":[{"__type__":"cc.Sprite","node":{"__id__":1},"_spriteFrame":{"__uuid__":"8dgQpZumBB+rNsWeh3uSIF"},"_sizeMode":0},{"__type__":"cc.RigidBody","node":{"__id__":1},"enabledContactListener":true},{"__type__":"cc.PhysicsBoxCollider","node":{"__id__":1},"_size":{"__type__":"cc.Size","width":128,"height":78}},{"__type__":"a058dD7mZpHmIw83dheUpZy","node":{"__id__":1},"shapeType":2}],"_prefab":{"__type__":"cc.PrefabInfo","root":{"__id__":1},"asset":{"__uuid__":"04YVX3OF9M2o5duEJw7EQP"},"fileId":"93CyKFy8BGWYxlEqk1xGXk"},"_contentSize":{"__type__":"cc.Size","width":128,"height":78},"_scaleX":1,"_scaleY":1,"_scale":{"__type__":"cc.Vec3","x":1,"y":1,"z":1}}],{"__type__":"cc.SpriteFrame","content":{"name":"valentine_5","texture":"b9EydgUOdPu4I6PSTiU3k4","rect":[0,0,128,78],"offset":[0,0],"originalSize":[128,78],"capInsets":[0,0,0,0]}}]