[[{"__type__":"cc.Prefab","_name":"eventShapeBtnGuider","data":{"__id__":1}},{"__type__":"cc.Node","_name":"eventShapeBtnGuider","_children":[{"__id__":2},{"__id__":3},{"__id__":5}],"_level":1,"_components":[{"__type__":"f5110zZScxFV6XZo0eWzmPX","node":{"__id__":1},"tapBlockNode":{"__id__":2},"maskerNode":{"__id__":3},"bgNode":{"__id__":4}}],"_prefab":{"__type__":"cc.PrefabInfo","root":{"__id__":1},"asset":{"__uuid__":"59oXFu1PNI07IV5KPJ20Gg"},"fileId":"b0SY63a65GdJCbUHMHjtgO"},"_contentSize":{"__type__":"cc.Size","width":140,"height":180},"_scale":{"__type__":"cc.Vec3","x":1,"y":1,"z":1}},{"__type__":"cc.Node","_name":"block","_parent":{"__id__":1},"_level":2,"_components":[{"__type__":"cc.BlockInputEvents","node":{"__id__":2}}],"_prefab":{"__type__":"cc.PrefabInfo","root":{"__id__":1},"asset":{"__uuid__":"59oXFu1PNI07IV5KPJ20Gg"},"fileId":"f5xXw1K0xD46qFxYk2Tikm"},"_contentSize":{"__type__":"cc.Size","width":750,"height":1334},"_scale":{"__type__":"cc.Vec3","x":1,"y":1,"z":1}},{"__type__":"cc.Node","_name":"masker","_parent":{"__id__":1},"_children":[{"__id__":4}],"_level":2,"_components":[{"__type__":"cc.Mask","node":{"__id__":3},"_N$inverted":true}],"_prefab":{"__type__":"cc.PrefabInfo","root":{"__id__":1},"asset":{"__uuid__":"59oXFu1PNI07IV5KPJ20Gg"},"fileId":"4bVy9zCuJBN5re+NcCxGAQ"},"_contentSize":{"__type__":"cc.Size","width":140,"height":180},"_scale":{"__type__":"cc.Vec3","x":1,"y":1,"z":1}},{"__type__":"cc.Node","_name":"bg","_parent":{"__id__":3},"_level":3,"_components":[{"__type__":"cc.Sprite","node":{"__id__":4},"_spriteFrame":{"__uuid__":"a2MjXRFdtLlYQ5ouAFv/+R"},"_sizeMode":0}],"_prefab":{"__type__":"cc.PrefabInfo","root":{"__id__":1},"asset":{"__uuid__":"59oXFu1PNI07IV5KPJ20Gg"},"fileId":"f8Sz9DC69BGoyBfWCgcmoO"},"_opacity":128,"_color":{"__type__":"cc.Color"},"_contentSize":{"__type__":"cc.Size","width":1200,"height":2000},"_position":{"__type__":"cc.Vec3","x":290,"y":-77},"_scale":{"__type__":"cc.Vec3","x":1,"y":1,"z":1}},{"__type__":"cc.Node","_name":"guidercontent","_parent":{"__id__":1},"_children":[{"__id__":6},{"__id__":7}],"_level":2,"_components":[{"__type__":"cc.Sprite","node":{"__id__":5},"_spriteFrame":{"__uuid__":"e90lozZ05E8KfIjL9R81RO"},"_type":1,"_sizeMode":0}],"_prefab":{"__type__":"cc.PrefabInfo","root":{"__id__":1},"asset":{"__uuid__":"59oXFu1PNI07IV5KPJ20Gg"},"fileId":"a7YVavFgRNCrmIqrzvLNFY"},"_contentSize":{"__type__":"cc.Size","width":554,"height":160},"_position":{"__type__":"cc.Vec3","x":212,"y":-219},"_scale":{"__type__":"cc.Vec3","x":1,"y":1,"z":1}},{"__type__":"cc.Node","_name":"guiderarrow","_parent":{"__id__":5},"_level":3,"_components":[{"__type__":"cc.Sprite","node":{"__id__":6},"_spriteFrame":{"__uuid__":"c3xFeJn2lBMrnjKPX1Xrxt"}}],"_prefab":{"__type__":"cc.PrefabInfo","root":{"__id__":1},"asset":{"__uuid__":"59oXFu1PNI07IV5KPJ20Gg"},"fileId":"a2waDnMe5P/Kn4d3GkwzU1"},"_contentSize":{"__type__":"cc.Size","width":57,"height":57},"_position":{"__type__":"cc.Vec3","x":-209,"y":101},"_scale":{"__type__":"cc.Vec3","x":1,"y":1,"z":1}},{"__type__":"cc.Node","_name":"content","_parent":{"__id__":5},"_level":3,"_components":[{"__type__":"cc.Label","node":{"__id__":7},"_srcBlendFactor":1,"_useOriginalSize":false,"_string":"点击获得节日限定方块，\n增添更多游戏乐趣！","_N$string":"点击获得节日限定方块，\n增添更多游戏乐趣！","_lineHeight":52,"_N$horizontalAlign":1,"_N$verticalAlign":1}],"_prefab":{"__type__":"cc.PrefabInfo","root":{"__id__":1},"asset":{"__uuid__":"59oXFu1PNI07IV5KPJ20Gg"},"fileId":"624bUdhDhD87iMrMuaBRQg"},"_contentSize":{"__type__":"cc.Size","width":440,"height":104},"_scale":{"__type__":"cc.Vec3","x":1,"y":1,"z":1}}],{"__type__":"cc.SpriteFrame","content":{"name":"guiderarrow","texture":"85os06+mVC76dW5JFciLOy","rect":[0,0,57,57],"offset":[0,0],"originalSize":[57,57],"capInsets":[0,0,0,0]}},{"__type__":"cc.SpriteFrame","content":{"name":"guidercontent","texture":"7bytyvERtH4KYAMOHebxPS","rect":[0,0,630,218],"offset":[0,0],"originalSize":[630,218],"capInsets":[10,10,10,10]}}]