[{"__type__":"cc.SpriteFrame","content":{"name":"chunjie_3","texture":"3fT7iCn8FKzKl7XJ6OuBma","rect":[0,0,128,114],"offset":[0,0],"originalSize":[128,114],"capInsets":[0,0,0,0]}},[{"__type__":"cc.Prefab","_name":"chunjie_3","data":{"__id__":1}},{"__type__":"cc.Node","_name":"chunjie_3","_components":[{"__type__":"cc.Sprite","node":{"__id__":1},"_spriteFrame":{"__uuid__":"4b736tOGBIkJEs67xTsvso"},"_sizeMode":0},{"__type__":"cc.RigidBody","node":{"__id__":1},"enabledContactListener":true},{"__type__":"cc.PhysicsPolygonCollider","node":{"__id__":1},"points":[{"__type__":"cc.Vec2","x":-15,"y":48},{"__type__":"cc.Vec2","x":-18.75,"y":40.421052631578945},{"__type__":"cc.Vec2","x":-26.25,"y":38.73684210526315},{"__type__":"cc.Vec2","x":-35.25,"y":32.84210526315789},{"__type__":"cc.Vec2","x":-43.5,"y":22.73684210526315},{"__type__":"cc.Vec2","x":-48,"y":10.94736842105263},{"__type__":"cc.Vec2","x":-48,"y":-6.7368421052631575},{"__type__":"cc.Vec2","x":-41.25,"y":-21.894736842105264},{"__type__":"cc.Vec2","x":-33,"y":-30.315789473684212},{"__type__":"cc.Vec2","x":-18,"y":-36.21052631578947},{"__type__":"cc.Vec2","x":-18,"y":-43.78947368421053},{"__type__":"cc.Vec2","x":-15,"y":-48},{"__type__":"cc.Vec2","x":15,"y":-48},{"__type__":"cc.Vec2","x":18,"y":-43.78947368421053},{"__type__":"cc.Vec2","x":18,"y":-36.21052631578947},{"__type__":"cc.Vec2","x":26.2,"y":-34.2},{"__type__":"cc.Vec2","x":36,"y":-27.789473684210527},{"__type__":"cc.Vec2","x":44.25,"y":-16.842105263157897},{"__type__":"cc.Vec2","x":48,"y":-6.7368421052631575},{"__type__":"cc.Vec2","x":48,"y":10.94736842105263},{"__type__":"cc.Vec2","x":43.5,"y":22.73684210526315},{"__type__":"cc.Vec2","x":33,"y":34.526315789473685},{"__type__":"cc.Vec2","x":18.75,"y":40.421052631578945},{"__type__":"cc.Vec2","x":15,"y":48}]},{"__type__":"a058dD7mZpHmIw83dheUpZy","node":{"__id__":1},"shapeType":2}],"_prefab":{"__type__":"cc.PrefabInfo","root":{"__id__":1},"asset":{"__uuid__":"6cUYdQO4tF0rt0MGhSGSq3"},"fileId":"93CyKFy8BGWYxlEqk1xGXk"},"_contentSize":{"__type__":"cc.Size","width":96,"height":96},"_position":{"__type__":"cc.Vec3","x":-320,"y":-568},"_scaleX":1,"_scaleY":1,"_scale":{"__type__":"cc.Vec3","x":1,"y":1,"z":1}}]]