[{"__type__":"cc.SpriteFrame","content":{"name":"获得星星","texture":"653JyuM6hBPqa2xsjqciBf","rect":[0,0,157,37],"offset":[0,0],"originalSize":[157,37],"capInsets":[0,0,0,0]}},[{"__type__":"cc.Prefab","_name":"starRewardPanel","data":{"__id__":1}},{"__type__":"cc.Node","_name":"starRewardPanel","_children":[{"__id__":2},{"__id__":4},{"__id__":5},{"__id__":6},{"__id__":7},{"__id__":9},{"__id__":10},{"__id__":12}],"_level":1,"_components":[{"__type__":"c9f7eWuGO5LFLSEql+HNhRE","node":{"__id__":1},"doubleBtn":{"__id__":10},"claimBtn":{"__id__":12},"countLabel":{"__id__":8}}],"_prefab":{"__type__":"cc.PrefabInfo","root":{"__id__":1},"asset":{"__uuid__":"e241B2m21KbZouj8wRoEG7"},"fileId":"50FWEvdxdPkItk0E5bK5H2"},"_contentSize":{"__type__":"cc.Size","width":480,"height":620},"_scale":{"__type__":"cc.Vec3","x":1,"y":1,"z":1}},{"__type__":"cc.Node","_name":"ui_revive-card_bg","_parent":{"__id__":1},"_children":[{"__id__":3}],"_components":[{"__type__":"cc.Sprite","node":{"__id__":2},"_spriteFrame":{"__uuid__":"edBHIQa7RKxopQxFkXhNq0"},"_sizeMode":0}],"_prefab":{"__type__":"cc.PrefabInfo","root":{"__id__":1},"asset":{"__uuid__":"e241B2m21KbZouj8wRoEG7"},"fileId":"b1aEGnc5xNuoiCm1AS7ajz"},"_contentSize":{"__type__":"cc.Size","width":480,"height":400},"_position":{"__type__":"cc.Vec3","y":104},"_scale":{"__type__":"cc.Vec3","x":1,"y":1,"z":1}},{"__type__":"cc.Node","_name":"bg","_parent":{"__id__":2},"_components":[{"__type__":"cc.Sprite","node":{"__id__":3},"_spriteFrame":{"__uuid__":"a2MjXRFdtLlYQ5ouAFv/+R"},"_type":1,"_sizeMode":0},{"__type__":"cc.Widget","node":{"__id__":3},"alignMode":0,"_alignFlags":45,"_left":10,"_right":10,"_top":10,"_bottom":10,"_originalWidth":100,"_originalHeight":100}],"_prefab":{"__type__":"cc.PrefabInfo","root":{"__id__":1},"asset":{"__uuid__":"e241B2m21KbZouj8wRoEG7"},"fileId":"baZoANXDdFZ504Cmd3VoQw"},"_color":{"__type__":"cc.Color"},"_contentSize":{"__type__":"cc.Size","width":460,"height":380},"_scale":{"__type__":"cc.Vec3","x":1,"y":1,"z":1}},{"__type__":"cc.Node","_name":"title","_parent":{"__id__":1},"_level":2,"_components":[{"__type__":"cc.Sprite","node":{"__id__":4},"_spriteFrame":{"__uuid__":"9cSfvwJ7lHUJmjP3on5age"}}],"_prefab":{"__type__":"cc.PrefabInfo","root":{"__id__":1},"asset":{"__uuid__":"e241B2m21KbZouj8wRoEG7"},"fileId":"fbpDJpLidHY4kEUTBOkdNu"},"_contentSize":{"__type__":"cc.Size","width":157,"height":37},"_position":{"__type__":"cc.Vec3","y":240},"_scale":{"__type__":"cc.Vec3","x":1,"y":1,"z":1}},{"__type__":"cc.Node","_name":"info","_parent":{"__id__":1},"_active":false,"_components":[{"__type__":"cc.Label","node":{"__id__":5},"_srcBlendFactor":1,"_useOriginalSize":false,"_string":"恭喜获得星星奖励","_N$string":"恭喜获得星星奖励","_fontSize":24,"_lineHeight":30,"_N$horizontalAlign":1,"_N$verticalAlign":1}],"_prefab":{"__type__":"cc.PrefabInfo","root":{"__id__":1},"asset":{"__uuid__":"e241B2m21KbZouj8wRoEG7"},"fileId":"94SKikD9xJTLXCpG5WwMvo"},"_contentSize":{"__type__":"cc.Size","width":192,"height":30},"_position":{"__type__":"cc.Vec3","y":206},"_scale":{"__type__":"cc.Vec3","x":1,"y":1,"z":1}},{"__type__":"cc.Node","_name":"starboxred","_parent":{"__id__":1},"_level":2,"_components":[{"__type__":"cc.Sprite","node":{"__id__":6},"_spriteFrame":{"__uuid__":"52N5hlMtJMVa93I7ypVgmG"}}],"_prefab":{"__type__":"cc.PrefabInfo","root":{"__id__":1},"asset":{"__uuid__":"e241B2m21KbZouj8wRoEG7"},"fileId":"fct5IO0XBBRp3gsR8yoL+i"},"_contentSize":{"__type__":"cc.Size","width":285,"height":182},"_position":{"__type__":"cc.Vec3","y":74},"_scale":{"__type__":"cc.Vec3","x":1,"y":1,"z":1}},{"__type__":"cc.Node","_name":"starCount","_parent":{"__id__":1},"_level":2,"_components":[{"__id__":8}],"_prefab":{"__type__":"cc.PrefabInfo","root":{"__id__":1},"asset":{"__uuid__":"e241B2m21KbZouj8wRoEG7"},"fileId":"aa2NWVNqhM2J7I/t86w6ew"},"_contentSize":{"__type__":"cc.Size","width":40.71,"height":30},"_anchorPoint":{"__type__":"cc.Vec2","y":0.5},"_position":{"__type__":"cc.Vec3","x":1,"y":-36},"_scale":{"__type__":"cc.Vec3","x":1,"y":1,"z":1}},{"__type__":"cc.Label","node":{"__id__":7},"_srcBlendFactor":1,"_useOriginalSize":false,"_string":"×50","_N$string":"×50","_fontSize":24,"_lineHeight":30,"_N$horizontalAlign":1,"_N$verticalAlign":1},{"__type__":"cc.Node","_name":"star","_parent":{"__id__":1},"_level":2,"_components":[{"__type__":"cc.Sprite","node":{"__id__":9},"_spriteFrame":{"__uuid__":"d458EH+gVHlrQs6CfKFAVk"}}],"_prefab":{"__type__":"cc.PrefabInfo","root":{"__id__":1},"asset":{"__uuid__":"e241B2m21KbZouj8wRoEG7"},"fileId":"b1RdunN05NnqU7k2ann3ln"},"_contentSize":{"__type__":"cc.Size","width":56,"height":53},"_position":{"__type__":"cc.Vec3","x":-27,"y":-36},"_scale":{"__type__":"cc.Vec3","x":0.5,"y":0.5,"z":1}},{"__type__":"cc.Node","_name":"双倍领取","_parent":{"__id__":1},"_children":[{"__id__":11}],"_components":[{"__type__":"cc.Sprite","node":{"__id__":10},"_spriteFrame":{"__uuid__":"c49d9MUIhHs4ayALVh3eCD"},"_sizeMode":0},{"__type__":"cc.Button","node":{"__id__":10},"zoomScale":0.9,"_N$transition":3,"transition":3,"_N$target":{"__id__":10}}],"_prefab":{"__type__":"cc.PrefabInfo","root":{"__id__":1},"asset":{"__uuid__":"e241B2m21KbZouj8wRoEG7"},"fileId":"94ZPyA4NpGQ7q9bJgSrRlc"},"_contentSize":{"__type__":"cc.Size","width":302,"height":110},"_position":{"__type__":"cc.Vec3","y":-205},"_scale":{"__type__":"cc.Vec3","x":1,"y":1,"z":1}},{"__type__":"cc.Node","_name":"button310x110","_parent":{"__id__":10},"_level":1,"_components":[{"__type__":"cc.Sprite","node":{"__id__":11}},{"__type__":"cc.Animation","node":{"__id__":11},"_defaultClip":{"__uuid__":"f14mlcmJhImITvOq5VyA9i"},"_clips":[{"__uuid__":"f14mlcmJhImITvOq5VyA9i"}],"playOnLoad":true}],"_prefab":{"__type__":"cc.PrefabInfo","root":{"__id__":1},"asset":{"__uuid__":"e241B2m21KbZouj8wRoEG7"},"fileId":"09gz3/9UdL0qM28wt2/jwT"},"_contentSize":{"__type__":"cc.Size","width":310,"height":110},"_scale":{"__type__":"cc.Vec3","x":1,"y":1,"z":1}},{"__type__":"cc.Node","_name":"普通领取","_parent":{"__id__":1},"_level":2,"_components":[{"__type__":"cc.Label","node":{"__id__":12},"_srcBlendFactor":1,"_useOriginalSize":false,"_string":"普通领取","_N$string":"普通领取","_fontSize":30,"_lineHeight":36,"_N$horizontalAlign":1,"_N$verticalAlign":1},{"__type__":"a63afjOB4RIM47OPW3iazWj","node":{"__id__":12},"distanceToAd":5,"layoutDelay":1,"useAction":true}],"_prefab":{"__type__":"cc.PrefabInfo","root":{"__id__":1},"asset":{"__uuid__":"e241B2m21KbZouj8wRoEG7"},"fileId":"eeGD9WhQtPrKnkM2soN7kf"},"_color":{"__type__":"cc.Color","r":170,"g":170,"b":170},"_contentSize":{"__type__":"cc.Size","width":120,"height":36},"_position":{"__type__":"cc.Vec3","y":-300},"_scale":{"__type__":"cc.Vec3","x":1,"y":1,"z":1}}]]