[{"__type__":"cc.SpriteFrame","content":{"name":"laodongjie_8","texture":"c3gRcAH9xKKLMQvdt0g2WO","rect":[0,0,128,50],"offset":[0,0],"originalSize":[128,50],"capInsets":[0,0,0,0]}},[{"__type__":"cc.Prefab","_name":"laodongjie_8","data":{"__id__":1}},{"__type__":"cc.Node","_name":"laodingjie_8","_level":1,"_components":[{"__type__":"cc.Sprite","node":{"__id__":1},"_spriteFrame":{"__uuid__":"95UEzxAfBNUImnfzsXCu7U"},"_sizeMode":0},{"__type__":"cc.RigidBody","node":{"__id__":1},"enabledContactListener":true},{"__type__":"cc.PhysicsBoxCollider","node":{"__id__":1},"_size":{"__type__":"cc.Size","width":128,"height":50}},{"__type__":"a058dD7mZpHmIw83dheUpZy","node":{"__id__":1},"shapeType":2}],"_prefab":{"__type__":"cc.PrefabInfo","root":{"__id__":1},"asset":{"__uuid__":"efF2MkumNHnoT8mfGlWu3C"},"fileId":"93CyKFy8BGWYxlEqk1xGXk"},"_contentSize":{"__type__":"cc.Size","width":128,"height":50},"_scale":{"__type__":"cc.Vec3","x":1,"y":1,"z":1}}]]