[{"__type__":"cc.SpriteFrame","content":{"name":"basebar","texture":"6acWFy7OhHG4aek6bOsc+G","rect":[0,0,288,128],"offset":[0,0],"originalSize":[288,128],"capInsets":[0,0,0,0]}},[{"__type__":"cc.Prefab","_name":"towerbase","data":{"__id__":1}},{"__type__":"cc.Node","_name":"basebar","_level":1,"_components":[{"__type__":"cc.Sprite","node":{"__id__":1},"_spriteFrame":{"__uuid__":"09vG6jN1BPma7+n0g8wntQ"}},{"__type__":"cc.RigidBody","node":{"__id__":1},"_type":0,"_allowSleep":false,"enabledContactListener":true},{"__type__":"cc.PhysicsBoxCollider","node":{"__id__":1},"_size":{"__type__":"cc.Size","width":288,"height":128}}],"_prefab":{"__type__":"cc.PrefabInfo","root":{"__id__":1},"asset":{"__uuid__":"44R6D4G/hOlJ2t4+lfNyi8"},"fileId":"c0TRtazypHmqWFXOkmqSwt"},"_contentSize":{"__type__":"cc.Size","width":288,"height":128},"_position":{"__type__":"cc.Vec3","y":64},"_scale":{"__type__":"cc.Vec3","x":1,"y":1,"z":1}}]]