[{"__type__":"cc.SpriteFrame","content":{"name":"common_0","texture":"8fs7OoLnpP/K7lTM8kKHni","rect":[95,429,88,72],"offset":[0,0],"originalSize":[88,72],"capInsets":[29,29,28,30]}},{"__type__":"cc.SpriteFrame","content":{"name":"common_1","texture":"8fs7OoLnpP/K7lTM8kKHni","rect":[283,423,123,98],"offset":[0,0],"originalSize":[123,98],"capInsets":[36,36,38,45]}},{"__type__":"cc.SpriteFrame","content":{"name":"default_sprite_splash","texture":"02delMVqdBD70a/HSD99FK","rect":[0,0,2,2],"offset":[0,0],"originalSize":[2,2],"capInsets":[0,0,0,0]}},[{"__type__":"cc.Prefab","_name":"GameRevivePop","data":{"__id__":1}},{"__type__":"cc.Node","_name":"GameRevivePop","_children":[{"__id__":2},{"__id__":3},{"__id__":4},{"__id__":5},{"__id__":6},{"__id__":8}],"_level":1,"_components":[{"__type__":"10793e8YjRFXqAmXYc/Ow4x","node":{"__id__":1},"videoReviveNode":{"__id__":8},"timeLabel":{"__id__":7}}],"_prefab":{"__type__":"cc.PrefabInfo","root":{"__id__":1},"asset":{"__uuid__":"ac3v9cccNN86am87vnY1ym"},"fileId":"0eRitllg5Iw6k+WJfNUuj0"},"_contentSize":{"__type__":"cc.Size","width":750,"height":1334},"_scale":{"__type__":"cc.Vec3","x":1,"y":1,"z":1},"groupIndex":4},{"__type__":"cc.Node","_name":"bg","_parent":{"__id__":1},"_level":2,"_components":[{"__type__":"cc.Sprite","node":{"__id__":2},"_spriteFrame":{"__uuid__":"a2MjXRFdtLlYQ5ouAFv/+R"},"_sizeMode":0}],"_prefab":{"__type__":"cc.PrefabInfo","root":{"__id__":1},"asset":{"__uuid__":"ac3v9cccNN86am87vnY1ym"},"fileId":"15ICbeAs9MhJG5NDNBMpjE"},"_opacity":200,"_color":{"__type__":"cc.Color"},"_contentSize":{"__type__":"cc.Size","width":1000,"height":1800},"_scale":{"__type__":"cc.Vec3","x":1,"y":1,"z":1},"groupIndex":4},{"__type__":"cc.Node","_name":"common_1","_parent":{"__id__":1},"_level":2,"_components":[{"__type__":"cc.Sprite","node":{"__id__":3},"_spriteFrame":{"__uuid__":"2ajsPICAFO74pEuMR2LZT4"},"_type":1,"_sizeMode":0}],"_prefab":{"__type__":"cc.PrefabInfo","root":{"__id__":1},"asset":{"__uuid__":"ac3v9cccNN86am87vnY1ym"},"fileId":"6eJWzbssRFJoJi7jJEJkCK"},"_contentSize":{"__type__":"cc.Size","width":576,"height":377},"_position":{"__type__":"cc.Vec3","y":64},"_scale":{"__type__":"cc.Vec3","x":1,"y":1,"z":1}},{"__type__":"cc.Node","_name":"common_0","_parent":{"__id__":1},"_level":2,"_components":[{"__type__":"cc.Sprite","node":{"__id__":4},"_spriteFrame":{"__uuid__":"121icDFphJbaHdSYNmxSER"},"_type":1,"_sizeMode":0}],"_prefab":{"__type__":"cc.PrefabInfo","root":{"__id__":1},"asset":{"__uuid__":"ac3v9cccNN86am87vnY1ym"},"fileId":"adAjxe9QFIYIegN5geq2OT"},"_contentSize":{"__type__":"cc.Size","width":536,"height":167},"_position":{"__type__":"cc.Vec3","y":129},"_scale":{"__type__":"cc.Vec3","x":1,"y":1,"z":1}},{"__type__":"cc.Node","_name":"label","_parent":{"__id__":1},"_level":2,"_components":[{"__type__":"cc.Label","node":{"__id__":5},"_useOriginalSize":false,"_string":"复活并继续参加战斗?","_N$string":"复活并继续参加战斗?","_fontSize":36,"_lineHeight":70,"_N$horizontalAlign":1,"_N$verticalAlign":1,"_N$fontFamily":"苹方"}],"_prefab":{"__type__":"cc.PrefabInfo","root":{"__id__":1},"asset":{"__uuid__":"ac3v9cccNN86am87vnY1ym"},"fileId":"b0/8OExQxFWYxJcSOo8SDi"},"_color":{"__type__":"cc.Color","r":121,"g":65,"b":20},"_contentSize":{"__type__":"cc.Size","width":339.98,"height":70},"_position":{"__type__":"cc.Vec3","y":175},"_scale":{"__type__":"cc.Vec3","x":1,"y":1,"z":1}},{"__type__":"cc.Node","_name":"label","_parent":{"__id__":1},"_level":2,"_components":[{"__id__":7}],"_prefab":{"__type__":"cc.PrefabInfo","root":{"__id__":1},"asset":{"__uuid__":"ac3v9cccNN86am87vnY1ym"},"fileId":"94Yo/Wsa1NdYcZYJUwpYDV"},"_color":{"__type__":"cc.Color","r":116,"g":58,"b":12},"_contentSize":{"__type__":"cc.Size","width":33.37,"height":70},"_position":{"__type__":"cc.Vec3","y":112},"_scale":{"__type__":"cc.Vec3","x":1,"y":1,"z":1}},{"__type__":"cc.Label","node":{"__id__":6},"_useOriginalSize":false,"_string":"5","_N$string":"5","_fontSize":60,"_lineHeight":70,"_N$horizontalAlign":1,"_N$verticalAlign":1},{"__type__":"cc.Node","_name":"reviveNode","_parent":{"__id__":1},"_level":2,"_components":[{"__type__":"cc.Sprite","node":{"__id__":8},"_spriteFrame":{"__uuid__":"c3kks/zchB+YV9jkNx9/GM"},"_sizeMode":2}],"_prefab":{"__type__":"cc.PrefabInfo","root":{"__id__":1},"asset":{"__uuid__":"ac3v9cccNN86am87vnY1ym"},"fileId":"61YED97TpNxoN5mARuS7UK"},"_contentSize":{"__type__":"cc.Size","width":278,"height":122},"_position":{"__type__":"cc.Vec3","x":4,"y":-23},"_scale":{"__type__":"cc.Vec3","x":1,"y":1,"z":1}}],{"__type__":"cc.SpriteFrame","content":{"name":"game_12","texture":"789/YywudA2ZdqHXVgPR/A","rect":[494,467,278,122],"offset":[0,0],"originalSize":[278,122],"capInsets":[0,0,0,0]}}]