[[{"__type__":"cc.Prefab","_name":"ShopItem","data":{"__id__":1}},{"__type__":"cc.Node","_name":"ShopItem","_children":[{"__id__":2},{"__id__":3},{"__id__":4},{"__id__":6},{"__id__":8},{"__id__":9}],"_level":1,"_components":[{"__type__":"5c6c7CgsVBNpJ4FflfR5w3c","node":{"__id__":1},"newOrLockSpriteFrames":[{"__uuid__":"6f+GjdBoFFkrFq/ipWl3l6"},{"__uuid__":"89inIz50xKAYg6UpW7NzYG"}],"statusSprite":{"__id__":7},"iconSprite":{"__id__":5},"equipNode":{"__id__":3},"unLockInfoNode":{"__id__":9},"selectNode":{"__id__":8}}],"_prefab":{"__type__":"cc.PrefabInfo","root":{"__id__":1},"asset":{"__uuid__":"07WI2wjTxNE6deaTcPhO5v"},"fileId":"35opE2ymtLm5tO+70VnyEI"},"_contentSize":{"__type__":"cc.Size","width":183,"height":142},"_position":{"__type__":"cc.Vec3","x":192,"y":-86},"_scale":{"__type__":"cc.Vec3","x":1,"y":1,"z":1}},{"__type__":"cc.Node","_name":"back","_parent":{"__id__":1},"_level":3,"_components":[{"__type__":"cc.Sprite","node":{"__id__":2},"_spriteFrame":{"__uuid__":"faJnyC815FDoggoK144U0q"}}],"_prefab":{"__type__":"cc.PrefabInfo","root":{"__id__":1},"asset":{"__uuid__":"07WI2wjTxNE6deaTcPhO5v"},"fileId":"617TdEI6hOh6lG6zVWbcFn"},"_contentSize":{"__type__":"cc.Size","width":177,"height":136},"_scale":{"__type__":"cc.Vec3","x":1,"y":1,"z":1}},{"__type__":"cc.Node","_name":"equip_back","_parent":{"__id__":1},"_active":false,"_level":3,"_components":[{"__type__":"cc.Sprite","node":{"__id__":3},"_spriteFrame":{"__uuid__":"43C0bAkhZNALDdsmPBmfq7"}}],"_prefab":{"__type__":"cc.PrefabInfo","root":{"__id__":1},"asset":{"__uuid__":"07WI2wjTxNE6deaTcPhO5v"},"fileId":"30AQfm7uZEAbPfRqOzPyZH"},"_contentSize":{"__type__":"cc.Size","width":177,"height":136},"_scale":{"__type__":"cc.Vec3","x":1,"y":1,"z":1}},{"__type__":"cc.Node","_name":"icon","_parent":{"__id__":1},"_level":3,"_components":[{"__id__":5}],"_prefab":{"__type__":"cc.PrefabInfo","root":{"__id__":1},"asset":{"__uuid__":"07WI2wjTxNE6deaTcPhO5v"},"fileId":"acpoUpa7ZP2qgJsHOGDFP9"},"_contentSize":{"__type__":"cc.Size","width":116,"height":116},"_scale":{"__type__":"cc.Vec3","x":1,"y":1,"z":1}},{"__type__":"cc.Sprite","node":{"__id__":4},"_sizeMode":0,"_isTrimmedMode":false},{"__type__":"cc.Node","_name":"new_or_lock","_parent":{"__id__":1},"_level":3,"_components":[{"__id__":7}],"_prefab":{"__type__":"cc.PrefabInfo","root":{"__id__":1},"asset":{"__uuid__":"07WI2wjTxNE6deaTcPhO5v"},"fileId":"05E9pGy9xHCr5+FRxD1aEW"},"_contentSize":{"__type__":"cc.Size","width":70,"height":71},"_position":{"__type__":"cc.Vec3","x":53.5,"y":32.5},"_scale":{"__type__":"cc.Vec3","x":1,"y":1,"z":1}},{"__type__":"cc.Sprite","node":{"__id__":6},"_spriteFrame":{"__uuid__":"6f+GjdBoFFkrFq/ipWl3l6"}},{"__type__":"cc.Node","_name":"select","_parent":{"__id__":1},"_active":false,"_level":2,"_components":[{"__type__":"cc.Sprite","node":{"__id__":8},"_spriteFrame":{"__uuid__":"4dRQJjXZNBTZCldyAA3IOy"}}],"_prefab":{"__type__":"cc.PrefabInfo","root":{"__id__":1},"asset":{"__uuid__":"07WI2wjTxNE6deaTcPhO5v"},"fileId":"c4xfUTKmdAB6HRAH9CC0/E"},"_contentSize":{"__type__":"cc.Size","width":183,"height":142},"_scale":{"__type__":"cc.Vec3","x":1,"y":1,"z":1}},{"__type__":"cc.Node","_name":"price_back","_parent":{"__id__":1},"_children":[{"__id__":10},{"__id__":11}],"_active":false,"_level":3,"_components":[{"__type__":"cc.Sprite","node":{"__id__":9},"_spriteFrame":{"__uuid__":"c6A4xtdkpMa7OyUNr0o8Dx"}}],"_prefab":{"__type__":"cc.PrefabInfo","root":{"__id__":1},"asset":{"__uuid__":"07WI2wjTxNE6deaTcPhO5v"},"fileId":"91wAJSxZFL5K/IWeFP0cK6"},"_contentSize":{"__type__":"cc.Size","width":167,"height":49},"_position":{"__type__":"cc.Vec3","y":-41},"_scale":{"__type__":"cc.Vec3","x":1,"y":1,"z":1}},{"__type__":"cc.Node","_name":"label","_parent":{"__id__":9},"_level":4,"_components":[{"__type__":"cc.Label","node":{"__id__":10},"_useOriginalSize":false,"_string":"击杀200人","_N$string":"击杀200人","_fontSize":30,"_enableWrapText":false,"_N$horizontalAlign":1,"_N$verticalAlign":1},{"__type__":"cc.LabelOutline","node":{"__id__":10},"_color":{"__type__":"cc.Color"},"_width":3}],"_prefab":{"__type__":"cc.PrefabInfo","root":{"__id__":1},"asset":{"__uuid__":"07WI2wjTxNE6deaTcPhO5v"},"fileId":"8aNZ/4BfREPJ05N1SNrt4e"},"_contentSize":{"__type__":"cc.Size","width":146.05,"height":40},"_scale":{"__type__":"cc.Vec3","x":1,"y":1,"z":1}},{"__type__":"cc.Node","_name":"coin","_parent":{"__id__":9},"_children":[{"__id__":12},{"__id__":13}],"_active":false,"_level":4,"_prefab":{"__type__":"cc.PrefabInfo","root":{"__id__":1},"asset":{"__uuid__":"07WI2wjTxNE6deaTcPhO5v"},"fileId":"3e68+P1LtBTZ8o9BOxG08I"},"_scale":{"__type__":"cc.Vec3","x":1,"y":1,"z":1}},{"__type__":"cc.Node","_name":"icon","_parent":{"__id__":11},"_level":5,"_components":[{"__type__":"cc.Sprite","node":{"__id__":12},"_spriteFrame":{"__uuid__":"6fVDNitvBHWpeub/SHcmtI"}}],"_prefab":{"__type__":"cc.PrefabInfo","root":{"__id__":1},"asset":{"__uuid__":"07WI2wjTxNE6deaTcPhO5v"},"fileId":"acctt30SlChqDsCj0wnlGL"},"_contentSize":{"__type__":"cc.Size","width":41,"height":44},"_position":{"__type__":"cc.Vec3","x":-56},"_scale":{"__type__":"cc.Vec3","x":1,"y":1,"z":1}},{"__type__":"cc.Node","_name":"label","_parent":{"__id__":11},"_level":5,"_components":[{"__type__":"cc.Label","node":{"__id__":13},"_useOriginalSize":false,"_string":"20000","_N$string":"20000","_fontSize":30,"_enableWrapText":false,"_N$horizontalAlign":1,"_N$verticalAlign":1},{"__type__":"cc.LabelOutline","node":{"__id__":13},"_color":{"__type__":"cc.Color"},"_width":3}],"_prefab":{"__type__":"cc.PrefabInfo","root":{"__id__":1},"asset":{"__uuid__":"07WI2wjTxNE6deaTcPhO5v"},"fileId":"f4vD655TBM55qFYdbs0G4N"},"_contentSize":{"__type__":"cc.Size","width":89.42,"height":40},"_anchorPoint":{"__type__":"cc.Vec2","y":0.5},"_position":{"__type__":"cc.Vec3","x":-25},"_scale":{"__type__":"cc.Vec3","x":1,"y":1,"z":1}}],{"__type__":"cc.SpriteFrame","content":{"name":"common_0","texture":"8fs7OoLnpP/K7lTM8kKHni","rect":[95,429,88,72],"offset":[0,0],"originalSize":[88,72],"capInsets":[29,29,28,30]}},{"__type__":"cc.SpriteFrame","content":{"name":"common_4","texture":"8fs7OoLnpP/K7lTM8kKHni","rect":[208,429,70,74],"offset":[0,0],"originalSize":[70,74],"capInsets":[0,0,0,0]}},{"__type__":"cc.SpriteFrame","content":{"name":"shop_8","texture":"49wXcYq3xNMo/NFSfx92cS","rect":[399,115,141,74],"offset":[0,0],"originalSize":[141,74],"capInsets":[0,0,0,0]}},{"__type__":"cc.SpriteFrame","content":{"name":"common_1","texture":"8fs7OoLnpP/K7lTM8kKHni","rect":[283,423,123,98],"offset":[0,0],"originalSize":[123,98],"capInsets":[36,36,38,45]}},{"__type__":"cc.SpriteFrame","content":{"name":"shop_11","texture":"49wXcYq3xNMo/NFSfx92cS","rect":[0,513,197,56],"offset":[0,0],"originalSize":[197,56],"capInsets":[0,0,0,0]}},{"__type__":"cc.SpriteFrame","content":{"name":"shop_15","texture":"49wXcYq3xNMo/NFSfx92cS","rect":[217,186,177,136],"offset":[0,0],"originalSize":[177,136],"capInsets":[0,0,0,0]}},{"__type__":"cc.SpriteFrame","content":{"name":"shop_16","texture":"49wXcYq3xNMo/NFSfx92cS","rect":[399,68,74,42],"offset":[0,0],"originalSize":[74,42],"capInsets":[0,0,0,0]}},{"__type__":"cc.SpriteFrame","content":{"name":"shop_2","texture":"49wXcYq3xNMo/NFSfx92cS","rect":[0,270,183,142],"offset":[0,0],"originalSize":[183,142],"capInsets":[0,0,0,0]}},{"__type__":"cc.SpriteFrame","content":{"name":"shop_1","texture":"49wXcYq3xNMo/NFSfx92cS","rect":[399,194,141,74],"offset":[0,0],"originalSize":[141,74],"capInsets":[0,0,0,0]}},{"__type__":"cc.SpriteAtlas","_name":"shop.plist","_spriteFrames":{"shop_0":{"__uuid__":"8cl652PXJLWqSsyjZqovoW"},"shop_1":{"__uuid__":"4enTFY+tpEPobPKohT5JGc"},"shop_10":{"__uuid__":"74W6ywI2VAdJ6Fn/OrwuGa"},"shop_11":{"__uuid__":"34tgSxw49OV4lUeeXLwZo3"},"shop_12":{"__uuid__":"6f+GjdBoFFkrFq/ipWl3l6"},"shop_13":{"__uuid__":"f5A0hKYkNB/aXVCkkm0+4l"},"shop_14":{"__uuid__":"b8VmGRLrlN/Y2DCF7Yk0Sn"},"shop_15":{"__uuid__":"43C0bAkhZNALDdsmPBmfq7"},"shop_16":{"__uuid__":"4cvtUtSkZFsKrUwomb+YXD"},"shop_2":{"__uuid__":"4dRQJjXZNBTZCldyAA3IOy"},"shop_3":{"__uuid__":"faJnyC815FDoggoK144U0q"},"shop_4":{"__uuid__":"6890rCLwRAALUgjUFopkp3"},"shop_5":{"__uuid__":"ebcveRFO1LcaLcWJoiYWP3"},"shop_6":{"__uuid__":"c6A4xtdkpMa7OyUNr0o8Dx"},"shop_7":{"__uuid__":"89inIz50xKAYg6UpW7NzYG"},"shop_8":{"__uuid__":"294EQ6JylAFbSE0b61z+KI"},"shop_9":{"__uuid__":"b74BXl7U5DXKD9B5E6o9mt"}}},{"__type__":"cc.SpriteFrame","content":{"name":"shop_4","texture":"49wXcYq3xNMo/NFSfx92cS","rect":[0,45,212,220],"offset":[0,0],"originalSize":[212,220],"capInsets":[0,0,0,0]}},{"__type__":"cc.SpriteFrame","content":{"name":"hall_1","texture":"3cyNE3RVFIp6f21rOo5lm3","rect":[527,653,41,44],"offset":[0,0],"originalSize":[41,44],"capInsets":[0,0,0,0]}},{"__type__":"cc.SpriteFrame","content":{"name":"shop_12","texture":"49wXcYq3xNMo/NFSfx92cS","rect":[497,406,70,71],"offset":[0,0],"originalSize":[70,71],"capInsets":[0,0,0,0]}},{"__type__":"cc.SpriteFrame","content":{"name":"shop_10","texture":"49wXcYq3xNMo/NFSfx92cS","rect":[211,327,206,91],"offset":[0,0],"originalSize":[206,91],"capInsets":[0,0,0,0]}},{"__type__":"cc.SpriteFrame","content":{"name":"shop_7","texture":"49wXcYq3xNMo/NFSfx92cS","rect":[422,406,70,71],"offset":[0,0],"originalSize":[70,71],"capInsets":[0,0,0,0]}},{"__type__":"cc.SpriteFrame","content":{"name":"shop_0","texture":"49wXcYq3xNMo/NFSfx92cS","rect":[211,423,198,56],"offset":[0,0],"originalSize":[198,56],"capInsets":[0,0,0,0]}},{"__type__":"cc.SpriteFrame","content":{"name":"shop_9","texture":"49wXcYq3xNMo/NFSfx92cS","rect":[422,327,141,74],"offset":[0,0],"originalSize":[141,74],"capInsets":[0,0,0,0]}},{"__type__":"cc.SpriteFrame","content":{"name":"shop_14","texture":"49wXcYq3xNMo/NFSfx92cS","rect":[211,484,197,56],"offset":[0,0],"originalSize":[197,56],"capInsets":[0,0,0,0]}},{"__type__":"cc.SpriteFrame","content":{"name":"common_7","texture":"8fs7OoLnpP/K7lTM8kKHni","rect":[0,429,90,88],"offset":[0,0],"originalSize":[90,88],"capInsets":[31,34,32,31]}},{"__type__":"cc.SpriteFrame","content":{"name":"shop_6","texture":"49wXcYq3xNMo/NFSfx92cS","rect":[399,273,167,49],"offset":[0,0],"originalSize":[167,49],"capInsets":[0,0,0,0]}},[{"__type__":"cc.Prefab","_name":"ShopPop","data":{"__id__":1}},{"__type__":"cc.Node","_name":"ShopPop","_children":[{"__id__":2},{"__id__":10},{"__id__":15},{"__id__":26}],"_level":1,"_components":[{"__type__":"2258dPNp2RCMKQNHm4uCiWC","node":{"__id__":1},"closeBtn":{"__id__":9},"arrowInfoLabel":{"__id__":6},"list":{"__id__":14},"arrowNameLabel":{"__id__":22},"unLockInfoText":{"__id__":25},"arrowSkillLabel":{"__id__":19},"buyNode":{"__id__":17},"stageNode":{"__id__":26}}],"_prefab":{"__type__":"cc.PrefabInfo","root":{"__id__":1},"asset":{"__uuid__":"de37hw0oJBW5t+6sta7Xqu"},"fileId":"9bc4gTtg5JvJEQPHir+Av5"},"_contentSize":{"__type__":"cc.Size","width":750,"height":1334},"_scale":{"__type__":"cc.Vec3","x":1,"y":1,"z":1}},{"__type__":"cc.Node","_name":"back_frame","_parent":{"__id__":1},"_children":[{"__id__":3},{"__id__":7},{"__id__":8},{"__id__":9}],"_level":2,"_components":[{"__type__":"cc.Sprite","node":{"__id__":2},"_spriteFrame":{"__uuid__":"2ajsPICAFO74pEuMR2LZT4"},"_type":1,"_sizeMode":0}],"_prefab":{"__type__":"cc.PrefabInfo","root":{"__id__":1},"asset":{"__uuid__":"de37hw0oJBW5t+6sta7Xqu"},"fileId":"5ehYa+jp9LDo5pgapOybZp"},"_contentSize":{"__type__":"cc.Size","width":649,"height":807},"_position":{"__type__":"cc.Vec3","y":54},"_scale":{"__type__":"cc.Vec3","x":1,"y":1,"z":1}},{"__type__":"cc.Node","_name":"weapon_btn","_parent":{"__id__":2},"_children":[{"__id__":4},{"__id__":5}],"_level":3,"_components":[{"__type__":"cc.Sprite","node":{"__id__":3},"_spriteFrame":{"__uuid__":"74W6ywI2VAdJ6Fn/OrwuGa"}},{"__type__":"cc.Button","node":{"__id__":3},"zoomScale":0.9,"_N$transition":3,"transition":3}],"_prefab":{"__type__":"cc.PrefabInfo","root":{"__id__":1},"asset":{"__uuid__":"de37hw0oJBW5t+6sta7Xqu"},"fileId":"da4T+5S1JG2pOnCF6WjDhP"},"_contentSize":{"__type__":"cc.Size","width":206,"height":91},"_position":{"__type__":"cc.Vec3","x":157,"y":280},"_scale":{"__type__":"cc.Vec3","x":1,"y":1,"z":1}},{"__type__":"cc.Node","_name":"shop_16","_parent":{"__id__":3},"_level":4,"_components":[{"__type__":"cc.Sprite","node":{"__id__":4},"_spriteFrame":{"__uuid__":"4cvtUtSkZFsKrUwomb+YXD"}}],"_prefab":{"__type__":"cc.PrefabInfo","root":{"__id__":1},"asset":{"__uuid__":"de37hw0oJBW5t+6sta7Xqu"},"fileId":"78xhFCFD9MEZL1llcgZA1j"},"_contentSize":{"__type__":"cc.Size","width":74,"height":42},"_position":{"__type__":"cc.Vec3","x":-42},"_scale":{"__type__":"cc.Vec3","x":1,"y":1,"z":1}},{"__type__":"cc.Node","_name":"label","_parent":{"__id__":3},"_level":4,"_components":[{"__id__":6}],"_prefab":{"__type__":"cc.PrefabInfo","root":{"__id__":1},"asset":{"__uuid__":"de37hw0oJBW5t+6sta7Xqu"},"fileId":"4foSDUhyNDN7OVAj2fNn9Y"},"_color":{"__type__":"cc.Color","r":25,"g":21,"b":21},"_contentSize":{"__type__":"cc.Size","height":40},"_anchorPoint":{"__type__":"cc.Vec2","y":0.5},"_position":{"__type__":"cc.Vec3","x":2,"y":1},"_scale":{"__type__":"cc.Vec3","x":1,"y":1,"z":1}},{"__type__":"cc.Label","node":{"__id__":5},"_useOriginalSize":false,"_fontSize":30,"_N$horizontalAlign":1,"_N$verticalAlign":1},{"__type__":"cc.Node","_name":"hero_btn","_parent":{"__id__":2},"_active":false,"_level":3,"_components":[{"__type__":"cc.Sprite","node":{"__id__":7},"_spriteFrame":{"__uuid__":"f5A0hKYkNB/aXVCkkm0+4l"}},{"__type__":"cc.Button","node":{"__id__":7},"zoomScale":0.9,"_N$transition":3,"transition":3}],"_prefab":{"__type__":"cc.PrefabInfo","root":{"__id__":1},"asset":{"__uuid__":"de37hw0oJBW5t+6sta7Xqu"},"fileId":"a49+jaNUFKBJjN9JzbmmzL"},"_contentSize":{"__type__":"cc.Size","width":206,"height":91},"_position":{"__type__":"cc.Vec3","x":154,"y":170},"_scale":{"__type__":"cc.Vec3","x":1,"y":1,"z":1}},{"__type__":"cc.Node","_name":"title","_parent":{"__id__":2},"_level":3,"_components":[{"__type__":"cc.Sprite","node":{"__id__":8},"_spriteFrame":{"__uuid__":"34tgSxw49OV4lUeeXLwZo3"}}],"_prefab":{"__type__":"cc.PrefabInfo","root":{"__id__":1},"asset":{"__uuid__":"de37hw0oJBW5t+6sta7Xqu"},"fileId":"9eJEolJCZKV6Q2u1uf6VFE"},"_contentSize":{"__type__":"cc.Size","width":197,"height":56},"_position":{"__type__":"cc.Vec3","y":400},"_scale":{"__type__":"cc.Vec3","x":1,"y":1,"z":1}},{"__type__":"cc.Node","_name":"close_btn","_parent":{"__id__":2},"_level":3,"_components":[{"__type__":"cc.Sprite","node":{"__id__":9},"_spriteFrame":{"__uuid__":"23jpWtOztGSJWXqzqWUcS8"}},{"__type__":"cc.Button","node":{"__id__":9},"_N$transition":3,"transition":3}],"_prefab":{"__type__":"cc.PrefabInfo","root":{"__id__":1},"asset":{"__uuid__":"de37hw0oJBW5t+6sta7Xqu"},"fileId":"a5PmAiDT9PsauxYJCp77+8"},"_contentSize":{"__type__":"cc.Size","width":70,"height":74},"_position":{"__type__":"cc.Vec3","x":317.8,"y":392.7},"_scale":{"__type__":"cc.Vec3","x":1,"y":1,"z":1}},{"__type__":"cc.Node","_name":"weapon_frame","_parent":{"__id__":1},"_children":[{"__id__":11}],"_level":2,"_components":[{"__type__":"cc.Sprite","node":{"__id__":10},"_spriteFrame":{"__uuid__":"c0UvcYa1dJoqwvtmyzBpKC"},"_type":1,"_sizeMode":0}],"_prefab":{"__type__":"cc.PrefabInfo","root":{"__id__":1},"asset":{"__uuid__":"de37hw0oJBW5t+6sta7Xqu"},"fileId":"321fB4lsBLcY2fWyBZ1U8k"},"_contentSize":{"__type__":"cc.Size","width":586,"height":455},"_position":{"__type__":"cc.Vec3","y":-68},"_scale":{"__type__":"cc.Vec3","x":1,"y":1,"z":1}},{"__type__":"cc.Node","_name":"scrollView","_parent":{"__id__":10},"_children":[{"__id__":12}],"_level":3,"_components":[{"__type__":"cc.ScrollView","node":{"__id__":11},"horizontal":false,"brake":0.75,"elastic":false,"bounceDuration":0,"_N$content":{"__id__":13},"content":{"__id__":13},"_N$horizontalScrollBar":null,"_N$verticalScrollBar":null}],"_prefab":{"__type__":"cc.PrefabInfo","root":{"__id__":1},"asset":{"__uuid__":"de37hw0oJBW5t+6sta7Xqu"},"fileId":"c10nvAP4lOwLLBWwRElHuJ"},"_contentSize":{"__type__":"cc.Size","width":586,"height":455},"_scale":{"__type__":"cc.Vec3","x":1,"y":1,"z":1}},{"__type__":"cc.Node","_name":"view","_parent":{"__id__":11},"_children":[{"__id__":13}],"_components":[{"__type__":"cc.Mask","node":{"__id__":12}}],"_prefab":{"__type__":"cc.PrefabInfo","root":{"__id__":1},"asset":{"__uuid__":"de37hw0oJBW5t+6sta7Xqu"},"fileId":"d9UtWmOC5D0oFNWr7pbex7"},"_contentSize":{"__type__":"cc.Size","width":586,"height":417},"_scale":{"__type__":"cc.Vec3","x":1,"y":1,"z":1}},{"__type__":"cc.Node","_name":"content","_parent":{"__id__":12},"_components":[{"__id__":14}],"_prefab":{"__type__":"cc.PrefabInfo","root":{"__id__":1},"asset":{"__uuid__":"de37hw0oJBW5t+6sta7Xqu"},"fileId":"34KoW5HQZBxZXGnwIE6GTU"},"_contentSize":{"__type__":"cc.Size","width":586,"height":200},"_anchorPoint":{"__type__":"cc.Vec2","x":0.5,"y":1},"_position":{"__type__":"cc.Vec3","y":226.8},"_scale":{"__type__":"cc.Vec3","x":1,"y":1,"z":1}},{"__type__":"fd3311j/rtLG4Qv/Fw1uVxE","node":{"__id__":13},"rendererPrefab":{"__uuid__":"07WI2wjTxNE6deaTcPhO5v"},"gapH":0,"columnCount":3,"topPadding":20,"bottomPadding":20,"leftPadding":2},{"__type__":"cc.Node","_name":"shop_frame","_parent":{"__id__":1},"_children":[{"__id__":16},{"__id__":17},{"__id__":18},{"__id__":20}],"_level":2,"_components":[{"__type__":"cc.Sprite","node":{"__id__":15},"_spriteFrame":{"__uuid__":"2ajsPICAFO74pEuMR2LZT4"},"_type":1,"_sizeMode":0}],"_prefab":{"__type__":"cc.PrefabInfo","root":{"__id__":1},"asset":{"__uuid__":"de37hw0oJBW5t+6sta7Xqu"},"fileId":"caTkMmHj9Fy7rGpcKoh+A/"},"_contentSize":{"__type__":"cc.Size","width":649,"height":163},"_position":{"__type__":"cc.Vec3","y":-441},"_scale":{"__type__":"cc.Vec3","x":1,"y":1,"z":1}},{"__type__":"cc.Node","_name":"common_0","_parent":{"__id__":15},"_level":3,"_components":[{"__type__":"cc.Sprite","node":{"__id__":16},"_spriteFrame":{"__uuid__":"121icDFphJbaHdSYNmxSER"},"_type":1,"_sizeMode":0}],"_prefab":{"__type__":"cc.PrefabInfo","root":{"__id__":1},"asset":{"__uuid__":"de37hw0oJBW5t+6sta7Xqu"},"fileId":"d76HWEl/1EY5w4Kp8o7zvk"},"_contentSize":{"__type__":"cc.Size","width":442,"height":123},"_position":{"__type__":"cc.Vec3","x":-79,"y":3},"_scale":{"__type__":"cc.Vec3","x":1,"y":1,"z":1}},{"__type__":"cc.Node","_name":"buy_btn","_parent":{"__id__":15},"_level":3,"_components":[{"__type__":"cc.Sprite","node":{"__id__":17},"_spriteFrame":{"__uuid__":"4enTFY+tpEPobPKohT5JGc"}},{"__type__":"cc.Button","node":{"__id__":17},"zoomScale":0.9,"_N$transition":3,"transition":3}],"_prefab":{"__type__":"cc.PrefabInfo","root":{"__id__":1},"asset":{"__uuid__":"de37hw0oJBW5t+6sta7Xqu"},"fileId":"9cuIOzBh9Dj6lrw/APYc94"},"_contentSize":{"__type__":"cc.Size","width":141,"height":74},"_position":{"__type__":"cc.Vec3","x":232,"y":-16},"_scale":{"__type__":"cc.Vec3","x":1,"y":1,"z":1}},{"__type__":"cc.Node","_name":"descLabel","_parent":{"__id__":15},"_level":3,"_components":[{"__id__":19}],"_prefab":{"__type__":"cc.PrefabInfo","root":{"__id__":1},"asset":{"__uuid__":"de37hw0oJBW5t+6sta7Xqu"},"fileId":"95Ae5K7q9OYaTpw2aXQQCk"},"_color":{"__type__":"cc.Color","r":121,"g":65,"b":20},"_contentSize":{"__type__":"cc.Size","width":325.11,"height":30},"_anchorPoint":{"__type__":"cc.Vec2","y":1},"_position":{"__type__":"cc.Vec3","x":-267,"y":14},"_scale":{"__type__":"cc.Vec3","x":1,"y":1,"z":1}},{"__type__":"cc.Label","node":{"__id__":18},"_useOriginalSize":false,"_string":"射程：800   速度：800  暴击:1%","_N$string":"射程：800   速度：800  暴击:1%","_fontSize":22.5,"_lineHeight":30,"_N$verticalAlign":1},{"__type__":"cc.Node","_name":"shop_5","_parent":{"__id__":15},"_children":[{"__id__":21},{"__id__":23}],"_level":3,"_components":[{"__type__":"cc.Sprite","node":{"__id__":20},"_spriteFrame":{"__uuid__":"ebcveRFO1LcaLcWJoiYWP3"}}],"_prefab":{"__type__":"cc.PrefabInfo","root":{"__id__":1},"asset":{"__uuid__":"de37hw0oJBW5t+6sta7Xqu"},"fileId":"07n2JVP71Hrri1nBxmkqHi"},"_contentSize":{"__type__":"cc.Size","width":413,"height":40},"_position":{"__type__":"cc.Vec3","x":-77,"y":37},"_scale":{"__type__":"cc.Vec3","x":1,"y":1,"z":1}},{"__type__":"cc.Node","_name":"nameLabel","_parent":{"__id__":20},"_level":4,"_components":[{"__id__":22}],"_prefab":{"__type__":"cc.PrefabInfo","root":{"__id__":1},"asset":{"__uuid__":"de37hw0oJBW5t+6sta7Xqu"},"fileId":"4dUTGTYc5OhqF+46zY4OAL"},"_contentSize":{"__type__":"cc.Size","width":90,"height":40},"_anchorPoint":{"__type__":"cc.Vec2","y":0.5},"_position":{"__type__":"cc.Vec3","x":-185},"_scale":{"__type__":"cc.Vec3","x":1,"y":1,"z":1}},{"__type__":"cc.Label","node":{"__id__":21},"_useOriginalSize":false,"_string":"勇士箭","_N$string":"勇士箭","_fontSize":30,"_N$horizontalAlign":1,"_N$verticalAlign":1},{"__type__":"cc.Node","_name":"unLockInfoLabel","_parent":{"__id__":20},"_children":[{"__id__":24}],"_level":4,"_components":[{"__id__":25}],"_prefab":{"__type__":"cc.PrefabInfo","root":{"__id__":1},"asset":{"__uuid__":"de37hw0oJBW5t+6sta7Xqu"},"fileId":"23dHRGZkxHw4ygDyM7dYPf"},"_contentSize":{"__type__":"cc.Size","width":96,"height":50},"_anchorPoint":{"__type__":"cc.Vec2","x":1,"y":0.5},"_position":{"__type__":"cc.Vec3","x":173},"_scale":{"__type__":"cc.Vec3","x":1,"y":1,"z":1}},{"__type__":"cc.PrivateNode","_name":"RICHTEXT_CHILD","_parent":{"__id__":23},"_level":5,"_components":[{"__type__":"cc.Label","node":{"__id__":24},"_string":"默认解锁","_N$string":"默认解锁","_fontSize":24,"_lineHeight":50,"_N$verticalAlign":1}],"_prefab":{"__type__":"cc.PrefabInfo","root":{"__id__":1},"asset":{"__uuid__":"de37hw0oJBW5t+6sta7Xqu"},"fileId":"82kljwHW1Dkr5cUJoOFA1D"},"_contentSize":{"__type__":"cc.Size","width":96,"height":50},"_anchorPoint":{"__type__":"cc.Vec2"},"_scale":{"__type__":"cc.Vec3","x":1,"y":1,"z":1}},{"__type__":"cc.RichText","node":{"__id__":23},"_N$string":"<color=#ffffff>默认解锁</color>","_N$fontSize":24,"_N$lineHeight":50},{"__type__":"cc.Node","_name":"stage","_parent":{"__id__":1},"_level":2,"_components":[{"__type__":"cc.Sprite","node":{"__id__":26},"_spriteFrame":{"__uuid__":"6890rCLwRAALUgjUFopkp3"}}],"_prefab":{"__type__":"cc.PrefabInfo","root":{"__id__":1},"asset":{"__uuid__":"de37hw0oJBW5t+6sta7Xqu"},"fileId":"e3M8lfMg5BNI5sNTbyWFJ7"},"_contentSize":{"__type__":"cc.Size","width":212,"height":220},"_position":{"__type__":"cc.Vec3","x":-150,"y":279},"_scale":{"__type__":"cc.Vec3","x":1,"y":1,"z":1}}],{"__type__":"cc.SpriteFrame","content":{"name":"shop_5","texture":"49wXcYq3xNMo/NFSfx92cS","rect":[0,0,413,40],"offset":[0,0],"originalSize":[413,40],"capInsets":[0,0,0,0]}},{"__type__":"cc.SpriteFrame","content":{"name":"shop_13","texture":"49wXcYq3xNMo/NFSfx92cS","rect":[0,417,206,91],"offset":[0,0],"originalSize":[206,91],"capInsets":[0,0,0,0]}},{"__type__":"cc.SpriteFrame","content":{"name":"shop_3","texture":"49wXcYq3xNMo/NFSfx92cS","rect":[217,45,177,136],"offset":[0,0],"originalSize":[177,136],"capInsets":[0,0,0,0]}}]