[{"__type__":"cc.Prefab","_name":"gold","data":{"__id__":1}},{"__type__":"cc.Node","_name":"Gold","_children":[{"__id__":2},{"__id__":4}],"_level":1,"_components":[{"__type__":"b6b1dAFNzlF2KQspe55GVbJ","node":{"__id__":1},"text":{"__id__":5},"gold":{"__id__":3}}],"_prefab":{"__type__":"cc.PrefabInfo","root":{"__id__":1},"asset":{"__uuid__":"3fzZLlpMNFuaX0BaFFSTPv"},"fileId":"6aD4YQ+FBLaLUvYbjoF6jt"},"_contentSize":{"__type__":"cc.Size","width":100,"height":100},"_scale":{"__type__":"cc.Vec3","x":1,"y":1,"z":1}},{"__type__":"cc.Node","_name":"gold","_parent":{"__id__":1},"_level":4,"_components":[{"__id__":3}],"_prefab":{"__type__":"cc.PrefabInfo","root":{"__id__":1},"asset":{"__uuid__":"3fzZLlpMNFuaX0BaFFSTPv"},"fileId":"77d6wGrXlEMpizIzIk3ygT"},"_contentSize":{"__type__":"cc.Size","width":35,"height":36},"_scale":{"__type__":"cc.Vec3","x":1,"y":1,"z":1}},{"__type__":"cc.Sprite","node":{"__id__":2}},{"__type__":"cc.Node","_name":"label","_parent":{"__id__":1},"_active":false,"_level":2,"_components":[{"__id__":5}],"_prefab":{"__type__":"cc.PrefabInfo","root":{"__id__":1},"asset":{"__uuid__":"3fzZLlpMNFuaX0BaFFSTPv"},"fileId":"3bmU1RMDVEJ56gpbJarcfV"},"_color":{"__type__":"cc.Color","r":249,"g":175,"b":5},"_contentSize":{"__type__":"cc.Size","width":134.06,"height":46.88},"_position":{"__type__":"cc.Vec3","y":1},"_scale":{"__type__":"cc.Vec3","x":1,"y":1,"z":1}},{"__type__":"cc.Label","node":{"__id__":4},"_string":"5.99M","_N$string":"5.99M","_fontSize":30,"_lineHeight":50,"_N$file":{"__uuid__":"d8aJ8xzTtFeY6+H+iq9HCr"},"_isSystemFontUsed":false,"_N$verticalAlign":1}]