[[{"__type__":"cc.Prefab","_name":"itemtitle","data":{"__id__":1}},{"__type__":"cc.Node","_name":"itemtitle","_children":[{"__id__":2}],"_level":1,"_components":[{"__type__":"84bbbjT1INNPbYE4/qgmawN","node":{"__id__":1},"title":{"__id__":4}}],"_prefab":{"__type__":"cc.PrefabInfo","root":{"__id__":1},"asset":{"__uuid__":"beSrQfC2xPXLiB6f8F1EOA"},"fileId":"eaege6CopCb6bP1WqQTXv5"},"_contentSize":{"__type__":"cc.Size","width":750,"height":56},"_anchorPoint":{"__type__":"cc.Vec2","x":0.5,"y":1},"_scale":{"__type__":"cc.Vec3","x":1,"y":1,"z":1}},{"__type__":"cc.Node","_name":"bg","_parent":{"__id__":1},"_children":[{"__id__":3}],"_level":2,"_components":[{"__type__":"cc.Sprite","node":{"__id__":2},"_spriteFrame":{"__uuid__":"c6T1Mu73FPxIhhEpO0XH97"},"_sizeMode":0}],"_prefab":{"__type__":"cc.PrefabInfo","root":{"__id__":1},"asset":{"__uuid__":"beSrQfC2xPXLiB6f8F1EOA"},"fileId":"8cb1z0f/VLsZXF/d6QHwgF"},"_contentSize":{"__type__":"cc.Size","width":750,"height":56},"_position":{"__type__":"cc.Vec3","y":-28},"_scale":{"__type__":"cc.Vec3","x":1,"y":1,"z":1}},{"__type__":"cc.Node","_name":"title","_parent":{"__id__":2},"_level":3,"_components":[{"__id__":4}],"_prefab":{"__type__":"cc.PrefabInfo","root":{"__id__":1},"asset":{"__uuid__":"beSrQfC2xPXLiB6f8F1EOA"},"fileId":"21zM9aH19FwoEExipw4kpG"},"_contentSize":{"__type__":"cc.Size","width":160,"height":40},"_scale":{"__type__":"cc.Vec3","x":1,"y":1,"z":1}},{"__type__":"cc.Label","node":{"__id__":3},"_srcBlendFactor":1,"_useOriginalSize":false,"_string":"主动技能","_N$string":"主动技能","_N$horizontalAlign":1,"_N$verticalAlign":1}],{"__type__":"cc.SpriteFrame","content":{"name":"fengexian","texture":"a1kFce2/xNx60AtnsccfV2","rect":[62,261,749,56],"offset":[0,0],"originalSize":[749,56],"capInsets":[0,0,0,0]}}]