[[{"__type__":"cc.Prefab","_name":"item","data":{"__id__":1}},{"__type__":"cc.Node","_name":"item","_children":[{"__id__":2}],"_level":1,"_components":[{"__type__":"cc196J8c6VEJpZlvy9Qc+DM","node":{"__id__":1},"friend":{"__id__":4}}],"_prefab":{"__type__":"cc.PrefabInfo","root":{"__id__":1},"asset":{"__uuid__":"0cBhxiqi9HkK82AIa8ZCeR"},"fileId":"5f5QGh/YVPE6NgP5oWI/XC"},"_contentSize":{"__type__":"cc.Size","width":104,"height":104},"_position":{"__type__":"cc.Vec3","x":-262,"y":-52},"_scale":{"__type__":"cc.Vec3","x":1,"y":1,"z":1}},{"__type__":"cc.Node","_name":"New Node","_parent":{"__id__":1},"_children":[{"__id__":3}],"_level":2,"_components":[{"__type__":"cc.Mask","node":{"__id__":2},"_type":1}],"_prefab":{"__type__":"cc.PrefabInfo","root":{"__id__":1},"asset":{"__uuid__":"0cBhxiqi9HkK82AIa8ZCeR"},"fileId":"7aADNde+xOiLjZmr5JYdGU"},"_contentSize":{"__type__":"cc.Size","width":100,"height":100},"_scale":{"__type__":"cc.Vec3","x":1,"y":1,"z":1}},{"__type__":"cc.Node","_name":"New Sprite(Splash)","_parent":{"__id__":2},"_level":3,"_components":[{"__id__":4}],"_prefab":{"__type__":"cc.PrefabInfo","root":{"__id__":1},"asset":{"__uuid__":"0cBhxiqi9HkK82AIa8ZCeR"},"fileId":"58TVYJc15Nfrho2WsUBfPn"},"_contentSize":{"__type__":"cc.Size","width":100,"height":100},"_scale":{"__type__":"cc.Vec3","x":1,"y":1,"z":1}},{"__type__":"cc.Sprite","node":{"__id__":3},"_sizeMode":0}],{"__type__":"cc.SpriteFrame","content":{"name":"close (2)","texture":"a1kFce2/xNx60AtnsccfV2","rect":[383,897,28,27],"offset":[0,0],"originalSize":[28,27],"capInsets":[0,0,0,0]}},{"__type__":"cc.SpriteFrame","content":{"name":"tanchuangtongyon","texture":"a1kFce2/xNx60AtnsccfV2","rect":[112,794,261,84],"offset":[0,0],"originalSize":[261,84],"capInsets":[0,0,0,0]}},{"__type__":"cc.SpriteFrame","content":{"name":"tanchuanbg","texture":"a1kFce2/xNx60AtnsccfV2","rect":[821,756,80,78],"offset":[0,0],"originalSize":[80,78],"capInsets":[11,11,11,10]}},{"__type__":"cc.SpriteFrame","content":{"name":"speak","texture":"a1kFce2/xNx60AtnsccfV2","rect":[112,476,417,90],"offset":[0,0],"originalSize":[417,90],"capInsets":[0,0,0,0]}},{"__type__":"cc.SpriteFrame","content":{"name":"shangcehng","texture":"a1kFce2/xNx60AtnsccfV2","rect":[62,412,679,59],"offset":[0,0],"originalSize":[679,59],"capInsets":[0,0,0,0]}},[{"__type__":"cc.Prefab","_name":"MyFriend","data":{"__id__":1}},{"__type__":"cc.Node","_name":"friend","_children":[{"__id__":2}],"_level":1,"_components":[{"__type__":"2049bDymmdKELKBVVamTKjf","node":{"__id__":1},"colse":{"__id__":5},"content":{"__id__":29},"item":{"__uuid__":"0cBhxiqi9HkK82AIa8ZCeR"},"count":{"__id__":26},"addBt":{"__id__":31},"info":{"__id__":33},"suiji":{"__id__":16},"addfriend":{"__id__":19}}],"_prefab":{"__type__":"cc.PrefabInfo","root":{"__id__":1},"asset":{"__uuid__":"e7hs+li1pApafXj2F6Ip5r"},"fileId":"b9OYxxmelMKKg2oN1b7sQa"},"_contentSize":{"__type__":"cc.Size","width":699,"height":850},"_scale":{"__type__":"cc.Vec3","x":1,"y":1,"z":1}},{"__type__":"cc.Node","_name":"New Sprite(Splash)","_parent":{"__id__":1},"_children":[{"__id__":3},{"__id__":7},{"__id__":22}],"_level":2,"_components":[{"__type__":"cc.Sprite","node":{"__id__":2},"_spriteFrame":{"__uuid__":"510X4D6aFPGa9wjpS7Ot5t"},"_type":1,"_sizeMode":0}],"_prefab":{"__type__":"cc.PrefabInfo","root":{"__id__":1},"asset":{"__uuid__":"e7hs+li1pApafXj2F6Ip5r"},"fileId":"9fxwIcWdJLmJ7ioj6Nlj57"},"_contentSize":{"__type__":"cc.Size","width":699,"height":850},"_scale":{"__type__":"cc.Vec3","x":1,"y":1,"z":1}},{"__type__":"cc.Node","_name":"alert-shangcehng","_parent":{"__id__":2},"_children":[{"__id__":4},{"__id__":5}],"_level":3,"_components":[{"__type__":"cc.Sprite","node":{"__id__":3},"_spriteFrame":{"__uuid__":"b3CLDo9FhEhpyt697OG5HT"}},{"__type__":"cc.Widget","node":{"__id__":3},"_alignFlags":1,"_top":9.5}],"_prefab":{"__type__":"cc.PrefabInfo","root":{"__id__":1},"asset":{"__uuid__":"e7hs+li1pApafXj2F6Ip5r"},"fileId":"fdGPfOxUJDHZnT3xi9Ihuu"},"_contentSize":{"__type__":"cc.Size","width":679,"height":59},"_position":{"__type__":"cc.Vec3","y":386},"_scale":{"__type__":"cc.Vec3","x":1,"y":1,"z":1}},{"__type__":"cc.Node","_name":"New Label","_parent":{"__id__":3},"_level":4,"_components":[{"__type__":"cc.Label","node":{"__id__":4},"_srcBlendFactor":1,"_useOriginalSize":false,"_string":"好友","_N$string":"好友","_N$horizontalAlign":1,"_N$verticalAlign":1}],"_prefab":{"__type__":"cc.PrefabInfo","root":{"__id__":1},"asset":{"__uuid__":"e7hs+li1pApafXj2F6Ip5r"},"fileId":"2dHSFCYYtKNK153ACUMoGy"},"_contentSize":{"__type__":"cc.Size","width":80,"height":40},"_scale":{"__type__":"cc.Vec3","x":1,"y":1,"z":1}},{"__type__":"cc.Node","_name":"New Node","_parent":{"__id__":3},"_children":[{"__id__":6}],"_level":4,"_components":[{"__type__":"cc.Widget","node":{"__id__":5},"_alignFlags":32},{"__type__":"cc.Button","node":{"__id__":5},"_N$transition":3,"transition":3,"_N$target":{"__id__":5}}],"_prefab":{"__type__":"cc.PrefabInfo","root":{"__id__":1},"asset":{"__uuid__":"e7hs+li1pApafXj2F6Ip5r"},"fileId":"67KS/dxVNM44N0Jbf+qXaw"},"_contentSize":{"__type__":"cc.Size","width":70,"height":70},"_position":{"__type__":"cc.Vec3","x":304.5},"_scale":{"__type__":"cc.Vec3","x":1,"y":1,"z":1}},{"__type__":"cc.Node","_name":"alert-close","_parent":{"__id__":5},"_level":5,"_components":[{"__type__":"cc.Sprite","node":{"__id__":6},"_spriteFrame":{"__uuid__":"33DcKl9v5Ef6qoSRMZ5ejJ"}}],"_prefab":{"__type__":"cc.PrefabInfo","root":{"__id__":1},"asset":{"__uuid__":"e7hs+li1pApafXj2F6Ip5r"},"fileId":"e8p5vdc7BPG5X5xJ6lIyEH"},"_contentSize":{"__type__":"cc.Size","width":28,"height":27},"_scale":{"__type__":"cc.Vec3","x":1,"y":1,"z":1}},{"__type__":"cc.Node","_name":"alert-shangcehng","_parent":{"__id__":2},"_children":[{"__id__":8},{"__id__":15},{"__id__":21}],"_level":3,"_components":[{"__type__":"cc.Sprite","node":{"__id__":7},"_type":1,"_sizeMode":0},{"__type__":"cc.Widget","node":{"__id__":7},"_alignFlags":4,"_bottom":6}],"_prefab":{"__type__":"cc.PrefabInfo","root":{"__id__":1},"asset":{"__uuid__":"e7hs+li1pApafXj2F6Ip5r"},"fileId":"cc2LO13NFNhbDL4xhvOFRZ"},"_contentSize":{"__type__":"cc.Size","width":679,"height":250},"_position":{"__type__":"cc.Vec3","y":-294},"_scale":{"__type__":"cc.Vec3","x":1,"y":1,"z":1}},{"__type__":"cc.Node","_name":"New Layout","_parent":{"__id__":7},"_children":[{"__id__":9},{"__id__":12}],"_level":4,"_components":[{"__type__":"cc.Sprite","node":{"__id__":8},"_type":1,"_sizeMode":0},{"__type__":"cc.Layout","node":{"__id__":8},"_layoutSize":{"__type__":"cc.Size","width":450,"height":70},"_resize":1,"_N$layoutType":1},{"__type__":"cc.Widget","node":{"__id__":8},"_alignFlags":1,"_top":5}],"_prefab":{"__type__":"cc.PrefabInfo","root":{"__id__":1},"asset":{"__uuid__":"e7hs+li1pApafXj2F6Ip5r"},"fileId":"91Vs/POkZB44iq2QAGUvlG"},"_contentSize":{"__type__":"cc.Size","width":450,"height":70},"_position":{"__type__":"cc.Vec3","x":25,"y":85},"_scale":{"__type__":"cc.Vec3","x":1,"y":1,"z":1}},{"__type__":"cc.Node","_name":"New Layout","_parent":{"__id__":8},"_children":[{"__id__":10},{"__id__":11}],"_level":5,"_components":[{"__type__":"cc.Sprite","node":{"__id__":9},"_type":1,"_sizeMode":0},{"__type__":"cc.Layout","node":{"__id__":9},"_layoutSize":{"__type__":"cc.Size","width":100,"height":70},"_N$layoutType":2},{"__type__":"cc.Widget","node":{"__id__":9},"_alignFlags":1}],"_prefab":{"__type__":"cc.PrefabInfo","root":{"__id__":1},"asset":{"__uuid__":"e7hs+li1pApafXj2F6Ip5r"},"fileId":"36tarPlVpCwIUmcAHEfzx2"},"_contentSize":{"__type__":"cc.Size","width":100,"height":70},"_position":{"__type__":"cc.Vec3","x":-175},"_scale":{"__type__":"cc.Vec3","x":1,"y":1,"z":1}},{"__type__":"cc.Node","_name":"New Label","_parent":{"__id__":9},"_level":5,"_components":[{"__type__":"cc.Label","node":{"__id__":10},"_enabled":false,"_srcBlendFactor":1,"_useOriginalSize":false,"_string":"已获得:","_N$string":"已获得:","_fontSize":24,"_lineHeight":26,"_N$horizontalAlign":1,"_N$verticalAlign":1}],"_prefab":{"__type__":"cc.PrefabInfo","root":{"__id__":1},"asset":{"__uuid__":"e7hs+li1pApafXj2F6Ip5r"},"fileId":"387UINX5ZB9IGx++W0+Bm/"},"_contentSize":{"__type__":"cc.Size","width":78.67,"height":26},"_position":{"__type__":"cc.Vec3","y":22},"_scale":{"__type__":"cc.Vec3","x":1,"y":1,"z":1}},{"__type__":"cc.Node","_name":"New Label","_parent":{"__id__":9},"_level":5,"_components":[{"__type__":"cc.Label","node":{"__id__":11},"_enabled":false,"_srcBlendFactor":1,"_useOriginalSize":false,"_string":"下一级:","_N$string":"下一级:","_fontSize":24,"_lineHeight":26,"_N$horizontalAlign":1,"_N$verticalAlign":1}],"_prefab":{"__type__":"cc.PrefabInfo","root":{"__id__":1},"asset":{"__uuid__":"e7hs+li1pApafXj2F6Ip5r"},"fileId":"eeSnwkgYFHq5qB6xiyih/B"},"_contentSize":{"__type__":"cc.Size","width":78.67,"height":26},"_position":{"__type__":"cc.Vec3","y":-4},"_scale":{"__type__":"cc.Vec3","x":1,"y":1,"z":1}},{"__type__":"cc.Node","_name":"New Layout","_parent":{"__id__":8},"_children":[{"__id__":13},{"__id__":14}],"_level":5,"_components":[{"__type__":"cc.Sprite","node":{"__id__":12},"_type":1,"_sizeMode":0},{"__type__":"cc.Layout","node":{"__id__":12},"_layoutSize":{"__type__":"cc.Size","width":350,"height":52},"_resize":1,"_N$layoutType":2},{"__type__":"cc.Widget","node":{"__id__":12},"_alignFlags":1}],"_prefab":{"__type__":"cc.PrefabInfo","root":{"__id__":1},"asset":{"__uuid__":"e7hs+li1pApafXj2F6Ip5r"},"fileId":"636tP0l2ZK4LFnySLGcH/t"},"_contentSize":{"__type__":"cc.Size","width":350,"height":52},"_anchorPoint":{"__type__":"cc.Vec2","y":0.5},"_position":{"__type__":"cc.Vec3","x":-125,"y":9},"_scale":{"__type__":"cc.Vec3","x":1,"y":1,"z":1}},{"__type__":"cc.Node","_name":"New Label","_parent":{"__id__":12},"_level":6,"_components":[{"__type__":"cc.Label","node":{"__id__":13},"_enabled":false,"_srcBlendFactor":1,"_useOriginalSize":false,"_string":"总DPS+0%","_N$string":"总DPS+0%","_fontSize":24,"_lineHeight":26,"_N$horizontalAlign":1,"_N$verticalAlign":1}],"_prefab":{"__type__":"cc.PrefabInfo","root":{"__id__":1},"asset":{"__uuid__":"e7hs+li1pApafXj2F6Ip5r"},"fileId":"1fqcmyzMdPNLI6k1zbE30f"},"_color":{"__type__":"cc.Color","r":244,"g":183,"b":39},"_contentSize":{"__type__":"cc.Size","width":122.05,"height":26},"_anchorPoint":{"__type__":"cc.Vec2","y":0.5},"_position":{"__type__":"cc.Vec3","y":13},"_scale":{"__type__":"cc.Vec3","x":1,"y":1,"z":1}},{"__type__":"cc.Node","_name":"New Label","_parent":{"__id__":12},"_level":6,"_components":[{"__type__":"cc.Label","node":{"__id__":14},"_enabled":false,"_srcBlendFactor":1,"_useOriginalSize":false,"_string":"总DPS+0%(拥有0好友)","_N$string":"总DPS+0%(拥有0好友)","_fontSize":24,"_lineHeight":26,"_N$horizontalAlign":1,"_N$verticalAlign":1}],"_prefab":{"__type__":"cc.PrefabInfo","root":{"__id__":1},"asset":{"__uuid__":"e7hs+li1pApafXj2F6Ip5r"},"fileId":"0dSNrl9rVH9b++l1exkj5v"},"_color":{"__type__":"cc.Color","r":244,"g":183,"b":39},"_contentSize":{"__type__":"cc.Size","width":247.38,"height":26},"_anchorPoint":{"__type__":"cc.Vec2","y":0.5},"_position":{"__type__":"cc.Vec3","y":-13},"_scale":{"__type__":"cc.Vec3","x":1,"y":1,"z":1}},{"__type__":"cc.Node","_name":"New Layout","_parent":{"__id__":7},"_children":[{"__id__":16},{"__id__":19}],"_level":4,"_components":[{"__type__":"cc.Sprite","node":{"__id__":15},"_type":1,"_sizeMode":0},{"__type__":"cc.Layout","node":{"__id__":15},"_layoutSize":{"__type__":"cc.Size","width":574,"height":150},"_resize":1,"_N$layoutType":1,"_N$spacingX":52}],"_prefab":{"__type__":"cc.PrefabInfo","root":{"__id__":1},"asset":{"__uuid__":"e7hs+li1pApafXj2F6Ip5r"},"fileId":"1730r3AMlAHJsLVx7k9c/0"},"_contentSize":{"__type__":"cc.Size","width":574,"height":150},"_scale":{"__type__":"cc.Vec3","x":1,"y":1,"z":1}},{"__type__":"cc.Node","_name":"alert-tanchuangtongyon","_parent":{"__id__":15},"_children":[{"__id__":17}],"_level":5,"_components":[{"__type__":"cc.Sprite","node":{"__id__":16},"_spriteFrame":{"__uuid__":"39PxN1FxBCxLjMGmRJhgVO"}},{"__type__":"cc.Button","node":{"__id__":16},"_N$transition":3,"transition":3,"_N$target":{"__id__":16}}],"_prefab":{"__type__":"cc.PrefabInfo","root":{"__id__":1},"asset":{"__uuid__":"e7hs+li1pApafXj2F6Ip5r"},"fileId":"1a41SG0fxIl5Kwb/C1QuJZ"},"_contentSize":{"__type__":"cc.Size","width":261,"height":84},"_position":{"__type__":"cc.Vec3","x":-156.5},"_scale":{"__type__":"cc.Vec3","x":1,"y":1,"z":1}},{"__type__":"cc.Node","_name":"New Layout","_parent":{"__id__":16},"_children":[{"__id__":18}],"_level":6,"_components":[{"__type__":"cc.Sprite","node":{"__id__":17},"_type":1,"_sizeMode":0},{"__type__":"cc.Layout","node":{"__id__":17},"_layoutSize":{"__type__":"cc.Size","width":200,"height":150}}],"_prefab":{"__type__":"cc.PrefabInfo","root":{"__id__":1},"asset":{"__uuid__":"e7hs+li1pApafXj2F6Ip5r"},"fileId":"10Pfhj0QROApWb06hjeUOs"},"_contentSize":{"__type__":"cc.Size","width":200,"height":150},"_scale":{"__type__":"cc.Vec3","x":1,"y":1,"z":1}},{"__type__":"cc.Node","_name":"New Label","_parent":{"__id__":17},"_level":7,"_components":[{"__type__":"cc.Label","node":{"__id__":18},"_srcBlendFactor":1,"_useOriginalSize":false,"_string":"随机邀请","_N$string":"随机邀请","_fontSize":30,"_lineHeight":32,"_N$horizontalAlign":1,"_N$verticalAlign":1}],"_prefab":{"__type__":"cc.PrefabInfo","root":{"__id__":1},"asset":{"__uuid__":"e7hs+li1pApafXj2F6Ip5r"},"fileId":"dcOKO2pmBJUY6YaBKkpUrd"},"_contentSize":{"__type__":"cc.Size","width":120,"height":32},"_scale":{"__type__":"cc.Vec3","x":1,"y":1,"z":1}},{"__type__":"cc.Node","_name":"alert-chuangtongyon","_parent":{"__id__":15},"_children":[{"__id__":20}],"_level":5,"_components":[{"__type__":"cc.Sprite","node":{"__id__":19},"_spriteFrame":{"__uuid__":"39PxN1FxBCxLjMGmRJhgVO"}},{"__type__":"cc.Button","node":{"__id__":19},"_N$transition":3,"transition":3,"_N$target":{"__id__":19}}],"_prefab":{"__type__":"cc.PrefabInfo","root":{"__id__":1},"asset":{"__uuid__":"e7hs+li1pApafXj2F6Ip5r"},"fileId":"efbwCiWWdAf64K/MuyMzpu"},"_contentSize":{"__type__":"cc.Size","width":261,"height":84},"_position":{"__type__":"cc.Vec3","x":156.5},"_scale":{"__type__":"cc.Vec3","x":1,"y":1,"z":1}},{"__type__":"cc.Node","_name":"New Label","_parent":{"__id__":19},"_level":6,"_components":[{"__type__":"cc.Label","node":{"__id__":20},"_srcBlendFactor":1,"_useOriginalSize":false,"_string":"邀请好友","_N$string":"邀请好友","_fontSize":30,"_lineHeight":32,"_N$horizontalAlign":1,"_N$verticalAlign":1}],"_prefab":{"__type__":"cc.PrefabInfo","root":{"__id__":1},"asset":{"__uuid__":"e7hs+li1pApafXj2F6Ip5r"},"fileId":"9e/gJrc5pNW7I5wLVpIMAP"},"_contentSize":{"__type__":"cc.Size","width":120,"height":32},"_scale":{"__type__":"cc.Vec3","x":1,"y":1,"z":1}},{"__type__":"cc.Node","_name":"New Label","_parent":{"__id__":7},"_level":4,"_components":[{"__type__":"cc.Label","node":{"__id__":21},"_srcBlendFactor":1,"_useOriginalSize":false,"_string":"邀请好友可获得更多战斗加成","_N$string":"邀请好友可获得更多战斗加成","_fontSize":24,"_lineHeight":26,"_N$horizontalAlign":1,"_N$verticalAlign":1,"_N$fontFamily":"苹方"},{"__type__":"cc.Widget","node":{"__id__":21},"_alignFlags":4,"_bottom":30}],"_prefab":{"__type__":"cc.PrefabInfo","root":{"__id__":1},"asset":{"__uuid__":"e7hs+li1pApafXj2F6Ip5r"},"fileId":"929QvmvqxJCqk16i/vNqKW"},"_color":{"__type__":"cc.Color","r":145,"g":156,"b":226},"_contentSize":{"__type__":"cc.Size","width":312,"height":26},"_position":{"__type__":"cc.Vec3","y":-82},"_scale":{"__type__":"cc.Vec3","x":1,"y":1,"z":1}},{"__type__":"cc.Node","_name":"New Node","_parent":{"__id__":2},"_children":[{"__id__":23},{"__id__":27}],"_level":3,"_components":[{"__type__":"cc.Layout","node":{"__id__":22},"_N$layoutType":2,"_N$paddingTop":5,"_N$spacingY":10}],"_prefab":{"__type__":"cc.PrefabInfo","root":{"__id__":1},"asset":{"__uuid__":"e7hs+li1pApafXj2F6Ip5r"},"fileId":"d13PRDvEZJrI8RTKXT7L5J"},"_contentSize":{"__type__":"cc.Size","width":680,"height":529},"_position":{"__type__":"cc.Vec3","y":94},"_scale":{"__type__":"cc.Vec3","x":1,"y":1,"z":1}},{"__type__":"cc.Node","_name":"New Layout","_parent":{"__id__":22},"_children":[{"__id__":24},{"__id__":25}],"_level":4,"_components":[{"__type__":"cc.Sprite","node":{"__id__":23},"_type":1,"_sizeMode":0},{"__type__":"cc.Layout","node":{"__id__":23},"_layoutSize":{"__type__":"cc.Size","width":106.35,"height":30},"_resize":1,"_N$layoutType":1},{"__type__":"cc.Widget","node":{"__id__":23},"_alignFlags":33,"_right":22.235,"_top":5}],"_prefab":{"__type__":"cc.PrefabInfo","root":{"__id__":1},"asset":{"__uuid__":"e7hs+li1pApafXj2F6Ip5r"},"fileId":"86fBhoXQ1Dm52INVWC4kFS"},"_contentSize":{"__type__":"cc.Size","width":106.35,"height":30},"_position":{"__type__":"cc.Vec3","x":264.59,"y":244.5},"_scale":{"__type__":"cc.Vec3","x":1,"y":1,"z":1}},{"__type__":"cc.Node","_name":"New Label","_parent":{"__id__":23},"_level":5,"_components":[{"__type__":"cc.Label","node":{"__id__":24},"_srcBlendFactor":1,"_useOriginalSize":false,"_string":"好友数量:","_N$string":"好友数量:","_fontSize":22,"_lineHeight":24,"_N$horizontalAlign":1,"_N$verticalAlign":1}],"_prefab":{"__type__":"cc.PrefabInfo","root":{"__id__":1},"asset":{"__uuid__":"e7hs+li1pApafXj2F6Ip5r"},"fileId":"7be+HpWqxHkqmzc+oJGWls"},"_color":{"__type__":"cc.Color","r":145,"g":156,"b":226},"_contentSize":{"__type__":"cc.Size","width":94.11,"height":24},"_position":{"__type__":"cc.Vec3","x":-6.119999999999997},"_scale":{"__type__":"cc.Vec3","x":1,"y":1,"z":1}},{"__type__":"cc.Node","_name":"New Label","_parent":{"__id__":23},"_level":5,"_components":[{"__id__":26}],"_prefab":{"__type__":"cc.PrefabInfo","root":{"__id__":1},"asset":{"__uuid__":"e7hs+li1pApafXj2F6Ip5r"},"fileId":"12ljKbdvlLNJLfgu1ruiJh"},"_contentSize":{"__type__":"cc.Size","width":12.24,"height":24},"_position":{"__type__":"cc.Vec3","x":47.055},"_scale":{"__type__":"cc.Vec3","x":1,"y":1,"z":1}},{"__type__":"cc.Label","node":{"__id__":25},"_srcBlendFactor":1,"_useOriginalSize":false,"_string":"0","_N$string":"0","_fontSize":22,"_lineHeight":24,"_N$horizontalAlign":1,"_N$verticalAlign":1},{"__type__":"cc.Node","_name":"New ScrollView","_parent":{"__id__":22},"_children":[{"__id__":28}],"_level":4,"_components":[{"__type__":"cc.Sprite","node":{"__id__":27},"_type":1,"_sizeMode":0},{"__type__":"cc.ScrollView","node":{"__id__":27},"horizontal":false,"brake":0.75,"bounceDuration":0.23,"_N$content":{"__id__":29},"content":{"__id__":29},"_N$horizontalScrollBar":null,"_N$verticalScrollBar":null},{"__type__":"cc.Widget","node":{"__id__":27},"_alignFlags":45,"_top":45,"_bottom":4,"_originalWidth":240,"_originalHeight":250}],"_prefab":{"__type__":"cc.PrefabInfo","root":{"__id__":1},"asset":{"__uuid__":"e7hs+li1pApafXj2F6Ip5r"},"fileId":"04/okf3r1KaLqWLZ7B/pSj"},"_contentSize":{"__type__":"cc.Size","width":680,"height":480},"_position":{"__type__":"cc.Vec3","y":-20.5},"_scale":{"__type__":"cc.Vec3","x":1,"y":1,"z":1}},{"__type__":"cc.Node","_name":"view","_parent":{"__id__":27},"_children":[{"__id__":29},{"__id__":33}],"_components":[{"__type__":"cc.Mask","node":{"__id__":28}},{"__type__":"cc.Widget","node":{"__id__":28},"_alignFlags":45,"_originalWidth":240,"_originalHeight":250}],"_prefab":{"__type__":"cc.PrefabInfo","root":{"__id__":1},"asset":{"__uuid__":"e7hs+li1pApafXj2F6Ip5r"},"fileId":"30n3FTzuBD4YXaImZfOb81"},"_contentSize":{"__type__":"cc.Size","width":680,"height":480},"_scale":{"__type__":"cc.Vec3","x":1,"y":1,"z":1}},{"__type__":"cc.Node","_name":"content","_parent":{"__id__":28},"_children":[{"__id__":30}],"_level":1,"_components":[{"__type__":"cc.Layout","node":{"__id__":29},"_layoutSize":{"__type__":"cc.Size","width":680,"height":104},"_resize":1,"_N$layoutType":3,"_N$paddingLeft":26,"_N$spacingX":26,"_N$spacingY":20}],"_prefab":{"__type__":"cc.PrefabInfo","root":{"__id__":1},"asset":{"__uuid__":"e7hs+li1pApafXj2F6Ip5r"},"fileId":"fayPxas+5Dm4SDjgsdXjVG"},"_contentSize":{"__type__":"cc.Size","width":680,"height":104},"_anchorPoint":{"__type__":"cc.Vec2","x":0.5,"y":1},"_position":{"__type__":"cc.Vec3","y":240},"_scale":{"__type__":"cc.Vec3","x":1,"y":1,"z":1}},{"__type__":"cc.Node","_name":"item","_parent":{"__id__":29},"_children":[{"__id__":31}],"_level":2,"_components":[{"__type__":"cc.Button","node":{"__id__":30},"_N$transition":3,"transition":3,"_N$target":{"__id__":30}}],"_prefab":{"__type__":"cc.PrefabInfo","root":{"__id__":1},"asset":{"__uuid__":"e7hs+li1pApafXj2F6Ip5r"},"fileId":"dbz04khvRHgpBpsHRime/j"},"_contentSize":{"__type__":"cc.Size","width":104,"height":104},"_position":{"__type__":"cc.Vec3","x":-262,"y":-52},"_scale":{"__type__":"cc.Vec3","x":1,"y":1,"z":1}},{"__type__":"cc.Node","_name":"New Sprite(Splash)","_parent":{"__id__":30},"_level":2,"_components":[{"__id__":32},{"__type__":"32540GFq4FAT5ZSyUpi/XyW","node":{"__id__":31},"img":{"__id__":32},"url":"texture/newpacke/addfriend.png"}],"_prefab":{"__type__":"cc.PrefabInfo","root":{"__id__":1},"asset":{"__uuid__":"e7hs+li1pApafXj2F6Ip5r"},"fileId":"01uYdr3uBFkLjzQaBwfdC3"},"_contentSize":{"__type__":"cc.Size","width":100,"height":100},"_scale":{"__type__":"cc.Vec3","x":1,"y":1,"z":1}},{"__type__":"cc.Sprite","node":{"__id__":31},"_sizeMode":0},{"__type__":"cc.Node","_name":"info","_parent":{"__id__":28},"_children":[{"__id__":34},{"__id__":36}],"_level":1,"_components":[{"__type__":"cc.Layout","node":{"__id__":33},"_layoutSize":{"__type__":"cc.Size","width":583,"height":200},"_resize":1,"_N$layoutType":1}],"_prefab":{"__type__":"cc.PrefabInfo","root":{"__id__":1},"asset":{"__uuid__":"e7hs+li1pApafXj2F6Ip5r"},"fileId":"79nJo6q9hBuYMCTSyJc0LJ"},"_contentSize":{"__type__":"cc.Size","width":583,"height":200},"_position":{"__type__":"cc.Vec3","x":25,"y":10},"_scale":{"__type__":"cc.Vec3","x":1,"y":1,"z":1}},{"__type__":"cc.Node","_name":"New Sprite(Splash)","_parent":{"__id__":33},"_level":2,"_components":[{"__id__":35},{"__type__":"32540GFq4FAT5ZSyUpi/XyW","node":{"__id__":34},"img":{"__id__":35},"url":"texture/guide/guideSp.png"}],"_prefab":{"__type__":"cc.PrefabInfo","root":{"__id__":1},"asset":{"__uuid__":"e7hs+li1pApafXj2F6Ip5r"},"fileId":"70sm2ZJ6ZJZbbwc2TX/5CF"},"_contentSize":{"__type__":"cc.Size","width":166,"height":256},"_position":{"__type__":"cc.Vec3","x":-208.5},"_scale":{"__type__":"cc.Vec3","x":1,"y":1,"z":1}},{"__type__":"cc.Sprite","node":{"__id__":34},"_sizeMode":0},{"__type__":"cc.Node","_name":"New Sprite(Splash)","_parent":{"__id__":33},"_children":[{"__id__":37}],"_level":2,"_components":[{"__type__":"cc.Sprite","node":{"__id__":36},"_spriteFrame":{"__uuid__":"afsV1EWTJMG5U/2M9/ybXw"},"_type":1,"_sizeMode":0}],"_prefab":{"__type__":"cc.PrefabInfo","root":{"__id__":1},"asset":{"__uuid__":"e7hs+li1pApafXj2F6Ip5r"},"fileId":"fcAkpCSGlGMqagECFhS2fw"},"_contentSize":{"__type__":"cc.Size","width":417,"height":90},"_position":{"__type__":"cc.Vec3","x":83},"_scale":{"__type__":"cc.Vec3","x":1,"y":1,"z":1}},{"__type__":"cc.Node","_name":"New Label","_parent":{"__id__":36},"_level":3,"_components":[{"__type__":"cc.Label","node":{"__id__":37},"_srcBlendFactor":1,"_useOriginalSize":false,"_string":"您还没有好友，赶快去邀请吧","_N$string":"您还没有好友，赶快去邀请吧","_fontSize":26,"_lineHeight":28,"_N$horizontalAlign":1,"_N$verticalAlign":1,"_N$fontFamily":"苹方"},{"__type__":"cc.Widget","node":{"__id__":37},"_alignFlags":32,"_right":24.5}],"_prefab":{"__type__":"cc.PrefabInfo","root":{"__id__":1},"asset":{"__uuid__":"e7hs+li1pApafXj2F6Ip5r"},"fileId":"92kAr1VQ1KHL3KqGtvwnNS"},"_contentSize":{"__type__":"cc.Size","width":338,"height":28},"_position":{"__type__":"cc.Vec3","x":15},"_scale":{"__type__":"cc.Vec3","x":1,"y":1,"z":1}}]]