[{"__type__":"cc.SpriteFrame","content":{"name":"bg01","texture":"77WOLZhglANpXhb+9okxjM","rect":[10,10,750,750],"offset":[0,0],"originalSize":[750,750],"capInsets":[0,0,0,0]}},{"__type__":"cc.SpriteFrame","content":{"name":"bg12","texture":"77WOLZhglANpXhb+9okxjM","rect":[775,476,169,163],"offset":[0,0],"originalSize":[169,163],"capInsets":[0,0,0,0]}},{"__type__":"cc.SpriteFrame","content":{"name":"bg11","texture":"77WOLZhglANpXhb+9okxjM","rect":[775,298,169,163],"offset":[0,0],"originalSize":[169,163],"capInsets":[0,0,0,0]}},{"__type__":"cc.SpriteFrame","content":{"name":"bg22","texture":"77WOLZhglANpXhb+9okxjM","rect":[775,799,149,130],"offset":[0,0],"originalSize":[149,130],"capInsets":[0,0,0,0]}},{"__type__":"cc.SpriteFrame","content":{"name":"bg00","texture":"77WOLZhglANpXhb+9okxjM","rect":[775,10,273,237],"offset":[0,0],"originalSize":[273,237],"rotated":1,"capInsets":[0,0,0,0]}},{"__type__":"cc.SpriteFrame","content":{"name":"bg21","texture":"77WOLZhglANpXhb+9okxjM","rect":[775,654,149,130],"offset":[0,0],"originalSize":[149,130],"capInsets":[0,0,0,0]}},{"__type__":"cc.SpriteFrame","content":{"name":"bg02","texture":"77WOLZhglANpXhb+9okxjM","rect":[10,775,750,584],"offset":[0,0],"originalSize":[750,584],"capInsets":[0,0,0,0]}},{"__type__":"cc.SpriteAtlas","_name":"10.plist","_spriteFrames":{"bg00":{"__uuid__":"98d+yLl3tKsqivLKSQICeI"},"bg01":{"__uuid__":"1bsm/HDeNEhqiU8CHKzQ6m"},"bg02":{"__uuid__":"ae4UGqW7NC2J82k1EIqFKI"},"bg11":{"__uuid__":"2cay1VrMdD1YAqYN12dMXa"},"bg12":{"__uuid__":"1fNR7kWYlMTbMz2f40MKqN"},"bg21":{"__uuid__":"9ckchiIr5HvZBLXHy6Cdre"},"bg22":{"__uuid__":"68uAYBAOdE+q7A5s8WuxTc"},"bg31":{"__uuid__":"e88zyVKutAq6iTQEjL37om"},"bg32":{"__uuid__":"e4nhznljhNtLfcQJnoRdLW"}}},{"__type__":"cc.SpriteFrame","content":{"name":"bg32","texture":"77WOLZhglANpXhb+9okxjM","rect":[939,654,132,72],"offset":[0,0],"originalSize":[132,72],"rotated":1,"capInsets":[0,0,0,0]}},{"__type__":"cc.SpriteFrame","content":{"name":"bg31","texture":"77WOLZhglANpXhb+9okxjM","rect":[939,801,136,69],"offset":[0,0],"originalSize":[136,69],"rotated":1,"capInsets":[0,0,0,0]}}]