[{"__type__":"cc.SpriteFrame","content":{"name":"bg01","texture":"882ecC77xPSoLxlGAW+sh2","rect":[10,10,750,750],"offset":[0,0],"originalSize":[750,750],"capInsets":[0,0,0,0]}},{"__type__":"cc.SpriteFrame","content":{"name":"bg22","texture":"882ecC77xPSoLxlGAW+sh2","rect":[775,799,149,130],"offset":[0,0],"originalSize":[149,130],"capInsets":[0,0,0,0]}},{"__type__":"cc.SpriteFrame","content":{"name":"bg02","texture":"882ecC77xPSoLxlGAW+sh2","rect":[10,775,750,584],"offset":[0,0],"originalSize":[750,584],"capInsets":[0,0,0,0]}},{"__type__":"cc.SpriteFrame","content":{"name":"bg12","texture":"882ecC77xPSoLxlGAW+sh2","rect":[775,476,169,163],"offset":[0,0],"originalSize":[169,163],"capInsets":[0,0,0,0]}},{"__type__":"cc.SpriteFrame","content":{"name":"bg32","texture":"882ecC77xPSoLxlGAW+sh2","rect":[939,654,132,72],"offset":[0,0],"originalSize":[132,72],"rotated":1,"capInsets":[0,0,0,0]}},{"__type__":"cc.SpriteFrame","content":{"name":"bg00","texture":"882ecC77xPSoLxlGAW+sh2","rect":[775,10,273,237],"offset":[0,0],"originalSize":[273,237],"rotated":1,"capInsets":[0,0,0,0]}},{"__type__":"cc.SpriteFrame","content":{"name":"bg31","texture":"882ecC77xPSoLxlGAW+sh2","rect":[939,801,136,69],"offset":[0,0],"originalSize":[136,69],"rotated":1,"capInsets":[0,0,0,0]}},{"__type__":"cc.SpriteFrame","content":{"name":"bg11","texture":"882ecC77xPSoLxlGAW+sh2","rect":[775,298,169,163],"offset":[0,0],"originalSize":[169,163],"capInsets":[0,0,0,0]}},{"__type__":"cc.SpriteAtlas","_name":"9.plist","_spriteFrames":{"bg00":{"__uuid__":"bdrA2yDQ9AHI52AR9qe+fW"},"bg01":{"__uuid__":"0cK/8fyOtOpYHR1jKCOkGu"},"bg02":{"__uuid__":"36uidkN6lP/LZXRe3mFgF5"},"bg11":{"__uuid__":"d4nmyQFXdIiKGgAenkorLP"},"bg12":{"__uuid__":"70O2uVBLJHdpp3lE0gat6g"},"bg21":{"__uuid__":"d9MSzLOTFLFo6d38RZJhjN"},"bg22":{"__uuid__":"20CGeQY4BKsIkVMrVpZh14"},"bg31":{"__uuid__":"cbyRe1Hm1CALnVSPC99SVK"},"bg32":{"__uuid__":"affdF7udlIqIJdY18pP63l"}}},{"__type__":"cc.SpriteFrame","content":{"name":"bg21","texture":"882ecC77xPSoLxlGAW+sh2","rect":[775,654,149,130],"offset":[0,0],"originalSize":[149,130],"capInsets":[0,0,0,0]}}]