[{"__type__":"cc.SpriteFrame","content":{"name":"lvse","texture":"a1kFce2/xNx60AtnsccfV2","rect":[149,1092,192,96],"offset":[0,0],"originalSize":[192,96],"capInsets":[0,0,0,0]}},{"__type__":"cc.SpriteFrame","content":{"name":"default_btn_disabled","texture":"71VhFCTINJM6/Ky3oX9nBT","rect":[0,0,40,40],"offset":[0,0],"originalSize":[40,40],"capInsets":[12,12,12,12]}},[{"__type__":"cc.Prefab","_name":"equipitem","data":{"__id__":1}},{"__type__":"cc.Node","_name":"equipitem","_children":[{"__id__":2},{"__id__":24}],"_level":1,"_components":[{"__type__":"8e1241cdjhPHKt6DHVhC9h8","node":{"__id__":1},"head":{"__id__":5},"nameTxt":{"__id__":8},"valueTxt":{"__id__":10},"unequip":{"__id__":23},"equip":{"__id__":21},"buyequip":{"__id__":20},"buytext":{"__id__":17},"buyimg":{"__id__":13},"unlocktext":{"__id__":15},"newdata":{"__id__":18},"shareBt":{"__id__":24}}],"_prefab":{"__type__":"cc.PrefabInfo","root":{"__id__":1},"asset":{"__uuid__":"405hYM3FxM0LKDsUsqLr/Y"},"fileId":"fea2llA2BMIqOmqGrPmZpi"},"_contentSize":{"__type__":"cc.Size","width":750,"height":137},"_scale":{"__type__":"cc.Vec3","x":1,"y":1,"z":1}},{"__type__":"cc.Node","_name":"New Sprite(Splash)","_parent":{"__id__":1},"_children":[{"__id__":3},{"__id__":11},{"__id__":21},{"__id__":23}],"_level":2,"_components":[{"__type__":"cc.Sprite","node":{"__id__":2},"_spriteFrame":{"__uuid__":"aeaXg6eipEMr1WUC02PxSD"},"_sizeMode":0}],"_prefab":{"__type__":"cc.PrefabInfo","root":{"__id__":1},"asset":{"__uuid__":"405hYM3FxM0LKDsUsqLr/Y"},"fileId":"333/Fr8n1J6LnCqwmNTfxl"},"_contentSize":{"__type__":"cc.Size","width":750,"height":137},"_scale":{"__type__":"cc.Vec3","x":1,"y":1,"z":1}},{"__type__":"cc.Node","_name":"New Layout","_parent":{"__id__":2},"_children":[{"__id__":4},{"__id__":6}],"_level":3,"_components":[{"__type__":"cc.Layout","node":{"__id__":3},"_layoutSize":{"__type__":"cc.Size","width":230,"height":150},"_resize":1,"_N$layoutType":1,"_N$paddingLeft":10,"_N$spacingX":10}],"_prefab":{"__type__":"cc.PrefabInfo","root":{"__id__":1},"asset":{"__uuid__":"405hYM3FxM0LKDsUsqLr/Y"},"fileId":"6588g+rJxPUJ4yoHpGDvZE"},"_contentSize":{"__type__":"cc.Size","width":230,"height":150},"_position":{"__type__":"cc.Vec3","x":-260},"_scale":{"__type__":"cc.Vec3","x":1,"y":1,"z":1}},{"__type__":"cc.Node","_name":"New Sprite(Splash)","_parent":{"__id__":3},"_level":4,"_components":[{"__id__":5}],"_prefab":{"__type__":"cc.PrefabInfo","root":{"__id__":1},"asset":{"__uuid__":"405hYM3FxM0LKDsUsqLr/Y"},"fileId":"12jIVwfEdD8Zf1XKVEzjg9"},"_contentSize":{"__type__":"cc.Size","width":110,"height":110},"_position":{"__type__":"cc.Vec3","x":-50},"_scale":{"__type__":"cc.Vec3","x":1,"y":1,"z":1}},{"__type__":"cc.Sprite","node":{"__id__":4},"_sizeMode":0},{"__type__":"cc.Node","_name":"New Layout","_parent":{"__id__":3},"_children":[{"__id__":7},{"__id__":9}],"_level":4,"_components":[{"__type__":"cc.Layout","node":{"__id__":6},"_layoutSize":{"__type__":"cc.Size","width":100,"height":57},"_resize":1,"_N$layoutType":2,"_N$spacingY":10}],"_prefab":{"__type__":"cc.PrefabInfo","root":{"__id__":1},"asset":{"__uuid__":"405hYM3FxM0LKDsUsqLr/Y"},"fileId":"3cSWR1cilFYJcaVd9CVywa"},"_contentSize":{"__type__":"cc.Size","width":100,"height":57},"_anchorPoint":{"__type__":"cc.Vec2","y":0.5},"_position":{"__type__":"cc.Vec3","x":15},"_scale":{"__type__":"cc.Vec3","x":1,"y":1,"z":1}},{"__type__":"cc.Node","_name":"nameTxt","_parent":{"__id__":6},"_level":5,"_components":[{"__id__":8}],"_prefab":{"__type__":"cc.PrefabInfo","root":{"__id__":1},"asset":{"__uuid__":"405hYM3FxM0LKDsUsqLr/Y"},"fileId":"d0NDD2BbZBvIdsOwgix0/r"},"_contentSize":{"__type__":"cc.Size","width":96,"height":27},"_anchorPoint":{"__type__":"cc.Vec2","y":0.5},"_position":{"__type__":"cc.Vec3","y":15},"_scale":{"__type__":"cc.Vec3","x":1,"y":1,"z":1}},{"__type__":"cc.Label","node":{"__id__":7},"_srcBlendFactor":1,"_useOriginalSize":false,"_string":"红衣铠甲","_N$string":"红衣铠甲","_fontSize":24,"_lineHeight":27,"_N$horizontalAlign":1,"_N$verticalAlign":1},{"__type__":"cc.Node","_name":"New Label","_parent":{"__id__":6},"_level":5,"_components":[{"__id__":10}],"_prefab":{"__type__":"cc.PrefabInfo","root":{"__id__":1},"asset":{"__uuid__":"405hYM3FxM0LKDsUsqLr/Y"},"fileId":"60JPLYqmFAEJgo+k29cPrI"},"_color":{"__type__":"cc.Color","r":173,"g":177,"b":202},"_contentSize":{"__type__":"cc.Size","width":65.02,"height":20},"_anchorPoint":{"__type__":"cc.Vec2","y":0.5},"_position":{"__type__":"cc.Vec3","y":-18.5},"_scale":{"__type__":"cc.Vec3","x":1,"y":1,"z":1}},{"__type__":"cc.Label","node":{"__id__":9},"_srcBlendFactor":1,"_useOriginalSize":false,"_string":"x44攻击","_N$string":"x44攻击","_fontSize":18,"_lineHeight":20,"_N$horizontalAlign":1,"_N$verticalAlign":1},{"__type__":"cc.Node","_name":"New Button","_parent":{"__id__":2},"_children":[{"__id__":12},{"__id__":16},{"__id__":18}],"_level":3,"_components":[{"__id__":20},{"__type__":"cc.Button","node":{"__id__":11},"zoomScale":0.9,"_N$transition":3,"transition":3,"_N$normalColor":{"__type__":"cc.Color","r":255,"g":255,"b":255},"_N$pressedColor":{"__type__":"cc.Color","r":255,"g":255,"b":255},"pressedColor":{"__type__":"cc.Color","r":255,"g":255,"b":255},"_N$disabledColor":{"__type__":"cc.Color","r":255,"g":255,"b":255},"_N$normalSprite":{"__uuid__":"f0BIwQ8D5Ml7nTNQbh1YlS"},"_N$pressedSprite":{"__uuid__":"e97GVMl6JHh5Ml5qEDdSGa"},"pressedSprite":{"__uuid__":"e97GVMl6JHh5Ml5qEDdSGa"},"_N$hoverSprite":{"__uuid__":"f0BIwQ8D5Ml7nTNQbh1YlS"},"hoverSprite":{"__uuid__":"f0BIwQ8D5Ml7nTNQbh1YlS"},"_N$disabledSprite":{"__uuid__":"29FYIk+N1GYaeWH/q1NxQO"},"_N$target":{"__id__":11}},{"__type__":"cc.Widget","node":{"__id__":11},"_alignFlags":32,"_right":20},{"__type__":"cc.BlockInputEvents","node":{"__id__":11}}],"_prefab":{"__type__":"cc.PrefabInfo","root":{"__id__":1},"asset":{"__uuid__":"405hYM3FxM0LKDsUsqLr/Y"},"fileId":"f5Au0xRO1C35Zc+Agpf/9p"},"_contentSize":{"__type__":"cc.Size","width":192,"height":73},"_position":{"__type__":"cc.Vec3","x":259},"_scale":{"__type__":"cc.Vec3","x":1,"y":1,"z":1}},{"__type__":"cc.Node","_name":"New Layout","_parent":{"__id__":11},"_children":[{"__id__":13},{"__id__":14}],"_level":4,"_components":[{"__type__":"cc.Layout","node":{"__id__":12},"_layoutSize":{"__type__":"cc.Size","width":85.62,"height":32},"_resize":1,"_N$layoutType":1},{"__type__":"cc.Widget","node":{"__id__":12},"_alignFlags":16,"_right":58.235}],"_prefab":{"__type__":"cc.PrefabInfo","root":{"__id__":1},"asset":{"__uuid__":"405hYM3FxM0LKDsUsqLr/Y"},"fileId":"9eQpDyQChAJ5YldQbCuMfx"},"_contentSize":{"__type__":"cc.Size","width":85.62,"height":32},"_position":{"__type__":"cc.Vec3","y":21},"_scale":{"__type__":"cc.Vec3","x":1,"y":1,"z":1}},{"__type__":"cc.Node","_name":"zhuanshi","_parent":{"__id__":12},"_level":5,"_components":[{"__type__":"cc.Sprite","node":{"__id__":13},"_spriteFrame":{"__uuid__":"de0JHSRvpF/p6Fu3WSBcG6"},"_sizeMode":0}],"_prefab":{"__type__":"cc.PrefabInfo","root":{"__id__":1},"asset":{"__uuid__":"405hYM3FxM0LKDsUsqLr/Y"},"fileId":"4cwCa8LTxBU7D/oFn6UuD6"},"_contentSize":{"__type__":"cc.Size","width":30,"height":25},"_position":{"__type__":"cc.Vec3","x":-27.810000000000002},"_scale":{"__type__":"cc.Vec3","x":1,"y":1,"z":1}},{"__type__":"cc.Node","_name":"New Label","_parent":{"__id__":12},"_level":5,"_components":[{"__id__":15}],"_prefab":{"__type__":"cc.PrefabInfo","root":{"__id__":1},"asset":{"__uuid__":"405hYM3FxM0LKDsUsqLr/Y"},"fileId":"52QkTGok9KWrY2LhEz2+e+"},"_contentSize":{"__type__":"cc.Size","width":55.62,"height":22},"_anchorPoint":{"__type__":"cc.Vec2","x":1,"y":0.5},"_position":{"__type__":"cc.Vec3","x":42.809999999999995},"_scale":{"__type__":"cc.Vec3","x":1,"y":1,"z":1}},{"__type__":"cc.Label","node":{"__id__":14},"_srcBlendFactor":1,"_useOriginalSize":false,"_string":"10000","_N$string":"10000","_fontSize":20,"_lineHeight":22,"_N$horizontalAlign":1,"_N$verticalAlign":1},{"__type__":"cc.Node","_name":"Label","_parent":{"__id__":11},"_level":4,"_components":[{"__id__":17}],"_prefab":{"__type__":"cc.PrefabInfo","root":{"__id__":1},"asset":{"__uuid__":"405hYM3FxM0LKDsUsqLr/Y"},"fileId":"4fD1iG7uZJ0oTAP8NOS+pY"},"_contentSize":{"__type__":"cc.Size","width":100,"height":40},"_position":{"__type__":"cc.Vec3","y":-11.7},"_scale":{"__type__":"cc.Vec3","x":1,"y":1,"z":1}},{"__type__":"cc.Label","node":{"__id__":16},"_srcBlendFactor":1,"_useOriginalSize":false,"_string":"解锁","_N$string":"解锁","_fontSize":34,"_lineHeight":36,"_enableWrapText":false,"_N$horizontalAlign":1,"_N$verticalAlign":1,"_N$overflow":1},{"__type__":"cc.Node","_name":"newdata","_parent":{"__id__":11},"_children":[{"__id__":19}],"_active":false,"_level":4,"_components":[{"__type__":"cc.Sprite","node":{"__id__":18},"_spriteFrame":{"__uuid__":"feneBpRqdJCKkZJU3JeSj5"}},{"__type__":"cc.Widget","node":{"__id__":18},"_alignFlags":9,"_left":-10,"_top":-5},{"__type__":"c32d3/RV3xNvKlWl8y5Qfpd","node":{"__id__":18}}],"_prefab":{"__type__":"cc.PrefabInfo","root":{"__id__":1},"asset":{"__uuid__":"405hYM3FxM0LKDsUsqLr/Y"},"fileId":"5dt4g2Q5BIMbqsZ7ltSLTm"},"_contentSize":{"__type__":"cc.Size","width":33,"height":33},"_position":{"__type__":"cc.Vec3","x":-89.5,"y":36.5},"_scale":{"__type__":"cc.Vec3","x":1,"y":1,"z":1}},{"__type__":"cc.Node","_name":"New Label","_parent":{"__id__":18},"_level":5,"_components":[{"__type__":"cc.Label","node":{"__id__":19},"_srcBlendFactor":1,"_useOriginalSize":false,"_string":"新","_N$string":"新","_fontSize":20,"_lineHeight":22,"_N$horizontalAlign":1,"_N$verticalAlign":1}],"_prefab":{"__type__":"cc.PrefabInfo","root":{"__id__":1},"asset":{"__uuid__":"405hYM3FxM0LKDsUsqLr/Y"},"fileId":"a8WobzIoNC24mOWprrfeKI"},"_contentSize":{"__type__":"cc.Size","width":20,"height":22},"_scale":{"__type__":"cc.Vec3","x":1,"y":1,"z":1}},{"__type__":"cc.Sprite","node":{"__id__":11},"_spriteFrame":{"__uuid__":"14h6o0GpVBepbMCU7ofqzI"},"_type":1,"_sizeMode":0},{"__type__":"cc.Node","_name":"zhuangbei","_parent":{"__id__":2},"_children":[{"__id__":22}],"_active":false,"_level":3,"_components":[{"__type__":"cc.Sprite","node":{"__id__":21},"_spriteFrame":{"__uuid__":"eapAElRfhC7rsLpGsAOX29"},"_sizeMode":0}],"_prefab":{"__type__":"cc.PrefabInfo","root":{"__id__":1},"asset":{"__uuid__":"405hYM3FxM0LKDsUsqLr/Y"},"fileId":"da1AcM2YdF6LL8s0Yz8RZU"},"_contentSize":{"__type__":"cc.Size","width":197,"height":70},"_position":{"__type__":"cc.Vec3","x":259},"_scale":{"__type__":"cc.Vec3","x":1,"y":1,"z":1}},{"__type__":"cc.Node","_name":"New Label","_parent":{"__id__":21},"_level":4,"_components":[{"__type__":"cc.Label","node":{"__id__":22},"_srcBlendFactor":1,"_useOriginalSize":false,"_string":"装备","_N$string":"装备","_fontSize":34,"_lineHeight":36,"_N$horizontalAlign":1,"_N$verticalAlign":1}],"_prefab":{"__type__":"cc.PrefabInfo","root":{"__id__":1},"asset":{"__uuid__":"405hYM3FxM0LKDsUsqLr/Y"},"fileId":"bfPZrRQlxH+pELg3i9Lxrh"},"_contentSize":{"__type__":"cc.Size","width":68,"height":36},"_scale":{"__type__":"cc.Vec3","x":1,"y":1,"z":1}},{"__type__":"cc.Node","_name":"unequip","_parent":{"__id__":2},"_active":false,"_level":3,"_components":[{"__type__":"cc.Label","node":{"__id__":23},"_srcBlendFactor":1,"_useOriginalSize":false,"_string":"已装备","_N$string":"已装备","_fontSize":34,"_lineHeight":36,"_N$horizontalAlign":1,"_N$verticalAlign":1}],"_prefab":{"__type__":"cc.PrefabInfo","root":{"__id__":1},"asset":{"__uuid__":"405hYM3FxM0LKDsUsqLr/Y"},"fileId":"46gib/aopBXLkBcwDAfn4k"},"_color":{"__type__":"cc.Color","r":33,"g":36,"b":58},"_contentSize":{"__type__":"cc.Size","width":102,"height":36},"_position":{"__type__":"cc.Vec3","x":255},"_scale":{"__type__":"cc.Vec3","x":1,"y":1,"z":1}},{"__type__":"cc.Node","_name":"New Node","_parent":{"__id__":1},"_level":2,"_components":[{"__type__":"cc.Widget","node":{"__id__":24},"_alignFlags":13}],"_prefab":{"__type__":"cc.PrefabInfo","root":{"__id__":1},"asset":{"__uuid__":"405hYM3FxM0LKDsUsqLr/Y"},"fileId":"b6YJWW0gJBgqcxlL3+GSAi"},"_contentSize":{"__type__":"cc.Size","width":500,"height":137},"_anchorPoint":{"__type__":"cc.Vec2","y":0.5},"_position":{"__type__":"cc.Vec3","x":-375},"_scale":{"__type__":"cc.Vec3","x":1,"y":1,"z":1}}],{"__type__":"cc.SpriteFrame","content":{"name":"bgtongyong","texture":"a1kFce2/xNx60AtnsccfV2","rect":[62,119,685,137],"offset":[0,0],"originalSize":[685,137],"capInsets":[0,0,0,0]}},{"__type__":"cc.SpriteFrame","content":{"name":"zhuanshi","texture":"a1kFce2/xNx60AtnsccfV2","rect":[363,1035,41,32],"offset":[0,0],"originalSize":[41,32],"capInsets":[0,0,0,0]}},{"__type__":"cc.SpriteFrame","content":{"name":"default_btn_pressed","texture":"b4P/PCArtIdIH38t6mlw8Y","rect":[0,0,40,40],"offset":[0,0],"originalSize":[40,40],"capInsets":[12,12,12,12]}},{"__type__":"cc.SpriteFrame","content":{"name":"xinshou","texture":"a1kFce2/xNx60AtnsccfV2","rect":[545,476,197,91],"offset":[0,0],"originalSize":[197,91],"capInsets":[0,0,0,0]}},{"__type__":"cc.SpriteFrame","content":{"name":"default_btn_normal","texture":"e8Ueib+qJEhL6mXAHdnwbi","rect":[0,0,40,40],"offset":[0,0],"originalSize":[40,40],"capInsets":[12,12,12,12]}},{"__type__":"cc.SpriteFrame","content":{"name":"redttoast","texture":"a1kFce2/xNx60AtnsccfV2","rect":[930,1020,33,33],"offset":[0,0],"originalSize":[33,33],"capInsets":[0,0,0,0]}}]