[{"__type__":"cc.SpriteFrame","content":{"name":"close (2)","texture":"a1kFce2/xNx60AtnsccfV2","rect":[383,897,28,27],"offset":[0,0],"originalSize":[28,27],"capInsets":[0,0,0,0]}},{"__type__":"cc.SpriteFrame","content":{"name":"tanchuangtongyon","texture":"a1kFce2/xNx60AtnsccfV2","rect":[112,794,261,84],"offset":[0,0],"originalSize":[261,84],"capInsets":[0,0,0,0]}},{"__type__":"cc.SpriteFrame","content":{"name":"tanchuanbg","texture":"a1kFce2/xNx60AtnsccfV2","rect":[821,756,80,78],"offset":[0,0],"originalSize":[80,78],"capInsets":[11,11,11,10]}},[{"__type__":"cc.Prefab","_name":"RewardWin","data":{"__id__":1}},{"__type__":"cc.Node","_name":"RewardWin","_children":[{"__id__":2}],"_level":1,"_components":[{"__type__":"d4962XqEcxOd4prsJU+IbhS","node":{"__id__":1},"contentTxt":{"__id__":17},"clickBtn":{"__id__":11},"closeBtn":{"__id__":5},"icon":{"__id__":10},"smallIcon":{"__id__":15},"coidTxt":{"__id__":13}}],"_prefab":{"__type__":"cc.PrefabInfo","root":{"__id__":1},"asset":{"__uuid__":"5eP9jS2MRHDYaZDRGVvnar"},"fileId":"6e/nk2yjNPcrBwSSLTRdY1"},"_contentSize":{"__type__":"cc.Size","width":750,"height":1334},"_scale":{"__type__":"cc.Vec3","x":1,"y":1,"z":1}},{"__type__":"cc.Node","_name":"bg","_parent":{"__id__":1},"_children":[{"__id__":3},{"__id__":7},{"__id__":9},{"__id__":11},{"__id__":16}],"_level":2,"_components":[{"__type__":"cc.Sprite","node":{"__id__":2},"_spriteFrame":{"__uuid__":"510X4D6aFPGa9wjpS7Ot5t"},"_type":1,"_sizeMode":0}],"_prefab":{"__type__":"cc.PrefabInfo","root":{"__id__":1},"asset":{"__uuid__":"5eP9jS2MRHDYaZDRGVvnar"},"fileId":"63eezSUQhFDpNepuk1UMVg"},"_contentSize":{"__type__":"cc.Size","width":699,"height":484},"_scale":{"__type__":"cc.Vec3","x":1,"y":1,"z":1}},{"__type__":"cc.Node","_name":"title","_parent":{"__id__":2},"_children":[{"__id__":4},{"__id__":5}],"_level":3,"_components":[{"__type__":"cc.Sprite","node":{"__id__":3},"_spriteFrame":{"__uuid__":"b3CLDo9FhEhpyt697OG5HT"},"_sizeMode":0},{"__type__":"cc.Widget","node":{"__id__":3},"_alignFlags":41,"_left":9.5,"_right":9.5,"_top":9,"_originalWidth":680}],"_prefab":{"__type__":"cc.PrefabInfo","root":{"__id__":1},"asset":{"__uuid__":"5eP9jS2MRHDYaZDRGVvnar"},"fileId":"28ghjDY0ZFtqRnWCvu88x4"},"_contentSize":{"__type__":"cc.Size","width":680,"height":59},"_position":{"__type__":"cc.Vec3","y":203.5},"_scale":{"__type__":"cc.Vec3","x":1,"y":1,"z":1}},{"__type__":"cc.Node","_name":"New Label","_parent":{"__id__":3},"_level":4,"_components":[{"__type__":"cc.Label","node":{"__id__":4},"_srcBlendFactor":1,"_useOriginalSize":false,"_string":"奖励","_N$string":"奖励","_N$horizontalAlign":1,"_N$verticalAlign":1,"_N$fontFamily":"苹方","_N$overflow":1},{"__type__":"cc.Widget","node":{"__id__":4},"_alignFlags":18}],"_prefab":{"__type__":"cc.PrefabInfo","root":{"__id__":1},"asset":{"__uuid__":"5eP9jS2MRHDYaZDRGVvnar"},"fileId":"c831Ai8uBEwL28hXdrznQv"},"_contentSize":{"__type__":"cc.Size","width":500,"height":40},"_scale":{"__type__":"cc.Vec3","x":1,"y":1,"z":1}},{"__type__":"cc.Node","_name":"close","_parent":{"__id__":3},"_children":[{"__id__":6}],"_level":5,"_components":[{"__type__":"cc.Widget","node":{"__id__":5},"_alignFlags":32},{"__type__":"cc.Button","node":{"__id__":5},"_N$transition":3,"transition":3,"_N$target":{"__id__":5}}],"_prefab":{"__type__":"cc.PrefabInfo","root":{"__id__":1},"asset":{"__uuid__":"5eP9jS2MRHDYaZDRGVvnar"},"fileId":"abCGgIK/FP8Zfq2YPRz+4I"},"_contentSize":{"__type__":"cc.Size","width":70,"height":70},"_position":{"__type__":"cc.Vec3","x":305},"_scale":{"__type__":"cc.Vec3","x":1,"y":1,"z":1}},{"__type__":"cc.Node","_name":"New Sprite(Splash)","_parent":{"__id__":5},"_level":6,"_components":[{"__type__":"cc.Sprite","node":{"__id__":6},"_spriteFrame":{"__uuid__":"33DcKl9v5Ef6qoSRMZ5ejJ"},"_sizeMode":0}],"_prefab":{"__type__":"cc.PrefabInfo","root":{"__id__":1},"asset":{"__uuid__":"5eP9jS2MRHDYaZDRGVvnar"},"fileId":"af8MNukBNOdqRuzMEERu50"},"_contentSize":{"__type__":"cc.Size","width":28,"height":27},"_scale":{"__type__":"cc.Vec3","x":1,"y":1,"z":1}},{"__type__":"cc.Node","_name":"New Sprite","_parent":{"__id__":2},"_level":3,"_components":[{"__id__":8},{"__type__":"cc.Widget","node":{"__id__":7},"_alignFlags":18},{"__type__":"32540GFq4FAT5ZSyUpi/XyW","node":{"__id__":7},"img":{"__id__":8},"url":"texture/base/awardBg.png"}],"_prefab":{"__type__":"cc.PrefabInfo","root":{"__id__":1},"asset":{"__uuid__":"5eP9jS2MRHDYaZDRGVvnar"},"fileId":"6flcdfgtZDYbfXSyh8Sfph"},"_contentSize":{"__type__":"cc.Size","width":392,"height":325},"_scale":{"__type__":"cc.Vec3","x":1,"y":1,"z":1}},{"__type__":"cc.Sprite","node":{"__id__":7}},{"__type__":"cc.Node","_name":"icon","_parent":{"__id__":2},"_level":3,"_components":[{"__id__":10},{"__type__":"cc.Widget","node":{"__id__":9},"_alignFlags":18}],"_prefab":{"__type__":"cc.PrefabInfo","root":{"__id__":1},"asset":{"__uuid__":"5eP9jS2MRHDYaZDRGVvnar"},"fileId":"61Ts56ZelHx6K1KD/61jAl"},"_contentSize":{"__type__":"cc.Size","width":222,"height":194},"_scale":{"__type__":"cc.Vec3","x":1,"y":1,"z":1}},{"__type__":"cc.Sprite","node":{"__id__":9}},{"__type__":"cc.Node","_name":"clickBtn","_parent":{"__id__":2},"_children":[{"__id__":12},{"__id__":14}],"_level":3,"_components":[{"__type__":"cc.Sprite","node":{"__id__":11},"_spriteFrame":{"__uuid__":"39PxN1FxBCxLjMGmRJhgVO"},"_type":1,"_sizeMode":0},{"__type__":"cc.Widget","node":{"__id__":11},"_alignFlags":16}],"_prefab":{"__type__":"cc.PrefabInfo","root":{"__id__":1},"asset":{"__uuid__":"5eP9jS2MRHDYaZDRGVvnar"},"fileId":"01a+aFerBHt68STJTXSzBg"},"_contentSize":{"__type__":"cc.Size","width":261,"height":84},"_position":{"__type__":"cc.Vec3","y":-169},"_scale":{"__type__":"cc.Vec3","x":1,"y":1,"z":1}},{"__type__":"cc.Node","_name":"Label","_parent":{"__id__":11},"_components":[{"__id__":13}],"_prefab":{"__type__":"cc.PrefabInfo","root":{"__id__":1},"asset":{"__uuid__":"5eP9jS2MRHDYaZDRGVvnar"},"fileId":"55RonEME9EpopuuLqTQlJD"},"_contentSize":{"__type__":"cc.Size","width":200,"height":40},"_position":{"__type__":"cc.Vec3","x":27},"_scale":{"__type__":"cc.Vec3","x":1,"y":1,"z":1}},{"__type__":"cc.Label","node":{"__id__":12},"_srcBlendFactor":1,"_useOriginalSize":false,"_string":"0","_N$string":"0","_fontSize":30,"_lineHeight":50,"_enableWrapText":false,"_N$horizontalAlign":1,"_N$verticalAlign":1,"_N$overflow":1},{"__type__":"cc.Node","_name":"smallIcon","_parent":{"__id__":11},"_level":6,"_components":[{"__id__":15}],"_prefab":{"__type__":"cc.PrefabInfo","root":{"__id__":1},"asset":{"__uuid__":"5eP9jS2MRHDYaZDRGVvnar"},"fileId":"2bj+BiyJdLg4R2JNgwpkbR"},"_contentSize":{"__type__":"cc.Size","width":35,"height":36},"_position":{"__type__":"cc.Vec3","x":-90,"y":2},"_scale":{"__type__":"cc.Vec3","x":1,"y":1,"z":1}},{"__type__":"cc.Sprite","node":{"__id__":14},"_spriteFrame":{"__uuid__":"758LlCmBtGkoDRCn15LdzW"},"_sizeMode":0},{"__type__":"cc.Node","_name":"contentTxt","_parent":{"__id__":2},"_level":3,"_components":[{"__id__":17}],"_prefab":{"__type__":"cc.PrefabInfo","root":{"__id__":1},"asset":{"__uuid__":"5eP9jS2MRHDYaZDRGVvnar"},"fileId":"37WDLzviFKFJEEJwPWM5dC"},"_color":{"__type__":"cc.Color","r":219,"g":192,"b":112},"_contentSize":{"__type__":"cc.Size","width":680,"height":100},"_position":{"__type__":"cc.Vec3","y":133},"_scale":{"__type__":"cc.Vec3","x":1,"y":1,"z":1}},{"__type__":"cc.Label","node":{"__id__":16},"_srcBlendFactor":1,"_useOriginalSize":false,"_string":"恭喜您，在您的努力下，获得0金币\\n每1000符石碎片可以自动兑换1符石。","_N$string":"恭喜您，在您的努力下，获得0金币\\n每1000符石碎片可以自动兑换1符石。","_fontSize":24,"_N$horizontalAlign":1,"_N$verticalAlign":1,"_N$overflow":1}],{"__type__":"cc.SpriteFrame","content":{"name":"jinbikaobei","texture":"a1kFce2/xNx60AtnsccfV2","rect":[930,979,35,36],"offset":[0,0],"originalSize":[35,36],"capInsets":[0,0,0,0]}},{"__type__":"cc.SpriteFrame","content":{"name":"shangcehng","texture":"a1kFce2/xNx60AtnsccfV2","rect":[62,412,679,59],"offset":[0,0],"originalSize":[679,59],"capInsets":[0,0,0,0]}}]