[{"__type__":"cc.SpriteFrame","content":{"name":"hand","texture":"b1yj/mxF9OBJhHeBC5mcov","rect":[100,0,99,113],"offset":[0,0],"originalSize":[99,113],"capInsets":[0,0,0,0]}},{"__type__":"cc.SpriteAtlas","_name":"guide.plist","_spriteFrames":{"black":{"__uuid__":"det3dRdi5H0rwSRZj+x2jw"},"guideFrame":{"__uuid__":"f5MHndZEhBoqzimWBjZjM9"},"guideSp":{"__uuid__":"c1nBhHzfNIMaVOR/oloiL6"},"hand":{"__uuid__":"33SEN3o7pF8a6UlRrqtwgA"}}},{"__type__":"cc.SpriteFrame","content":{"name":"guideSp","texture":"b1yj/mxF9OBJhHeBC5mcov","rect":[82,113,166,256],"offset":[0,0],"originalSize":[166,256],"capInsets":[0,0,0,0]}},{"__type__":"cc.SpriteFrame","content":{"name":"black","texture":"b1yj/mxF9OBJhHeBC5mcov","rect":[0,0,100,100],"offset":[0,0],"originalSize":[100,100],"capInsets":[0,0,0,0]}},{"__type__":"cc.SpriteFrame","content":{"name":"guideFrame","texture":"b1yj/mxF9OBJhHeBC5mcov","rect":[0,113,82,156],"offset":[0,0],"originalSize":[82,156],"capInsets":[41,62,37,60]}}]