[{"__type__":"cc.SpriteFrame","content":{"name":"close (2)","texture":"a1kFce2/xNx60AtnsccfV2","rect":[383,897,28,27],"offset":[0,0],"originalSize":[28,27],"capInsets":[0,0,0,0]}},{"__type__":"cc.SpriteFrame","content":{"name":"tanchuangtongyon","texture":"a1kFce2/xNx60AtnsccfV2","rect":[112,794,261,84],"offset":[0,0],"originalSize":[261,84],"capInsets":[0,0,0,0]}},[{"__type__":"cc.Prefab","_name":"OffLineAward","data":{"__id__":1}},{"__type__":"cc.Node","_name":"OffLineAward","_children":[{"__id__":2},{"__id__":26}],"_level":1,"_components":[{"__type__":"09ce4CCiZ1Fo7GIgZJtQcQ/","node":{"__id__":1},"colse":{"__id__":4},"clickBtn":{"__id__":13},"click2Btn":{"__id__":20},"clickTxt":{"__id__":17},"renwu":{"__id__":8},"bglight":{"__id__":12},"jinbixiaozi":{"__id__":11},"text":{"__id__":24},"getcoint":{"__id__":26}}],"_prefab":{"__type__":"cc.PrefabInfo","root":{"__id__":1},"asset":{"__uuid__":"62UafK5gdJp4X1kpWsdyF0"},"fileId":"61FeBeTVdOWrQXsXQ4JX6x"},"_contentSize":{"__type__":"cc.Size","width":688,"height":600},"_scale":{"__type__":"cc.Vec3","x":1,"y":1,"z":1}},{"__type__":"cc.Node","_name":"New Sprite(Splash)","_parent":{"__id__":1},"_children":[{"__id__":3},{"__id__":7},{"__id__":9},{"__id__":13},{"__id__":19},{"__id__":20}],"_level":2,"_components":[{"__type__":"cc.Sprite","node":{"__id__":2},"_spriteFrame":{"__uuid__":"ffp1vMUE1DtY7hRljXF2Sg"},"_type":1,"_sizeMode":0}],"_prefab":{"__type__":"cc.PrefabInfo","root":{"__id__":1},"asset":{"__uuid__":"62UafK5gdJp4X1kpWsdyF0"},"fileId":"44XPdpFh1L86EdjPI2U7S+"},"_contentSize":{"__type__":"cc.Size","width":688,"height":600},"_scale":{"__type__":"cc.Vec3","x":1,"y":1,"z":1}},{"__type__":"cc.Node","_name":"alert-shangcehng","_parent":{"__id__":2},"_children":[{"__id__":4},{"__id__":6}],"_level":3,"_components":[{"__type__":"cc.Sprite","node":{"__id__":3},"_spriteFrame":{"__uuid__":"b3CLDo9FhEhpyt697OG5HT"},"_type":1,"_sizeMode":0},{"__type__":"cc.Widget","node":{"__id__":3},"_alignFlags":1,"_top":7.5}],"_prefab":{"__type__":"cc.PrefabInfo","root":{"__id__":1},"asset":{"__uuid__":"62UafK5gdJp4X1kpWsdyF0"},"fileId":"d9kJBpXwlPp7TfqDJ40Uvj"},"_contentSize":{"__type__":"cc.Size","width":670,"height":59},"_position":{"__type__":"cc.Vec3","y":263},"_scale":{"__type__":"cc.Vec3","x":1,"y":1,"z":1}},{"__type__":"cc.Node","_name":"New Sprite(Splash)","_parent":{"__id__":3},"_children":[{"__id__":5}],"_active":false,"_level":4,"_components":[{"__type__":"cc.Sprite","node":{"__id__":4},"_sizeMode":0},{"__type__":"cc.Widget","node":{"__id__":4},"_alignFlags":32,"_right":15},{"__type__":"cc.Button","node":{"__id__":4},"_N$transition":3,"transition":3,"_N$target":{"__id__":4}}],"_prefab":{"__type__":"cc.PrefabInfo","root":{"__id__":1},"asset":{"__uuid__":"62UafK5gdJp4X1kpWsdyF0"},"fileId":"93/m30YVtEg5EDt7DR7/pa"},"_contentSize":{"__type__":"cc.Size","width":70,"height":70},"_position":{"__type__":"cc.Vec3","x":285},"_scale":{"__type__":"cc.Vec3","x":1,"y":1,"z":1}},{"__type__":"cc.Node","_name":"alert-close","_parent":{"__id__":4},"_level":5,"_components":[{"__type__":"cc.Sprite","node":{"__id__":5},"_spriteFrame":{"__uuid__":"33DcKl9v5Ef6qoSRMZ5ejJ"}}],"_prefab":{"__type__":"cc.PrefabInfo","root":{"__id__":1},"asset":{"__uuid__":"62UafK5gdJp4X1kpWsdyF0"},"fileId":"43GRmB/iBMi7yNrnuFGmXW"},"_contentSize":{"__type__":"cc.Size","width":28,"height":27},"_scale":{"__type__":"cc.Vec3","x":1,"y":1,"z":1}},{"__type__":"cc.Node","_name":"New Label","_parent":{"__id__":3},"_level":4,"_components":[{"__type__":"cc.Label","node":{"__id__":6},"_srcBlendFactor":1,"_useOriginalSize":false,"_string":"离线奖励","_N$string":"离线奖励","_N$horizontalAlign":1,"_N$verticalAlign":1,"_N$fontFamily":"苹方"}],"_prefab":{"__type__":"cc.PrefabInfo","root":{"__id__":1},"asset":{"__uuid__":"62UafK5gdJp4X1kpWsdyF0"},"fileId":"afwle6rDVN47bPZhFZPwGD"},"_contentSize":{"__type__":"cc.Size","width":160,"height":40},"_scale":{"__type__":"cc.Vec3","x":1,"y":1,"z":1}},{"__type__":"cc.Node","_name":"renwu","_parent":{"__id__":2},"_level":3,"_components":[{"__id__":8},{"__type__":"cc.Widget","node":{"__id__":7},"_alignFlags":12,"_bottom":120.5}],"_prefab":{"__type__":"cc.PrefabInfo","root":{"__id__":1},"asset":{"__uuid__":"62UafK5gdJp4X1kpWsdyF0"},"fileId":"26N1UKnkJIEZQi94UEPEds"},"_contentSize":{"__type__":"cc.Size","width":324,"height":327},"_position":{"__type__":"cc.Vec3","x":-182,"y":-16},"_scale":{"__type__":"cc.Vec3","x":1,"y":1,"z":1}},{"__type__":"cc.Sprite","node":{"__id__":7}},{"__type__":"cc.Node","_name":"bglight","_parent":{"__id__":2},"_children":[{"__id__":10}],"_level":3,"_components":[{"__id__":12},{"__type__":"cc.Widget","node":{"__id__":9},"_alignFlags":36,"_bottom":124.5}],"_prefab":{"__type__":"cc.PrefabInfo","root":{"__id__":1},"asset":{"__uuid__":"62UafK5gdJp4X1kpWsdyF0"},"fileId":"67XAhaMk1AP7s/XLdYg+mV"},"_contentSize":{"__type__":"cc.Size","width":392,"height":325},"_position":{"__type__":"cc.Vec3","x":148,"y":-13},"_scale":{"__type__":"cc.Vec3","x":1,"y":1,"z":1}},{"__type__":"cc.Node","_name":"jinbixiaozi","_parent":{"__id__":9},"_level":4,"_components":[{"__id__":11}],"_prefab":{"__type__":"cc.PrefabInfo","root":{"__id__":1},"asset":{"__uuid__":"62UafK5gdJp4X1kpWsdyF0"},"fileId":"32/p8ctzVLOKHr5S907IcE"},"_contentSize":{"__type__":"cc.Size","width":222,"height":194},"_scale":{"__type__":"cc.Vec3","x":1,"y":1,"z":1}},{"__type__":"cc.Sprite","node":{"__id__":10}},{"__type__":"cc.Sprite","node":{"__id__":9}},{"__type__":"cc.Node","_name":"alert-chuangtongyon","_parent":{"__id__":2},"_children":[{"__id__":14}],"_level":3,"_components":[{"__type__":"cc.Sprite","node":{"__id__":13},"_spriteFrame":{"__uuid__":"c61KqX5RNGeYqa7K5xL4vd"},"_sizeMode":0},{"__type__":"cc.Widget","node":{"__id__":13},"_alignFlags":36,"_right":12,"_bottom":338},{"__type__":"cc.Button","node":{"__id__":13},"_N$transition":3,"transition":3,"_N$target":{"__id__":13}}],"_prefab":{"__type__":"cc.PrefabInfo","root":{"__id__":1},"asset":{"__uuid__":"62UafK5gdJp4X1kpWsdyF0"},"fileId":"29Vx6k3kdNYYWBPl346fqh"},"_contentSize":{"__type__":"cc.Size","width":380,"height":80},"_anchorPoint":{"__type__":"cc.Vec2","y":0.5},"_position":{"__type__":"cc.Vec3","x":-48,"y":78},"_scale":{"__type__":"cc.Vec3","x":1,"y":1,"z":1}},{"__type__":"cc.Node","_name":"New Layout","_parent":{"__id__":13},"_children":[{"__id__":15},{"__id__":16},{"__id__":18}],"_level":4,"_components":[{"__type__":"cc.Sprite","node":{"__id__":14},"_type":1,"_sizeMode":0},{"__type__":"cc.Layout","node":{"__id__":14},"_layoutSize":{"__type__":"cc.Size","width":143.42000000000002,"height":150},"_resize":1,"_N$layoutType":1,"_N$spacingX":10},{"__type__":"cc.Widget","node":{"__id__":14},"_alignFlags":8,"_left":14.9}],"_prefab":{"__type__":"cc.PrefabInfo","root":{"__id__":1},"asset":{"__uuid__":"62UafK5gdJp4X1kpWsdyF0"},"fileId":"a90kHHBtdAFJ2MiNdqytZN"},"_contentSize":{"__type__":"cc.Size","width":143.42000000000002,"height":150},"_anchorPoint":{"__type__":"cc.Vec2","y":0.5},"_position":{"__type__":"cc.Vec3","x":14.9},"_scale":{"__type__":"cc.Vec3","x":1,"y":1,"z":1}},{"__type__":"cc.Node","_name":"gold","_parent":{"__id__":14},"_level":5,"_components":[{"__type__":"cc.Sprite","node":{"__id__":15},"_spriteFrame":{"__uuid__":"758LlCmBtGkoDRCn15LdzW"},"_sizeMode":0}],"_prefab":{"__type__":"cc.PrefabInfo","root":{"__id__":1},"asset":{"__uuid__":"62UafK5gdJp4X1kpWsdyF0"},"fileId":"0eynD+k1pDUrBNDU+em8z8"},"_contentSize":{"__type__":"cc.Size","width":50,"height":50},"_position":{"__type__":"cc.Vec3","x":25},"_scale":{"__type__":"cc.Vec3","x":1,"y":1,"z":1}},{"__type__":"cc.Node","_name":"New Label","_parent":{"__id__":14},"_level":5,"_components":[{"__id__":17}],"_prefab":{"__type__":"cc.PrefabInfo","root":{"__id__":1},"asset":{"__uuid__":"62UafK5gdJp4X1kpWsdyF0"},"fileId":"85EnU5hgtLQZgO7VSQ6Aug"},"_contentSize":{"__type__":"cc.Size","width":83.42,"height":52},"_position":{"__type__":"cc.Vec3","x":101.71000000000001},"_scale":{"__type__":"cc.Vec3","x":1,"y":1,"z":1}},{"__type__":"cc.Label","node":{"__id__":16},"_srcBlendFactor":1,"_useOriginalSize":false,"_string":"100","_N$string":"100","_fontSize":50,"_lineHeight":52,"_N$horizontalAlign":1,"_N$verticalAlign":1},{"__type__":"cc.Node","_name":"New Label","_parent":{"__id__":14},"_active":false,"_level":5,"_components":[{"__type__":"cc.Label","node":{"__id__":18},"_useOriginalSize":false,"_string":"x10","_N$string":"x10","_fontSize":30,"_N$file":{"__uuid__":"d8aJ8xzTtFeY6+H+iq9HCr"},"_isSystemFontUsed":false,"_N$horizontalAlign":1,"_N$verticalAlign":1}],"_prefab":{"__type__":"cc.PrefabInfo","root":{"__id__":1},"asset":{"__uuid__":"62UafK5gdJp4X1kpWsdyF0"},"fileId":"dd/+PrPtNHJpvSTOfoMSGN"},"_contentSize":{"__type__":"cc.Size","width":80.63,"height":37.5},"_position":{"__type__":"cc.Vec3","x":128.685,"y":4.9},"_scale":{"__type__":"cc.Vec3","x":1,"y":1,"z":1}},{"__type__":"cc.Node","_name":"New Label","_parent":{"__id__":2},"_level":3,"_components":[{"__type__":"cc.Label","node":{"__id__":19},"_srcBlendFactor":1,"_useOriginalSize":false,"_string":"在您下线期间，您的英雄们任然在奋战，这些是他们获得的金币，请领取","_N$string":"在您下线期间，您的英雄们任然在奋战，这些是他们获得的金币，请领取","_fontSize":24,"_lineHeight":26,"_N$horizontalAlign":1,"_N$verticalAlign":1,"_N$fontFamily":"苹方","_N$overflow":3},{"__type__":"cc.Widget","node":{"__id__":19},"_alignFlags":1,"_top":70}],"_prefab":{"__type__":"cc.PrefabInfo","root":{"__id__":1},"asset":{"__uuid__":"62UafK5gdJp4X1kpWsdyF0"},"fileId":"c6VKeXw1ZD+rjZNdiAPwlv"},"_color":{"__type__":"cc.Color","r":219,"g":192,"b":112},"_contentSize":{"__type__":"cc.Size","width":600,"height":52},"_anchorPoint":{"__type__":"cc.Vec2","x":0.5,"y":1},"_position":{"__type__":"cc.Vec3","y":230},"_scale":{"__type__":"cc.Vec3","x":1,"y":1,"z":1}},{"__type__":"cc.Node","_name":"alert-tanchuangtongyon","_parent":{"__id__":2},"_children":[{"__id__":21},{"__id__":25}],"_level":3,"_components":[{"__type__":"cc.Sprite","node":{"__id__":20},"_spriteFrame":{"__uuid__":"39PxN1FxBCxLjMGmRJhgVO"},"_sizeMode":0},{"__type__":"cc.Widget","node":{"__id__":20},"_alignFlags":36,"_right":87,"_bottom":57},{"__type__":"cc.Button","node":{"__id__":20},"_N$transition":3,"transition":3,"_N$target":{"__id__":20}}],"_prefab":{"__type__":"cc.PrefabInfo","root":{"__id__":1},"asset":{"__uuid__":"62UafK5gdJp4X1kpWsdyF0"},"fileId":"f993oM0cxHYr45Usevty+5"},"_contentSize":{"__type__":"cc.Size","width":240,"height":84},"_anchorPoint":{"__type__":"cc.Vec2","y":0.5},"_position":{"__type__":"cc.Vec3","x":17,"y":-201},"_scale":{"__type__":"cc.Vec3","x":1,"y":1,"z":1}},{"__type__":"cc.Node","_name":"New Layout","_parent":{"__id__":20},"_children":[{"__id__":22},{"__id__":23}],"_level":4,"_components":[{"__type__":"cc.Sprite","node":{"__id__":21},"_type":1,"_sizeMode":0},{"__type__":"cc.Layout","node":{"__id__":21},"_layoutSize":{"__type__":"cc.Size","width":144,"height":150},"_resize":1,"_N$layoutType":1,"_N$spacingX":5},{"__type__":"cc.Widget","node":{"__id__":21},"_alignFlags":8,"_left":57}],"_prefab":{"__type__":"cc.PrefabInfo","root":{"__id__":1},"asset":{"__uuid__":"62UafK5gdJp4X1kpWsdyF0"},"fileId":"76c9dr2rlBMqjm1Z1Nd0Fr"},"_contentSize":{"__type__":"cc.Size","width":144,"height":150},"_position":{"__type__":"cc.Vec3","x":129},"_scale":{"__type__":"cc.Vec3","x":1,"y":1,"z":1}},{"__type__":"cc.Node","_name":"gold","_parent":{"__id__":21},"_active":false,"_level":5,"_components":[{"__type__":"cc.Sprite","node":{"__id__":22}}],"_prefab":{"__type__":"cc.PrefabInfo","root":{"__id__":1},"asset":{"__uuid__":"62UafK5gdJp4X1kpWsdyF0"},"fileId":"45DvAgbzJEW4Zp2TLCDJUE"},"_contentSize":{"__type__":"cc.Size","width":35,"height":36},"_position":{"__type__":"cc.Vec3","x":-92.5},"_scale":{"__type__":"cc.Vec3","x":1,"y":1,"z":1}},{"__type__":"cc.Node","_name":"New Label","_parent":{"__id__":21},"_level":5,"_components":[{"__id__":24}],"_prefab":{"__type__":"cc.PrefabInfo","root":{"__id__":1},"asset":{"__uuid__":"62UafK5gdJp4X1kpWsdyF0"},"fileId":"d1YDCnMuFAzY4GHrOtwB73"},"_contentSize":{"__type__":"cc.Size","width":144,"height":38},"_scale":{"__type__":"cc.Vec3","x":1,"y":1,"z":1}},{"__type__":"cc.Label","node":{"__id__":23},"_srcBlendFactor":1,"_useOriginalSize":false,"_string":"十倍金币","_N$string":"十倍金币","_fontSize":36,"_lineHeight":38,"_enableWrapText":false,"_N$verticalAlign":1},{"__type__":"cc.Node","_name":"New Sprite","_parent":{"__id__":20},"_active":false,"_level":4,"_components":[{"__type__":"cc.Sprite","node":{"__id__":25},"_spriteFrame":{"__uuid__":"acxVINpWJAJ5NFMDZ8ynEq"}},{"__type__":"cc.Widget","node":{"__id__":25},"_alignFlags":32,"_right":179.7}],"_prefab":{"__type__":"cc.PrefabInfo","root":{"__id__":1},"asset":{"__uuid__":"62UafK5gdJp4X1kpWsdyF0"},"fileId":"caO55zTIBANIQuPzmEfwQs"},"_contentSize":{"__type__":"cc.Size","width":57,"height":57},"_position":{"__type__":"cc.Vec3","x":31.80000000000001,"y":3},"_scale":{"__type__":"cc.Vec3","x":1,"y":1,"z":1}},{"__type__":"cc.Node","_name":"putong","_parent":{"__id__":1},"_children":[{"__id__":27}],"_level":2,"_components":[{"__type__":"cc.Widget","node":{"__id__":26},"_alignFlags":1,"_top":605},{"__type__":"cc.Button","node":{"__id__":26},"_N$transition":3,"transition":3,"_N$target":{"__id__":26}}],"_prefab":{"__type__":"cc.PrefabInfo","root":{"__id__":1},"asset":{"__uuid__":"62UafK5gdJp4X1kpWsdyF0"},"fileId":"efnrZPYaxHAZ6DjhpGygOq"},"_contentSize":{"__type__":"cc.Size","width":200,"height":80},"_position":{"__type__":"cc.Vec3","y":-345},"_scale":{"__type__":"cc.Vec3","x":1,"y":1,"z":1}},{"__type__":"cc.Node","_name":"putongtext","_parent":{"__id__":26},"_level":3,"_components":[{"__type__":"cc.Label","node":{"__id__":27},"_srcBlendFactor":1,"_useOriginalSize":false,"_string":"普通领取","_N$string":"普通领取","_fontSize":30,"_lineHeight":32,"_N$horizontalAlign":1,"_N$verticalAlign":1}],"_prefab":{"__type__":"cc.PrefabInfo","root":{"__id__":1},"asset":{"__uuid__":"62UafK5gdJp4X1kpWsdyF0"},"fileId":"3dC7xVCalJBoTvC87zCj+C"},"_color":{"__type__":"cc.Color","r":192,"g":192,"b":192},"_contentSize":{"__type__":"cc.Size","width":120,"height":32},"_scale":{"__type__":"cc.Vec3","x":1,"y":1,"z":1}}],{"__type__":"cc.SpriteFrame","content":{"name":"jinbikaobei","texture":"a1kFce2/xNx60AtnsccfV2","rect":[930,979,35,36],"offset":[0,0],"originalSize":[35,36],"capInsets":[0,0,0,0]}},{"__type__":"cc.SpriteFrame","content":{"name":"play","texture":"a1kFce2/xNx60AtnsccfV2","rect":[906,796,57,57],"offset":[0,0],"originalSize":[57,57],"capInsets":[0,0,0,0]}},{"__type__":"cc.SpriteFrame","content":{"name":"shangcehng","texture":"a1kFce2/xNx60AtnsccfV2","rect":[62,412,679,59],"offset":[0,0],"originalSize":[679,59],"capInsets":[0,0,0,0]}},{"__type__":"cc.SpriteFrame","content":{"name":"offtextbg","texture":"44xTUogfdFiK6frQoW+pAO","rect":[736,0,256,42],"offset":[0,0],"originalSize":[256,42],"capInsets":[0,0,0,0]}},{"__type__":"cc.SpriteFrame","content":{"name":"tanchuangbg3","texture":"a1kFce2/xNx60AtnsccfV2","rect":[821,839,78,78],"offset":[0,0],"originalSize":[78,78],"capInsets":[17,13,17,15]}}]