[[{"__type__":"cc.SceneAsset","_name":"mainScene","scene":{"__id__":1},"asyncLoadAssets":null},{"__type__":"cc.Scene","_name":"New Node","_children":[{"__id__":2},{"__id__":75}],"_active":false,"_anchorPoint":{"__type__":"cc.Vec2"},"_scale":{"__type__":"cc.Vec3","x":0.2107383808095952,"y":0.2107383808095952,"z":1},"autoReleaseAssets":true},{"__type__":"cc.Node","_name":"Canvas","_parent":{"__id__":1},"_children":[{"__id__":3},{"__id__":4},{"__id__":5},{"__id__":6},{"__id__":10},{"__id__":11},{"__id__":16},{"__id__":17},{"__id__":23},{"__id__":25},{"__id__":34},{"__id__":46}],"_level":1,"_components":[{"__type__":"cc.Canvas","node":{"__id__":2},"_designResolution":{"__type__":"cc.Size","width":750,"height":1334}},{"__type__":"1ecfdMAMGpHvKNukioXv/8n","node":{"__id__":2},"eventShapeBtnGuiderPrefab":{"__uuid__":"59oXFu1PNI07IV5KPJ20Gg"},"startBtn":{"__id__":52},"vsBtn":{"__id__":47},"eventShapeBtn":{"__id__":30},"shopBtn":{"__id__":54},"rankBtn":{"__id__":61},"lifeCardBtn":{"__id__":64},"moreGameBtn":{"__id__":67},"moreGameBtn2":{"__id__":49},"addAppTip":{"__id__":10},"bannerAdNode":{"__id__":75}}],"_color":{"__type__":"cc.Color","r":252,"g":252,"b":252},"_contentSize":{"__type__":"cc.Size","width":750,"height":1334},"_position":{"__type__":"cc.Vec3","x":375,"y":667},"_scale":{"__type__":"cc.Vec3","x":1,"y":1,"z":1},"_id":"a286bbGknJLZpRpxROV6M94"},{"__type__":"cc.Node","_name":"Main Camera","_parent":{"__id__":2},"_level":1,"_components":[{"__type__":"cc.Camera","node":{"__id__":3},"_clearFlags":7,"_depth":-1}],"_scale":{"__type__":"cc.Vec3","x":1,"y":1,"z":1}},{"__type__":"cc.Node","_name":"bg","_parent":{"__id__":2},"_components":[{"__type__":"cc.Sprite","node":{"__id__":4},"_spriteFrame":{"__uuid__":"a2MjXRFdtLlYQ5ouAFv/+R"},"_sizeMode":0},{"__type__":"cc.Widget","node":{"__id__":4},"alignMode":0,"_alignFlags":45,"_originalWidth":100,"_originalHeight":100}],"_color":{"__type__":"cc.Color","r":21,"g":21,"b":21},"_contentSize":{"__type__":"cc.Size","width":750,"height":1334},"_scale":{"__type__":"cc.Vec3","x":1,"y":1,"z":1}},{"__type__":"cc.Node","_name":"mainsencebgb","_parent":{"__id__":2},"_components":[{"__type__":"cc.Sprite","node":{"__id__":5},"_spriteFrame":{"__uuid__":"da+hC1ko5JMKk8Q+4aBz3y"}},{"__type__":"cc.Widget","node":{"__id__":5},"alignMode":0,"_alignFlags":20}],"_contentSize":{"__type__":"cc.Size","width":900,"height":339},"_position":{"__type__":"cc.Vec3","y":-497.5},"_scale":{"__type__":"cc.Vec3","x":1,"y":1,"z":1}},{"__type__":"cc.Node","_name":"starsDetailPanel","_parent":{"__id__":2},"_children":[{"__id__":7},{"__id__":8}],"_level":1,"_components":[{"__type__":"501a9k036xDlo9u49XuXiOa","node":{"__id__":6},"valueLabel":{"__id__":9},"starNode":{"__id__":7}},{"__type__":"cc.Widget","node":{"__id__":6},"_alignFlags":33,"_right":30,"_top":100}],"_prefab":{"__type__":"cc.PrefabInfo","root":{"__id__":6},"asset":{"__uuid__":"2dYynng+pLU6g799ONAm7F"},"fileId":"14KXJkoatPuK2RFTsoG4bL"},"_contentSize":{"__type__":"cc.Size","width":150,"height":53},"_position":{"__type__":"cc.Vec3","x":270,"y":540.5},"_scale":{"__type__":"cc.Vec3","x":1,"y":1,"z":1}},{"__type__":"cc.Node","_name":"star","_parent":{"__id__":6},"_components":[{"__type__":"cc.Sprite","node":{"__id__":7},"_spriteFrame":{"__uuid__":"d458EH+gVHlrQs6CfKFAVk"}},{"__type__":"cc.Widget","node":{"__id__":7},"alignMode":0,"_alignFlags":32}],"_prefab":{"__type__":"cc.PrefabInfo","root":{"__id__":6},"asset":{"__uuid__":"2dYynng+pLU6g799ONAm7F"},"fileId":"d7eUPFfWlKKKJv2gg69Mq1"},"_contentSize":{"__type__":"cc.Size","width":56,"height":53},"_position":{"__type__":"cc.Vec3","x":47},"_scale":{"__type__":"cc.Vec3","x":1,"y":1,"z":1}},{"__type__":"cc.Node","_name":"value","_parent":{"__id__":6},"_components":[{"__id__":9},{"__type__":"cc.Widget","node":{"__id__":8},"alignMode":0,"_alignFlags":32,"_right":70}],"_prefab":{"__type__":"cc.PrefabInfo","root":{"__id__":6},"asset":{"__uuid__":"2dYynng+pLU6g799ONAm7F"},"fileId":"84TSqfa3VH8LB51qVWu4t5"},"_contentSize":{"__type__":"cc.Size","width":22.25,"height":40},"_anchorPoint":{"__type__":"cc.Vec2","x":1,"y":0.5},"_position":{"__type__":"cc.Vec3","x":5,"y":-2},"_scale":{"__type__":"cc.Vec3","x":1,"y":1,"z":1}},{"__type__":"cc.Label","node":{"__id__":8},"_srcBlendFactor":1,"_useOriginalSize":false,"_string":"0","_N$string":"0","_N$horizontalAlign":1,"_N$verticalAlign":1},{"__type__":"cc.Node","_name":"addapptip","_parent":{"__id__":2},"_level":1,"_components":[{"__type__":"cc.Sprite","node":{"__id__":10},"_spriteFrame":{"__uuid__":"degO1hGutKwIsSjumKyOAy"},"_sizeMode":0},{"__type__":"7fa60J7eyhEa4Rw0/ehB8Nn","node":{"__id__":10},"distanceY":0,"distanceX":-20}],"_contentSize":{"__type__":"cc.Size","width":229.6,"height":51},"_position":{"__type__":"cc.Vec3","x":81,"y":610},"_scale":{"__type__":"cc.Vec3","x":1,"y":1,"z":1}},{"__type__":"cc.Node","_name":"setting","_parent":{"__id__":2},"_children":[{"__id__":12},{"__id__":15}],"_components":[{"__type__":"cc.Widget","node":{"__id__":11},"alignMode":0,"_alignFlags":9,"_left":30,"_top":30},{"__type__":"7d788u3cW5LzYUJDMEnQovZ","node":{"__id__":11},"settingBtn":{"__id__":15},"detailPanel":{"__id__":12}}],"_prefab":{"__type__":"cc.PrefabInfo","root":{"__id__":11},"asset":{"__uuid__":"4eEfnJnu5AN6ii9eWH7MeW"},"fileId":"3ebrFaQndNErjZGz2vHJUS"},"_contentSize":{"__type__":"cc.Size","width":85,"height":85},"_position":{"__type__":"cc.Vec3","x":-315.25,"y":607.25},"_scale":{"__type__":"cc.Vec3","x":0.7,"y":0.7,"z":1}},{"__type__":"cc.Node","_name":"settingbg","_parent":{"__id__":11},"_children":[{"__id__":13},{"__id__":14}],"_components":[{"__type__":"cc.Sprite","node":{"__id__":12},"_spriteFrame":{"__uuid__":"0e7jTQ9hFGaagMFI+qRHVv"}}],"_prefab":{"__type__":"cc.PrefabInfo","root":{"__id__":11},"asset":{"__uuid__":"4eEfnJnu5AN6ii9eWH7MeW"},"fileId":"2epLplr7ZK6LHgO7vaG3sS"},"_contentSize":{"__type__":"cc.Size","width":257,"height":86},"_position":{"__type__":"cc.Vec3","x":191},"_scale":{"__type__":"cc.Vec3","x":1,"y":1,"z":1}},{"__type__":"cc.Node","_name":"musicBtn","_parent":{"__id__":12},"_components":[{"__type__":"cc.Sprite","node":{"__id__":13},"_spriteFrame":{"__uuid__":"b5DjbMaedBYKNCrO6fXMCj"},"_type":1,"_sizeMode":0},{"__type__":"cc.Button","node":{"__id__":13},"duration":0.2,"zoomScale":0.9,"_N$normalColor":{"__type__":"cc.Color","r":255,"g":255,"b":255},"_N$pressedColor":{"__type__":"cc.Color","r":255,"g":255,"b":255},"pressedColor":{"__type__":"cc.Color","r":255,"g":255,"b":255},"_N$disabledColor":{"__type__":"cc.Color","r":255,"g":255,"b":255},"_N$pressedSprite":{"__uuid__":"e97GVMl6JHh5Ml5qEDdSGa"},"pressedSprite":{"__uuid__":"e97GVMl6JHh5Ml5qEDdSGa"},"_N$hoverSprite":{"__uuid__":"e97GVMl6JHh5Ml5qEDdSGa"},"hoverSprite":{"__uuid__":"e97GVMl6JHh5Ml5qEDdSGa"},"_N$disabledSprite":{"__uuid__":"29FYIk+N1GYaeWH/q1NxQO"},"_N$target":{"__id__":13}},{"__type__":"2fb16nYRrBF+aBTTlNAl5L+","node":{"__id__":13},"muteSpriteFrame":{"__uuid__":"b5DjbMaedBYKNCrO6fXMCj"},"unmuteSpriteFrame":{"__uuid__":"1f3twm5YNGZoGPdVT74Yd5"}}],"_prefab":{"__type__":"cc.PrefabInfo","root":{"__id__":11},"asset":{"__uuid__":"4eEfnJnu5AN6ii9eWH7MeW"},"fileId":"08hfPkgcJDZYsySR3oD+WF"},"_contentSize":{"__type__":"cc.Size","width":118,"height":74},"_position":{"__type__":"cc.Vec3","x":-64},"_scale":{"__type__":"cc.Vec3","x":1,"y":1,"z":1}},{"__type__":"cc.Node","_name":"vibrateBtn","_parent":{"__id__":12},"_components":[{"__type__":"cc.Sprite","node":{"__id__":14},"_spriteFrame":{"__uuid__":"7eX9H7bZdB04EqVcCyoM3S"},"_type":1,"_sizeMode":0},{"__type__":"cc.Button","node":{"__id__":14},"duration":0.2,"zoomScale":0.9,"_N$normalColor":{"__type__":"cc.Color","r":255,"g":255,"b":255},"_N$pressedColor":{"__type__":"cc.Color","r":255,"g":255,"b":255},"pressedColor":{"__type__":"cc.Color","r":255,"g":255,"b":255},"_N$disabledColor":{"__type__":"cc.Color","r":255,"g":255,"b":255},"_N$normalSprite":{"__uuid__":"f0BIwQ8D5Ml7nTNQbh1YlS"},"_N$pressedSprite":{"__uuid__":"e97GVMl6JHh5Ml5qEDdSGa"},"pressedSprite":{"__uuid__":"e97GVMl6JHh5Ml5qEDdSGa"},"_N$hoverSprite":{"__uuid__":"e97GVMl6JHh5Ml5qEDdSGa"},"hoverSprite":{"__uuid__":"e97GVMl6JHh5Ml5qEDdSGa"},"_N$disabledSprite":{"__uuid__":"29FYIk+N1GYaeWH/q1NxQO"},"_N$target":{"__id__":14}},{"__type__":"ba89dYesvBONYJHUAqItTwq","node":{"__id__":14},"onSpriteFrame":{"__uuid__":"4dcTMOtvJG9pOUpNuhO3Nj"},"offSpriteFrame":{"__uuid__":"7eX9H7bZdB04EqVcCyoM3S"}}],"_prefab":{"__type__":"cc.PrefabInfo","root":{"__id__":11},"asset":{"__uuid__":"4eEfnJnu5AN6ii9eWH7MeW"},"fileId":"45Tp6cK3xGdISB9GiTLMAm"},"_contentSize":{"__type__":"cc.Size","width":118,"height":74},"_position":{"__type__":"cc.Vec3","x":64},"_scale":{"__type__":"cc.Vec3","x":1,"y":1,"z":1}},{"__type__":"cc.Node","_name":"setting","_parent":{"__id__":11},"_components":[{"__type__":"cc.Sprite","node":{"__id__":15},"_spriteFrame":{"__uuid__":"76pkTBGyZLzpxzTukGnJge"}},{"__type__":"cc.Button","node":{"__id__":15},"zoomScale":0.8,"_N$transition":3,"transition":3,"_N$target":{"__id__":15}}],"_prefab":{"__type__":"cc.PrefabInfo","root":{"__id__":11},"asset":{"__uuid__":"4eEfnJnu5AN6ii9eWH7MeW"},"fileId":"02AuqasfVJiJxtvVsnFlvK"},"_contentSize":{"__type__":"cc.Size","width":85,"height":85},"_scale":{"__type__":"cc.Vec3","x":1,"y":1,"z":1}},{"__type__":"cc.Node","_name":"cloud","_parent":{"__id__":2},"_components":[{"__type__":"cc.Sprite","node":{"__id__":16},"_spriteFrame":{"__uuid__":"adqpEOTg9Ogr84sgb4V0MX"}},{"__type__":"08e51/OBU9EBYS0BDG+rDo+","node":{"__id__":16},"regionY":20,"regionSpeed":1}],"_contentSize":{"__type__":"cc.Size","width":212,"height":71},"_anchorPoint":{"__type__":"cc.Vec2","y":0.5},"_position":{"__type__":"cc.Vec3","x":324,"y":207},"_scale":{"__type__":"cc.Vec3","x":1,"y":1,"z":1}},{"__type__":"cc.Node","_name":"tipbar","_parent":{"__id__":2},"_children":[{"__id__":18}],"_level":2,"_components":[{"__type__":"cc.Sprite","node":{"__id__":17},"_spriteFrame":{"__uuid__":"f4XX1CmyxGJqpsL484TuSb"}},{"__type__":"86a6e5FOUJJ1poP3CTaouGk","node":{"__id__":17},"info1":{"__id__":20},"info2":{"__id__":22}}],"_prefab":{"__type__":"cc.PrefabInfo","root":{"__id__":17},"asset":{"__uuid__":"05gQx7NSVPk78r/w06QA+F"},"fileId":"61J3GfVNdKkogV4OwsKpJ2"},"_contentSize":{"__type__":"cc.Size","width":681,"height":46},"_position":{"__type__":"cc.Vec3","y":490},"_scale":{"__type__":"cc.Vec3","x":1,"y":1,"z":1}},{"__type__":"cc.Node","_name":"masker","_parent":{"__id__":17},"_children":[{"__id__":19},{"__id__":21}],"_level":2,"_components":[{"__type__":"cc.Mask","node":{"__id__":18}}],"_prefab":{"__type__":"cc.PrefabInfo","root":{"__id__":17},"asset":{"__uuid__":"05gQx7NSVPk78r/w06QA+F"},"fileId":"2aKCF9iH5MMIqOWxjnafcW"},"_contentSize":{"__type__":"cc.Size","width":681,"height":46},"_scale":{"__type__":"cc.Vec3","x":1,"y":1,"z":1}},{"__type__":"cc.Node","_name":"info1","_parent":{"__id__":18},"_level":3,"_components":[{"__id__":20}],"_prefab":{"__type__":"cc.PrefabInfo","root":{"__id__":17},"asset":{"__uuid__":"05gQx7NSVPk78r/w06QA+F"},"fileId":"53TPXoGDFMeLPXI6E7r7rj"},"_color":{"__type__":"cc.Color","r":244,"g":226,"b":32},"_contentSize":{"__type__":"cc.Size","width":29.17,"height":40},"_scale":{"__type__":"cc.Vec3","x":1,"y":1,"z":1}},{"__type__":"cc.Label","node":{"__id__":19},"_srcBlendFactor":1,"_useOriginalSize":false,"_string":"...","_N$string":"...","_fontSize":35,"_N$horizontalAlign":1,"_N$verticalAlign":1},{"__type__":"cc.Node","_name":"info1","_parent":{"__id__":18},"_level":3,"_components":[{"__id__":22}],"_prefab":{"__type__":"cc.PrefabInfo","root":{"__id__":17},"asset":{"__uuid__":"05gQx7NSVPk78r/w06QA+F"},"fileId":"619Be/9ipDVaMLKxq4G3F+"},"_color":{"__type__":"cc.Color","r":244,"g":226,"b":32},"_contentSize":{"__type__":"cc.Size","height":40},"_scale":{"__type__":"cc.Vec3","x":1,"y":1,"z":1}},{"__type__":"cc.Label","node":{"__id__":21},"_srcBlendFactor":1,"_useOriginalSize":false,"_fontSize":35,"_N$horizontalAlign":1,"_N$verticalAlign":1},{"__type__":"cc.Node","_name":"title2","_parent":{"__id__":2},"_children":[{"__id__":24}],"_level":1,"_contentSize":{"__type__":"cc.Size","width":454.68,"height":112.72},"_position":{"__type__":"cc.Vec3","y":409},"_scale":{"__type__":"cc.Vec3","x":1,"y":1,"z":1}},{"__type__":"cc.Node","_name":"塔建狂","_parent":{"__id__":23},"_level":2,"_components":[{"__type__":"cc.Sprite","node":{"__id__":24},"_spriteFrame":{"__uuid__":"67BDECclFNH5MsxXNT3X6K"}}],"_contentSize":{"__type__":"cc.Size","width":445,"height":142},"_scale":{"__type__":"cc.Vec3","x":1,"y":1,"z":1}},{"__type__":"cc.Node","_name":"leftContent","_parent":{"__id__":2},"_children":[{"__id__":26},{"__id__":30}],"_level":1,"_components":[{"__type__":"cc.Layout","node":{"__id__":25},"_layoutSize":{"__type__":"cc.Size","width":150,"height":400},"_N$layoutType":2,"_N$spacingY":45},{"__type__":"cc.Widget","node":{"__id__":25},"_alignFlags":8}],"_contentSize":{"__type__":"cc.Size","width":150,"height":400},"_position":{"__type__":"cc.Vec3","x":-300,"y":120},"_scale":{"__type__":"cc.Vec3","x":1,"y":1,"z":1}},{"__type__":"cc.Node","_name":"gift","_parent":{"__id__":25},"_children":[{"__id__":27},{"__id__":28}],"_level":2,"_components":[{"__type__":"cc.Button","node":{"__id__":26},"zoomScale":0.9,"_N$transition":3,"transition":3,"_N$target":{"__id__":26}},{"__type__":"efd5cfXqERMdrOm/6MojG/n","node":{"__id__":26},"timerLabel":{"__id__":29}}],"_contentSize":{"__type__":"cc.Size","width":137,"height":152},"_position":{"__type__":"cc.Vec3","y":124},"_scale":{"__type__":"cc.Vec3","x":1,"y":1,"z":1}},{"__type__":"cc.Node","_name":"gift","_parent":{"__id__":26},"_level":1,"_components":[{"__type__":"cc.Sprite","node":{"__id__":27},"_spriteFrame":{"__uuid__":"3exd8dnZJFeqQVJtTVPeKr"}}],"_contentSize":{"__type__":"cc.Size","width":105,"height":113},"_position":{"__type__":"cc.Vec3","y":17},"_scale":{"__type__":"cc.Vec3","x":1,"y":1,"z":1}},{"__type__":"cc.Node","_name":"time","_parent":{"__id__":26},"_components":[{"__id__":29}],"_contentSize":{"__type__":"cc.Size","width":68.33,"height":34},"_position":{"__type__":"cc.Vec3","y":-58},"_scale":{"__type__":"cc.Vec3","x":1,"y":1,"z":1}},{"__type__":"cc.Label","node":{"__id__":28},"_srcBlendFactor":1,"_useOriginalSize":false,"_string":"00:00","_N$string":"00:00","_fontSize":30,"_lineHeight":34,"_N$horizontalAlign":1,"_N$verticalAlign":1,"_N$fontFamily":"苹方"},{"__type__":"cc.Node","_name":"eventShape","_parent":{"__id__":25},"_children":[{"__id__":31},{"__id__":32}],"_level":2,"_components":[{"__type__":"cc.Button","node":{"__id__":30},"zoomScale":0.9,"_N$transition":3,"transition":3},{"__type__":"108afG1/6dFpb5wVVSyQa+2","node":{"__id__":30},"timerLabel":{"__id__":33}}],"_contentSize":{"__type__":"cc.Size","width":120,"height":140},"_position":{"__type__":"cc.Vec3","y":-67},"_scale":{"__type__":"cc.Vec3","x":1,"y":1,"z":1}},{"__type__":"cc.Node","_name":"love","_parent":{"__id__":30},"_level":2,"_components":[{"__type__":"sp.Skeleton","node":{"__id__":31},"defaultAnimation":"idle","premultipliedAlpha":false,"_N$skeletonData":{"__uuid__":"d0m0oEveNNAqjV0BHrE271"}}],"_contentSize":{"__type__":"cc.Size","width":148.65,"height":130.83},"_position":{"__type__":"cc.Vec3","y":12},"_scale":{"__type__":"cc.Vec3","x":1,"y":1,"z":1}},{"__type__":"cc.Node","_name":"time","_parent":{"__id__":30},"_level":3,"_components":[{"__id__":33}],"_contentSize":{"__type__":"cc.Size","width":68.33,"height":34},"_position":{"__type__":"cc.Vec3","y":-63},"_scale":{"__type__":"cc.Vec3","x":1,"y":1,"z":1}},{"__type__":"cc.Label","node":{"__id__":32},"_srcBlendFactor":1,"_useOriginalSize":false,"_string":"00:00","_N$string":"00:00","_fontSize":30,"_lineHeight":34,"_N$horizontalAlign":1,"_N$verticalAlign":1,"_N$fontFamily":"苹方"},{"__type__":"cc.Node","_name":"rightContent","_parent":{"__id__":2},"_children":[{"__id__":35},{"__id__":40}],"_level":2,"_components":[{"__type__":"cc.Layout","node":{"__id__":34},"_layoutSize":{"__type__":"cc.Size","width":131,"height":400},"_N$layoutType":2,"_N$spacingY":45},{"__type__":"cc.Widget","node":{"__id__":34},"_alignFlags":32,"_right":9.5}],"_contentSize":{"__type__":"cc.Size","width":131,"height":400},"_position":{"__type__":"cc.Vec3","x":300,"y":120},"_scale":{"__type__":"cc.Vec3","x":1,"y":1,"z":1}},{"__type__":"cc.Node","_name":"hotAdsPanel","_parent":{"__id__":34},"_children":[{"__id__":36},{"__id__":37}],"_level":3,"_components":[{"__type__":"9013bQ5Ur9GeKJbY38ZxwPN","node":{"__id__":35},"adSprite":{"__id__":39}},{"__type__":"cc.Widget","node":{"__id__":35},"alignMode":0,"_alignFlags":32,"_right":1}],"_prefab":{"__type__":"cc.PrefabInfo","root":{"__id__":35},"asset":{"__uuid__":"56qSe0BjREur4OCvtlpCSz"},"fileId":"c4pdWENadHObyA4LsZmwoY"},"_contentSize":{"__type__":"cc.Size","width":129,"height":161},"_position":{"__type__":"cc.Vec3","y":119.5},"_scale":{"__type__":"cc.Vec3","x":1,"y":1,"z":1}},{"__type__":"cc.Node","_name":"bg","_parent":{"__id__":35},"_components":[{"__type__":"cc.Sprite","node":{"__id__":36},"_spriteFrame":{"__uuid__":"59Ez0NzNpMhp+V07CZSRqf"}}],"_prefab":{"__type__":"cc.PrefabInfo","root":{"__id__":35},"asset":{"__uuid__":"56qSe0BjREur4OCvtlpCSz"},"fileId":"f6gKAWBDBOBrj5JJoPpVOm"},"_contentSize":{"__type__":"cc.Size","width":129,"height":161},"_scale":{"__type__":"cc.Vec3","x":1,"y":1,"z":1}},{"__type__":"cc.Node","_name":"imagemasker","_parent":{"__id__":35},"_children":[{"__id__":38}],"_components":[{"__type__":"cc.Mask","node":{"__id__":37},"_type":2,"_N$alphaThreshold":1}],"_prefab":{"__type__":"cc.PrefabInfo","root":{"__id__":35},"asset":{"__uuid__":"56qSe0BjREur4OCvtlpCSz"},"fileId":"41OiyANQpArYdAhkbMT+he"},"_contentSize":{"__type__":"cc.Size","width":113,"height":113},"_position":{"__type__":"cc.Vec3","y":16},"_scale":{"__type__":"cc.Vec3","x":1,"y":1,"z":1}},{"__type__":"cc.Node","_name":"image","_parent":{"__id__":37},"_components":[{"__id__":39},{"__type__":"cc.Widget","node":{"__id__":38},"alignMode":0,"_alignFlags":45,"_originalWidth":106,"_originalHeight":148}],"_prefab":{"__type__":"cc.PrefabInfo","root":{"__id__":35},"asset":{"__uuid__":"56qSe0BjREur4OCvtlpCSz"},"fileId":"5cLXjCRS1JZqNXQ9fXCThP"},"_contentSize":{"__type__":"cc.Size","width":113,"height":113},"_scale":{"__type__":"cc.Vec3","x":1,"y":1,"z":1}},{"__type__":"cc.Sprite","node":{"__id__":38},"_sizeMode":0},{"__type__":"cc.Node","_name":"waitingPanel","_parent":{"__id__":34},"_children":[{"__id__":41},{"__id__":42},{"__id__":44}],"_level":3,"_components":[{"__type__":"cc.Button","node":{"__id__":40}},{"__type__":"e8850KcPRpI4Zy4gl0P21Gj","node":{"__id__":40},"infoLabel":{"__id__":43},"timerLabel":{"__id__":45}}],"_prefab":{"__type__":"cc.PrefabInfo","root":{"__id__":40},"asset":{"__uuid__":"f6ilDAN1BFx6BHLSguiYwB"},"fileId":"cacf5II9lJXaAMTGNu3Stn"},"_contentSize":{"__type__":"cc.Size","width":120,"height":140},"_position":{"__type__":"cc.Vec3","y":-76},"_scale":{"__type__":"cc.Vec3","x":1,"y":1,"z":1}},{"__type__":"cc.Node","_name":"waiting","_parent":{"__id__":40},"_level":2,"_components":[{"__type__":"cc.Sprite","node":{"__id__":41},"_spriteFrame":{"__uuid__":"da4soDAwVOvZN0couG8vKb"}}],"_prefab":{"__type__":"cc.PrefabInfo","root":{"__id__":40},"asset":{"__uuid__":"f6ilDAN1BFx6BHLSguiYwB"},"fileId":"7cwy515flHQIE8n8Di+G8b"},"_contentSize":{"__type__":"cc.Size","width":74,"height":74},"_position":{"__type__":"cc.Vec3","y":28},"_scale":{"__type__":"cc.Vec3","x":1,"y":1,"z":1}},{"__type__":"cc.Node","_name":"info","_parent":{"__id__":40},"_level":2,"_components":[{"__id__":43}],"_prefab":{"__type__":"cc.PrefabInfo","root":{"__id__":40},"asset":{"__uuid__":"f6ilDAN1BFx6BHLSguiYwB"},"fileId":"e52TFEgPBBlb9aau4q9flg"},"_color":{"__type__":"cc.Color","r":248,"g":220,"b":74},"_contentSize":{"__type__":"cc.Size","width":60,"height":23},"_position":{"__type__":"cc.Vec3","y":-23},"_scale":{"__type__":"cc.Vec3","x":1,"y":1,"z":1}},{"__type__":"cc.Label","node":{"__id__":42},"_srcBlendFactor":1,"_useOriginalSize":false,"_string":"等待中","_N$string":"等待中","_fontSize":20,"_lineHeight":23,"_N$horizontalAlign":1,"_N$verticalAlign":1},{"__type__":"cc.Node","_name":"timer","_parent":{"__id__":40},"_level":4,"_components":[{"__id__":45},{"__type__":"cc.LabelOutline","node":{"__id__":44},"_color":{"__type__":"cc.Color"}}],"_prefab":{"__type__":"cc.PrefabInfo","root":{"__id__":40},"asset":{"__uuid__":"f6ilDAN1BFx6BHLSguiYwB"},"fileId":"e7oNydxbpARZ1SJ9gM0e9O"},"_opacity":125,"_contentSize":{"__type__":"cc.Size","width":60,"height":50},"_position":{"__type__":"cc.Vec3","y":28},"_scale":{"__type__":"cc.Vec3","x":1,"y":1,"z":1}},{"__type__":"cc.Label","node":{"__id__":44},"_srcBlendFactor":1,"_useOriginalSize":false,"_string":"60","_N$string":"60","_lineHeight":50,"_N$horizontalAlign":1,"_N$verticalAlign":1,"_N$overflow":2},{"__type__":"cc.Node","_name":"bottom","_parent":{"__id__":2},"_children":[{"__id__":47},{"__id__":49},{"__id__":52},{"__id__":53},{"__id__":70}],"_components":[{"__type__":"a63afjOB4RIM47OPW3iazWj","node":{"__id__":46},"layoutDelay":0,"useAction":true,"hideBeforeRelayout":false},{"__type__":"cc.Widget","node":{"__id__":46},"_alignFlags":40}],"_contentSize":{"__type__":"cc.Size","width":750},"_position":{"__type__":"cc.Vec3","y":-477},"_scale":{"__type__":"cc.Vec3","x":1,"y":1,"z":1}},{"__type__":"cc.Node","_name":"vs","_parent":{"__id__":46},"_children":[{"__id__":48}],"_active":false,"_level":1,"_components":[{"__type__":"cc.Sprite","node":{"__id__":47},"_spriteFrame":{"__uuid__":"58qzEV/9ZLPb6+bwJ3AJC5"}},{"__type__":"cc.Button","node":{"__id__":47},"zoomScale":0.9,"_N$transition":3,"transition":3},{"__type__":"5f8e0rSIRFCZrXe5q70AGK0","node":{"__id__":47},"must":true}],"_contentSize":{"__type__":"cc.Size","width":362,"height":128},"_position":{"__type__":"cc.Vec3","y":588},"_scale":{"__type__":"cc.Vec3","x":0.9,"y":0.9,"z":1}},{"__type__":"cc.Node","_name":"new","_parent":{"__id__":47},"_level":2,"_components":[{"__type__":"cc.Sprite","node":{"__id__":48},"_spriteFrame":{"__uuid__":"47wwTSH1NDzJ1aMqdGwyIm"}}],"_contentSize":{"__type__":"cc.Size","width":54,"height":54},"_position":{"__type__":"cc.Vec3","x":177,"y":60},"_scale":{"__type__":"cc.Vec3","x":1,"y":1,"z":1}},{"__type__":"cc.Node","_name":"btnbgblue","_parent":{"__id__":46},"_children":[{"__id__":50},{"__id__":51}],"_level":1,"_components":[{"__type__":"cc.Sprite","node":{"__id__":49},"_spriteFrame":{"__uuid__":"eaD9IvJbJBUqao656xQqPt"}},{"__type__":"cc.Button","node":{"__id__":49},"zoomScale":0.9,"_N$transition":3,"transition":3}],"_contentSize":{"__type__":"cc.Size","width":262,"height":93},"_position":{"__type__":"cc.Vec3","y":588},"_scale":{"__type__":"cc.Vec3","x":1.2,"y":1.2,"z":1}},{"__type__":"cc.Node","_name":"label","_parent":{"__id__":49},"_level":2,"_components":[{"__type__":"cc.Label","node":{"__id__":50},"_srcBlendFactor":1,"_useOriginalSize":false,"_string":"更多游戏","_N$string":"更多游戏","_fontSize":45,"_lineHeight":55,"_N$horizontalAlign":1,"_N$verticalAlign":1}],"_contentSize":{"__type__":"cc.Size","width":180,"height":55},"_scale":{"__type__":"cc.Vec3","x":1,"y":1,"z":1}},{"__type__":"cc.Node","_name":"new","_parent":{"__id__":49},"_level":2,"_components":[{"__type__":"cc.Sprite","node":{"__id__":51},"_spriteFrame":{"__uuid__":"47wwTSH1NDzJ1aMqdGwyIm"}}],"_contentSize":{"__type__":"cc.Size","width":54,"height":54},"_position":{"__type__":"cc.Vec3","x":131,"y":46},"_scale":{"__type__":"cc.Vec3","x":0.8,"y":0.8,"z":1}},{"__type__":"cc.Node","_name":"startbtn","_parent":{"__id__":46},"_components":[{"__type__":"cc.Sprite","node":{"__id__":52},"_spriteFrame":{"__uuid__":"5bYJ6QbZ1EGIhG8xkDpdKc"},"_type":1,"_sizeMode":0},{"__type__":"cc.Button","node":{"__id__":52},"duration":0.2,"zoomScale":0.9,"_N$transition":3,"transition":3,"_N$normalColor":{"__type__":"cc.Color","r":255,"g":255,"b":255},"_N$pressedColor":{"__type__":"cc.Color","r":255,"g":255,"b":255},"pressedColor":{"__type__":"cc.Color","r":255,"g":255,"b":255},"_N$disabledColor":{"__type__":"cc.Color","r":255,"g":255,"b":255},"_N$normalSprite":{"__uuid__":"f0BIwQ8D5Ml7nTNQbh1YlS"},"_N$pressedSprite":{"__uuid__":"e97GVMl6JHh5Ml5qEDdSGa"},"pressedSprite":{"__uuid__":"e97GVMl6JHh5Ml5qEDdSGa"},"_N$hoverSprite":{"__uuid__":"e97GVMl6JHh5Ml5qEDdSGa"},"hoverSprite":{"__uuid__":"e97GVMl6JHh5Ml5qEDdSGa"},"_N$disabledSprite":{"__uuid__":"29FYIk+N1GYaeWH/q1NxQO"},"_N$target":{"__id__":52}},{"__type__":"cc.Widget","node":{"__id__":52},"alignMode":0,"_alignFlags":4,"_bottom":390}],"_contentSize":{"__type__":"cc.Size","width":362,"height":128},"_position":{"__type__":"cc.Vec3","y":447.6},"_scale":{"__type__":"cc.Vec3","x":0.9,"y":0.9,"z":1}},{"__type__":"cc.Node","_name":"buttons","_parent":{"__id__":46},"_children":[{"__id__":54},{"__id__":61},{"__id__":64},{"__id__":67}],"_components":[{"__type__":"cc.Widget","node":{"__id__":53},"alignMode":0,"_alignFlags":4,"_bottom":253.5},{"__type__":"cc.Layout","node":{"__id__":53},"_layoutSize":{"__type__":"cc.Size","width":500,"height":89},"_resize":1,"_N$layoutType":1,"_N$spacingX":60}],"_color":{"__type__":"cc.Color","r":167,"g":167,"b":167},"_contentSize":{"__type__":"cc.Size","width":500,"height":89},"_position":{"__type__":"cc.Vec3","y":298},"_scale":{"__type__":"cc.Vec3","x":1,"y":1,"z":1}},{"__type__":"cc.Node","_name":"shopBtn","_parent":{"__id__":53},"_children":[{"__id__":55},{"__id__":56},{"__id__":58},{"__id__":59},{"__id__":60}],"_components":[{"__type__":"cc.Sprite","node":{"__id__":54}},{"__type__":"cc.Button","node":{"__id__":54},"duration":0.2,"zoomScale":0.9,"_N$transition":3,"transition":3,"_N$target":{"__id__":55}},{"__type__":"c3d29cXXUxBXrMJfbmYl8ua","node":{"__id__":54},"tipNode":{"__id__":60}}],"_contentSize":{"__type__":"cc.Size","width":80,"height":80},"_position":{"__type__":"cc.Vec3","x":-210},"_scale":{"__type__":"cc.Vec3","x":1,"y":1,"z":1}},{"__type__":"cc.Node","_name":"icon","_parent":{"__id__":54},"_components":[{"__type__":"cc.Sprite","node":{"__id__":55},"_spriteFrame":{"__uuid__":"9e+8FBMqRIFrfcRpnv7hdg"},"_sizeMode":0}],"_contentSize":{"__type__":"cc.Size","width":80,"height":80},"_scale":{"__type__":"cc.Vec3","x":1,"y":1,"z":1}},{"__type__":"cc.Node","_name":"rect2","_parent":{"__id__":54},"_active":false,"_level":1,"_components":[{"__type__":"cc.Sprite","node":{"__id__":56},"_spriteFrame":{"__uuid__":"704jFjB21MurVdzxCiQdBJ"},"_type":1,"_sizeMode":0},{"__type__":"7b59dj0kAFDErTQoSqD5cbe","node":{"__id__":56},"label":{"__id__":57}}],"_color":{"__type__":"cc.Color","r":231,"g":92,"b":92},"_contentSize":{"__type__":"cc.Size","width":50,"height":25},"_position":{"__type__":"cc.Vec3","x":25,"y":40},"_scale":{"__type__":"cc.Vec3","x":1,"y":1,"z":1}},{"__type__":"cc.Label","node":{"__id__":58},"_srcBlendFactor":1,"_useOriginalSize":false,"_string":"7/8","_N$string":"7/8","_fontSize":20,"_lineHeight":22,"_N$horizontalAlign":1,"_N$verticalAlign":1},{"__type__":"cc.Node","_name":"info","_parent":{"__id__":54},"_active":false,"_level":1,"_components":[{"__id__":57}],"_contentSize":{"__type__":"cc.Size","width":27.8,"height":22},"_position":{"__type__":"cc.Vec3","x":25,"y":40},"_scale":{"__type__":"cc.Vec3","x":1,"y":1,"z":1}},{"__type__":"cc.Node","_name":"label","_parent":{"__id__":54},"_components":[{"__type__":"cc.Label","node":{"__id__":59},"_srcBlendFactor":1,"_useOriginalSize":false,"_string":"特殊图形","_N$string":"特殊图形","_fontSize":25,"_lineHeight":31,"_N$horizontalAlign":1,"_N$verticalAlign":1,"_N$fontFamily":"苹方"}],"_contentSize":{"__type__":"cc.Size","width":100,"height":31},"_position":{"__type__":"cc.Vec3","y":-60},"_scale":{"__type__":"cc.Vec3","x":1,"y":1,"z":1}},{"__type__":"cc.Node","_name":"new","_parent":{"__id__":54},"_level":1,"_components":[{"__type__":"cc.Sprite","node":{"__id__":60},"_spriteFrame":{"__uuid__":"47wwTSH1NDzJ1aMqdGwyIm"}}],"_contentSize":{"__type__":"cc.Size","width":54,"height":54},"_position":{"__type__":"cc.Vec3","x":35,"y":35},"_scale":{"__type__":"cc.Vec3","x":0.8,"y":0.8,"z":1}},{"__type__":"cc.Node","_name":"rankBtn","_parent":{"__id__":53},"_children":[{"__id__":62},{"__id__":63}],"_components":[{"__type__":"cc.Sprite","node":{"__id__":61}},{"__type__":"cc.Button","node":{"__id__":61},"duration":0.2,"zoomScale":0.9,"_N$transition":3,"transition":3,"_N$target":{"__id__":62}},{"__type__":"5f8e0rSIRFCZrXe5q70AGK0","node":{"__id__":61}}],"_contentSize":{"__type__":"cc.Size","width":80,"height":80},"_position":{"__type__":"cc.Vec3","x":-70},"_scale":{"__type__":"cc.Vec3","x":1,"y":1,"z":1}},{"__type__":"cc.Node","_name":"rank","_parent":{"__id__":61},"_components":[{"__type__":"cc.Sprite","node":{"__id__":62},"_spriteFrame":{"__uuid__":"33ZSZKNeNG+qP61Ymh+g8F"},"_sizeMode":0}],"_contentSize":{"__type__":"cc.Size","width":80,"height":80},"_scale":{"__type__":"cc.Vec3","x":1,"y":1,"z":1}},{"__type__":"cc.Node","_name":"label","_parent":{"__id__":61},"_components":[{"__type__":"cc.Label","node":{"__id__":63},"_srcBlendFactor":1,"_useOriginalSize":false,"_string":"排行榜","_N$string":"排行榜","_fontSize":25,"_lineHeight":31,"_N$horizontalAlign":1,"_N$verticalAlign":1,"_N$fontFamily":"苹方"}],"_contentSize":{"__type__":"cc.Size","width":75,"height":31},"_position":{"__type__":"cc.Vec3","y":-60},"_scale":{"__type__":"cc.Vec3","x":1,"y":1,"z":1}},{"__type__":"cc.Node","_name":"lifeCardBtn","_parent":{"__id__":53},"_children":[{"__id__":65},{"__id__":66}],"_components":[{"__type__":"cc.Sprite","node":{"__id__":64},"_type":1,"_sizeMode":0},{"__type__":"cc.Button","node":{"__id__":64},"duration":0.2,"zoomScale":0.9,"_N$transition":3,"transition":3,"_N$normalColor":{"__type__":"cc.Color","r":255,"g":255,"b":255},"_N$pressedColor":{"__type__":"cc.Color","r":255,"g":255,"b":255},"pressedColor":{"__type__":"cc.Color","r":255,"g":255,"b":255},"_N$disabledColor":{"__type__":"cc.Color","r":255,"g":255,"b":255},"_N$normalSprite":{"__uuid__":"f0BIwQ8D5Ml7nTNQbh1YlS"},"_N$pressedSprite":{"__uuid__":"e97GVMl6JHh5Ml5qEDdSGa"},"pressedSprite":{"__uuid__":"e97GVMl6JHh5Ml5qEDdSGa"},"_N$hoverSprite":{"__uuid__":"e97GVMl6JHh5Ml5qEDdSGa"},"hoverSprite":{"__uuid__":"e97GVMl6JHh5Ml5qEDdSGa"},"_N$disabledSprite":{"__uuid__":"29FYIk+N1GYaeWH/q1NxQO"},"_N$target":{"__id__":65}}],"_contentSize":{"__type__":"cc.Size","width":80,"height":80},"_position":{"__type__":"cc.Vec3","x":70},"_scale":{"__type__":"cc.Vec3","x":1,"y":1,"z":1}},{"__type__":"cc.Node","_name":"lifecard","_parent":{"__id__":64},"_components":[{"__type__":"cc.Sprite","node":{"__id__":65},"_spriteFrame":{"__uuid__":"34kBNK+DdLoqIupS5jJP2m"},"_sizeMode":0}],"_contentSize":{"__type__":"cc.Size","width":80,"height":80},"_scale":{"__type__":"cc.Vec3","x":1,"y":1,"z":1}},{"__type__":"cc.Node","_name":"label","_objFlags":512,"_parent":{"__id__":64},"_components":[{"__type__":"cc.Label","node":{"__id__":66},"_srcBlendFactor":1,"_useOriginalSize":false,"_string":"复活卡","_N$string":"复活卡","_fontSize":25,"_lineHeight":31,"_N$horizontalAlign":1,"_N$verticalAlign":1,"_N$fontFamily":"苹方"}],"_contentSize":{"__type__":"cc.Size","width":75,"height":31},"_position":{"__type__":"cc.Vec3","y":-60},"_scale":{"__type__":"cc.Vec3","x":1,"y":1,"z":1}},{"__type__":"cc.Node","_name":"adBtn","_parent":{"__id__":53},"_children":[{"__id__":68},{"__id__":69}],"_components":[{"__type__":"cc.Sprite","node":{"__id__":67},"_type":1,"_sizeMode":0},{"__type__":"cc.Button","node":{"__id__":67},"duration":0,"zoomScale":1,"_N$transition":3,"transition":3,"_N$normalColor":{"__type__":"cc.Color","r":255,"g":255,"b":255},"_N$pressedColor":{"__type__":"cc.Color","r":255,"g":255,"b":255},"pressedColor":{"__type__":"cc.Color","r":255,"g":255,"b":255},"_N$disabledColor":{"__type__":"cc.Color","r":255,"g":255,"b":255},"_N$pressedSprite":{"__uuid__":"e97GVMl6JHh5Ml5qEDdSGa"},"pressedSprite":{"__uuid__":"e97GVMl6JHh5Ml5qEDdSGa"},"_N$hoverSprite":{"__uuid__":"e97GVMl6JHh5Ml5qEDdSGa"},"hoverSprite":{"__uuid__":"e97GVMl6JHh5Ml5qEDdSGa"},"_N$disabledSprite":{"__uuid__":"29FYIk+N1GYaeWH/q1NxQO"},"_N$target":{"__id__":67}},{"__type__":"cc.Widget","node":{"__id__":67},"alignMode":0,"_alignFlags":8,"_left":420}],"_contentSize":{"__type__":"cc.Size","width":80,"height":80},"_position":{"__type__":"cc.Vec3","x":210},"_scale":{"__type__":"cc.Vec3","x":1,"y":1,"z":1}},{"__type__":"cc.Node","_name":"ad","_parent":{"__id__":67},"_components":[{"__type__":"cc.Sprite","node":{"__id__":68},"_spriteFrame":{"__uuid__":"b6STeb7hFKsZHqqvtu61ek"},"_sizeMode":0},{"__type__":"d342fUO6VhA5LnA4b5QqSeL","node":{"__id__":68}}],"_contentSize":{"__type__":"cc.Size","width":80,"height":80},"_scale":{"__type__":"cc.Vec3","x":1,"y":1,"z":1}},{"__type__":"cc.Node","_name":"label","_parent":{"__id__":67},"_components":[{"__type__":"cc.Label","node":{"__id__":69},"_srcBlendFactor":1,"_useOriginalSize":false,"_string":"更多游戏","_N$string":"更多游戏","_fontSize":25,"_lineHeight":31,"_N$horizontalAlign":1,"_N$verticalAlign":1,"_N$fontFamily":"苹方"}],"_contentSize":{"__type__":"cc.Size","width":100,"height":31},"_position":{"__type__":"cc.Vec3","y":-60},"_scale":{"__type__":"cc.Vec3","x":1,"y":1,"z":1}},{"__type__":"cc.Node","_name":"recommendAdsPanel","_parent":{"__id__":46},"_children":[{"__id__":71},{"__id__":72}],"_level":1,"_components":[{"__type__":"06b11QVaC1OSrL27BuCqAut","node":{"__id__":70},"recommendAdList":{"__id__":74}},{"__type__":"cc.Widget","node":{"__id__":70},"_alignFlags":40,"_originalWidth":637}],"_prefab":{"__type__":"cc.PrefabInfo","root":{"__id__":70},"asset":{"__uuid__":"72GtC0h+lIGZ5pUpKlrhpW"},"fileId":"a2n7Wkk2hBGKBRxV9MeXjd"},"_contentSize":{"__type__":"cc.Size","width":750,"height":184},"_position":{"__type__":"cc.Vec3","y":112},"_scale":{"__type__":"cc.Vec3","x":1,"y":1,"z":1}},{"__type__":"cc.Node","_name":"bg","_parent":{"__id__":70},"_components":[{"__type__":"cc.Sprite","node":{"__id__":71},"_spriteFrame":{"__uuid__":"d2HikSatZLrp8Fql2sLpNs"},"_sizeMode":0},{"__type__":"cc.Widget","node":{"__id__":71},"_alignFlags":45,"_originalWidth":637,"_originalHeight":205}],"_prefab":{"__type__":"cc.PrefabInfo","root":{"__id__":70},"asset":{"__uuid__":"72GtC0h+lIGZ5pUpKlrhpW"},"fileId":"faQyfakQFIvo5LPvWLbHjw"},"_contentSize":{"__type__":"cc.Size","width":750,"height":184},"_scale":{"__type__":"cc.Vec3","x":1,"y":1,"z":1}},{"__type__":"cc.Node","_name":"masker","_parent":{"__id__":70},"_children":[{"__id__":73}],"_components":[{"__type__":"cc.Mask","node":{"__id__":72}},{"__type__":"cc.Widget","node":{"__id__":72},"_alignFlags":40,"_originalWidth":637}],"_prefab":{"__type__":"cc.PrefabInfo","root":{"__id__":70},"asset":{"__uuid__":"72GtC0h+lIGZ5pUpKlrhpW"},"fileId":"6cUiEMpmVOpaRAwMG+RdPB"},"_contentSize":{"__type__":"cc.Size","width":750,"height":184},"_scale":{"__type__":"cc.Vec3","x":1,"y":1,"z":1}},{"__type__":"cc.Node","_name":"adsContainer","_parent":{"__id__":72},"_components":[{"__id__":74}],"_prefab":{"__type__":"cc.PrefabInfo","root":{"__id__":70},"asset":{"__uuid__":"72GtC0h+lIGZ5pUpKlrhpW"},"fileId":"4e6ozYs8NHCIEJIzZgekSd"},"_contentSize":{"__type__":"cc.Size","width":625,"height":150},"_anchorPoint":{"__type__":"cc.Vec2","y":0.5},"_scale":{"__type__":"cc.Vec3","x":1,"y":1,"z":1}},{"__type__":"b12fcsezBFGB6L+umfAqOpW","node":{"__id__":73},"gapH":20,"autoSlideDelay":10,"autoZoomDelay":5,"moveSpeed":-1,"adItemPrefab":{"__uuid__":"2f/oCKv6pOPrsABdMqtGUE"}},{"__type__":"cc.Node","_name":"bannerAd","_parent":{"__id__":1},"_level":1,"_components":[{"__type__":"cc.Sprite","node":{"__id__":75},"_spriteFrame":{"__uuid__":"a2MjXRFdtLlYQ5ouAFv/+R"},"_sizeMode":0},{"__type__":"ed6cccXls1LR5n5h+MNHO9B","node":{"__id__":75},"bannerAdIDs":["adunit-b8b6da02aee609ef","adunit-12d0720cf58e6645","adunit-6b828dbbfd856f21"],"maxHeight":200,"refreshAdMaxDelay":30,"deerAdAsDefault":true}],"_color":{"__type__":"cc.Color","r":116,"g":184,"b":255},"_contentSize":{"__type__":"cc.Size","width":100,"height":100},"_anchorPoint":{"__type__":"cc.Vec2"},"_position":{"__type__":"cc.Vec3","x":-240},"_scale":{"__type__":"cc.Vec3","x":1,"y":1,"z":1},"_id":"7faxGWuO1FfoJ1+5qL8KDb"}],{"__type__":"cc.SpriteFrame","content":{"name":"rank","texture":"7chjg496FKYayMuhuUy6OH","rect":[0,0,106,106],"offset":[0,0],"originalSize":[106,106],"capInsets":[0,0,0,0]}},{"__type__":"cc.SpriteFrame","content":{"name":"share","texture":"edgWaGMYtLVbb3haDRlON0","rect":[0,0,106,106],"offset":[0,0],"originalSize":[106,106],"capInsets":[0,0,0,0]}},{"__type__":"cc.SpriteFrame","content":{"name":"vs","texture":"446mVGJRFA/bZOvr1a8H7c","rect":[0,0,362,128],"offset":[0,0],"originalSize":[362,128],"capInsets":[0,0,0,0]}},{"__type__":"cc.SpriteFrame","content":{"name":"start","texture":"59mhF2ncFFCosgsnVSwfQr","rect":[0,0,362,128],"offset":[0,0],"originalSize":[362,128],"capInsets":[0,0,0,0]}},{"__type__":"cc.SpriteFrame","content":{"name":"塔建狂","texture":"71pQWVTMlLeLAhr4Zf1tKi","rect":[0,0,445,142],"offset":[0,0],"originalSize":[445,142],"capInsets":[0,0,0,0]}},{"__type__":"cc.SpriteFrame","content":{"name":"rect2","texture":"a9t3XOiFVMxqIm/8h44mp6","rect":[0,0,100,25],"offset":[0,0],"originalSize":[100,25],"capInsets":[15,0,15,0]}},{"__type__":"cc.SpriteFrame","content":{"name":"shop","texture":"7cVSLEVzlLua8f2Ics0IGL","rect":[0,0,106,106],"offset":[0,0],"originalSize":[106,106],"capInsets":[0,0,0,0]}},{"__type__":"cc.SpriteFrame","content":{"name":"moregame","texture":"c76+qIFnpGPqqwcvC9P7A9","rect":[0,0,106,106],"offset":[0,0],"originalSize":[106,106],"capInsets":[0,0,0,0]}},{"__type__":"sp.SkeletonData","_name":"love","_native":"raw-skeleton.json","_skeletonJson":{"skeleton":{"hash":"EOM2RlCGan4ZgR7JJ8RSIQWWzg8","spine":"3.6.53","width":148.65,"height":130.83},"bones":[{"name":"root"},{"name":"heart","parent":"root","x":-0.27,"y":16.75},{"name":"star","parent":"heart","x":-36.62,"y":6.62},{"name":"star2","parent":"heart","x":32.87,"y":28.2,"scaleX":0.7,"scaleY":0.7},{"name":"star3","parent":"heart","x":8.45,"y":-23.02,"scaleX":0.5,"scaleY":0.5},{"name":"word1","parent":"root","x":1.49,"y":-35.06}],"slots":[{"name":"heart","bone":"heart","attachment":"heart"},{"name":"word","bone":"root","attachment":"word"},{"name":"word1","bone":"word1","attachment":"word1/06"},{"name":"star","bone":"star","attachment":"star","blend":"additive"},{"name":"star2","bone":"star2","attachment":"star","blend":"additive"},{"name":"star3","bone":"star3","attachment":"star","blend":"additive"}],"skins":{"default":{"heart":{"heart":{"x":0.42,"y":-3.32,"width":116,"height":84}},"star":{"star":{"width":75,"height":75}},"star2":{"star":{"width":75,"height":75}},"star3":{"star":{"width":75,"height":75}},"word":{"word":{"x":1.75,"y":-35.13,"width":110,"height":37}},"word1":{"word1/00":{"width":112,"height":39},"word1/01":{"width":112,"height":39},"word1/02":{"width":112,"height":39},"word1/03":{"width":112,"height":39},"word1/04":{"width":112,"height":39},"word1/05":{"width":112,"height":39},"word1/06":{"width":112,"height":39},"word1/07":{"width":112,"height":39},"word1/08":{"width":112,"height":39}}}},"animations":{"idle":{"slots":{"star":{"attachment":[{"time":0,"name":"star"},{"time":0.1,"name":null},{"time":0.5333,"name":"star"}]},"star2":{"attachment":[{"time":0,"name":"star"}]},"star3":{"attachment":[{"time":0,"name":null},{"time":0.2333,"name":"star"}]},"word1":{"attachment":[{"time":0,"name":"word1/00"},{"time":0.0667,"name":"word1/01"},{"time":0.1333,"name":"word1/02"},{"time":0.2,"name":"word1/03"},{"time":0.2667,"name":"word1/04"},{"time":0.3333,"name":"word1/05"},{"time":0.4,"name":"word1/06"},{"time":0.4667,"name":"word1/07"},{"time":0.5333,"name":"word1/08"},{"time":0.6,"name":null}]}},"bones":{"heart":{"rotate":[{"time":0,"angle":0},{"time":0.1,"angle":10},{"time":0.3,"angle":-10},{"time":0.5,"angle":10},{"time":0.7,"angle":-10},{"time":0.8,"angle":0}],"translate":[{"time":0,"x":0,"y":0},{"time":0.1,"x":0,"y":-10.16,"curve":[0,0.42,0.491,1]},{"time":0.4333,"x":0,"y":8.81,"curve":[0.697,0,0.956,0.8]},{"time":0.8,"x":0,"y":0}],"scale":[{"time":0.1,"x":1,"y":1},{"time":0.4333,"x":1.2,"y":1.2},{"time":0.8,"x":1,"y":1}]},"star":{"scale":[{"time":0,"x":0.429,"y":0.429},{"time":0.1,"x":0,"y":0,"curve":"stepped"},{"time":0.5333,"x":0,"y":0,"curve":[0,0.42,0.491,1]},{"time":0.7,"x":1,"y":1},{"time":0.8333,"x":0.429,"y":0.429}]},"star2":{"scale":[{"time":0,"x":0,"y":0,"curve":[0,0.42,0.491,1]},{"time":0.1667,"x":1.143,"y":1.143},{"time":0.4,"x":0,"y":0}]},"star3":{"scale":[{"time":0.2333,"x":0,"y":0,"curve":[0,0.42,0.491,1]},{"time":0.4,"x":1,"y":1},{"time":0.6333,"x":0,"y":0}]}}}}},"_atlasText":"\nlove.png\nsize: 256,256\nformat: RGBA8888\nfilter: Linear,Linear\nrepeat: none\nheart\n  rotate: false\n  xy: 2, 168\n  size: 116, 84\n  orig: 116, 84\n  offset: 0, 0\n  index: -1\nstar\n  rotate: false\n  xy: 2, 91\n  size: 75, 75\n  orig: 75, 75\n  offset: 0, 0\n  index: -1\nword\n  rotate: false\n  xy: 120, 215\n  size: 110, 37\n  orig: 110, 37\n  offset: 0, 0\n  index: -1\nword1/00\n  rotate: true\n  xy: 232, 216\n  size: 13, 16\n  orig: 112, 39\n  offset: 3, 17\n  index: -1\nword1/01\n  rotate: false\n  xy: 160, 188\n  size: 27, 25\n  orig: 112, 39\n  offset: 3, 8\n  index: -1\nword1/02\n  rotate: false\n  xy: 79, 110\n  size: 36, 27\n  orig: 112, 39\n  offset: 8, 6\n  index: -1\nword1/03\n  rotate: false\n  xy: 79, 139\n  size: 38, 27\n  orig: 112, 39\n  offset: 19, 6\n  index: -1\nword1/04\n  rotate: false\n  xy: 120, 186\n  size: 38, 27\n  orig: 112, 39\n  offset: 33, 6\n  index: -1\nword1/05\n  rotate: false\n  xy: 2, 62\n  size: 39, 27\n  orig: 112, 39\n  offset: 46, 6\n  index: -1\nword1/06\n  rotate: false\n  xy: 2, 33\n  size: 38, 27\n  orig: 112, 39\n  offset: 60, 6\n  index: -1\nword1/07\n  rotate: false\n  xy: 43, 62\n  size: 33, 27\n  orig: 112, 39\n  offset: 73, 6\n  index: -1\nword1/08\n  rotate: true\n  xy: 232, 231\n  size: 21, 22\n  orig: 112, 39\n  offset: 87, 6\n  index: -1\n","textures":[{"__uuid__":"9b2hH9TLFDpK/jPM9nCpq8"}],"textureNames":["love.png"]},{"__type__":"cc.SpriteFrame","content":{"name":"mainsencebgb","texture":"910wXydrZOX62UhCNweCnT","rect":[0,12,900,339],"offset":[0,-6],"originalSize":[900,351],"capInsets":[0,0,0,0]}},{"__type__":"cc.SpriteFrame","content":{"name":"addapptip","texture":"40Jzi8Hw9Naad/xckTcUSN","rect":[0,1,328,72],"offset":[0,-0.5],"originalSize":[328,73],"capInsets":[0,0,0,0]}},{"__type__":"cc.SpriteFrame","content":{"name":"btnbgblue","texture":"e7p8Eg5/lOQo/4z7Z1n+Os","rect":[0,0,262,93],"offset":[0,0],"originalSize":[262,93],"capInsets":[0,0,0,0]}}]