[{"__type__":"cc.SpriteFrame","content":{"name":"flag","texture":"f2PA9xH0lL2ag9ifuCk5nm","rect":[0,0,160,69],"offset":[0,0],"originalSize":[160,69],"capInsets":[0,0,0,0]}},{"__type__":"cc.SpriteFrame","content":{"name":"whitecircle","texture":"ae2MsKWgVDf7oFEElbw1le","rect":[0,0,246,246],"offset":[0,0],"originalSize":[246,246],"capInsets":[0,0,0,0]}},{"__type__":"cc.SpriteFrame","content":{"name":"redcircle","texture":"a7SAi4mAlKaLZw+kt6Tv1P","rect":[0,0,246,246],"offset":[0,0],"originalSize":[246,246],"capInsets":[0,0,0,0]}},{"__type__":"cc.SpriteFrame","content":{"name":"continue","texture":"e2C5aa8xRIfK5IBchAG1Kx","rect":[0,0,300,106],"offset":[0,0],"originalSize":[300,106],"capInsets":[0,0,0,0]}},{"__type__":"cc.SpriteFrame","content":{"name":"redheart","texture":"210L1Ft5tJ5aUZl9I0HrEG","rect":[0,0,147,127],"offset":[0,0],"originalSize":[147,127],"capInsets":[0,0,0,0]}},{"__type__":"cc.SpriteFrame","content":{"name":"ui_revive_button_revive","texture":"09qYu3uQBPGID3sT0zMvap","rect":[0,0,300,106],"offset":[0,0],"originalSize":[300,106],"capInsets":[0,0,0,0]}},[{"__type__":"cc.Prefab","_name":"endlessResult","data":{"__id__":1}},{"__type__":"cc.Node","_name":"endlessresult","_children":[{"__id__":2},{"__id__":3},{"__id__":4},{"__id__":11},{"__id__":12},{"__id__":16},{"__id__":19}],"_level":1,"_components":[{"__type__":"c2a87y3BXJP3pu+aAzgpEoL","node":{"__id__":1},"useLifeCardBtn":{"__id__":12},"rewardVideoBtn":{"__id__":11},"okBtn":{"__id__":16},"noLifeCard":{"__id__":13},"scoreNode":{"__id__":3},"timerLabel":{"__id__":10},"timerProgressSprite":{"__id__":7},"recommandAdsPrefab":{"__uuid__":"72GtC0h+lIGZ5pUpKlrhpW"}},{"__type__":"cc.Layout","node":{"__id__":1},"_layoutSize":{"__type__":"cc.Size","width":637,"height":1300},"_N$layoutType":2,"_N$spacingY":20}],"_prefab":{"__type__":"cc.PrefabInfo","root":{"__id__":1},"asset":{"__uuid__":"e1KNU7GupFqaSp0XC6u+/8"},"fileId":"6766Qu2ENCz6xfnpp7c1eb"},"_contentSize":{"__type__":"cc.Size","width":637,"height":1300},"_position":{"__type__":"cc.Vec3","x":322,"y":544},"_scale":{"__type__":"cc.Vec3","x":1,"y":1,"z":1}},{"__type__":"cc.Node","_name":"title","_parent":{"__id__":1},"_components":[{"__type__":"cc.Label","node":{"__id__":2},"_srcBlendFactor":1,"_useOriginalSize":false,"_string":"—— 本次得分 ——","_N$string":"—— 本次得分 ——","_fontSize":25,"_lineHeight":30,"_N$horizontalAlign":1,"_N$verticalAlign":1}],"_prefab":{"__type__":"cc.PrefabInfo","root":{"__id__":1},"asset":{"__uuid__":"e1KNU7GupFqaSp0XC6u+/8"},"fileId":"81vvxvS0BDxpBftpbhVjRP"},"_contentSize":{"__type__":"cc.Size","width":213.89,"height":30},"_position":{"__type__":"cc.Vec3","y":635},"_scale":{"__type__":"cc.Vec3","x":1,"y":1,"z":1}},{"__type__":"cc.Node","_name":"score","_parent":{"__id__":1},"_components":[{"__type__":"cc.Label","node":{"__id__":3},"_srcBlendFactor":1,"_useOriginalSize":false,"_string":"0","_N$string":"0","_fontSize":90,"_lineHeight":100,"_N$horizontalAlign":1,"_N$verticalAlign":1,"_N$fontFamily":"苹方"}],"_prefab":{"__type__":"cc.PrefabInfo","root":{"__id__":1},"asset":{"__uuid__":"e1KNU7GupFqaSp0XC6u+/8"},"fileId":"e7kI3I+U1HNYNa75LyOp47"},"_contentSize":{"__type__":"cc.Size","width":45,"height":100},"_position":{"__type__":"cc.Vec3","y":550},"_scale":{"__type__":"cc.Vec3","x":1,"y":1,"z":1}},{"__type__":"cc.Node","_name":"timerNode","_parent":{"__id__":1},"_children":[{"__id__":5},{"__id__":6},{"__id__":8}],"_components":[{"__type__":"874793Zj9dE1J7eAc9IvKdI","node":{"__id__":4},"delay":0,"randomDelay":false,"zoomInFactor":1.1}],"_prefab":{"__type__":"cc.PrefabInfo","root":{"__id__":1},"asset":{"__uuid__":"e1KNU7GupFqaSp0XC6u+/8"},"fileId":"a4cYqB/N5Nj4FUNssPJTV8"},"_contentSize":{"__type__":"cc.Size","width":320,"height":320},"_position":{"__type__":"cc.Vec3","y":320},"_scale":{"__type__":"cc.Vec3","x":1,"y":1,"z":1}},{"__type__":"cc.Node","_name":"whitecircle","_parent":{"__id__":4},"_components":[{"__type__":"cc.Sprite","node":{"__id__":5},"_spriteFrame":{"__uuid__":"519upBt6NJvaiwVVp5+Ro/"},"_sizeMode":0,"_fillType":2,"_fillCenter":{"__type__":"cc.Vec2","x":0.5,"y":0.5},"_fillRange":0.5}],"_prefab":{"__type__":"cc.PrefabInfo","root":{"__id__":1},"asset":{"__uuid__":"e1KNU7GupFqaSp0XC6u+/8"},"fileId":"3bh5eDwXVEzqmyS70XnbmB"},"_contentSize":{"__type__":"cc.Size","width":246,"height":246},"_scale":{"__type__":"cc.Vec3","x":1,"y":1,"z":1}},{"__type__":"cc.Node","_name":"redcircle","_parent":{"__id__":4},"_components":[{"__id__":7}],"_prefab":{"__type__":"cc.PrefabInfo","root":{"__id__":1},"asset":{"__uuid__":"e1KNU7GupFqaSp0XC6u+/8"},"fileId":"32Tgis3YpHO7DMuQ1q+vG9"},"_contentSize":{"__type__":"cc.Size","width":246,"height":246},"_scale":{"__type__":"cc.Vec3","x":1,"y":1,"z":1},"_rotationX":-90,"_rotationY":-90,"_quat":{"__type__":"cc.Quat","z":0.7071067811865475,"w":0.7071067811865476}},{"__type__":"cc.Sprite","node":{"__id__":6},"_spriteFrame":{"__uuid__":"80CKe5lYRJwodeyjGTHxay"},"_type":3,"_sizeMode":0,"_fillType":2,"_fillCenter":{"__type__":"cc.Vec2","x":0.5,"y":0.5},"_fillRange":0.8},{"__type__":"cc.Node","_name":"redheart","_parent":{"__id__":4},"_children":[{"__id__":9}],"_components":[{"__type__":"cc.Sprite","node":{"__id__":8},"_spriteFrame":{"__uuid__":"b4KuV9tB1Na7gEAElOnhGV"}}],"_prefab":{"__type__":"cc.PrefabInfo","root":{"__id__":1},"asset":{"__uuid__":"e1KNU7GupFqaSp0XC6u+/8"},"fileId":"eeKyXlvF1L27bJZE3sPZoP"},"_contentSize":{"__type__":"cc.Size","width":147,"height":127},"_scale":{"__type__":"cc.Vec3","x":1,"y":1,"z":1}},{"__type__":"cc.Node","_name":"leftTime","_parent":{"__id__":8},"_components":[{"__id__":10}],"_prefab":{"__type__":"cc.PrefabInfo","root":{"__id__":1},"asset":{"__uuid__":"e1KNU7GupFqaSp0XC6u+/8"},"fileId":"7awi5o+1dMb694y+NKYj3f"},"_contentSize":{"__type__":"cc.Size","width":35,"height":80},"_scale":{"__type__":"cc.Vec3","x":1,"y":1,"z":1}},{"__type__":"cc.Label","node":{"__id__":9},"_srcBlendFactor":1,"_useOriginalSize":false,"_string":"6","_N$string":"6","_fontSize":70,"_lineHeight":80,"_N$horizontalAlign":1,"_N$verticalAlign":1,"_N$fontFamily":"苹方"},{"__type__":"cc.Node","_name":"rewardVideBtn","_parent":{"__id__":1},"_components":[{"__type__":"cc.Sprite","node":{"__id__":11},"_spriteFrame":{"__uuid__":"a5MIMMKwVBK64g3Uqx75Ag"}},{"__type__":"cc.Button","node":{"__id__":11},"duration":0.2,"zoomScale":0.9,"_N$transition":3,"transition":3,"_N$normalColor":{"__type__":"cc.Color","r":255,"g":255,"b":255},"_N$pressedColor":{"__type__":"cc.Color","r":255,"g":255,"b":255},"pressedColor":{"__type__":"cc.Color","r":255,"g":255,"b":255},"_N$disabledColor":{"__type__":"cc.Color","r":255,"g":255,"b":255},"_N$pressedSprite":{"__uuid__":"e97GVMl6JHh5Ml5qEDdSGa"},"pressedSprite":{"__uuid__":"e97GVMl6JHh5Ml5qEDdSGa"},"_N$hoverSprite":{"__uuid__":"e97GVMl6JHh5Ml5qEDdSGa"},"hoverSprite":{"__uuid__":"e97GVMl6JHh5Ml5qEDdSGa"},"_N$disabledSprite":{"__uuid__":"29FYIk+N1GYaeWH/q1NxQO"},"_N$target":{"__id__":11}}],"_prefab":{"__type__":"cc.PrefabInfo","root":{"__id__":1},"asset":{"__uuid__":"e1KNU7GupFqaSp0XC6u+/8"},"fileId":"aeGEYfUVhEm7FaI4iW/EGw"},"_contentSize":{"__type__":"cc.Size","width":300,"height":106},"_position":{"__type__":"cc.Vec3","y":87},"_scale":{"__type__":"cc.Vec3","x":1,"y":1,"z":1}},{"__type__":"cc.Node","_name":"useLifeCard","_parent":{"__id__":1},"_children":[{"__id__":13}],"_components":[{"__type__":"cc.Sprite","node":{"__id__":12},"_spriteFrame":{"__uuid__":"c7VGibxy9Ifqc3PTt1EBRH"}},{"__type__":"cc.Button","node":{"__id__":12},"duration":0.2,"zoomScale":0.9,"_N$transition":3,"transition":3,"_N$normalColor":{"__type__":"cc.Color","r":255,"g":255,"b":255},"_N$pressedColor":{"__type__":"cc.Color","r":255,"g":255,"b":255},"pressedColor":{"__type__":"cc.Color","r":255,"g":255,"b":255},"_N$disabledColor":{"__type__":"cc.Color","r":255,"g":255,"b":255},"_N$pressedSprite":{"__uuid__":"e97GVMl6JHh5Ml5qEDdSGa"},"pressedSprite":{"__uuid__":"e97GVMl6JHh5Ml5qEDdSGa"},"_N$hoverSprite":{"__uuid__":"e97GVMl6JHh5Ml5qEDdSGa"},"hoverSprite":{"__uuid__":"e97GVMl6JHh5Ml5qEDdSGa"},"_N$disabledSprite":{"__uuid__":"29FYIk+N1GYaeWH/q1NxQO"},"_N$target":{"__id__":12}}],"_prefab":{"__type__":"cc.PrefabInfo","root":{"__id__":1},"asset":{"__uuid__":"e1KNU7GupFqaSp0XC6u+/8"},"fileId":"5djoRlmrhCX5ujM1hnL1UV"},"_contentSize":{"__type__":"cc.Size","width":300,"height":106},"_position":{"__type__":"cc.Vec3","y":-39},"_scale":{"__type__":"cc.Vec3","x":1,"y":1,"z":1}},{"__type__":"cc.Node","_name":"noCardFlag","_parent":{"__id__":12},"_children":[{"__id__":14},{"__id__":15}],"_active":false,"_prefab":{"__type__":"cc.PrefabInfo","root":{"__id__":1},"asset":{"__uuid__":"e1KNU7GupFqaSp0XC6u+/8"},"fileId":"58eWRznUtKZaNbEYT2USdK"},"_position":{"__type__":"cc.Vec3","x":-5,"y":9},"_scale":{"__type__":"cc.Vec3","x":1,"y":1,"z":1}},{"__type__":"cc.Node","_name":"flag","_parent":{"__id__":13},"_components":[{"__type__":"cc.Sprite","node":{"__id__":14},"_spriteFrame":{"__uuid__":"3c6TK7bmxKOJeoynrq00sR"}}],"_prefab":{"__type__":"cc.PrefabInfo","root":{"__id__":1},"asset":{"__uuid__":"e1KNU7GupFqaSp0XC6u+/8"},"fileId":"c9Xj52aGxDt7o2VdIqfSlr"},"_contentSize":{"__type__":"cc.Size","width":160,"height":69},"_position":{"__type__":"cc.Vec3","x":132,"y":28},"_scale":{"__type__":"cc.Vec3","x":0.5,"y":0.5,"z":1}},{"__type__":"cc.Node","_name":"info","_parent":{"__id__":13},"_components":[{"__type__":"cc.Label","node":{"__id__":15},"_useOriginalSize":false,"_string":"不足","_N$string":"不足","_fontSize":22,"_lineHeight":22,"_N$horizontalAlign":1,"_N$verticalAlign":1,"_N$fontFamily":"苹方","_N$overflow":2}],"_prefab":{"__type__":"cc.PrefabInfo","root":{"__id__":1},"asset":{"__uuid__":"e1KNU7GupFqaSp0XC6u+/8"},"fileId":"585drAHbFK15QAcdpy2AFy"},"_color":{"__type__":"cc.Color"},"_contentSize":{"__type__":"cc.Size","width":60,"height":30},"_position":{"__type__":"cc.Vec3","x":127,"y":28},"_scale":{"__type__":"cc.Vec3","x":1,"y":1,"z":1}},{"__type__":"cc.Node","_name":"ok","_parent":{"__id__":1},"_children":[{"__id__":17},{"__id__":18}],"_level":2,"_components":[{"__type__":"cc.Sprite","node":{"__id__":16},"_type":1,"_sizeMode":0},{"__type__":"cc.Button","node":{"__id__":16},"duration":0.2,"zoomScale":0.9,"_N$interactable":false,"_N$transition":3,"transition":3,"_N$normalColor":{"__type__":"cc.Color","r":255,"g":255,"b":255},"_N$pressedColor":{"__type__":"cc.Color","r":255,"g":255,"b":255},"pressedColor":{"__type__":"cc.Color","r":255,"g":255,"b":255},"_N$disabledColor":{"__type__":"cc.Color","r":255,"g":255,"b":255},"_N$pressedSprite":{"__uuid__":"e97GVMl6JHh5Ml5qEDdSGa"},"pressedSprite":{"__uuid__":"e97GVMl6JHh5Ml5qEDdSGa"},"_N$hoverSprite":{"__uuid__":"e97GVMl6JHh5Ml5qEDdSGa"},"hoverSprite":{"__uuid__":"e97GVMl6JHh5Ml5qEDdSGa"},"_N$disabledSprite":{"__uuid__":"29FYIk+N1GYaeWH/q1NxQO"},"_N$target":{"__id__":16}}],"_prefab":{"__type__":"cc.PrefabInfo","root":{"__id__":1},"asset":{"__uuid__":"e1KNU7GupFqaSp0XC6u+/8"},"fileId":"dc9ZqPnuNMb7oYXVQ8ebcl"},"_contentSize":{"__type__":"cc.Size","width":150,"height":50},"_position":{"__type__":"cc.Vec3","y":-137},"_scale":{"__type__":"cc.Vec3","x":1,"y":1,"z":1}},{"__type__":"cc.Node","_name":"ok","_parent":{"__id__":16},"_components":[{"__type__":"cc.Label","node":{"__id__":17},"_srcBlendFactor":1,"_useOriginalSize":false,"_string":"点击跳过>","_N$string":"点击跳过>","_fontSize":30,"_lineHeight":36,"_N$horizontalAlign":1,"_N$verticalAlign":1,"_N$fontFamily":"苹方"}],"_prefab":{"__type__":"cc.PrefabInfo","root":{"__id__":1},"asset":{"__uuid__":"e1KNU7GupFqaSp0XC6u+/8"},"fileId":"f77nWLE35GkLVUvt9RL7fi"},"_color":{"__type__":"cc.Color","r":170,"g":170,"b":170},"_contentSize":{"__type__":"cc.Size","width":136.92,"height":36},"_scale":{"__type__":"cc.Vec3","x":1,"y":1,"z":1}},{"__type__":"cc.Node","_name":"scoreline_c","_parent":{"__id__":16},"_active":false,"_components":[{"__type__":"cc.Sprite","node":{"__id__":18},"_spriteFrame":{"__uuid__":"3b/qjRdQZPEpx0FbOe7jRn"},"_sizeMode":0}],"_prefab":{"__type__":"cc.PrefabInfo","root":{"__id__":1},"asset":{"__uuid__":"e1KNU7GupFqaSp0XC6u+/8"},"fileId":"9eQ67YmXxLvqqnBxIyDNlG"},"_contentSize":{"__type__":"cc.Size","width":120,"height":2},"_position":{"__type__":"cc.Vec3","x":-2,"y":-21.3},"_scale":{"__type__":"cc.Vec3","x":1,"y":1,"z":1}},{"__type__":"cc.Node","_name":"space","_parent":{"__id__":1},"_children":[{"__id__":20}],"_prefab":{"__type__":"cc.PrefabInfo","root":{"__id__":1},"asset":{"__uuid__":"e1KNU7GupFqaSp0XC6u+/8"},"fileId":"1czLfQ9D1OUpv4WtXSsxxm"},"_contentSize":{"__type__":"cc.Size","height":10},"_position":{"__type__":"cc.Vec3","y":-187},"_scale":{"__type__":"cc.Vec3","x":1,"y":1,"z":1}},{"__type__":"cc.Node","_name":"towerSnapshot","_parent":{"__id__":19},"_components":[{"__type__":"cc.Sprite","node":{"__id__":20},"_sizeMode":0},{"__type__":"32681cSg4xDVb4//GN2/uSH","node":{"__id__":20},"imageURL":"https://xz-cdn.youkongwan.com/game/perfecttower/shareTowerBtn.png"},{"__type__":"82332B+Ng5MgINwyIaxsbKU","node":{"__id__":20}}],"_prefab":{"__type__":"cc.PrefabInfo","root":{"__id__":1},"asset":{"__uuid__":"e1KNU7GupFqaSp0XC6u+/8"},"fileId":"5aQHLa1eFFhISTw/HCVykr"},"_contentSize":{"__type__":"cc.Size","width":150,"height":300},"_position":{"__type__":"cc.Vec3","x":270,"y":221},"_scale":{"__type__":"cc.Vec3","x":1,"y":1,"z":1}}]]