[{"__type__":"cc.SpriteFrame","content":{"name":"normal_14","texture":"48POyDHldHB7MibTNy5Ohg","rect":[0,0,162,113],"offset":[0,0],"originalSize":[162,113],"capInsets":[0,0,0,0]}},[{"__type__":"cc.Prefab","_name":"normal_14","data":{"__id__":1}},{"__type__":"cc.Node","_name":"normal_14","_components":[{"__type__":"cc.Sprite","node":{"__id__":1},"_spriteFrame":{"__uuid__":"8bvEmGGxhOgb11SB7DcYxO"},"_sizeMode":0},{"__type__":"cc.RigidBody","node":{"__id__":1},"enabledContactListener":true},{"__type__":"cc.PhysicsPolygonCollider","node":{"__id__":1},"points":[{"__type__":"cc.Vec2","x":-33,"y":56.5},{"__type__":"cc.Vec2","x":-56,"y":49},{"__type__":"cc.Vec2","x":-61,"y":35.5},{"__type__":"cc.Vec2","x":-71,"y":12.5},{"__type__":"cc.Vec2","x":-81,"y":-18.5},{"__type__":"cc.Vec2","x":-81,"y":-41.5},{"__type__":"cc.Vec2","x":-78,"y":-49.5},{"__type__":"cc.Vec2","x":-73,"y":-55.5},{"__type__":"cc.Vec2","x":-65,"y":-56.5},{"__type__":"cc.Vec2","x":-41,"y":-34.5},{"__type__":"cc.Vec2","x":-31,"y":-29.5},{"__type__":"cc.Vec2","x":32,"y":-29.5},{"__type__":"cc.Vec2","x":43.8,"y":-37.3},{"__type__":"cc.Vec2","x":66,"y":-56.5},{"__type__":"cc.Vec2","x":71,"y":-56.5},{"__type__":"cc.Vec2","x":75,"y":-53.5},{"__type__":"cc.Vec2","x":81,"y":-40.5},{"__type__":"cc.Vec2","x":81,"y":-18.5},{"__type__":"cc.Vec2","x":77,"y":-1.5},{"__type__":"cc.Vec2","x":69,"y":20.5},{"__type__":"cc.Vec2","x":57,"y":46.5},{"__type__":"cc.Vec2","x":34,"y":56.5},{"__type__":"cc.Vec2","x":22,"y":51.5},{"__type__":"cc.Vec2","x":-17,"y":50.5}]},{"__type__":"a058dD7mZpHmIw83dheUpZy","node":{"__id__":1},"shapeType":2}],"_prefab":{"__type__":"cc.PrefabInfo","root":{"__id__":1},"asset":{"__uuid__":"afRuMYS9lM9r5o7X+yVE12"},"fileId":"93CyKFy8BGWYxlEqk1xGXk"},"_contentSize":{"__type__":"cc.Size","width":162,"height":113},"_scaleX":1,"_scaleY":1,"_scale":{"__type__":"cc.Vec3","x":1,"y":1,"z":1}}]]