[{"__type__":"cc.SpriteFrame","content":{"name":"chunyou_2","texture":"83K5xjW9xIFq2WnodA5h5D","rect":[0,0,128,45],"offset":[0,0],"originalSize":[128,45],"capInsets":[0,0,0,0]}},[{"__type__":"cc.Prefab","_name":"chunyou_2","data":{"__id__":1}},{"__type__":"cc.Node","_name":"chunyou_2","_level":1,"_components":[{"__type__":"cc.Sprite","node":{"__id__":1},"_spriteFrame":{"__uuid__":"81wBSOE7dH/pDR0bEi3t8O"},"_sizeMode":0},{"__type__":"cc.RigidBody","node":{"__id__":1},"enabledContactListener":true},{"__type__":"cc.PhysicsBoxCollider","node":{"__id__":1},"_size":{"__type__":"cc.Size","width":128,"height":45}},{"__type__":"a058dD7mZpHmIw83dheUpZy","node":{"__id__":1},"shapeType":2}],"_prefab":{"__type__":"cc.PrefabInfo","root":{"__id__":1},"asset":{"__uuid__":"a0diATA15CBK4CQwyGsMA5"},"fileId":"93CyKFy8BGWYxlEqk1xGXk"},"_contentSize":{"__type__":"cc.Size","width":128,"height":45},"_position":{"__type__":"cc.Vec3","x":-320,"y":-568},"_scale":{"__type__":"cc.Vec3","x":1,"y":1,"z":1}}]]