[{"__type__":"cc.SpriteFrame","content":{"name":"11","texture":"feotbe1Y5AfoTE33rJmD+n","rect":[0,0,200,200],"offset":[0,0],"originalSize":[200,200],"capInsets":[0,0,0,0]}},{"__type__":"cc.SpriteFrame","content":{"name":"09","texture":"73B3kJzORCE4fu/Ri6jMWg","rect":[0,0,200,200],"offset":[0,0],"originalSize":[200,200],"capInsets":[0,0,0,0]}},{"__type__":"cc.AnimationClip","_name":"getshape200x200","_duration":1,"sample":12,"wrapMode":"2","curveData":{"comps":{"cc.Sprite":{"spriteFrame":[{"frame":0,"value":{"__uuid__":"6avkBeZm5LwYhhOExyF1cS"}},{"frame":0.08333333333333333,"value":{"__uuid__":"a46j0Jow9Gw5LR+SE6+Sq0"}},{"frame":0.16666666666666666,"value":{"__uuid__":"2d/stzkvFC+o5sprBYnPtM"}},{"frame":0.25,"value":{"__uuid__":"ecODlzgvJCPJ0Higik6W2I"}},{"frame":0.3333333333333333,"value":{"__uuid__":"cdGaOvmU5G0YrMF516olAK"}},{"frame":0.4166666666666667,"value":{"__uuid__":"acDRbkheJFQbMzF4GfJIor"}},{"frame":0.5,"value":{"__uuid__":"ee4PCqkM9BSriMO9/PAf9Q"}},{"frame":0.5833333333333334,"value":{"__uuid__":"35wrlFOFRP7L8G/ZxN3zBx"}},{"frame":0.6666666666666666,"value":{"__uuid__":"66lLDi1/FLXa9vnNaaFsqY"}},{"frame":0.75,"value":{"__uuid__":"11flAXpX9DpLG7Es9Z+goQ"}},{"frame":0.8333333333333334,"value":{"__uuid__":"c3EoQfexhLUqkM6OCoH5jO"}},{"frame":0.9166666666666666,"value":{"__uuid__":"10pjxYMXVFPp1EMlpuk81H"}}]}}}},{"__type__":"cc.SpriteFrame","content":{"name":"02","texture":"a0/++u7IVFTZvYs7PZnXVR","rect":[0,0,200,200],"offset":[0,0],"originalSize":[200,200],"capInsets":[0,0,0,0]}},{"__type__":"cc.SpriteFrame","content":{"name":"07","texture":"37PjJJlpRDwpd33fYb61iG","rect":[0,0,200,200],"offset":[0,0],"originalSize":[200,200],"capInsets":[0,0,0,0]}},{"__type__":"cc.SpriteFrame","content":{"name":"videoicon2","texture":"f7Vde7dZ9NnIYGTXWAUzjp","rect":[0,0,63,63],"offset":[0,0],"originalSize":[63,63],"capInsets":[0,0,0,0]}},{"__type__":"cc.SpriteFrame","content":{"name":"08","texture":"d5A79N8vlEvLD13oIxCW9j","rect":[0,0,200,200],"offset":[0,0],"originalSize":[200,200],"capInsets":[0,0,0,0]}},{"__type__":"cc.SpriteFrame","content":{"name":"00","texture":"a6FwWqNwRF26hLSlzzhiSH","rect":[0,0,200,200],"offset":[0,0],"originalSize":[200,200],"capInsets":[0,0,0,0]}},{"__type__":"cc.SpriteFrame","content":{"name":"01","texture":"79BdFbEfNH86fccMztYsDN","rect":[0,0,200,200],"offset":[0,0],"originalSize":[200,200],"capInsets":[0,0,0,0]}},{"__type__":"cc.SpriteFrame","content":{"name":"05","texture":"59TKk7h+ZNVqpxQe6TKccL","rect":[0,0,200,200],"offset":[0,0],"originalSize":[200,200],"capInsets":[0,0,0,0]}},{"__type__":"cc.SpriteFrame","content":{"name":"10","texture":"40Lk0mb+JDtqVC2sDpE2j3","rect":[0,0,200,200],"offset":[0,0],"originalSize":[200,200],"capInsets":[0,0,0,0]}},{"__type__":"cc.SpriteFrame","content":{"name":"04","texture":"d8wekJ6MhIho3ilkb1ma/w","rect":[0,0,200,200],"offset":[0,0],"originalSize":[200,200],"capInsets":[0,0,0,0]}},[{"__type__":"cc.Prefab","_name":"shapeListItem","data":{"__id__":1}},{"__type__":"cc.Node","_name":"shapeListItem","_children":[{"__id__":2},{"__id__":3},{"__id__":5},{"__id__":7}],"_level":1,"_components":[{"__type__":"c52c5/QQfpIopS/G/8ngtyJ","node":{"__id__":1},"highlightBG":{"__id__":5},"shapeSprite":{"__id__":4},"starNode":{"__id__":9},"videoNode":{"__id__":10},"infoBG":{"__id__":8},"infoLabel":{"__id__":12}}],"_prefab":{"__type__":"cc.PrefabInfo","root":{"__id__":1},"asset":{"__uuid__":"e1y0h018VNHYOlH0fHjY8J"},"fileId":"50yc+yUsBDdLT6t2JlQJA2"},"_contentSize":{"__type__":"cc.Size","width":170,"height":230},"_scale":{"__type__":"cc.Vec3","x":1,"y":1,"z":1}},{"__type__":"cc.Node","_name":"shapeBG","_parent":{"__id__":1},"_components":[{"__type__":"cc.Sprite","node":{"__id__":2},"_spriteFrame":{"__uuid__":"e3oJ5LX2BLspeV2UbjLMh8"},"_sizeMode":0},{"__type__":"cc.Widget","node":{"__id__":2},"alignMode":0,"_alignFlags":1}],"_prefab":{"__type__":"cc.PrefabInfo","root":{"__id__":1},"asset":{"__uuid__":"e1y0h018VNHYOlH0fHjY8J"},"fileId":"cffvPGWxxGoYU99B6HaYmn"},"_color":{"__type__":"cc.Color","r":85,"g":85,"b":85},"_contentSize":{"__type__":"cc.Size","width":170,"height":170},"_position":{"__type__":"cc.Vec3","y":30},"_scale":{"__type__":"cc.Vec3","x":1,"y":1,"z":1}},{"__type__":"cc.Node","_name":"shape","_parent":{"__id__":1},"_components":[{"__id__":4},{"__type__":"cc.Widget","node":{"__id__":3},"alignMode":0,"_alignFlags":1,"_top":10}],"_prefab":{"__type__":"cc.PrefabInfo","root":{"__id__":1},"asset":{"__uuid__":"e1y0h018VNHYOlH0fHjY8J"},"fileId":"86B5NxDRpPBKqUCqgo5R1C"},"_contentSize":{"__type__":"cc.Size","width":150,"height":150},"_position":{"__type__":"cc.Vec3","y":30},"_scale":{"__type__":"cc.Vec3","x":1,"y":1,"z":1}},{"__type__":"cc.Sprite","node":{"__id__":3},"_sizeMode":0},{"__type__":"cc.Node","_name":"highlightBG","_parent":{"__id__":1},"_children":[{"__id__":6}],"_level":2,"_components":[{"__type__":"cc.Widget","node":{"__id__":5},"alignMode":0,"_alignFlags":1,"_top":-4}],"_prefab":{"__type__":"cc.PrefabInfo","root":{"__id__":1},"asset":{"__uuid__":"e1y0h018VNHYOlH0fHjY8J"},"fileId":"d7utVzO6lDmIlHhUNByeKk"},"_color":{"__type__":"cc.Color","r":255,"g":192,"b":4},"_contentSize":{"__type__":"cc.Size","width":178,"height":178},"_position":{"__type__":"cc.Vec3","y":30},"_scale":{"__type__":"cc.Vec3","x":1,"y":1,"z":1}},{"__type__":"cc.Node","_name":"getshape200x200","_parent":{"__id__":5},"_level":3,"_components":[{"__type__":"cc.Sprite","node":{"__id__":6}},{"__type__":"cc.Animation","node":{"__id__":6},"_defaultClip":{"__uuid__":"1ef1WUZZZPiZUvdzC4adUv"},"_clips":[{"__uuid__":"1ef1WUZZZPiZUvdzC4adUv"}],"playOnLoad":true}],"_prefab":{"__type__":"cc.PrefabInfo","root":{"__id__":1},"asset":{"__uuid__":"e1y0h018VNHYOlH0fHjY8J"},"fileId":"a5DCIG5MxKeoOasLuAhJJF"},"_scale":{"__type__":"cc.Vec3","x":1,"y":1,"z":1}},{"__type__":"cc.Node","_name":"priceBG","_parent":{"__id__":1},"_children":[{"__id__":8},{"__id__":9},{"__id__":10},{"__id__":11}],"_components":[{"__type__":"cc.Widget","node":{"__id__":7},"alignMode":0,"_alignFlags":4,"_bottom":10}],"_prefab":{"__type__":"cc.PrefabInfo","root":{"__id__":1},"asset":{"__uuid__":"e1y0h018VNHYOlH0fHjY8J"},"fileId":"5bl4mPdVBBT6QqSJ1nKu2J"},"_contentSize":{"__type__":"cc.Size","width":110,"height":40},"_position":{"__type__":"cc.Vec3","y":-85},"_scale":{"__type__":"cc.Vec3","x":1,"y":1,"z":1}},{"__type__":"cc.Node","_name":"bg","_parent":{"__id__":7},"_components":[{"__type__":"cc.Sprite","node":{"__id__":8},"_spriteFrame":{"__uuid__":"e3oJ5LX2BLspeV2UbjLMh8"},"_type":1,"_sizeMode":0},{"__type__":"cc.Widget","node":{"__id__":8},"alignMode":0,"_alignFlags":4}],"_prefab":{"__type__":"cc.PrefabInfo","root":{"__id__":1},"asset":{"__uuid__":"e1y0h018VNHYOlH0fHjY8J"},"fileId":"baXtRxmJ9EQaQWgfXiofbL"},"_color":{"__type__":"cc.Color","r":54,"g":185,"b":12},"_contentSize":{"__type__":"cc.Size","width":110,"height":40},"_scale":{"__type__":"cc.Vec3","x":1,"y":1,"z":1}},{"__type__":"cc.Node","_name":"star","_parent":{"__id__":7},"_components":[{"__type__":"cc.Sprite","node":{"__id__":9},"_spriteFrame":{"__uuid__":"d458EH+gVHlrQs6CfKFAVk"}}],"_prefab":{"__type__":"cc.PrefabInfo","root":{"__id__":1},"asset":{"__uuid__":"e1y0h018VNHYOlH0fHjY8J"},"fileId":"20qn6RrqRCzLfbT7kSL8YQ"},"_contentSize":{"__type__":"cc.Size","width":56,"height":53},"_position":{"__type__":"cc.Vec3","x":-30},"_scale":{"__type__":"cc.Vec3","x":0.5,"y":0.5,"z":1}},{"__type__":"cc.Node","_name":"videoicon","_parent":{"__id__":7},"_components":[{"__type__":"cc.Sprite","node":{"__id__":10},"_spriteFrame":{"__uuid__":"43pC43uXJGNp/QpoDClDjt"},"_sizeMode":0}],"_prefab":{"__type__":"cc.PrefabInfo","root":{"__id__":1},"asset":{"__uuid__":"e1y0h018VNHYOlH0fHjY8J"},"fileId":"5erW5msKFCSIv8pCBLRAwJ"},"_contentSize":{"__type__":"cc.Size","width":30,"height":30},"_position":{"__type__":"cc.Vec3","x":-30},"_scale":{"__type__":"cc.Vec3","x":1,"y":1,"z":1}},{"__type__":"cc.Node","_name":"priceValue","_parent":{"__id__":7},"_components":[{"__id__":12}],"_prefab":{"__type__":"cc.PrefabInfo","root":{"__id__":1},"asset":{"__uuid__":"e1y0h018VNHYOlH0fHjY8J"},"fileId":"08jVBx20RDB7wSefn23xhy"},"_contentSize":{"__type__":"cc.Size","width":43.38,"height":40},"_position":{"__type__":"cc.Vec3","x":15,"y":-1},"_scale":{"__type__":"cc.Vec3","x":1,"y":1,"z":1}},{"__type__":"cc.Label","node":{"__id__":11},"_srcBlendFactor":1,"_useOriginalSize":false,"_string":"100","_N$string":"100","_fontSize":26,"_N$horizontalAlign":1,"_N$verticalAlign":1}],{"__type__":"cc.SpriteFrame","content":{"name":"150x150","texture":"b5+Ki0cEBAjasEoFDBoNA6","rect":[0,0,150,150],"offset":[0,0],"originalSize":[150,150],"capInsets":[15,15,15,15]}},{"__type__":"cc.SpriteFrame","content":{"name":"03","texture":"23DKc6iQ9JPJJSybYBPzfg","rect":[0,0,200,200],"offset":[0,0],"originalSize":[200,200],"capInsets":[0,0,0,0]}},{"__type__":"cc.SpriteFrame","content":{"name":"06","texture":"269YPiC5xDebDIVi6hZsW0","rect":[0,0,200,200],"offset":[0,0],"originalSize":[200,200],"capInsets":[0,0,0,0]}}]