[{"__type__":"sp.SkeletonData","_name":"photo","_native":"raw-skeleton.json","_skeletonJson":{"skeleton":{"hash":"lQHCOtyMRm1Kjel6Qh2wxYEeIlw","spine":"3.6.53","width":125,"height":131.5},"bones":[{"name":"root"},{"name":"xiangpian","parent":"root","x":0.9,"y":-21.58}],"slots":[{"name":"xia","bone":"root","attachment":"xia"},{"name":"xiangpian","bone":"xiangpian","color":"cdefffff","attachment":"xiangpian"},{"name":"shang","bone":"root","attachment":"shang"},{"name":"guang","bone":"root","attachment":"guang"}],"skins":{"default":{"guang":{"guang":{"x":-0.79,"y":62.53,"width":63,"height":30}},"shang":{"shang":{"x":0.21,"y":25.2,"width":125,"height":113}},"xia":{"xia":{"x":2.21,"y":-32.3,"width":119,"height":35}},"xiangpian":{"xiangpian":{"x":0.81,"y":-15.22,"width":82,"height":26}}}},"animations":{"idle":{"slots":{"guang":{"attachment":[{"time":0,"name":"guang"},{"time":0.0667,"name":null},{"time":0.1333,"name":"guang"},{"time":0.1667,"name":null},{"time":0.2,"name":"guang"},{"time":0.2333,"name":null}]},"xiangpian":{"color":[{"time":1,"color":"ffffffff"}]}},"bones":{"xiangpian":{"translate":[{"time":0,"x":0,"y":24.86,"curve":"stepped"},{"time":0.3333,"x":0,"y":24.86},{"time":0.6667,"x":0,"y":0}]}}}}},"_atlasText":"\nphoto.png\nsize: 256,256\nformat: RGBA8888\nfilter: Linear,Linear\nrepeat: none\nguang\n  rotate: false\n  xy: 2, 27\n  size: 63, 30\n  orig: 63, 30\n  offset: 0, 0\n  index: -1\nshang\n  rotate: false\n  xy: 2, 96\n  size: 125, 113\n  orig: 125, 113\n  offset: 0, 0\n  index: -1\nxia\n  rotate: false\n  xy: 2, 59\n  size: 119, 35\n  orig: 119, 35\n  offset: 0, 0\n  index: -1\nxiangpian\n  rotate: false\n  xy: 129, 183\n  size: 82, 26\n  orig: 82, 26\n  offset: 0, 0\n  index: -1\n","textures":[{"__uuid__":"acP0ZuUsZJSLRI/YEfQIWW"}],"textureNames":["photo.png"]},[{"__type__":"cc.Prefab","_name":"chunyou_6","data":{"__id__":1}},{"__type__":"cc.Node","_name":"chunyou_6","_children":[{"__id__":2}],"_level":1,"_components":[{"__type__":"cc.Sprite","node":{"__id__":1},"_sizeMode":0},{"__type__":"cc.RigidBody","node":{"__id__":1},"enabledContactListener":true},{"__type__":"cc.PhysicsPolygonCollider","node":{"__id__":1},"points":[{"__type__":"cc.Vec2","x":-28.5,"y":64},{"__type__":"cc.Vec2","x":-36.5,"y":55},{"__type__":"cc.Vec2","x":-36.5,"y":47},{"__type__":"cc.Vec2","x":-62.5,"y":20},{"__type__":"cc.Vec2","x":-62.5,"y":15},{"__type__":"cc.Vec2","x":-47.5,"y":-21},{"__type__":"cc.Vec2","x":-58.5,"y":-30},{"__type__":"cc.Vec2","x":-45.5,"y":-57},{"__type__":"cc.Vec2","x":-39.5,"y":-58},{"__type__":"cc.Vec2","x":-39.5,"y":-64},{"__type__":"cc.Vec2","x":42.5,"y":-64},{"__type__":"cc.Vec2","x":42.5,"y":-58},{"__type__":"cc.Vec2","x":48.5,"y":-58},{"__type__":"cc.Vec2","x":51.5,"y":-49},{"__type__":"cc.Vec2","x":60.5,"y":-28},{"__type__":"cc.Vec2","x":49.5,"y":-21},{"__type__":"cc.Vec2","x":62.5,"y":15},{"__type__":"cc.Vec2","x":62.5,"y":19},{"__type__":"cc.Vec2","x":34.5,"y":47},{"__type__":"cc.Vec2","x":34.5,"y":56},{"__type__":"cc.Vec2","x":27.5,"y":64}]},{"__type__":"a058dD7mZpHmIw83dheUpZy","node":{"__id__":1},"shapeType":2}],"_prefab":{"__type__":"cc.PrefabInfo","root":{"__id__":1},"asset":{"__uuid__":"93+3yNgoBC2ppq2opt8LNz"},"fileId":"93CyKFy8BGWYxlEqk1xGXk"},"_contentSize":{"__type__":"cc.Size","width":125,"height":128},"_position":{"__type__":"cc.Vec3","x":-320,"y":-568},"_scale":{"__type__":"cc.Vec3","x":1,"y":1,"z":1}},{"__type__":"cc.Node","_name":"photo","_parent":{"__id__":1},"_level":2,"_components":[{"__type__":"sp.Skeleton","node":{"__id__":2},"defaultAnimation":"idle","premultipliedAlpha":false,"_N$skeletonData":{"__uuid__":"59x+NVSt9GX4hla6q+Y252"}}],"_prefab":{"__type__":"cc.PrefabInfo","root":{"__id__":1},"asset":{"__uuid__":"93+3yNgoBC2ppq2opt8LNz"},"fileId":"acGXSftOdMup+j/dwPNJ4A"},"_contentSize":{"__type__":"cc.Size","width":125,"height":131.5},"_position":{"__type__":"cc.Vec3","y":-17.8},"_scale":{"__type__":"cc.Vec3","x":1,"y":1,"z":1}}]]