[[{"__type__":"cc.Prefab","_name":"recommendAdItem","data":{"__id__":1}},{"__type__":"cc.Node","_name":"recommendGameItem","_children":[{"__id__":2},{"__id__":3},{"__id__":6},{"__id__":7}],"_level":1,"_components":[{"__type__":"d516ebHQtBE5ZHC4qr6HJ9U","node":{"__id__":1},"adSprite":{"__id__":5},"adNameLabel":{"__id__":8},"redPointNode":{"__id__":6}}],"_prefab":{"__type__":"cc.PrefabInfo","root":{"__id__":1},"asset":{"__uuid__":"2f/oCKv6pOPrsABdMqtGUE"},"fileId":"e0SOZCNQdH6qDAzRTLlokG"},"_contentSize":{"__type__":"cc.Size","width":127,"height":152},"_scale":{"__type__":"cc.Vec3","x":1,"y":1,"z":1}},{"__type__":"cc.Node","_name":"bg","_parent":{"__id__":1},"_components":[{"__type__":"cc.Sprite","node":{"__id__":2},"_spriteFrame":{"__uuid__":"36GicpzVlO6YptY7+fRdq3"},"_sizeMode":0},{"__type__":"cc.Widget","node":{"__id__":2},"alignMode":0,"_alignFlags":45,"_originalWidth":150,"_originalHeight":150}],"_prefab":{"__type__":"cc.PrefabInfo","root":{"__id__":1},"asset":{"__uuid__":"2f/oCKv6pOPrsABdMqtGUE"},"fileId":"a2SedMbB1DbYRYptXmdt0h"},"_contentSize":{"__type__":"cc.Size","width":127,"height":152},"_scale":{"__type__":"cc.Vec3","x":1,"y":1,"z":1}},{"__type__":"cc.Node","_name":"imageM","_parent":{"__id__":1},"_children":[{"__id__":4}],"_components":[{"__type__":"cc.Mask","node":{"__id__":3},"_spriteFrame":{"__uuid__":"6cE0aCS6FL361T0djlJLnj"},"_type":2},{"__type__":"cc.Widget","node":{"__id__":3},"_alignFlags":41,"_left":8.5,"_right":8.5,"_top":8.5,"_originalWidth":113}],"_prefab":{"__type__":"cc.PrefabInfo","root":{"__id__":1},"asset":{"__uuid__":"2f/oCKv6pOPrsABdMqtGUE"},"fileId":"8aTjCkifRJDK2YAGCz6Uz4"},"_contentSize":{"__type__":"cc.Size","width":110,"height":110},"_position":{"__type__":"cc.Vec3","y":12.5},"_scale":{"__type__":"cc.Vec3","x":1,"y":1,"z":1}},{"__type__":"cc.Node","_name":"image","_parent":{"__id__":3},"_components":[{"__id__":5},{"__type__":"cc.Widget","node":{"__id__":4},"alignMode":0,"_alignFlags":45,"_originalWidth":150,"_originalHeight":150}],"_prefab":{"__type__":"cc.PrefabInfo","root":{"__id__":1},"asset":{"__uuid__":"2f/oCKv6pOPrsABdMqtGUE"},"fileId":"e1yQpTcDdBYKCPUGR2nNz+"},"_contentSize":{"__type__":"cc.Size","width":110,"height":110},"_scale":{"__type__":"cc.Vec3","x":1,"y":1,"z":1}},{"__type__":"cc.Sprite","node":{"__id__":4},"_sizeMode":0},{"__type__":"cc.Node","_name":"redpoint","_parent":{"__id__":1},"_level":2,"_components":[{"__type__":"cc.Sprite","node":{"__id__":6},"_spriteFrame":{"__uuid__":"c94rgCwxJBQKF3j1fv+pUo"}}],"_prefab":{"__type__":"cc.PrefabInfo","root":{"__id__":1},"asset":{"__uuid__":"2f/oCKv6pOPrsABdMqtGUE"},"fileId":"4dqjK7axxKUb+A80P4b3zf"},"_contentSize":{"__type__":"cc.Size","width":28,"height":28},"_position":{"__type__":"cc.Vec3","x":49.5,"y":62},"_scale":{"__type__":"cc.Vec3","x":1,"y":1,"z":1}},{"__type__":"cc.Node","_name":"name","_parent":{"__id__":1},"_level":2,"_components":[{"__id__":8},{"__type__":"cc.Widget","node":{"__id__":7},"_alignFlags":44,"_left":3,"_right":3,"_bottom":2,"_originalWidth":97.87}],"_prefab":{"__type__":"cc.PrefabInfo","root":{"__id__":1},"asset":{"__uuid__":"2f/oCKv6pOPrsABdMqtGUE"},"fileId":"6cs38chMRCHKWMjew1k+N1"},"_color":{"__type__":"cc.Color"},"_contentSize":{"__type__":"cc.Size","width":121,"height":28},"_position":{"__type__":"cc.Vec3","y":-60},"_scale":{"__type__":"cc.Vec3","x":1,"y":1,"z":1}},{"__type__":"cc.Label","node":{"__id__":7},"_srcBlendFactor":1,"_useOriginalSize":false,"_fontSize":22,"_lineHeight":28,"_N$horizontalAlign":1,"_N$verticalAlign":1,"_N$overflow":2}],{"__type__":"cc.SpriteFrame","content":{"name":"itembg","texture":"30bPs6FGtIvbr2q1w2tHg+","rect":[0,0,127,152],"offset":[0,0],"originalSize":[127,152],"capInsets":[0,0,0,0]}},{"__type__":"cc.SpriteFrame","content":{"name":"masker","texture":"8cFnpfdQZO4I4C60OS4/E3","rect":[0,0,150,150],"offset":[0,0],"originalSize":[150,150],"capInsets":[0,0,0,0]}},[{"__type__":"cc.Prefab","_name":"recommendAdsPanel","data":{"__id__":1}},{"__type__":"cc.Node","_name":"recommendAdsPanel","_children":[{"__id__":2},{"__id__":3}],"_level":1,"_components":[{"__type__":"06b11QVaC1OSrL27BuCqAut","node":{"__id__":1},"recommendAdList":{"__id__":5},"locationFlg":"C2"}],"_prefab":{"__type__":"cc.PrefabInfo","root":{"__id__":1},"asset":{"__uuid__":"72GtC0h+lIGZ5pUpKlrhpW"},"fileId":"a2n7Wkk2hBGKBRxV9MeXjd"},"_contentSize":{"__type__":"cc.Size","width":750,"height":184},"_scale":{"__type__":"cc.Vec3","x":1,"y":1,"z":1}},{"__type__":"cc.Node","_name":"bg","_parent":{"__id__":1},"_components":[{"__type__":"cc.Sprite","node":{"__id__":2},"_spriteFrame":{"__uuid__":"d2HikSatZLrp8Fql2sLpNs"},"_sizeMode":0},{"__type__":"cc.Widget","node":{"__id__":2},"_alignFlags":45,"_originalWidth":637,"_originalHeight":205}],"_prefab":{"__type__":"cc.PrefabInfo","root":{"__id__":1},"asset":{"__uuid__":"72GtC0h+lIGZ5pUpKlrhpW"},"fileId":"faQyfakQFIvo5LPvWLbHjw"},"_contentSize":{"__type__":"cc.Size","width":750,"height":184},"_scale":{"__type__":"cc.Vec3","x":1,"y":1,"z":1}},{"__type__":"cc.Node","_name":"masker","_parent":{"__id__":1},"_children":[{"__id__":4}],"_components":[{"__type__":"cc.Mask","node":{"__id__":3}},{"__type__":"cc.Widget","node":{"__id__":3},"_alignFlags":45,"_originalWidth":637,"_originalHeight":184}],"_prefab":{"__type__":"cc.PrefabInfo","root":{"__id__":1},"asset":{"__uuid__":"72GtC0h+lIGZ5pUpKlrhpW"},"fileId":"6cUiEMpmVOpaRAwMG+RdPB"},"_contentSize":{"__type__":"cc.Size","width":750,"height":184},"_scale":{"__type__":"cc.Vec3","x":1,"y":1,"z":1}},{"__type__":"cc.Node","_name":"adsContainer","_parent":{"__id__":3},"_components":[{"__id__":5}],"_prefab":{"__type__":"cc.PrefabInfo","root":{"__id__":1},"asset":{"__uuid__":"72GtC0h+lIGZ5pUpKlrhpW"},"fileId":"4e6ozYs8NHCIEJIzZgekSd"},"_contentSize":{"__type__":"cc.Size","width":625,"height":150},"_anchorPoint":{"__type__":"cc.Vec2","y":0.5},"_scale":{"__type__":"cc.Vec3","x":1,"y":1,"z":1}},{"__type__":"b12fcsezBFGB6L+umfAqOpW","node":{"__id__":4},"gapH":20,"autoSlideDelay":10,"autoZoomDelay":5,"moveSpeed":-1,"adItemPrefab":{"__uuid__":"2f/oCKv6pOPrsABdMqtGUE"}}],{"__type__":"cc.SpriteFrame","content":{"name":"bg","texture":"46IntWPaRE35WYC+/fkmpq","rect":[0,0,749,184],"offset":[0,0],"originalSize":[749,184],"capInsets":[0,0,0,0]}}]