[[{"__type__":"cc.Prefab","_name":"normal_12","data":{"__id__":1}},{"__type__":"cc.Node","_name":"normal_12","_components":[{"__type__":"cc.Sprite","node":{"__id__":1},"_spriteFrame":{"__uuid__":"81jnrKtYRKzLwB1vhsdMR5"},"_sizeMode":0},{"__type__":"cc.RigidBody","node":{"__id__":1},"enabledContactListener":true},{"__type__":"cc.PhysicsPolygonCollider","node":{"__id__":1},"points":[{"__type__":"cc.Vec2","x":-10.9,"y":93.9},{"__type__":"cc.Vec2","x":-20.5,"y":80},{"__type__":"cc.Vec2","x":-20.5,"y":75},{"__type__":"cc.Vec2","x":-26.5,"y":74},{"__type__":"cc.Vec2","x":-36.5,"y":69},{"__type__":"cc.Vec2","x":-49.5,"y":58},{"__type__":"cc.Vec2","x":-64.5,"y":64},{"__type__":"cc.Vec2","x":-76.5,"y":64},{"__type__":"cc.Vec2","x":-86.5,"y":58},{"__type__":"cc.Vec2","x":-91.5,"y":48},{"__type__":"cc.Vec2","x":-92.5,"y":17},{"__type__":"cc.Vec2","x":-90.5,"y":4},{"__type__":"cc.Vec2","x":-80.5,"y":-37},{"__type__":"cc.Vec2","x":-70.5,"y":-66},{"__type__":"cc.Vec2","x":-70.5,"y":-83},{"__type__":"cc.Vec2","x":-65.5,"y":-91},{"__type__":"cc.Vec2","x":-59.5,"y":-94},{"__type__":"cc.Vec2","x":60.5,"y":-94},{"__type__":"cc.Vec2","x":70.5,"y":-84},{"__type__":"cc.Vec2","x":71.5,"y":-64},{"__type__":"cc.Vec2","x":82.5,"y":-30},{"__type__":"cc.Vec2","x":92.5,"y":17},{"__type__":"cc.Vec2","x":92.5,"y":44},{"__type__":"cc.Vec2","x":87.5,"y":57},{"__type__":"cc.Vec2","x":77.5,"y":64},{"__type__":"cc.Vec2","x":63.5,"y":64},{"__type__":"cc.Vec2","x":49.5,"y":58},{"__type__":"cc.Vec2","x":41.5,"y":66},{"__type__":"cc.Vec2","x":20.5,"y":75},{"__type__":"cc.Vec2","x":17.6,"y":87.4},{"__type__":"cc.Vec2","x":6.5,"y":94}]},{"__type__":"a058dD7mZpHmIw83dheUpZy","node":{"__id__":1},"shapeType":2}],"_prefab":{"__type__":"cc.PrefabInfo","root":{"__id__":1},"asset":{"__uuid__":"6eESHWLehDbp1DXseF+xma"},"fileId":"93CyKFy8BGWYxlEqk1xGXk"},"_contentSize":{"__type__":"cc.Size","width":185,"height":188},"_scaleX":1,"_scaleY":1,"_scale":{"__type__":"cc.Vec3","x":1,"y":1,"z":1}}],{"__type__":"cc.SpriteFrame","content":{"name":"normal_12","texture":"eaVCcmCmlOKqO4uDe12gKw","rect":[0,0,185,188],"offset":[0,0],"originalSize":[185,188],"capInsets":[0,0,0,0]}}]