[[{"__type__":"cc.Prefab","_name":"chunjie_10","data":{"__id__":1}},{"__type__":"cc.Node","_name":"chunjie_10","_components":[{"__type__":"cc.Sprite","node":{"__id__":1},"_spriteFrame":{"__uuid__":"f8UcrZNjpF+KQjymDEagZL"},"_sizeMode":0},{"__type__":"cc.RigidBody","node":{"__id__":1},"enabledContactListener":true},{"__type__":"cc.PhysicsPolygonCollider","node":{"__id__":1},"points":[{"__type__":"cc.Vec2","x":-23.3,"y":64.2},{"__type__":"cc.Vec2","x":-23.5,"y":56},{"__type__":"cc.Vec2","x":-20.5,"y":55},{"__type__":"cc.Vec2","x":-20.5,"y":-55},{"__type__":"cc.Vec2","x":-23.5,"y":-56},{"__type__":"cc.Vec2","x":-23.5,"y":-64},{"__type__":"cc.Vec2","x":23.5,"y":-64},{"__type__":"cc.Vec2","x":23.5,"y":-56},{"__type__":"cc.Vec2","x":20.5,"y":-55},{"__type__":"cc.Vec2","x":20.5,"y":55},{"__type__":"cc.Vec2","x":23.5,"y":56},{"__type__":"cc.Vec2","x":23.5,"y":64.2}]},{"__type__":"a058dD7mZpHmIw83dheUpZy","node":{"__id__":1},"shapeType":2}],"_prefab":{"__type__":"cc.PrefabInfo","root":{"__id__":1},"asset":{"__uuid__":"43yHXvTW5Nn50IZSfdTuDN"},"fileId":"93CyKFy8BGWYxlEqk1xGXk"},"_contentSize":{"__type__":"cc.Size","width":47,"height":128},"_scaleX":1,"_scaleY":1,"_scale":{"__type__":"cc.Vec3","x":1,"y":1,"z":1}}],{"__type__":"cc.SpriteFrame","content":{"name":"chunjie_10","texture":"5aAU4WFExFebkZXaIsGf8o","rect":[0,0,47,128],"offset":[0,0],"originalSize":[47,128],"capInsets":[0,0,0,0]}}]