[{"__type__":"cc.SpriteFrame","content":{"name":"color0","texture":"a8MHM3NIBMD4xbfnU1nytU","rect":[0,3,50,87],"offset":[0,-1.5],"originalSize":[50,90],"capInsets":[0,0,0,0]}},{"__type__":"cc.SpriteFrame","content":{"name":"rotate","texture":"42p2ljTnRJCri8F3TijQjw","rect":[1,0,107,108],"offset":[0.5,0],"originalSize":[108,108],"capInsets":[0,0,0,0]}},{"__type__":"cc.SpriteFrame","content":{"name":"nextborder","texture":"32MNgEbf5JG4kKWQIXVwMW","rect":[0,0,144,104],"offset":[0,0],"originalSize":[144,104],"capInsets":[0,0,0,0]}},{"__type__":"cc.SpriteFrame","content":{"name":"water1","texture":"54LIdmgOxC/7RsWfVDx63V","rect":[0,0,756,126],"offset":[0,0],"originalSize":[756,126],"capInsets":[0,40,0,0]}},[{"__type__":"cc.Prefab","_name":"tower","data":{"__id__":1}},{"__type__":"cc.Node","_name":"tower","_children":[{"__id__":2},{"__id__":4},{"__id__":5},{"__id__":6},{"__id__":10}],"_components":[{"__type__":"e1a7eZc/15O0bS5Wmlv0fmS","node":{"__id__":1},"towerBasePrefab":{"__uuid__":"44R6D4G/hOlJ2t4+lfNyi8"},"towerBaseBigPrefab":{"__uuid__":"9f9mNIqFJMhJmbrqJSvtp2"},"rainbowBarPrefab":{"__uuid__":"9eIjcgDFlNPJqU602iHk2z"},"t_shape1":{"__uuid__":"efXID7D3JBwZ2ZfkWQ/olb"},"t_shape2":{"__uuid__":"d5m6LrW1xD2oNn8Mr69mGt"},"t_shape3":{"__uuid__":"f2DsMu39NGSancXnumv8jC"},"t_shape4":{"__uuid__":"47NKUdpThID7/hjI3ZFger"},"t_shape5":{"__uuid__":"12z5pjHeBFkp0nGyA8ShyZ"},"t_shape2_1":{"__uuid__":"1b4WwxmYhOrrAuuKsgKTFP"},"t_shape2_2":{"__uuid__":"94A0QCzjNOrL8eaAuLTSHb"},"t_shape2_3":{"__uuid__":"931PhK4ktMn68USsDVUrVI"},"t_shape3_1":{"__uuid__":"c6Yj4xMURBEJc6jF2yQxqV"},"t_shape3_2":{"__uuid__":"d7ujwlFqNCgbEdN82Cmzx6"},"t_shape3_3":{"__uuid__":"1aMc5ZOjtKVLT7p89rhIL/"},"t_shape3_4":{"__uuid__":"a0iwEEfuRFG7xx5r3xt2h2"},"tail":{"__id__":10},"theContent":{"__id__":4},"theWall":{"__id__":6}}],"_prefab":{"__type__":"cc.PrefabInfo","root":{"__id__":1},"asset":{"__uuid__":"7fstgYLJxDlp835p1UC87G"},"fileId":"4dYUZaqLNAcpiEYIUuW8tU"},"_contentSize":{"__type__":"cc.Size","width":750,"height":1334},"_scale":{"__type__":"cc.Vec3","x":1,"y":1,"z":1}},{"__type__":"cc.Node","_name":"water back","_parent":{"__id__":1},"_children":[{"__id__":3}],"_level":1,"_components":[{"__type__":"d66ffY1Wr1Ebb8v74yvafRA","node":{"__id__":2},"waterSF":{"__uuid__":"a25fHh3lZPtJ6P5g72QGh/"},"speed":1.1,"floatValue":8}],"_prefab":{"__type__":"cc.PrefabInfo","root":{"__id__":1},"asset":{"__uuid__":"7fstgYLJxDlp835p1UC87G"},"fileId":"b2qehVg1tDzoRe2UEDlRpU"},"_position":{"__type__":"cc.Vec3","y":-590},"_scale":{"__type__":"cc.Vec3","x":1,"y":1,"z":1}},{"__type__":"cc.Node","_name":"物理结构","_parent":{"__id__":2},"_level":2,"_components":[{"__type__":"cc.RigidBody","node":{"__id__":3},"_type":0,"_allowSleep":false,"enabledContactListener":true},{"__type__":"cc.PhysicsBoxCollider","node":{"__id__":3},"tag":1000,"_size":{"__type__":"cc.Size","width":900,"height":10}}],"_prefab":{"__type__":"cc.PrefabInfo","root":{"__id__":1},"asset":{"__uuid__":"7fstgYLJxDlp835p1UC87G"},"fileId":"42FfRxArxB1JhFh6fuBL4W"},"_contentSize":{"__type__":"cc.Size","width":900,"height":10},"_position":{"__type__":"cc.Vec3","y":-10},"_scale":{"__type__":"cc.Vec3","x":1,"y":1,"z":1}},{"__type__":"cc.Node","_name":"content","_parent":{"__id__":1},"_components":[{"__type__":"cc.Widget","node":{"__id__":4},"alignMode":0,"_alignFlags":4}],"_prefab":{"__type__":"cc.PrefabInfo","root":{"__id__":1},"asset":{"__uuid__":"7fstgYLJxDlp835p1UC87G"},"fileId":"1brt2QGkVGKLEpi3ibHLL9"},"_anchorPoint":{"__type__":"cc.Vec2","x":0.5},"_position":{"__type__":"cc.Vec3","y":-667},"_scale":{"__type__":"cc.Vec3","x":1,"y":1,"z":1}},{"__type__":"cc.Node","_name":"water front","_parent":{"__id__":1},"_level":1,"_components":[{"__type__":"d66ffY1Wr1Ebb8v74yvafRA","node":{"__id__":5},"waterSF":{"__uuid__":"49FAv9bbBP65dNaVru1dln"},"speed":1.6}],"_prefab":{"__type__":"cc.PrefabInfo","root":{"__id__":1},"asset":{"__uuid__":"7fstgYLJxDlp835p1UC87G"},"fileId":"7994qIv6JKDJjFZqy4qIoi"},"_position":{"__type__":"cc.Vec3","y":-630},"_scale":{"__type__":"cc.Vec3","x":1,"y":1,"z":1}},{"__type__":"cc.Node","_name":"wall","_parent":{"__id__":1},"_children":[{"__id__":7},{"__id__":8},{"__id__":9}],"_components":[{"__type__":"cc.Widget","node":{"__id__":6},"alignMode":0,"_alignFlags":45,"_originalWidth":1136,"_originalHeight":5}],"_prefab":{"__type__":"cc.PrefabInfo","root":{"__id__":1},"asset":{"__uuid__":"7fstgYLJxDlp835p1UC87G"},"fileId":"63RDVSo/lJWYiTWl/N53gI"},"_contentSize":{"__type__":"cc.Size","width":750,"height":1334},"_scale":{"__type__":"cc.Vec3","x":1,"y":1,"z":1}},{"__type__":"cc.Node","_name":"b","_parent":{"__id__":6},"_components":[{"__type__":"cc.Widget","node":{"__id__":7},"alignMode":0,"_alignFlags":44,"_left":-75,"_right":-75,"_bottom":-60},{"__type__":"cc.RigidBody","node":{"__id__":7},"_type":0,"enabledContactListener":true},{"__type__":"cc.PhysicsBoxCollider","node":{"__id__":7},"_size":{"__type__":"cc.Size","width":900,"height":40}}],"_prefab":{"__type__":"cc.PrefabInfo","root":{"__id__":1},"asset":{"__uuid__":"7fstgYLJxDlp835p1UC87G"},"fileId":"a1TL9HNL5PSq5Zz3Nb4FXb"},"_contentSize":{"__type__":"cc.Size","width":900,"height":40},"_position":{"__type__":"cc.Vec3","y":-707},"_scale":{"__type__":"cc.Vec3","x":1,"y":1,"z":1}},{"__type__":"cc.Node","_name":"l","_parent":{"__id__":6},"_components":[{"__type__":"cc.Widget","node":{"__id__":8},"alignMode":0,"_alignFlags":13,"_left":-80,"_top":200,"_bottom":40},{"__type__":"cc.RigidBody","node":{"__id__":8},"_type":0,"enabledContactListener":true},{"__type__":"cc.PhysicsBoxCollider","node":{"__id__":8},"_size":{"__type__":"cc.Size","width":40,"height":896}}],"_prefab":{"__type__":"cc.PrefabInfo","root":{"__id__":1},"asset":{"__uuid__":"7fstgYLJxDlp835p1UC87G"},"fileId":"22EHBmUpJGX4ghjtk+QbDP"},"_contentSize":{"__type__":"cc.Size","width":40,"height":1094},"_position":{"__type__":"cc.Vec3","x":-435,"y":-80},"_scale":{"__type__":"cc.Vec3","x":1,"y":1,"z":1}},{"__type__":"cc.Node","_name":"r","_parent":{"__id__":6},"_components":[{"__type__":"cc.Widget","node":{"__id__":9},"alignMode":0,"_alignFlags":37,"_right":-80,"_top":200,"_bottom":40},{"__type__":"cc.RigidBody","node":{"__id__":9},"_type":0,"enabledContactListener":true},{"__type__":"cc.PhysicsBoxCollider","node":{"__id__":9},"_size":{"__type__":"cc.Size","width":40,"height":896}}],"_prefab":{"__type__":"cc.PrefabInfo","root":{"__id__":1},"asset":{"__uuid__":"7fstgYLJxDlp835p1UC87G"},"fileId":"77QCxpzPhEaLfTqOo9TMHS"},"_contentSize":{"__type__":"cc.Size","width":40,"height":1094},"_position":{"__type__":"cc.Vec3","x":435,"y":-80},"_scale":{"__type__":"cc.Vec3","x":1,"y":1,"z":1}},{"__type__":"cc.Node","_name":"tail","_parent":{"__id__":1},"_components":[{"__type__":"cc.Sprite","node":{"__id__":10},"_spriteFrame":{"__uuid__":"0dMk/36LdKxKVElW9agA2h"}}],"_prefab":{"__type__":"cc.PrefabInfo","root":{"__id__":1},"asset":{"__uuid__":"7fstgYLJxDlp835p1UC87G"},"fileId":"b1jH/MUIFBRbFLI24iQgw4"},"_contentSize":{"__type__":"cc.Size","width":50,"height":87},"_scale":{"__type__":"cc.Vec3","x":1,"y":1,"z":1}}],{"__type__":"cc.SpriteFrame","content":{"name":"water2","texture":"69H/TvQHpJkZZXEoAK0GWC","rect":[0,0,756,126],"offset":[0,0],"originalSize":[756,126],"capInsets":[0,40,0,0]}},{"__type__":"cc.SpriteFrame","content":{"name":"scoreline","texture":"67cMk5FqVGnqMC6yjIzg7n","rect":[0,0,786,4],"offset":[0,0],"originalSize":[786,4],"capInsets":[0,0,0,0]}}]