[{"__type__":"cc.SpriteFrame","content":{"name":"normal_16","texture":"8aYE+gCbFGNJMG4kKugn7q","rect":[0,0,85,133],"offset":[0,0],"originalSize":[85,133],"capInsets":[0,0,0,0]}},[{"__type__":"cc.Prefab","_name":"normal_16","data":{"__id__":1}},{"__type__":"cc.Node","_name":"normal_16","_components":[{"__type__":"cc.Sprite","node":{"__id__":1},"_spriteFrame":{"__uuid__":"594MdoUBVA95258Z+tj9lE"},"_sizeMode":0},{"__type__":"cc.RigidBody","node":{"__id__":1},"enabledContactListener":true},{"__type__":"cc.PhysicsBoxCollider","node":{"__id__":1},"_size":{"__type__":"cc.Size","width":85,"height":133}},{"__type__":"a058dD7mZpHmIw83dheUpZy","node":{"__id__":1},"shapeType":2}],"_prefab":{"__type__":"cc.PrefabInfo","root":{"__id__":1},"asset":{"__uuid__":"a8BPPSDSROt4BwiQx7+Jjj"},"fileId":"93CyKFy8BGWYxlEqk1xGXk"},"_contentSize":{"__type__":"cc.Size","width":85,"height":133},"_scaleX":1,"_scaleY":1,"_scale":{"__type__":"cc.Vec3","x":1,"y":1,"z":1}}]]