[{"__type__":"cc.ParticleAsset","_name":"new","_native":".plist","spriteFrame":{"__uuid__":"faNTfGUrlPzL8l5x8R1K8F"}},[{"__type__":"cc.Prefab","_name":"cheerTip","data":{"__id__":1}},{"__type__":"cc.Node","_name":"cheerTip","_children":[{"__id__":2}],"_level":1,"_components":[{"__type__":"4873dUoT1xJmp1LdwH8nOP0","node":{"__id__":1}}],"_prefab":{"__type__":"cc.PrefabInfo","root":{"__id__":1},"asset":{"__uuid__":"e50v7eQUFDC7306WWwcGea"},"fileId":"64ngjXVmJMNLkB0Mdxdobh"},"_scale":{"__type__":"cc.Vec3","x":1,"y":1,"z":1}},{"__type__":"cc.Node","_name":"new","_parent":{"__id__":1},"_level":2,"_components":[{"__type__":"cc.ParticleSystem","node":{"__id__":2},"_file":{"__uuid__":"68m2T5YFhODb1zIXtOqWHs"},"_spriteFrame":{"__uuid__":"faNTfGUrlPzL8l5x8R1K8F"},"totalParticles":60,"duration":1,"emissionRate":37.5,"life":1.6,"lifeVar":0.5,"_startColor":{"__type__":"cc.Color","r":255,"g":147,"b":147},"_startColorVar":{"__type__":"cc.Color","r":181,"g":191,"b":181,"a":0},"_endColor":{"__type__":"cc.Color","r":255,"g":155,"b":163,"a":0},"_endColorVar":{"__type__":"cc.Color","r":186,"g":196,"b":186,"a":0},"angle":-90,"angleVar":0,"startSize":25,"startSizeVar":10,"endSize":25,"endSizeVar":10,"startSpinVar":180,"endSpin":180,"endSpinVar":180,"posVar":{"__type__":"cc.Vec2","x":400,"y":250},"gravity":{"__type__":"cc.Vec2","y":-100},"speed":60,"speedVar":60,"tangentialAccel":0,"tangentialAccelVar":40}],"_prefab":{"__type__":"cc.PrefabInfo","root":{"__id__":1},"asset":{"__uuid__":"e50v7eQUFDC7306WWwcGea"},"fileId":"536OoxnnNCsbKHobf8uHEY"},"_scale":{"__type__":"cc.Vec3","x":1,"y":1,"z":1}}],{"__type__":"cc.SpriteFrame","content":{"name":"new","texture":"ebsS6HSphE2LDcwAIcA0of","rect":[0,2,47,45],"offset":[-1.5,0.5],"originalSize":[50,50],"capInsets":[0,0,0,0]}}]