[{"__type__":"cc.Prefab","_name":"perfectTip","data":{"__id__":1}},{"__type__":"cc.Node","_name":"perfectTip","_children":[{"__id__":2},{"__id__":7}],"_level":1,"_components":[{"__type__":"b086079xi5E452ZDU8amTfI","node":{"__id__":1},"perfectTitles":[{"__id__":3},{"__id__":4},{"__id__":5},{"__id__":6}],"perfectLevelLabel":{"__id__":8}}],"_prefab":{"__type__":"cc.PrefabInfo","root":{"__id__":1},"asset":{"__uuid__":"9b8ox4M15D7L8iisTxlmt9"},"fileId":"64ngjXVmJMNLkB0Mdxdobh"},"_scale":{"__type__":"cc.Vec3","x":1,"y":1,"z":1}},{"__type__":"cc.Node","_name":"titles","_parent":{"__id__":1},"_children":[{"__id__":3},{"__id__":4},{"__id__":5},{"__id__":6}],"_level":2,"_prefab":{"__type__":"cc.PrefabInfo","root":{"__id__":1},"asset":{"__uuid__":"9b8ox4M15D7L8iisTxlmt9"},"fileId":"19VFovyoxIurRDT3aGOqqr"},"_scale":{"__type__":"cc.Vec3","x":1,"y":1,"z":1}},{"__type__":"cc.Node","_name":"完美","_parent":{"__id__":2},"_level":3,"_components":[{"__type__":"cc.Label","node":{"__id__":3},"_srcBlendFactor":1,"_useOriginalSize":false,"_string":"完美","_N$string":"完美","_fontSize":48,"_lineHeight":58,"_N$horizontalAlign":1,"_N$verticalAlign":1}],"_prefab":{"__type__":"cc.PrefabInfo","root":{"__id__":1},"asset":{"__uuid__":"9b8ox4M15D7L8iisTxlmt9"},"fileId":"b4chSycJFDE60dGJ5beqAP"},"_color":{"__type__":"cc.Color","r":94,"g":147,"b":244},"_contentSize":{"__type__":"cc.Size","width":96,"height":58},"_scale":{"__type__":"cc.Vec3","x":1,"y":1,"z":1}},{"__type__":"cc.Node","_name":"惊异","_parent":{"__id__":2},"_level":3,"_components":[{"__type__":"cc.Label","node":{"__id__":4},"_srcBlendFactor":1,"_useOriginalSize":false,"_string":"惊异","_N$string":"惊异","_fontSize":52,"_lineHeight":64,"_N$horizontalAlign":1,"_N$verticalAlign":1}],"_prefab":{"__type__":"cc.PrefabInfo","root":{"__id__":1},"asset":{"__uuid__":"9b8ox4M15D7L8iisTxlmt9"},"fileId":"58H6TN0YlE97nRTacnstfb"},"_color":{"__type__":"cc.Color","r":124,"g":227,"b":120},"_contentSize":{"__type__":"cc.Size","width":104,"height":64},"_scale":{"__type__":"cc.Vec3","x":1,"y":1,"z":1}},{"__type__":"cc.Node","_name":"难以置信","_parent":{"__id__":2},"_level":3,"_components":[{"__type__":"cc.Label","node":{"__id__":5},"_srcBlendFactor":1,"_useOriginalSize":false,"_string":"难以置信","_N$string":"难以置信","_fontSize":56,"_lineHeight":70,"_N$horizontalAlign":1,"_N$verticalAlign":1}],"_prefab":{"__type__":"cc.PrefabInfo","root":{"__id__":1},"asset":{"__uuid__":"9b8ox4M15D7L8iisTxlmt9"},"fileId":"217aEbXjJMS5tBGuwMJ0/v"},"_color":{"__type__":"cc.Color","r":245,"g":227,"b":93},"_contentSize":{"__type__":"cc.Size","width":224,"height":70},"_scale":{"__type__":"cc.Vec3","x":1,"y":1,"z":1}},{"__type__":"cc.Node","_name":"极其完美","_parent":{"__id__":2},"_level":3,"_components":[{"__type__":"cc.Label","node":{"__id__":6},"_srcBlendFactor":1,"_useOriginalSize":false,"_string":"极其完美","_N$string":"极其完美","_fontSize":60,"_lineHeight":76,"_N$horizontalAlign":1,"_N$verticalAlign":1}],"_prefab":{"__type__":"cc.PrefabInfo","root":{"__id__":1},"asset":{"__uuid__":"9b8ox4M15D7L8iisTxlmt9"},"fileId":"44eIxVzuVKYKZWQgPbfqSu"},"_color":{"__type__":"cc.Color","r":235,"g":120,"b":117},"_contentSize":{"__type__":"cc.Size","width":240,"height":76},"_scale":{"__type__":"cc.Vec3","x":1,"y":1,"z":1}},{"__type__":"cc.Node","_name":"value","_parent":{"__id__":1},"_level":2,"_components":[{"__id__":8}],"_prefab":{"__type__":"cc.PrefabInfo","root":{"__id__":1},"asset":{"__uuid__":"9b8ox4M15D7L8iisTxlmt9"},"fileId":"e5hORlj4RBfIH5p8fq88C/"},"_contentSize":{"__type__":"cc.Size","height":56},"_position":{"__type__":"cc.Vec3","y":-65.8},"_scale":{"__type__":"cc.Vec3","x":1,"y":1,"z":1}},{"__type__":"cc.Label","node":{"__id__":7},"_srcBlendFactor":1,"_useOriginalSize":false,"_fontSize":48,"_lineHeight":56,"_N$horizontalAlign":1,"_N$verticalAlign":1}]